Price,Close,High,Low,Open,Volume
Ticker,AAPL,AAPL,AAPL,AAPL,AAPL
Date,,,,,
2020-01-02,72.27153778076172,72.3316938789073,71.02991503384398,71.28256770874596,135480400
2020-01-03,71.56892395019531,72.32688945190185,71.34514498799838,71.5015494021164,146322800
2020-01-06,72.13920593261719,72.17770672514841,70.44280652658847,70.69305800640377,118387200
2020-01-07,71.7999267578125,72.40388908002937,71.5809576466451,72.14882777323544,108872000
2020-01-08,72.9549331665039,73.2557137520239,71.50396791568657,71.50396791568657,132079200
2020-01-09,74.50453186035156,74.6970284371342,73.6791919560673,73.92943603722999,170108400
2020-01-10,74.67296600341797,75.2360335553344,74.17247048793807,74.73793929040194,140644800
2020-01-13,76.26832580566406,76.29479831442737,74.87029829848657,74.98820927579929,121532000
2020-01-14,75.23844909667969,76.41510614806313,75.11573562414125,76.20576405751645,161954400
2020-01-15,74.916015625,75.91701422144251,74.48529580198468,75.03873644474652,121923600
2020-01-16,75.85442352294922,75.9651160195382,75.09645823135983,75.45739478385697,108829200
2020-01-17,76.69422912597656,76.69663037690943,75.79669733616299,76.10228772628851,137816400
2020-01-21,76.17446899414062,76.76399437532534,76.0373113220916,76.32365494902595,110843200
2020-01-22,76.4463882446289,76.99741293025565,76.35254118737379,76.65813158547017,101832400
2020-01-23,76.81451416015625,76.89391696489145,75.95307487193976,76.49929684802616,104472000
2020-01-24,76.5931396484375,77.80107129528129,76.4030443474141,77.05995149554447,146537600
2020-01-27,74.34089660644531,75.01945169928203,73.36155372985573,74.60798611282112,161940000
2020-01-28,76.44396209716797,76.6148033558296,75.12052796860432,75.2191848484719,162234000
2020-01-29,78.04411315917969,78.88870711130171,77.33186702648361,78.0705856603743,216229200
2020-01-30,77.93102264404297,77.98396030536023,76.69902690059489,77.12974662934549,126743200
2020-01-31,74.47564697265625,77.64466563733676,74.18208496382785,77.2235730132215,199588400
2020-02-03,74.2711410522461,75.43335387455234,72.72151906032097,73.22201466798846,173788400
2020-02-04,76.72309875488281,76.91319410520111,75.46703897288427,75.87128624120515,136616400
2020-02-05,77.3487319946289,78.14519833259766,76.74717087270234,77.8468190226948,118826800
2020-02-06,78.25347137451172,78.25587996873817,77.06238481315839,77.61822667711162,105425600
2020-02-07,77.1897964477539,78.00262411427845,76.7001698716179,77.75419304088338,117684000
2020-02-10,77.55641174316406,77.55641174316406,75.69921076977592,75.77880204777287,109348800
2020-02-11,77.08847045898438,78.12320094971115,76.87139603677542,78.05084526254171,94323200
2020-02-12,78.91915893554688,78.92398019498478,77.53710627398911,77.53710627398911,113730400
2020-02-13,78.35716247558594,78.68277779613301,77.99054805167637,78.19315134073435,94747600
2020-02-14,78.37647247314453,78.62490351773702,77.86996050397198,78.32581612373606,80113600
2020-02-18,76.94136047363281,77.12225708916644,75.88250875090567,76.0634053664393,152531200
2020-02-19,78.05567932128906,78.28481796940162,77.18255286966328,77.18255286966328,93984000
2020-02-20,77.25492858886719,78.30413066097421,76.75083079308737,77.81691831957885,100566000
2020-02-21,75.5062484741211,77.29110106607291,74.891202892234,76.84970917824121,129554000
2020-02-24,71.919677734375,73.3668508412422,69.76098226638659,71.69778197998241,222195200
2020-02-25,69.48358154296875,72.96885871696044,69.0132548349646,72.58777314716063,230673600
2020-02-26,70.58585357666016,71.84730854807512,69.10250289246999,69.10973846221914,198054800
2020-02-27,65.97178649902344,68.98190880585912,65.8367176160919,67.8000523998572,320605600
2020-02-28,65.9332046508789,67.15124645876003,61.835295069493725,62.04996261815576,426510000
2020-03-02,72.07162475585938,72.70597008087806,66.98481268602946,68.08466354649526,341397200
2020-03-03,69.78267669677734,73.32342450844571,68.93366391267253,73.24383324028676,319475600
2020-03-04,73.01950073242188,73.17869059647481,70.70161622739258,71.49997249663515,219178400
2020-03-05,70.6509780883789,72.25009782118012,70.28677058471263,71.27808040208855,187572800
2020-03-06,69.71271514892578,70.14445703154458,67.83139373082778,68.01711156290271,226176800
2020-03-09,64.1989974975586,67.07404319923313,63.43440466648222,63.61530125773645,286744800
2020-03-10,68.82271575927734,69.08803225317006,64.97082373995369,66.84491728627172,285290000
2020-03-11,66.43248748779297,67.82901176054172,65.57141762175021,66.90523605779914,255598800
2020-03-12,59.871952056884766,65.12277860691059,59.81647812782899,61.73157079868094,418474000
2020-03-13,67.04510498046875,67.51543909047871,61.01039330045894,63.89027147674693,370732000
2020-03-16,58.41996383666992,62.488927074911565,57.88692016083435,58.35725065107087,322423600
2020-03-17,60.98869705200195,62.13437204877519,57.50100834396888,59.69829959615255,324056000
2020-03-18,59.49569320678711,60.298874658885616,57.19227545874743,57.83144573834236,300233600
2020-03-19,59.03983688354492,60.983872113197,58.51644306635794,59.669357314419855,271857200
2020-03-20,55.29165267944336,60.74025764199119,54.99256896191713,59.618696461531016,401693200
2020-03-23,54.11703109741211,55.11316965220814,51.28057345030364,55.011867987706175,336752800
2020-03-24,59.54634475708008,59.74171251843163,56.51210499986582,57.008967128821915,287531200
2020-03-25,59.21832275390625,62.288740571318336,58.924063936740446,60.47977424301287,303602000
2020-03-26,62.33456802368164,62.39245259049927,59.420925829165725,59.45951799394508,252087200
2020-03-27,59.75376510620117,61.714681710456084,59.587339648494336,60.96215304640848,204216800
2020-03-30,61.45902633666992,61.630276765400616,60.154157765040964,60.4773625403671,167976400
2020-03-31,61.33359909057617,63.31140135824747,60.781263041812586,61.6495682716932,197002000
2020-04-01,58.10639953613281,59.990135502333565,57.67707190892179,59.45468128316464,176218400
2020-04-02,59.076011657714844,59.12907496179199,57.13921209995254,57.96892520332119,165934000
2020-04-03,58.22699737548828,59.26172428830562,57.638479859243176,58.56225892051635,129880000
2020-04-06,63.30656051635742,63.460921753532446,60.14931343490237,60.51592781380544,201820400
2020-04-07,62.57334518432617,65.53281860383495,62.46963288857008,65.31573677087265,202887200
2020-04-08,64.17488861083984,64.48843981733701,63.00750327122689,63.37170347185306,168895200
2020-04-09,64.63797760009766,65.13966834587349,63.84444973045493,64.80923169926753,161834800
2020-04-13,65.90666198730469,66.0152028927721,64.11698836636067,64.71515578008704,131022800
2020-04-14,69.23516845703125,69.5246060143818,67.06440885901065,67.5347430495296,194994800
2020-04-15,68.60324096679688,69.0615109892011,67.68670092198845,68.11361434863234,131154400
2020-04-16,69.1483383178711,69.51254587742164,68.10155073366812,69.3147638013278,157125200
2020-04-17,68.21009063720703,69.21105794148095,66.7773886485133,68.66595370665648,215250000
2020-04-20,66.79427337646484,67.93995209285313,66.77498097363504,67.04029751693926,130015200
2020-04-21,64.72962188720703,66.87143866583018,64.02050667372501,66.6374787843657,180991600
2020-04-22,66.59407043457031,67.02821933430408,65.65340957801277,65.99348871174,116862400
2020-04-23,66.33599853515625,67.95683260093587,66.29740637160167,66.53860187329087,124814400
2020-04-24,68.2510757446289,68.26072562347866,66.81113863556433,66.85938066911224,126161200
2020-04-27,68.29932403564453,68.62976064968919,67.52267433285353,67.96888006089833,117087600
2020-04-28,67.19225311279297,68.94092085113884,67.10060498674002,68.76002418855134,112004800
2020-04-29,69.3991928100586,69.86711272922732,68.47300285396169,68.67560621679193,137280800
2020-04-30,70.86323547363281,71.0393108397726,69.54872440544703,69.93704563014794,183064000
2020-05-01,69.72238159179688,72.11745102481503,68.94573182479387,69.04220854800435,240616800
2020-05-04,70.70886993408203,70.83670324791197,69.05909368437592,69.74650229526233,133568000
2020-05-05,71.7701416015625,72.5998548168976,71.02243398346705,71.16715277417963,147751200
2020-05-06,72.5105972290039,73.14011388910748,72.08609083522563,72.46959075931778,142333600
2020-05-07,73.26070404052734,73.60561913010429,72.8337907414733,73.13528505567275,115215200
2020-05-08,75.00447082519531,75.05767778640492,73.59207657746659,73.91857350395145,133838400
2020-05-11,76.18467712402344,76.67804261253256,74.3055100788998,74.51350356888688,145946400
2020-05-12,75.31400299072266,77.31650723109308,75.19307880379056,76.86666541777984,162301200
2020-05-13,74.40464782714844,76.41199367992591,73.33084049882564,75.49296546688427,200622400
2020-05-14,74.86174774169922,74.92220983518885,72.92453990449086,73.64525071591287,158929200
2020-05-15,74.41918182373047,74.4651336180388,72.60531851354459,72.6391808380365,166348400
2020-05-18,76.17259216308594,76.54504087404145,75.05041909846814,75.739688715166,135178400
2020-05-19,75.7323989868164,77.03353696378241,75.70095751911882,76.18948854925284,101729600
2020-05-20,77.20526123046875,77.27539194682277,76.5498468046985,76.58854343128702,111504800
2020-05-21,76.62966918945312,77.6067388197399,76.39265509370519,77.06741421541801,102688800
2020-05-22,77.123046875,77.20527445284804,76.26690139409212,76.368473598234,81803200
2020-05-26,76.60064697265625,78.41692345166804,76.54501918320653,78.23795799610525,125522000
2020-05-27,76.93438720703125,77.07949771603786,75.7203109556176,76.45795296780663,112945200
2020-05-28,76.96825408935547,78.22344788867842,76.3346124557575,76.61031579665872,133560800
2020-05-29,76.89326477050781,77.66959590522207,76.53774740179506,77.21008551765564,153532400
2020-06-01,77.83892059326172,77.95984481124701,76.71674030765645,76.84734052965656,80791200
2020-06-02,78.19925689697266,78.22344321190015,77.13270462012565,77.57287045767401,87642800
2020-06-03,78.62975311279297,78.89095352620157,77.94773883188212,78.5185049118518,104491200
2020-06-04,77.95256042480469,78.7506570120071,77.58011190648487,78.45318827090249,87560400
2020-06-05,80.17273712158203,80.23319921594221,78.17265369717333,78.20167432156592,137250400
2020-06-08,80.64676666259766,80.68062898183005,79.16182130122834,79.87043535299438,95654400
2020-06-09,83.19342803955078,83.58522126328481,80.29608895604107,80.32753042867137,147712400
2020-06-10,85.33377075195312,85.80053629513817,83.70129439282721,84.13903931497238,166651600
2020-06-11,81.23686981201172,84.90329215862222,81.13529762500492,84.4800574912979,201662400
2020-06-12,81.93824768066406,84.11488361837434,80.83058508428364,83.36999367827895,200146000
2020-06-15,82.95157623291016,83.60214898703789,80.43393362831908,80.59597529574442,138808800
2020-06-16,85.14997863769531,85.420855036557,83.36997801465319,85.00003381550317,165428800
2020-06-17,85.03148651123047,85.95292841624997,84.91056229922657,85.89246631024803,114406400
2020-06-18,85.06534576416016,85.4813253336703,84.45830388000144,84.98795249991922,96820400
2020-06-19,84.5792236328125,86.2334658205362,83.47397466183713,85.76912102080368,264476000
2020-06-22,86.79215240478516,86.93484210515909,84.92508206837101,84.97103386449825,135445200
2020-06-23,88.64470672607422,90.05952154919635,87.61443002953723,88.03283047977783,212155600
2020-06-24,87.0799331665039,89.19127232771852,86.70748456883423,88.27466483721669,192623200
2020-06-25,88.2359619140625,88.27465854046778,86.47772685166568,87.23471346059793,137522400
2020-06-26,85.52484893798828,88.35205726047579,85.37731757939976,88.13197433577965,205256800
2020-06-29,87.49593353271484,87.59025797262754,84.95652476165682,85.43296651202334,130646000
2020-06-30,88.22630310058594,88.51168985334573,87.06543360477359,87.08477823143156,140223200
2020-07-01,88.0594253540039,88.84543272516727,88.01106009800148,88.30369462192029,110737200
2020-07-02,88.0594253540039,89.59758515519175,87.94576368111557,88.96394347072363,114041600
2020-07-06,90.41502380371094,90.8817894339713,89.45246453610925,89.48390600830983,118655600
2020-07-07,90.13447570800781,91.56863486785247,90.02322751685155,90.79230361416894,112424400
2020-07-08,92.23371887207031,92.26516034352021,91.02205608216732,91.10912534007682,117092000
2020-07-09,92.63037109375,93.17694353591374,91.58558408723032,93.1237365851939,125642800
2020-07-10,92.79238891601562,92.85043754869993,91.61700927809584,92.22646456657715,90257200
2020-07-13,92.36433410644531,96.69584034150665,92.15150630871287,94.09354889207897,191649200
2020-07-14,93.89278411865234,94.08383899406351,90.81647292475412,91.74758313345265,170989200
2020-07-15,94.53853607177734,96.01139191075474,93.34380441075506,95.7622883592816,153198000
2020-07-16,93.37525177001953,94.22897636244912,92.77788590184623,93.41394840131093,110577600
2020-07-17,93.18659973144531,93.97986213133798,92.71499243301174,93.82508300436295,92186800
2020-07-20,95.15040588378906,95.28826123103211,92.9302395381322,93.27366748344572,90318000
2020-07-21,93.83718872070312,96.01382454154418,93.58808513865422,95.93885212038768,103433200
2020-07-22,94.10079956054688,94.78039302096889,93.4526475751938,93.53970946249737,89001600
2020-07-23,89.81765747070312,93.9121489972856,89.00988472288186,93.83475574009108,197004400
2020-07-24,89.59516906738281,89.93859709219083,86.23831161228436,88.02074077604965,185438800
2020-07-27,91.71858978271484,91.81049336055369,90.4319618348545,90.65445824165903,121214000
2020-07-28,90.21186065673828,91.46705425689517,90.20701896585531,91.29050229407278,103625600
2020-07-29,91.94110107421875,92.12490824489846,90.65688648684609,90.69316227563066,90329200
2020-07-30,93.05358123779297,93.15757426558149,90.71006994116662,91.11637343156816,158130000
2020-07-31,102.79524230957031,102.94518713128302,97.53745326363413,99.5302890268665,374336800
2020-08-03,105.38542938232422,107.99738887948055,104.37450494640413,104.67197372398552,308151200
2020-08-04,106.0892105102539,107.17752821259879,104.85336145922079,105.57407228357705,173071600
2020-08-05,106.47374725341797,106.79298888024711,105.34673293855269,105.81108506672477,121776800
2020-08-06,110.18853759765625,110.6819103626939,106.2173913049504,106.8050811008857,202428800
2020-08-07,107.68331909179688,110.16673452744945,106.88862644814542,109.7112386108564,198045600
2020-08-10,109.24847412109375,110.26364648269501,106.6051500806847,109.12490669471406,212403600
2020-08-11,105.99945068359375,109.01104473075696,105.74020453823464,108.51436454798494,187902400
2020-08-12,109.52226257324219,109.77908349339258,106.89347486656195,107.08729946496186,165598000
2020-08-13,111.46053314208984,112.46116903802795,110.41143740175444,110.89843148039117,210082000
2020-08-14,111.3612060546875,111.45085012066804,109.55618389407232,111.28609846459923,165565200
2020-08-17,111.0704574584961,112.50478464058327,110.4453668374708,112.48055471705385,119561600
2020-08-18,111.99597930908203,112.41997706741819,110.48896983798126,110.82332353901295,105633600
2020-08-19,112.13652038574219,113.54661780572758,112.04203328527555,112.4030347872071,145538000
2020-08-20,114.62478637695312,114.73866037573767,112.16075001769396,112.17771170545525,126907200
2020-08-21,120.53167724609375,121.01382096112869,115.56968878487616,115.58180005044522,338054800
2020-08-24,121.9732666015625,124.81042301409434,120.11252368244841,124.72561457851019,345937600
2020-08-25,120.97261047363281,121.31665761054535,119.25481478724724,120.84905044472852,211495600
2020-08-26,122.61773681640625,123.07323276693351,121.22217601375844,122.28580830184438,163022400
2020-08-27,121.15192413330078,123.55053882206776,120.0107589966192,123.21861029302171,155552400
2020-08-28,120.95565795898438,122.54019279849011,120.73275303132817,122.12346328551597,187630000
2020-08-31,125.05752563476562,126.95704208405934,122.11135345489677,123.64259283625631,225702700
2020-09-01,130.03892517089844,130.6398007655306,126.50157751038662,128.66275103381622,151948100
2020-09-02,127.34468841552734,133.7216162836471,123.08048843223483,133.3436531705274,200119000
2020-09-03,117.14937591552734,124.86371200273943,116.7811062092152,122.99328312594758,257599600
2020-09-04,117.2269058227539,119.88234128870778,107.46768860387866,116.36437378387909,332607200
2020-09-08,109.33812713623047,115.3177056334054,109.20244843470786,110.4332501967872,231366600
2020-09-09,113.6992416381836,115.4630720645518,111.70282021985868,113.641095738678,176940500
2020-09-10,109.9874496459961,116.78110786689479,109.02800526992252,116.64542916296256,182274400
2020-09-11,108.54341125488281,111.67372895779616,106.60513605390275,111.03409459238485,180860300
2020-09-14,111.79972839355469,112.3521366002866,109.31873818703018,111.17948084192356,140150100
2020-09-15,111.97417449951172,115.16263852668574,110.10373838004288,114.67806966043925,184642000
2020-09-16,108.66942596435547,112.41999215763813,108.5822071057358,111.6737592561301,154679000
2020-09-17,106.9346694946289,108.73726653223142,105.35497742143326,106.33380874471821,178011000
2020-09-18,103.54268646240234,107.45800434374442,102.81583306003789,106.99282230683487,287104900
2020-09-21,106.68267822265625,106.7892839596042,99.91809392274271,101.31365455629135,195713800
2020-09-22,108.35929107666016,109.3768886869023,105.79108191602546,109.20244359354463,183055400
2020-09-23,103.81404113769531,108.65003656547653,103.47483700123934,108.17516112594639,150718700
2020-09-24,104.88008117675781,106.84742948908296,101.75945665626949,101.9242082877403,167743300
2020-09-25,108.81478881835938,108.96985441233768,104.34706305845842,105.08360984198643,149981400
2020-09-28,111.4120864868164,111.76097670476364,109.29936567544041,111.46054633695047,137672400
2020-09-29,110.56893157958984,111.7512809163313,110.06498316084728,111.01474148847176,99382200
2020-09-30,112.23583984375,113.64109400987672,110.11343321080598,110.27818485285505,142675200
2020-10-01,113.18559265136719,114.0868910063814,112.25522134843862,114.00935821598722,116120400
2020-10-02,109.53193664550781,111.80941609420873,108.7566309427858,109.40595140972307,144712000
2020-10-05,112.90457153320312,113.04994370495149,110.04561752920706,110.39450778382883,106243800
2020-10-06,109.66763305664062,112.53627995429564,108.78571414124006,112.12923647353072,161498200
2020-10-07,111.52838897705078,111.9838849635665,110.60770355491991,111.08258643963451,96849000
2020-10-08,111.42178344726562,112.80765091391855,111.05350632008391,112.66227875286972,83477200
2020-10-09,113.36006927490234,113.38914223090616,111.37333348336766,111.72222374328531,100506900
2020-10-12,120.56071472167969,121.31664084033417,115.59872772060653,116.354653839261,240226800
2020-10-13,117.3625717163086,121.52017325599154,115.95732503612084,121.40387407242964,262330500
2020-10-14,117.44981384277344,119.23302386837867,115.92826777316701,117.26567529237093,150712000
2020-10-15,116.98461151123047,117.45948691649245,114.50362135189651,115.05602954812115,112559200
2020-10-16,115.34677124023438,117.7986959477676,115.14325320090887,117.53702461582463,115393800
2020-10-19,112.40059661865234,116.703563090536,112.09047284235501,116.25776062422946,120639300
2020-10-20,113.88336944580078,115.3080030009005,112.06138589770217,112.61379407274761,124423700
2020-10-21,113.26314544677734,115.04635557719843,112.8561019222811,113.06931343655647,89946000
2020-10-22,112.17770385742188,114.39703037608496,111.05350042518317,113.82523521136082,101988000
2020-10-23,111.4896240234375,112.9530243111908,110.75307715494814,112.79795869932553,82572600
2020-10-26,111.49932861328125,112.95303559705839,109.3962935573589,110.49142421725676,111850700
2020-10-27,113.00145721435547,113.66047116286873,111.00503586765389,111.92571374848922,92276800
2020-10-28,107.76811981201172,111.86757593688382,107.67120751132958,111.49930623671789,143937800
2020-10-29,111.7609634399414,113.32127578669785,108.73725104125917,108.90201007579887,146129200
2020-10-30,105.50033569335938,108.53373417860142,104.39551925367714,107.63243577844652,190272600
2020-11-02,105.41310119628906,107.26415769654733,104.00785453124645,105.74261184919625,122866900
2020-11-03,107.03157806396484,108.0491682897085,105.37435335866708,106.27565178371685,107624400
2020-11-04,111.40241241455078,112.02266015568625,108.88265504194591,110.61741298459978,138235500
2020-11-05,115.3564682006836,115.92826333290571,113.26313445106743,114.3097976289083,126387100
2020-11-06,115.22542572021484,115.72053342058035,112.74014741905776,114.8662234022807,114457900
2020-11-09,112.9245834350586,118.42907262853805,112.66246807633155,116.98256825674697,154515300
2020-11-10,112.58482360839844,114.15753088265224,110.79852956756876,112.17708523408758,138023400
2020-11-11,116.0020751953125,116.13798799149323,113.04110938515558,113.76921682470609,112295000
2020-11-12,115.7302474975586,117.011716271587,115.10892975298067,116.12828311248381,103162300
2020-11-13,115.77879333496094,116.17682155137521,114.42936813634326,115.95353941713333,81581900
2020-11-16,116.78843688964844,117.45829070105812,114.70119407046309,115.44871445344523,91183000
2020-11-17,115.90499114990234,117.14762661304611,115.48754260462515,116.06032428614111,74271000
2020-11-18,114.58467864990234,116.32242906767756,114.55555554119123,115.1477501072869,76322100
2020-11-19,115.17687225341797,115.58461058534773,113.4002885699786,114.1575190169027,74113000
2020-11-20,113.91482543945312,115.30308383579212,113.8662893904585,115.17688122037637,73604300
2020-11-23,110.52670288085938,114.18666026045105,110.42962337461562,113.7595015449486,127959300
2020-11-24,111.80817413330078,112.46832515996194,109.30348281979012,110.58495899509562,113874200
2020-11-25,112.64305877685547,113.34204301090116,111.80816176471099,112.17707422528561,76499200
2020-11-27,113.18669891357422,114.060429121406,112.8275040662974,113.16728597859581,46691300
2020-11-30,115.57491302490234,117.43886611768262,113.40029367663415,113.55562680437811,169410200
2020-12-01,119.13776397705078,119.86587123009825,116.5068706581754,117.47768032890535,127728200
2020-12-02,119.4872817993164,119.76881755329892,117.36120579212971,118.45821829004096,89004200
2020-12-03,119.35135650634766,120.16683316485343,118.64266210929217,119.91442054863892,78967600
2020-12-04,118.68148040771484,119.273674890219,117.9727861001199,119.02126230586725,78260400
2020-12-07,120.1377182006836,120.93378197653361,118.68150343461471,118.73974965511624,86712000
2020-12-08,120.74932098388672,121.33181279274314,119.49697544555106,120.73961821864586,82225500
2020-12-09,118.2252197265625,122.27349493369557,117.46798924542293,120.89494675486756,115089200
2020-12-10,119.6426010131836,120.25421594451468,116.64280220277539,116.98258416090866,81312200
2020-12-11,118.83684539794922,119.17662738728284,117.03113836127132,118.85625833732891,86939800
2020-12-14,118.2252197265625,119.74939086099992,117.99222744160214,119.021283489644,79184500
2020-12-15,124.14714813232422,124.16656847506606,120.50661157074111,120.71048072938689,157243700
2020-12-16,124.07919311523438,124.62284421095526,122.86568091464977,123.69087513639985,98208600
2020-12-17,124.94322967529297,125.79754711737371,124.30249159373241,125.13738869029768,94359800
2020-12-18,122.96278381347656,125.33156230733624,122.43854558581786,125.19564951572379,192541500
2020-12-21,124.48695373535156,124.56462030770652,119.84648343417716,121.3706547348561,121251600
2020-12-22,128.03042602539062,130.48657411125797,125.86550908536934,127.76830318074434,168904800
2020-12-23,127.13726043701172,128.5643372428869,126.9625069666015,128.30222925734495,88223700
2020-12-24,128.1177520751953,129.56426380208862,127.2731524108818,127.48673172125208,54930100
2020-12-28,132.70005798339844,133.3310787326248,129.61287362632714,130.0788732208894,124486200
2020-12-29,130.93313598632812,134.73870929323533,130.41860788701317,134.0203193956025,121047300
2020-12-30,129.81671142578125,132.02045422329275,129.50604512243837,131.62241857715392,96452100
2020-12-31,128.81678771972656,130.80695128204687,127.87510078750749,130.16621309475406,99116600
2021-01-04,125.63249206542969,129.70989001259753,123.05984477192808,129.62252069116946,143301900
2021-01-05,127.18578338623047,127.89448518815179,124.68109238722828,125.12767140195429,97664900
2021-01-06,122.9045181274414,127.22462614380248,122.69093878823239,123.99182776037331,155088000
2021-01-07,127.09842681884766,127.78770834669253,124.1277509770645,124.61315591365346,109578200
2021-01-08,128.1954345703125,128.75850602101508,126.42855365810287,128.56433221406948,105158200
2021-01-11,125.21501159667969,126.37027733118573,124.74902716047981,125.41888812004234,100384500
2021-01-12,125.04032135009766,125.90434159113998,123.15694772474198,124.74907540981043,91951100
2021-01-13,127.06928253173828,127.61293359997765,124.73934514974653,125.00145310618869,88636800
2021-01-14,125.1471176147461,127.17610691023913,125.0014872302532,126.98194787763325,90221800
2021-01-15,123.42876434326172,126.41886047356746,123.29285155612885,125.02089191255358,111598500
2021-01-19,124.0986328125,124.95295027523217,123.2346125834672,124.05008935422954,90757300
2021-01-20,128.17601013183594,128.6225891348087,124.79759634893936,124.90438601399495,104319500
2021-01-21,132.87469482421875,135.59296445439338,129.69044077021863,129.89431728816726,120150900
2021-01-22,135.01046752929688,135.76769766030307,131.0786865793028,132.3019010647646,114459400
2021-01-25,138.7481689453125,140.85482495156248,132.55439615848402,138.89379933914037,157611700
2021-01-26,138.9810791015625,140.08780123969834,137.24332195703607,139.40823761336512,98390600
2021-01-27,137.91322326660156,140.08784232197448,136.31139319096383,139.24322781199024,140843800
2021-01-28,133.08831787109375,137.8452949915903,132.7097026247184,135.44739349341899,142621100
2021-01-29,128.10804748535156,132.7485164111063,126.40913060377333,131.8650760774745,177523800
2021-02-01,130.22442626953125,131.42823575703017,127.1081202867018,129.84581103922318,106239800
2021-02-02,131.0496063232422,132.33106742025004,130.6806938981219,131.76799601841705,83305400
2021-02-03,130.0302734375,131.80685723730443,129.70990440998943,131.79713965825755,89880900
2021-02-04,133.37957763671875,133.38928040334213,130.66130683037125,132.32139835278772,84183100
2021-02-05,132.9663848876953,133.60808059176276,132.09135608071085,133.54003004858623,75693800
2021-02-08,133.11219787597656,133.1608138714623,131.1773940055882,132.25660382908822,71297200
2021-02-09,132.23712158203125,134.0552584795755,132.08157120488215,132.83020097423812,76774200
2021-02-10,131.63433837890625,133.1899609934861,130.67179521713933,132.69409868188646,73046600
2021-02-11,131.38156127929688,132.6066041234454,130.05928645451803,132.13019115518452,64280000
2021-02-12,131.61488342285156,131.7704486448014,129.98149309892653,130.62318851283254,60145100
2021-02-16,129.49537658691406,132.23714344471992,129.10646349095452,131.731578673249,80576300
2021-02-17,127.21055603027344,128.55228022303262,125.87856393692216,127.60918638254499,97918500
2021-02-18,126.11192321777344,126.39387225132121,123.87572097237708,125.61606083959396,96856700
2021-02-19,126.26746368408203,127.08417376158879,125.22715268582576,126.62721014953155,87668800
2021-02-22,122.50482177734375,126.1216319880877,122.11591609767342,124.45906002205308,103916400
2021-02-23,122.36871337890625,123.19513336260104,115.10592588579131,120.32696770808406,158273000
2021-02-24,121.87284851074219,122.07702231944482,118.83940058972168,121.47422557501572,111039900
2021-02-25,117.6337890625,122.95205487892161,117.19627482972935,121.22143247515002,148199500
2021-02-26,117.89632415771484,121.38673620225251,117.83798347678476,119.18942513713463,164560400
2021-03-01,124.24515533447266,124.38127119478241,119.3838534155298,120.31722249383586,116307900
2021-03-02,121.64923095703125,125.14936711599789,121.5422817134225,124.84796874824156,102260900
2021-03-03,118.67411804199219,122.22287046374831,118.46021953832745,121.34783450228308,112966300
2021-03-04,116.79764556884766,120.17139052818686,115.32953762534804,118.37271017337518,178155000
2021-03-05,118.0518569946289,118.55743656088569,114.30865590625393,117.62406745905575,153766600
2021-03-08,113.1322250366211,117.64351287063639,112.98638448752729,117.57545493676041,154376600
2021-03-09,117.73102569580078,118.67411961018901,115.4948308955723,115.72817134912674,129525800
2021-03-10,116.65181732177734,118.7810627593394,116.13651302909358,118.31438187621302,111943300
2021-03-11,118.57687377929688,119.79219924122525,117.89629448772017,119.14078657389355,103026500
2021-03-12,117.67268371582031,117.80879958845243,115.85456138090896,117.06016228897577,88105100
2021-03-15,120.5505599975586,120.56028467813388,117.07959080797103,118.04213390546116,92403800
2021-03-16,122.08675384521484,123.69098519524891,121.26033388239702,122.21314504308985,115227900
2021-03-17,121.29922485351562,122.36870994462072,118.94634875177347,120.60892077273179,111932600
2021-03-18,117.18656158447266,119.7630534964986,116.98238776140393,119.47137236768086,121229700
2021-03-19,116.66153717041016,118.0615946863235,116.36013878430732,116.5740372845451,185549500
2021-03-22,119.96721649169922,120.43390477213393,116.92404394954326,116.99210188442348,111912300
2021-03-23,119.14082336425781,120.7936635357698,118.75191761279609,119.90891018351063,95467100
2021-03-24,116.75877380371094,119.49083117848545,116.73933185520713,119.41304854895056,88530500
2021-03-25,117.24488830566406,118.28521414548541,115.6989976953015,116.22401924724316,98844700
2021-03-26,117.84769439697266,118.11020888610055,115.62121696029041,117.0115497729694,94071200
2021-03-29,118.02268981933594,119.17968207349621,117.38100181008681,118.27547960128655,80819200
2021-03-30,116.57402038574219,117.0601505729907,115.56286870613435,116.7781941742556,85671900
2021-03-31,118.76162719726562,120.0936193981419,117.78936665110342,118.27549692418452,118323800
2021-04-01,119.58804321289062,120.7353109160336,119.09218827381586,120.22973871260609,75089100
2021-04-05,122.40760803222656,122.66039785902176,119.65610882120376,120.43392024929994,88651200
2021-04-06,122.708984375,123.60346216405839,122.16452092387894,122.99094078154718,80171300
2021-04-07,124.35212707519531,124.37156902257611,121.66868585332091,122.33954801322936,83466700
2021-04-08,126.7438735961914,126.77304022302052,124.95491791825974,125.37298279315496,88844600
2021-04-09,129.3106231689453,129.34950705430177,125.8785454100243,126.19939309739704,106686700
2021-04-12,127.59947967529297,129.16481975117756,127.00640014752257,128.84397199003766,91420000
2021-04-13,130.70095825195312,130.9245888251844,128.2703072556539,128.7661695536294,91266500
2021-04-14,128.36753845214844,131.255153005102,128.00780685424039,131.19681975522676,87222800
2021-04-15,130.76902770996094,131.2551579244961,129.93288314753977,130.10789773924117,89347100
2021-04-16,130.43846130371094,130.9343087763494,129.5828673880838,130.57457716887737,84922400
2021-04-19,131.09959411621094,131.71212294052938,129.64120345679902,129.80648595127033,94264200
2021-04-20,129.41763305664062,131.77050236465828,128.15369107517074,131.2746547075029,94812300
2021-04-21,129.7967987060547,130.0398638721709,127.65782821133615,128.6884221419856,68847100
2021-04-22,128.280029296875,130.4287163012516,127.76473251290152,129.349506750087,84566500
2021-04-23,130.5940704345703,131.37186716242175,128.49398366411955,128.49398366411955,78657500
2021-04-26,130.98292541503906,131.31349039844014,129.85509976347652,131.08987465502372,66905100
2021-04-27,130.66207885742188,131.6537886519638,130.38984712331498,131.26487557787047,66015800
2021-04-28,129.87454223632812,131.27459954530588,129.3884120504617,130.5842881537486,107760100
2021-04-29,129.77731323242188,133.26773932174638,128.77588621347985,132.68437715116124,151101000
2021-04-30,127.81336975097656,129.8551078660134,127.43418875564703,128.12448539137938,109839500
2021-05-03,128.8633575439453,130.3509292658744,128.17306112502698,128.37722745464558,75135100
2021-05-04,124.3034896850586,127.84252433773976,123.18538875024454,127.55084325291588,137564700
2021-05-05,124.54658508300781,126.83138852361431,124.42018646140798,125.61606280982821,84000900
2021-05-06,126.14107513427734,126.15079239791494,123.60346736850425,124.34238738168023,78128300
2021-05-07,126.8131103515625,127.8357062427534,126.10214376686281,127.43641354670608,78973300
2021-05-10,123.54075622558594,126.16057488791434,123.50179884747472,126.03397641218308,88071200
2021-05-11,122.62525177001953,122.97585322059021,119.56716154628263,120.2781205077101,126142800
2021-05-12,119.56716918945312,121.38838724678817,119.06073823482639,120.18073848547931,112172300
2021-05-13,121.70977783203125,122.85899423262195,121.01830123774441,121.32995276517451,105861300
2021-05-14,124.12507629394531,124.55359993393608,122.56681864446786,122.95638491442686,81918000
2021-05-17,122.9758529663086,123.61863839013512,121.90455135695586,123.51150748616402,74244600
2021-05-18,121.5929183959961,123.6770895961018,121.52474484946401,123.25830711587349,63342900
2021-05-19,121.43708801269531,121.66108360866002,119.65482729355216,119.94700386173781,92612000
2021-05-20,123.98872375488281,124.3880312073582,121.83637931031465,121.96299261493283,76857100
2021-05-21,122.15777587890625,124.66072928690556,121.94351406158702,124.48542483913151,79295400
2021-05-24,123.7841796875,124.60226940640594,122.65444594183361,122.72261946587938,63092900
2021-05-25,123.58943176269531,124.9723924215316,123.02456103094238,124.48542900111524,72009500
2021-05-26,123.54075622558594,124.06666968454721,123.12197369884049,123.64788715780176,56575900
2021-05-27,122.01168060302734,124.3101132618625,121.81690119683103,123.14142196396851,94625600
2021-05-28,121.35916137695312,122.51811890538758,121.30072904118603,122.29411590101695,71311100
2021-06-01,121.03777313232422,122.07985859728936,120.70664664362424,121.81690564628397,67637100
2021-06-02,121.79742431640625,121.97272876206887,120.81377861108228,121.03777419532105,59278900
2021-06-03,120.31708526611328,121.59290756486408,119.91777779316642,121.42734431379967,76229200
2021-06-04,122.60578155517578,122.86874195718396,120.61900017592295,120.83326200560104,75169300
2021-06-07,122.61552429199219,123.02456555539773,121.5734387321586,122.87847726693603,71057600
2021-06-08,123.43360900878906,125.10874632513031,122.91743682004416,123.29726191856811,74403800
2021-06-09,123.81343841552734,124.41726657205889,123.21935146016743,123.89135316418162,56877900
2021-06-10,122.82003784179688,124.84577650141729,122.65447459192099,123.70629386140669,71186400
2021-06-11,124.0276870727539,124.1153430132604,122.81029711830921,123.22907955985254,53522400
2021-06-14,127.07603454589844,127.134466888619,123.75499846493855,124.48543247038134,96906500
2021-06-15,126.25794219970703,127.19290419262148,126.01446421684268,126.5501187512876,62746300
2021-06-16,126.75464630126953,127.47534656209021,125.10874743356234,126.96890813933193,91815000
2021-06-17,128.35182189941406,129.09200433395995,126.26765136661298,126.41374704429569,96721700
2021-06-18,127.05656433105469,128.07916002857564,126.84230250511071,127.30004232774398,108953300
2021-06-21,128.8485565185547,128.95568742961305,125.8391720998025,126.90073257983343,79663300
2021-06-22,130.4847412109375,130.58213836687776,128.18630802151114,128.6830127117991,74783600
2021-06-23,130.21205139160156,130.81588702946803,129.75431149256474,130.2802323751994,60214200
2021-06-24,129.92958068847656,131.12748807728477,129.46209231078763,130.94244245203893,68711000
2021-06-25,129.63742065429688,130.39707078875628,129.3452440962624,129.97829578212327,70783700
2021-06-28,131.26385498046875,131.72159479819973,129.87116798746578,129.9296003283306,62111300
2021-06-29,132.7734375,132.92926700154416,130.84509571572818,131.28335318569188,64556100
2021-06-30,133.38699340820312,133.82525083392224,132.3254180392348,132.61759460995344,63261400
2021-07-01,133.68890380859375,133.74733615062,132.218287184251,133.03638455477136,52485800
2021-07-02,136.30873107910156,136.34768102067733,134.1563790042736,134.30245986108,78852600
2021-07-06,138.31500244140625,139.4155130237445,136.415876793308,136.415876793308,108181800
2021-07-07,140.79844665527344,141.11009072715532,138.9382714107099,139.79530375392193,104911600
2021-07-08,139.50315856933594,140.30175867225685,137.00019762598444,137.88646110200742,105575500
2021-07-09,141.32437133789062,141.85027728075062,138.92854127199598,139.02593841657492,99890800
2021-07-12,140.73028564453125,142.50281263838897,140.24332963884083,142.39568172270836,76299700
2021-07-13,141.8405303955078,143.61305721006948,139.88297280050324,140.27253162136344,100827100
2021-07-14,145.2589569091797,145.66801299296932,143.8273051980656,144.23636128185524,127050800
2021-07-15,144.60643005371094,146.08678025462487,143.25269315111336,145.3466125845258,106820300
2021-07-16,142.57093811035156,145.85301589768642,142.0742484759921,144.58694253237246,93251400
2021-07-19,138.73374938964844,140.31149679803218,137.97409928442224,139.99983785193092,121434600
2021-07-20,142.33724975585938,143.26247815428886,139.23048258998614,139.71743864780393,96350000
2021-07-21,141.6068115234375,142.31777804675525,140.85690991607032,141.73342485019364,74993500
2021-07-22,142.97027587890625,144.33374665171397,142.00609770767423,142.13271101540525,77338200
2021-07-23,144.68435668945312,144.84018616778306,143.0871416883638,143.7007109713398,71447400
2021-07-26,145.10316467285156,145.92124724515625,143.84680978043045,144.40194679352788,72434100
2021-07-27,142.94107055664062,145.31741825019225,141.7528967098648,145.22975487472473,104818600
2021-07-28,141.19772338867188,143.13581314895694,138.82137630671426,141.03216017207177,118931200
2021-07-29,141.8405303955078,142.72679380278865,140.80818614558353,140.91531705042755,56699500
2021-07-30,142.05477905273438,142.51251879825827,140.35043336301797,140.61339371614585,70440600
2021-08-02,141.72369384765625,143.11638102630255,141.46073341799487,142.5417764502479,62880000
2021-08-03,143.5156707763672,144.17792379335657,141.3925349204239,142.00610422671278,64786600
2021-08-04,143.11634826660156,143.93443068193204,142.46382908813206,143.4280072023747,56368300
2021-08-05,143.22348022460938,143.9831303102646,142.35669923658142,143.1455654900914,46397700
2021-08-06,142.5406951904297,143.48680610401973,142.04326141561577,142.74552961710486,54126800
2021-08-09,142.49197387695312,143.0869508994325,141.936020036627,142.59926530339968,48908700
2021-08-10,142.01402282714844,144.072056221946,141.72140855204836,142.83333089104445,69023100
2021-08-11,142.26763916015625,143.10645895995768,141.94576488875748,142.45296206335397,48493500
2021-08-12,145.2230224609375,145.37908543032157,142.24813722010816,142.58952310526286,72282600
2021-08-13,145.42782592773438,145.7594485046543,144.61826619020815,145.30102293180235,59375000
2021-08-16,147.39805603027344,147.46633914191412,142.86258697892168,144.88159714502063,103296000
2021-08-17,146.49099731445312,147.94429082183916,145.4180830822368,146.53000561245062,92229700
2021-08-18,142.75535583496094,147.0079756489524,142.55052129655687,146.1106357649157,86326000
2021-08-19,143.08694458007812,144.35493005036025,140.94113102889904,141.45807654722455,86960300
2021-08-20,144.54026794433594,144.84263065061194,143.16499090967656,143.8087395067066,60549600
2021-08-23,146.02279663085938,146.49097053616202,144.2476142953258,144.65726832283815,60131800
2021-08-24,145.9350128173828,147.1444782861979,145.47658722985506,145.76920152361467,48606400
2021-08-25,144.70606994628906,146.61780402195117,144.15986446266652,146.12035519130814,58991300
2021-08-26,143.9062957763672,145.44738443824616,143.87703582379248,144.6963591448457,48597200
2021-08-27,144.94015502929688,145.08645474475415,143.21374397198983,143.84772924961433,55802400
2021-08-30,149.34884643554688,149.70974393152048,144.94992729692555,145.33032150285524,90956700
2021-08-31,148.09060668945312,149.03671791602926,147.5638979226051,148.90016654739884,86453100
2021-09-01,148.75384521484375,151.1630130890743,148.58803390921838,149.06597111930256,80313700
2021-09-02,149.86573791503906,150.90939195726816,148.6465242486851,150.0803207109557,71115500
2021-09-03,150.499755859375,150.82163009154993,149.31955034140017,149.9730471583683,57808700
2021-09-07,152.8309326171875,153.38688652354213,150.58757563240493,151.15329277694906,82278300
2021-09-08,151.28981018066406,153.17226923823645,150.18763608775444,153.11374935418493,74420200
2021-09-09,150.27542114257812,152.26517148741016,150.15836649901337,151.66044621375175,57305700
2021-09-10,145.30105590820312,151.65071737057013,145.03770150418336,151.18254333907822,140893200
2021-09-13,145.86676025390625,147.6906995642944,145.08646034770857,146.92016289482572,102404300
2021-09-14,144.47198486328125,147.34934195867896,143.29179398463287,146.6470734676716,109296300
2021-09-15,145.3595428466797,145.7594485393446,142.76505234502355,144.9011172737186,83281300
2021-09-16,145.12545776367188,145.301032298818,143.59413289330473,144.78408681235823,68034100
2021-09-17,142.4626922607422,145.15472586644688,142.17007797103764,145.15472586644688,129868800
2021-09-20,139.41952514648438,141.2727239872893,137.7906574556132,140.25834475382314,123478900
2021-09-21,139.8974609375,141.03865814980705,139.2634757155347,140.38514645685206,75834000
2021-09-22,142.25791931152344,142.82362160529345,140.160861950327,140.8923904729101,76404300
2021-09-23,143.21372985839844,143.45757261545157,142.05303595354863,143.03815533417017,64838200
2021-09-24,143.3015594482422,143.838016676669,141.9750537938531,142.07259688374378,53477900
2021-09-27,141.7896728515625,142.3651530337308,140.2778597575895,141.88721590155166,74150700
2021-09-28,138.41488647460938,141.18493622834916,138.20030368832178,139.72187989437663,108972300
2021-09-29,139.312255859375,140.89235227723765,138.53195600356045,138.96112166840754,74602000
2021-09-30,138.0150146484375,140.82408826037346,137.80043180958225,140.12181985738948,89056700
2021-10-01,139.1366729736328,139.40002732180153,135.68386603878685,138.40514469326044,94639600
2021-10-04,135.71315002441406,138.70754679310303,134.8645818313905,138.26861784072736,98322000
2021-10-05,137.6346435546875,138.73681787676418,135.9277437943665,136.05454682483122,80861100
2021-10-06,138.502685546875,138.6489852474294,134.96208396365105,136.03499804431914,83221100
2021-10-07,139.7609100341797,140.66801284222436,139.2049562794912,139.53657886179528,61732700
2021-10-08,139.38052368164062,140.62899749402928,139.04890108087716,140.48269778280476,58773200
2021-10-11,139.29273986816406,141.24348200456123,138.31736879996546,138.76604603984862,64452200
2021-10-12,138.02474975585938,139.72190071402855,137.56632417893402,139.70238912610083,73035900
2021-10-13,137.4395751953125,137.91749761325408,135.77168370267864,137.7614495143466,78762700
2021-10-14,140.2193145751953,140.3363692030775,138.0247300603831,138.60995855085787,69907100
2021-10-15,141.27272033691406,141.33124021077776,139.9754752286786,140.22908119272677,67940300
2021-10-18,142.94064331054688,143.22349439217342,139.63413574665708,139.91698682828363,85589200
2021-10-19,145.09622192382812,145.4961277086073,142.94065979384268,143.38932223477877,76378900
2021-10-20,145.58387756347656,146.06181473584434,144.4719551618084,145.03767215675973,58418800
2021-10-21,145.7984619140625,145.9545248556128,144.22811391179323,145.1449650896746,61421000
2021-10-22,145.02793884277344,146.481232332848,144.97916730862042,146.0033099939033,58883400
2021-10-25,144.97915649414062,145.69117321411855,143.98427382696465,145.0181647887637,50720600
2021-10-26,145.64239501953125,147.12494812357627,145.34001752826615,145.65214337099943,60893400
2021-10-27,145.1840057373047,146.04232225315448,144.83287151805337,145.68143968000115,56094900
2021-10-28,148.8123779296875,149.39759166799496,146.03256430303534,146.1301073675776,100077900
2021-10-29,146.110595703125,146.2471470636249,142.804088225394,143.59413644564216,124953200
2021-11-01,145.29127502441406,146.0130400607468,144.15984105888933,145.32053496464482,74588300
2021-11-02,146.32516479492188,147.83699285465968,144.98889637520205,144.9986596105235,69122000
2021-11-03,147.7589874267578,148.2271614322934,146.13011931995035,146.6860731609645,54511500
2021-11-04,147.2420196533203,148.67580139860405,146.92989377476803,147.84674493928904,60394600
2021-11-05,147.76950073242188,148.66815006608644,146.57781000839395,148.36534609443586,65463900
2021-11-08,146.94895935058594,148.0527418478978,146.67545809713351,147.8964511588677,55020900
2021-11-09,147.3103790283203,147.91598686060686,146.57778313905698,146.7145337755314,56787900
2021-11-10,144.4874725341797,146.64619541359409,144.41910465453822,146.53874739869644,65187100
2021-11-11,144.4385986328125,145.96239567531134,144.25300529217714,145.50331597045192,41000000
2021-11-12,146.5094451904297,146.9099196974308,144.0576809080353,144.9856329096499,63804000
2021-11-15,146.5192108154297,148.35558969382197,145.96243066007273,146.88062009926887,59222800
2021-11-16,147.49595642089844,147.97459104914827,145.87447411755394,146.46055672746397,59256200
2021-11-17,149.92825317382812,151.40320809343083,147.48626594651472,147.4960285297294,88807000
2021-11-18,154.20655822753906,154.98799688592075,149.4984160214015,150.1431040324191,137827700
2021-11-19,156.82437133789062,157.28346597858675,152.89765298958213,153.9916581394781,117305600
2021-11-22,157.28350830078125,161.85490096838612,157.26396823078883,157.9281815634673,117467900
2021-11-23,157.66444396972656,158.04539332554327,155.36897034832776,157.38116514595987,96041900
2021-11-24,158.18209838867188,158.3774543011539,155.93546813337693,157.01971058805793,69463600
2021-11-26,153.1711883544922,156.72672078738918,152.73163368073872,155.867151508964,76959800
2021-11-29,156.5216064453125,157.44955853817083,155.10524204048522,155.67178482147494,88748200
2021-11-30,161.4641571044922,161.67905311784355,156.20899716750552,156.27737994661885,174048100
2021-12-01,160.94644165039062,166.3481143018466,160.7120055934647,163.59354652559932,152052500
2021-12-02,159.95985412597656,160.38964606969503,154.1381675375188,155.05635670733542,136739200
2021-12-03,158.08444213867188,161.13205157338396,156.01364225594332,160.21386222018816,118023100
2021-12-06,161.48370361328125,163.98429560873123,160.4678287996897,160.47759138079394,107497000
2021-12-07,167.20773315429688,167.59846003217984,164.43363939250656,165.15647293806026,120405400
2021-12-08,171.01722717285156,171.8768113251432,166.73886138447926,168.13568563195315,116998900
2021-12-09,170.50926208496094,172.64844463234323,169.8841141404718,170.85114615502485,108923700
2021-12-10,175.28578186035156,175.46161263264923,170.63624509261138,171.14418244016858,115402700
2021-12-13,171.66189575195312,177.9036129181879,171.45676231906222,176.91704079075095,153237000
2021-12-14,170.28460693359375,173.6154801461527,168.21380712036787,171.1832561903654,139380400
2021-12-15,175.13929748535156,175.33465344975855,168.31149697974806,171.04652519555987,131063300
2021-12-16,168.2626190185547,176.93655914468357,166.78766465581225,175.11972073731067,150185800
2021-12-17,167.1686248779297,169.444558052229,165.75227570894924,165.98669687061619,195432700
2021-12-20,165.81088256835938,166.62162387110183,163.57402950297322,164.374993320752,107499100
2021-12-21,168.9757080078125,169.1808265329912,165.1955026634982,167.57888393978646,91185900
2021-12-22,171.56419372558594,171.7790897184107,168.15517538914062,169.02452194022183,92135300
2021-12-23,172.18934631347656,172.74612637491737,171.20278915942293,171.76933180091095,68356600
2021-12-27,176.14540100097656,176.233308952318,172.9610554465104,172.98058061033834,74919600
2021-12-28,175.1295166015625,177.12218615208815,174.38715798933583,175.9793381325386,79144300
2021-12-29,175.2174072265625,176.43840038673264,174.0061766459811,175.16856451921535,62348900
2021-12-30,174.06483459472656,176.37984846199373,173.95738656793606,175.30536819408863,59773000
2021-12-31,173.449462890625,175.07093096003192,173.14664397725932,173.95738546431582,64062300
2022-01-03,177.7864227294922,178.63624437198777,173.5862168585795,173.70342746939005,104487900
2022-01-04,175.530029296875,178.69484993569185,174.9634865026278,178.392045920856,99310400
2022-01-05,170.86094665527344,175.98911941613642,170.58744530040389,175.44211670639731,94537600
2022-01-06,168.0087127685547,171.2321387270322,167.65706602936248,168.69246617678775,96904000
2022-01-07,168.1747589111328,170.09904585932276,167.06121343542898,168.8780523594411,86709100
2022-01-10,168.19427490234375,168.4970788622131,164.2675561955421,165.1564429133354,106765600
2022-01-11,171.01722717285156,171.1148977053451,166.85608689005863,168.3212790198075,76138300
2022-01-12,171.45677185058594,173.06847713761263,170.76325596284155,172.0330771442787,74805200
2022-01-13,168.19427490234375,172.52146809219963,167.80354809549323,171.70096415486904,84505800
2022-01-14,169.05381774902344,169.7473334419262,167.11975406231704,167.36395266778703,80440800
2022-01-18,165.85972595214844,168.53613361538314,165.47877665458643,167.53003637041928,90956700
2022-01-19,162.37258911132812,167.11004966883394,162.08932518842298,166.0551095373263,94815000
2022-01-20,160.69248962402344,165.74251639966073,160.3701455866801,163.10517370877471,91420500
2022-01-21,158.64120483398438,162.4702376425932,158.5337568383858,160.604556493883,122848900
2022-01-24,157.86952209472656,158.5337501042213,151.11010595295735,156.30665983978236,162294600
2022-01-25,156.07223510742188,158.98307875093712,153.3762874615523,155.29079647095608,115798400
2022-01-26,155.9843292236328,160.575260779249,154.15772812433738,159.70591419723806,108275300
2022-01-27,155.5252227783203,160.0380086364196,154.60703355591713,158.68026486629398,121954600
2022-01-28,166.37741088867188,166.39695095221313,159.02214941138433,161.8646250162313,179935700
2022-01-31,170.72415161132812,170.9390476064095,165.57644011866424,166.2113655240236,115541600
2022-02-01,170.55809020996094,170.78274877423786,168.31145985308757,169.97200754131524,86213900
2022-02-02,171.75953674316406,171.7986168687593,169.30778797894317,170.69483434355706,84914300
2022-02-03,168.88775634765625,172.15026117501966,168.1258578604404,170.4310933846244,89418100
2022-02-04,168.60418701171875,170.27664070855118,166.93173331488632,167.90977257243412,82465400
2022-02-07,167.89019775390625,170.12990075671365,167.19578341710826,169.0638417050099,77251200
2022-02-08,170.9906005859375,171.499185164809,167.66525824555538,167.9586729996618,74829200
2022-02-09,172.40872192382812,172.77059159545334,171.05902326407136,172.18377712176584,71285000
2022-02-10,168.340087890625,171.62629991772872,167.78261335475796,170.31573108381698,90865900
2022-02-11,164.93650817871094,169.27900403758753,164.34967876719554,168.54547473503922,98670700
2022-02-14,165.1712646484375,165.8558891027738,162.9022065441299,163.69441590726865,86185500
2022-02-15,168.99534606933594,169.1518358853044,166.51113366652052,167.21532291468824,62527400
2022-02-16,168.76063537597656,169.5332796330186,166.31553783336227,168.07601104878276,61177400
2022-02-17,165.1712646484375,168.1347222265384,164.7702649952927,167.27404295611913,69589300
2022-02-18,163.62591552734375,166.7947521007373,162.54029172105788,166.09057780285292,82772700
2022-02-22,160.71141052246094,163.02935867994262,158.58905229899906,161.35690506054718,91162800
2022-02-23,156.5547332763672,162.50119815168253,156.241753586249,161.90459367562613,90009200
2022-02-24,159.16612243652344,159.27370735740539,148.66197489078866,149.22923948055748,141147500
2022-02-25,161.22976684570312,161.4938266826065,157.3371601146723,160.24193771015948,91974200
2022-02-28,161.49383544921875,161.7872502076219,158.8629074909049,159.47907699118204,95056600
2022-03-01,159.61599731445312,162.9413396082361,158.4130132555384,161.08305614073245,83474400
2022-03-02,162.90220642089844,163.68464076398826,159.37148431939156,160.77986315221446,79724800
2022-03-03,162.5794677734375,165.20062084345977,161.9144082164394,164.7702811660162,76678400
2022-03-04,159.58663940429688,161.91437725608384,158.54014531943216,160.87765818976635,83737200
2022-03-07,155.80165100097656,161.39603654297554,155.5473512521712,159.7724878532729,96418800
2022-03-08,153.98248291015625,159.30301816152476,152.37849933499598,155.33218168421902,131148300
2022-03-09,159.37147521972656,159.8213797915154,155.90922322313332,157.9337564869507,91454900
2022-03-10,155.03875732421875,156.86768560681452,152.55452973284972,156.68185579600046,105342000
2022-03-11,151.33197021484375,155.78205064733166,151.10702542359093,155.43973102802846,96970100
2022-03-14,147.312255859375,150.7353929741164,146.8036862331013,148.12403016599976,108732100
2022-03-15,151.68409729003906,152.15356685525754,147.07754097449947,147.58611061794517,92964300
2022-03-16,156.0852508544922,156.48625045296393,151.06792059745445,153.60103819497576,102300200
2022-03-17,157.09263610839844,157.4642957434988,154.16830873861088,155.12678288189394,75615400
2022-03-18,160.37887573242188,160.8678953686917,156.25154880840884,156.9850782628136,123511700
2022-03-21,161.74810791015625,162.6968070121453,159.4301451412394,159.9191646814939,95811400
2022-03-22,165.11257934570312,165.6993938917205,161.28844262082922,161.87525716684658,81532000
2022-03-23,166.47203063964844,168.84865833026834,163.9682381752626,164.30078278901993,98062700
2022-03-24,170.24729919433594,170.31575418142768,166.47206709718986,167.30339150441574,90131400
2022-03-25,170.8830108642578,171.43071043053845,168.95627243907444,170.06146151483682,80546200
2022-03-28,171.7436981201172,171.87083307439428,168.22275085370143,168.38901573521346,90371900
2022-03-29,175.02993774414062,175.07882777522605,172.46746436577632,172.80978412555572,100589400
2022-03-30,173.8660430908203,175.66563174403498,172.81953392128133,174.62891251824163,92633200
2022-03-31,170.77540588378906,174.120297776475,170.5700111087268,173.93446796182153,103049300
2022-04-01,170.4820098876953,171.0394993928561,168.1640617684755,170.20816010667752,78751300
2022-04-04,174.5213165283203,174.57022147286082,170.60915974417932,170.73630961524591,76468400
2022-04-05,171.2155303955078,174.38438259894033,170.58958593943765,173.60194829792937,73401800
2022-04-06,168.05648803710938,169.8169616919483,166.393824277865,168.57484765163213,89058800
2022-04-07,168.3596649169922,169.55287391806212,166.11996174699982,167.401190693142,77594700
2022-04-08,166.35467529296875,168.00756384278074,165.48422104719532,168.00756384278074,76575500
2022-04-11,162.11000061035156,165.31796805598518,161.8654908055094,165.00500326610816,72246700
2022-04-12,163.97805786132812,166.13951616252308,162.98045368647982,164.3301525745867,79265200
2022-04-13,166.65789794921875,167.28384253130827,163.10762528497952,163.71400490158922,70618900
2022-04-14,161.66009521484375,167.50878046321276,161.4155854111937,166.87304601950618,75329400
2022-04-18,161.44488525390625,162.94128354797698,159.97782693237113,160.32013158651594,69023900
2022-04-19,163.72373962402344,164.13452917950872,160.31039271090148,161.3960167105301,67723800
2022-04-20,163.5574951171875,165.17126878968486,162.45232094308298,165.05389393478876,67929800
2022-04-21,162.7652587890625,167.7630389892028,162.26646424033356,165.200581424204,87227800
2022-04-22,158.2369384765625,164.1834179598548,157.95331370568275,162.8043941791054,84882400
2022-04-25,159.3030242919922,159.58664908398902,154.98009296481885,157.5816658069576,96046400
2022-04-26,153.35653686523438,158.77486701882205,153.2782919448604,158.68684707978605,95623200
2022-04-27,153.13162231445312,156.2808951707583,151.9677531448404,152.4861127865459,88063200
2022-04-28,160.0463104248047,160.906989569117,155.43973990755873,155.75271956865106,130216800
2022-04-29,154.1879119873047,162.55015219710288,153.79670218017276,158.2858996350958,131747600
2022-05-02,154.49107360839844,154.7551334388098,149.9040675207667,153.2685246478865,123055300
2022-05-03,155.97767639160156,157.18067526746918,152.88708408047324,154.67688255687574,88966500
2022-05-04,162.3740692138672,162.82395888042848,155.76251479077115,156.1635144371754,108256500
2022-05-05,153.32723999023438,160.4767055732459,151.54720112961485,160.25176069124018,130525300
2022-05-06,154.05201721191406,156.16768941381943,151.01563498071906,152.80807823964273,116124600
2022-05-09,148.93911743164062,152.63174611813972,148.38082388612466,151.7502087551316,131577900
2022-05-10,151.33885192871094,153.52309446613708,149.79127784510368,152.328132388233,115366700
2022-05-11,143.49327087402344,152.2595803376125,142.81742986905113,150.34960463592216,142689800
2022-05-12,139.6340789794922,143.19937058277358,135.95125505327687,139.83977549024235,182602000
2022-05-13,144.0907440185547,145.0604308345469,140.17283922837782,141.62245981596948,113990900
2022-05-16,142.5529327392578,144.49230601105745,141.22084476017127,142.56273706460962,86643800
2022-05-17,146.17701721191406,146.69613834453236,143.66954586445135,145.80481151470883,78336300
2022-05-18,137.92984008789062,144.33560760113403,137.0287088681347,143.83608013972986,109742900
2022-05-19,134.5310821533203,138.7526228149115,133.79647489353653,137.0091561140078,136095600
2022-05-20,134.76608276367188,137.81225334878067,129.88829706526903,136.23529658390538,137426100
2022-05-23,140.1728057861328,140.31972120246527,134.8248604473741,134.96198648449013,117726300
2022-05-24,137.47927856445312,139.05623582746938,134.51146690573626,137.92003986063096,104132700
2022-05-25,137.63597106933594,138.87989482274827,135.50070562747283,135.58885488011762,92482700
2022-05-26,140.8290557861328,141.37755994588284,134.32533585009304,134.57020484609697,90601500
2022-05-27,146.5688018798828,146.60797434750936,142.27869181225157,142.4060284868712,90978500
2022-05-31,145.78526306152344,147.56791727452668,143.8263102712994,146.01055339324827,103718400
2022-06-01,145.6578826904297,148.62569377792533,144.64900865939228,146.823446577346,74286600
2022-06-02,148.10659790039062,148.16536407915592,143.8458705924634,144.79596367082308,72348100
2022-06-03,142.396240234375,144.93307974702813,141.49512401563555,143.88503314588232,88570300
2022-06-06,143.140625,145.52075950090375,141.92606935448035,144.01235806018857,71598400
2022-06-07,145.6578826904297,145.94192415465892,141.1424977278199,141.38736672807937,67808200
2022-06-08,144.92330932617188,146.7940975636926,144.43357121198528,145.53057980516448,53950200
2022-06-09,139.7124786376953,144.91349464755012,139.60473566244548,144.06135517233236,69473000
2022-06-10,134.31553649902344,137.87102389401954,134.24696601133667,137.40087964136862,91437900
2022-06-13,129.17332458496094,132.4251777606438,128.7423526705115,130.14299644685158,122207100
2022-06-14,130.0352325439453,131.14204524198857,128.7815044194442,130.39764883857168,84784300
2022-06-15,132.6504669189453,134.5212702217429,129.4475902081577,131.53386454500733,91533000
2022-06-16,127.39067077636719,129.67285209068328,126.39160087860697,129.36921686332983,108123900
2022-06-17,128.85987854003906,130.34868645706888,127.14579529566508,127.40046865716874,134520300
2022-06-21,133.08145141601562,134.24703070343926,130.58379859510612,130.68173726606173,81000500
2022-06-22,132.57211303710938,134.93263938077834,131.16166488175563,132.0235937967665,73409200
2022-06-23,135.43218994140625,135.74561458048865,132.84637315008302,134.01195231906672,72433800
2022-06-24,138.75259399414062,138.99746302987265,136.90138468183136,137.0287064173905,89116800
2022-06-27,138.75259399414062,140.5450371291734,138.0767530642211,139.7712426067131,70207900
2022-06-28,134.61920166015625,140.47646473111445,134.50166930718802,139.21294709984699,67083400
2022-06-29,136.37245178222656,137.78289974267364,133.8649953839291,134.63878986432783,66242400
2022-06-30,133.9140167236328,135.53014683096814,131.02456428701487,134.43313802820109,98964500
2022-07-01,136.07859802246094,136.18634098386156,132.87572215700436,133.2479128863371,71051600
2022-07-05,138.6546173095703,138.70359409768392,134.1196387404863,134.94240992218974,73353800
2022-07-06,139.9867706298828,141.16213936555525,138.18453757214348,138.44900039499768,74064300
2022-07-07,143.34632873535156,143.54222096010838,140.33933002838788,140.34911940865916,66253700
2022-07-08,144.02212524414062,144.5216675026719,142.02400104686257,142.27865939245598,64547800
2022-07-11,141.8966827392578,143.6303594367227,140.82905749070648,142.68026652507825,63141600
2022-07-12,142.86639404296875,145.40323372369386,142.07302074051665,142.76844044820817,77588800
2022-07-13,142.5039825439453,143.44427122627144,139.2031379384123,140.0552923046931,71185600
2022-07-14,145.42283630371094,145.89298070687983,140.30996921418316,141.1229362743088,78140700
2022-07-15,147.08792114257812,147.7637620290884,145.15835206929646,146.70592606919652,76259900
2022-07-18,144.0515594482422,148.45920196700573,143.6891431225671,147.64623499784832,81420900
2022-07-19,147.90089416503906,148.1261694879342,143.8948404199678,144.88410592104603,82982400
2022-07-20,149.89901733398438,150.56506886066487,147.2838179131366,148.01842499581136,64823400
2022-07-21,152.16163635253906,152.37712231601844,148.82161886422966,151.3290755894941,65086600
2022-07-22,150.92745971679688,153.0725146399616,150.26142318216912,152.20078156045275,66675400
2022-07-25,149.8108367919922,151.85793784801606,149.1545897286283,150.8490788607654,53623900
2022-07-26,148.48858642578125,149.94799628582763,147.70500253719806,149.13502930916428,55138700
2022-07-27,153.57205200195312,154.1009774684585,149.03708779660727,149.44846596743406,78620700
2022-07-28,154.12059020996094,154.40463173955777,151.2409277129022,153.75817384315252,81378700
2022-07-29,159.1746826171875,160.27170619819887,156.226464436767,157.93075852013737,101786900
2022-08-01,158.19517517089844,160.23248719622674,157.58790478823227,157.70543713439505,67829400
2022-08-02,156.72596740722656,159.07671904499605,156.35377664743476,156.81413161603723,59907000
2022-08-03,162.72036743164062,163.1709180629882,157.45078129075776,157.53893055181024,82507500
2022-08-04,162.40695190429688,163.7586338892835,161.05526991931026,162.6028441618955,55474100
2022-08-05,162.18136596679688,162.67178435198056,159.876393569881,160.08237587686597,56697000
2022-08-08,161.71054077148438,164.59420304327227,161.05338198319762,163.18179581085533,60276900
2022-08-09,161.75955200195312,162.6423138220542,160.12155686096395,160.87680514822912,63135500
2022-08-10,165.99681091308594,166.09488560468589,163.70164162721542,164.46669306704544,70170500
2022-08-11,165.26116943359375,167.713261012407,164.9669154508603,166.80107516257124,57149200
2022-08-12,168.80201721191406,168.87066800455992,166.15374591104305,166.56571053244468,68039400
2022-08-15,169.87110900878906,170.06727335382837,168.0663730882192,168.2331135298216,54091700
2022-08-16,169.7141876220703,170.3811644180383,168.37044601656845,169.46897842594916,56377100
2022-08-17,171.2050323486328,172.77436193637106,169.2629800618565,169.45914438952641,79542000
2022-08-18,170.81271362304688,171.54834118381174,169.8024529702403,170.4203849105247,62290100
2022-08-19,168.23309326171875,170.41055165199725,168.02711099609633,169.7141510996703,70346300
2022-08-22,164.3587646484375,166.6048734454239,163.93699720900392,166.43813305144465,69026800
2022-08-23,164.0253143310547,165.47696339789675,163.4564272588674,163.87819481513557,54147100
2022-08-24,164.31954956054688,164.88843656775538,163.0640799468379,164.1135822617859,53841500
2022-08-25,166.7716522216797,166.8795448504242,165.12385385508654,165.54560642521002,51218200
2022-08-26,160.4844970703125,167.77212157949262,160.42564926256463,167.30132415112922,78961000
2022-08-29,158.2874298095703,159.7782908024648,156.7573269679059,158.06182659509352,73314000
2022-08-30,155.86477661132812,159.4448248788866,154.69757844618866,159.02307224651202,77906200
2022-08-31,154.20713806152344,157.50274977749038,154.12866933419335,157.23791969354875,87991100
2022-09-01,154.93295288085938,155.38412932683354,151.70599214901193,153.6382414104045,74229900
2022-09-02,152.8241424560547,157.2869518100939,152.0002433352291,156.6886409081276,76957800
2022-09-06,151.5686798095703,154.07961913097643,150.74478065092995,153.47150522336744,73714800
2022-09-07,152.97128295898438,153.6676685648947,150.66631095885003,151.85312983190147,87449600
2022-09-08,151.50006103515625,153.36364499716552,149.75415773532657,151.67660447799875,84923800
2022-09-09,154.35426330566406,154.79565178409123,151.78447599724632,152.49067960307377,68028800
2022-09-12,160.29811096191406,161.11220709833708,156.24726616785827,156.53170218353472,104956000
2022-09-13,150.8919219970703,157.46352522744408,150.43092752735453,156.83579030622826,122656600
2022-09-14,152.33372497558594,154.0894308134101,150.66630580332588,151.82368576965968,87965400
2022-09-15,149.45008850097656,152.2651001071562,148.4790697119515,151.68639505914092,90481100
2022-09-16,147.8120880126953,148.44964084888636,145.52673670084437,148.31232430924803,162278800
2022-09-19,151.51963806152344,151.59810678770754,146.2427471814607,146.44871449211215,81474200
2022-09-20,153.89328002929688,155.05067517637016,150.14649142825516,150.46035140561636,107689800
2022-09-21,150.77426147460938,155.69806729538206,150.6565658264775,154.32488654617703,101696800
2022-09-22,149.81298828125,151.50983141556574,148.0180554999838,149.45988650515864,86652500
2022-09-23,147.5472412109375,148.5673196468233,145.71308157487604,148.29268659863374,96029900
2022-09-26,147.88075256347656,150.82326264584486,146.77240230987616,146.79202323434507,93339400
2022-09-27,148.85177612304688,151.75505941669135,147.07646404392761,149.81300689014782,84442700
2022-09-28,146.9685821533203,147.7532545846386,142.0643981655583,144.81074419198137,146691400
2022-09-29,139.74961853027344,143.9083718149734,137.98410935439225,143.30025780798485,128138200
2022-09-30,135.55162048339844,140.35772899315157,135.35545614892226,138.5725991267457,124925300
2022-10-03,139.72019958496094,140.32832857992096,135.05142179088293,135.5614611189966,114311700
2022-10-04,143.30023193359375,143.41792753527417,141.4954812316815,142.25072959734777,87830100
2022-10-05,143.59446716308594,144.55569777280346,140.2694318056122,141.30913113651346,79471000
2022-10-06,142.64308166503906,144.7126478104947,142.43711432828448,143.0158044200555,68402200
2022-10-07,137.40542602539062,140.35775442140775,136.77769106151405,139.80847323243142,85925600
2022-10-10,137.72903442382812,139.17086501326952,135.9144962094738,137.72903442382812,74899000
2022-10-11,136.31666564941406,138.64125855443186,135.57123522583825,137.21903351996755,77033700
2022-10-12,135.68894958496094,137.67024396939837,135.51240615749046,136.46381898254117,70433700
2022-10-13,140.24981689453125,140.83830981626429,131.79499606499104,132.40312487373902,113224000
2022-10-14,135.7281951904297,141.75053227831364,135.5418338120233,141.5445499741852,88598000
2022-10-17,139.68092346191406,140.16152374746147,137.58193404215913,138.3666062011952,85250900
2022-10-18,140.99526977539062,143.88873492707052,137.91544326382163,142.7019309504816,99136600
2022-10-19,141.10316467285156,142.1722730567363,138.78838952105372,138.974750883936,61758300
2022-10-20,140.64215087890625,143.09424222902763,139.9163264513743,140.2792461483292,64522000
2022-10-21,144.44781494140625,145.0167019837592,139.916339525803,140.13212478208789,86548600
2022-10-24,146.58602905273438,147.35108041478094,143.20214572577777,144.36934369172494,75981900
2022-10-25,149.42063903808594,149.56777350297594,146.49775025875292,147.21375676214043,74732300
2022-10-26,146.48794555664062,149.07735346461445,145.20303709712394,148.06709300971718,88194300
2022-10-27,142.02516174316406,146.1937178528811,141.36800292889203,145.23250204640354,109180200
2022-10-28,152.75550842285156,154.48177557471033,144.98728378991743,145.35999154749908,164762400
2022-10-31,150.40147399902344,151.2842358798015,149.0086878845991,150.22493060269468,97943200
2022-11-01,147.7630157470703,152.4710340362063,146.27215501250635,152.1081293130579,80379300
2022-11-02,142.25076293945312,149.2539372421044,142.22133903213634,146.0956414814595,93604600
2022-11-03,136.2186279296875,140.06350662558899,136.09111434862288,139.3376819611652,97918500
2022-11-04,135.95335388183594,140.1681172493776,132.0234984378513,139.59828641105477,140814800
2022-11-07,136.48388671875,136.70984922405512,133.29087896117363,134.70562941235488,83374600
2022-11-08,137.0536651611328,138.94981261597127,135.07891882338652,137.94771058910516,89908500
2022-11-09,132.5048828125,136.12035725287217,132.2297941583769,136.07123106652006,74917800
2022-11-10,144.29441833496094,144.29441833496094,137.05366669118547,138.7631586833069,118854000
2022-11-11,147.07481384277344,147.37937519314977,141.83828048896822,143.26286485614494,93979700
2022-11-14,145.67974853515625,147.64467637079764,144.8446482085248,146.35765103704608,73374100
2022-11-15,147.40884399414062,150.89659305740093,145.95480194485347,149.55062261259357,89868300
2022-11-16,146.18077087402344,147.24183349471545,144.70707528826344,146.51481993344615,64218300
2022-11-17,148.07691955566406,148.82358651784583,143.58705356948877,143.8621421866718,80389400
2022-11-18,148.63693237304688,150.02220984195606,147.34008803390304,149.63904958366277,74829600
2022-11-21,145.41444396972656,147.73305885560603,145.12953609848137,147.52674987775407,58724100
2022-11-22,147.54640197753906,147.7821986794849,144.3533947208252,145.53236323934706,51804100
2022-11-23,148.42080688476562,149.16747394284351,146.72113379241404,146.82920540527334,58301400
2022-11-25,145.5126953125,146.2691965387926,144.5400508786952,145.70918504900035,35195900
2022-11-28,141.6909637451172,144.06852490110793,140.86569755699705,142.5948288546599,69246000
2022-11-29,138.69439697265625,142.2705641956943,137.88878454429147,141.75967888062996,83763800
2022-11-30,145.43411254882812,146.11201495746124,138.0852876520207,138.92037287256267,111380900
2022-12-01,145.709228515625,146.51485616417156,144.03904277032873,145.61099111367253,71250400
2022-12-02,145.21798706054688,145.40465760065473,143.09586143280922,143.40043783526434,65447400
2022-12-05,144.0586700439453,148.27343309869434,143.21375058654476,145.17867816271277,68826400
2022-12-06,140.40390014648438,144.71691547188212,139.43125562304482,144.49095300364328,64727200
2022-12-07,138.46844482421875,140.85582456681212,137.54492649061714,139.69652452502783,69721100
2022-12-08,140.14846801757812,141.00322179654424,138.62566097989853,139.8635600853956,62128300
2022-12-09,139.6670379638672,143.0172426533997,138.42912415381502,139.84387422747133,76097000
2022-12-12,141.95619201660156,141.96601125722427,138.58633357333804,140.19757351667832,70462700
2022-12-13,142.91900634765625,147.34009332894186,141.71058010364294,146.87833415604433,93886200
2022-12-14,140.69863891601562,144.0881358235322,138.68458524913544,142.8011107216781,82291200
2022-12-15,134.10629272460938,139.3133532425607,133.6445335943197,138.63545090272245,98931900
2022-12-16,132.15118408203125,135.23611943482993,131.38486361161162,134.29296269794702,160156900
2022-12-19,130.04872131347656,132.82909551472687,129.01714637272462,132.74067737544078,79592600
2022-12-20,129.97994995117188,130.91328746393052,127.61220884643005,129.08590439011405,77432800
2022-12-21,133.07472229003906,134.41087369361549,130.42207295695286,130.64803543949063,85928000
2022-12-22,129.9111785888672,132.20032094511618,128.0150307307424,131.99401195090732,77852100
2022-12-23,129.54769897460938,130.09787639620362,127.36662777385332,128.6241804492717,63814900
2022-12-27,127.74974060058594,129.10554516462403,126.46271568426795,129.07607245594536,69007800
2022-12-28,123.8297348022461,128.73222692892008,123.66271775984323,127.39607559848972,85438400
2022-12-29,127.33715057373047,128.19188939568883,125.49012108364987,125.74555630862793,75703700
2022-12-30,127.65152740478516,127.67118088033511,125.19537514897438,126.15819306959533,77034200
2023-01-03,122.87674713134766,128.6045053870652,121.99252821247748,127.99538262842435,112117500
2023-01-04,124.14412689208984,126.4037966398773,122.886574422074,124.66483150899292,89113600
2023-01-05,122.8276138305664,125.52938912334946,122.57217865426507,124.90061292758642,80962700
2023-01-06,127.3469467163086,128.0051956310965,122.69989736764362,123.80025946812165,87754700
2023-01-09,127.86766815185547,131.07050999919576,127.61223293955845,128.18206378964481,70790800
2023-01-10,128.43748474121094,128.95818934117645,125.87325369613974,127.97572556898378,63896200
2023-01-11,131.1490936279297,131.1687321095965,128.17222961380043,128.94836939344688,69458900
2023-01-12,131.07049560546875,131.90558081812333,129.13504077259947,131.5322547782573,71379600
2023-01-13,132.39682006835938,132.55401787873402,129.35119119619432,129.71469801537842,57809700
2023-01-17,133.55612182617188,134.88243886666353,131.77786487384603,132.4655864864573,63646600
2023-01-18,132.83889770507812,136.17926764063154,132.66204647795638,134.4206645548957,69672800
2023-01-19,132.89788818359375,133.86069855178562,131.42419241972087,131.7287538123279,58280400
2023-01-20,135.4522705078125,135.59964906296133,131.86628386729487,132.90769302903612,80223600
2023-01-23,138.6354522705078,140.806703627411,135.4817372209474,135.6978804326285,81760300
2023-01-24,140.03057861328125,140.64953566811175,137.8396883115422,137.84950755371702,66435100
2023-01-25,139.372314453125,139.93231102042415,136.37579688239575,138.41932337339787,65799300
2023-01-26,141.43548583984375,141.72039372676826,139.41159795380088,140.65933109437518,54105100
2023-01-27,143.37091064453125,144.64811636457318,140.57089828761406,140.64949717713105,70555800
2023-01-30,140.49232482910156,142.99761054282715,140.34496125408572,142.41796049282078,64015300
2023-01-31,141.75970458984375,141.80883078137197,139.78495761656453,140.19759064122545,65874500
2023-02-01,142.8797149658203,144.03903014040526,138.84180280794712,141.44532609516176,77663600
2023-02-02,148.17520141601562,148.52887400177488,145.57166328269082,146.28885767804982,118339000
2023-02-03,151.7906494140625,154.62014981197694,145.23761799882098,145.43410775063012,154357300
2023-02-06,149.06922912597656,150.41521473457135,148.13589150827315,149.8945101165513,69858300
2023-02-07,151.93800354003906,152.50783427872634,147.99832954313612,147.99832954313612,83322600
2023-02-08,149.25588989257812,151.8692470443083,148.51904208604415,151.18152542311802,64120100
2023-02-09,148.2243194580078,151.62365104865805,147.78221371418798,151.08329292122983,56007100
2023-02-10,148.58836364746094,148.9130734935689,146.8270751036462,147.0632318137508,57450700
2023-02-13,151.3828582763672,151.78627208132363,148.49983612289876,148.52935383999073,62199000
2023-02-14,150.74325561523438,151.30412220458746,148.44078385852455,149.68057287811524,61707600
2023-02-15,152.839111328125,153.0063833860837,150.42840282421838,150.6547103127393,65573800
2023-02-16,151.2450714111328,153.82305157694913,150.8908438680814,151.04826665403036,68167900
2023-02-17,150.10369873046875,150.5464794908576,148.4309630722788,149.90690894964015,59144100
2023-02-21,146.09893798828125,148.87372305726493,146.03006833094608,147.79135689260553,58867200
2023-02-22,146.52206420898438,147.54538003263738,144.80012742797703,146.48269724609548,51011300
2023-02-23,147.0041961669922,147.92912460701393,144.87884561858363,147.68313363952294,48394200
2023-02-24,144.3573455810547,144.8296440334222,143.38321594733068,144.75092512234477,55469600
2023-02-27,145.5479278564453,146.7778826433076,145.08546365545737,145.3413038601465,44998500
2023-02-28,145.04608154296875,146.68929899478212,144.47538083886278,144.69185403745792,50547000
2023-03-01,142.9797821044922,144.86899086128216,142.68458995191014,144.4754113339038,55479000
2023-03-02,143.57015991210938,144.3573339453376,141.59238308918532,142.0646965175798,52238100
2023-03-03,148.60806274414062,148.68678165578146,144.96739941181147,145.66600535471582,70732300
2023-03-06,151.36317443847656,153.7935665673354,150.9991125857975,151.32380747304748,87558000
2023-03-07,149.16891479492188,151.55993956940895,148.7064506179963,151.23522972088062,56182000
2023-03-08,150.4185333251953,151.00891757952724,149.39521763366128,150.35949790258118,47204800
2023-03-09,148.17510986328125,152.06176399701366,147.82088228318355,151.09748364556307,53833600
2023-03-10,146.11865234375,148.51952687879202,145.2429249942403,147.80123737088158,68572400
2023-03-13,148.05706787109375,150.6842500131036,145.33148332105827,145.43971996424668,84457100
2023-03-14,150.14305114746094,150.94005952145656,147.69299059245188,148.85406081281639,73695900
2023-03-15,150.53662109375,150.7924462663543,147.51584514285557,148.76548332238644,77167900
2023-03-16,153.35076904296875,153.9509875803486,149.20827470890512,149.71994010489203,76161100
2023-03-17,152.51441955566406,154.2265223157517,151.80596427660015,153.57710247425993,98944600
2023-03-20,154.87591552734375,155.28919358755078,151.6780327765039,152.5832927983786,73641400
2023-03-21,156.7257537841797,156.84382463636302,154.02968755125636,154.7971931327365,73938300
2023-03-22,155.29904174804688,159.53992423566484,155.27935826386764,156.74547004618515,75701800
2023-03-23,156.38136291503906,158.9593583364734,155.15140813839363,156.28297554136526,67622100
2023-03-24,157.68023681640625,157.76878997628896,155.31872913493615,156.31252740651905,59196500
2023-03-27,155.7418212890625,158.19189706310823,155.3383924442017,157.3752051384263,52390300
2023-03-28,155.1219024658203,155.94844355059743,153.47868455836303,155.4367781198492,45992200
2023-03-29,158.19187927246094,158.4673879613573,156.79465234617297,156.81432081388166,51305700
2023-03-30,159.75634765625,159.86458426430409,158.68383082177425,158.93965597985908,49501700
2023-03-31,162.255615234375,162.3540176143248,159.31357325147573,159.8350728342002,68749800
2023-04-03,163.50526428222656,163.62333513475417,161.58653785817188,161.63573905142377,56976200
2023-04-04,162.9739227294922,164.16451047380076,162.46225736922722,163.92836877990578,46278300
2023-04-05,161.13389587402344,162.4032175003463,159.2053353608918,162.09819114468434,51511700
2023-04-06,162.01950073242188,162.31469290771022,159.40215313314846,159.82525040692016,45390100
2023-04-10,159.43165588378906,159.43165588378906,157.51292944566782,158.8314373555464,47716900
2023-04-11,158.22137451171875,159.7563555644006,157.93601661540757,159.74652133194326,47644200
2023-04-12,157.53262329101562,159.46118408911326,157.2177476424543,158.6346580327857,50133100
2023-04-13,162.90504455566406,163.14120127307194,158.83143501847854,159.03807402297244,68445600
2023-04-14,162.5606689453125,163.65286938363687,161.19295983913122,161.9506011686896,49386500
2023-04-17,162.5803680419922,162.73780588588528,161.39961424099232,162.44261368211053,41516200
2023-04-18,163.80044555664062,164.72537387764507,162.99358808032773,163.4363837761115,49923000
2023-04-19,164.94187927246094,165.4633789570219,162.885383237049,163.14122346923992,47720200
2023-04-20,163.97755432128906,165.17799130758831,162.9050374280842,163.4265370188754,52456400
2023-04-21,162.3737030029297,163.78076396537094,161.85220341407148,162.40322071444277,58337300
2023-04-24,162.67874145507812,162.9444158925364,161.26183114076272,162.35403159020615,41949600
2023-04-25,161.1437530517578,163.64301445601814,161.1043860925183,162.54097982284455,48714100
2023-04-26,161.13389587402344,162.62952495549953,160.18929909610858,160.44512426219072,45498800
2023-04-27,165.7093505859375,165.85693915334915,162.5409858833323,162.5409858833323,64902300
2023-04-28,166.958984375,167.12627144742981,165.18786139778672,165.7880799666726,55275900
2023-05-01,166.87042236328125,167.71663185783257,165.9356597273935,166.56539597816914,52472900
2023-05-02,165.83721923828125,167.61820597364212,164.85325563412508,167.36236582754194,48425700
2023-05-03,164.76473999023438,168.17909567440717,164.47939708632646,166.78186884038578,65136000
2023-05-04,163.13136291503906,164.36131774887434,161.67510059572527,162.24580144031648,81235400
2023-05-05,170.78660583496094,171.504895212846,168.02165491497223,168.23812815446027,113453200
2023-05-08,170.71771240234375,171.06210572406735,169.35000337616833,169.7140651629481,55962800
2023-05-09,169.01547241210938,170.7570775926942,168.84820036158354,170.27494492179522,45326900
2023-05-10,170.77674865722656,171.23921282792068,169.14336520388548,170.24541483030967,53724500
2023-05-11,170.96368408203125,171.79020994413887,169.4090197142991,171.06208645260807,49514700
2023-05-12,170.0375213623047,171.50564580777203,168.49055408757272,171.07210045600348,45533100
2023-05-15,169.5448455810547,170.66811525184778,168.95364468701064,170.6188460048669,37266700
2023-05-16,169.5448455810547,170.5991352991019,169.27880367524853,169.46601779285794,42110300
2023-05-17,170.15573120117188,170.39219951568867,167.91903983890595,169.19011716888295,57951600
2023-05-18,172.4811248779297,172.66833901247392,170.04737119858373,170.46120584790356,65496700
2023-05-19,172.58949279785156,173.80143807257875,172.3727201425523,173.80143807257875,55809500
2023-05-22,171.6436004638672,172.14612580242743,170.9046067635048,171.42682777563832,43570900
2023-05-23,169.04234313964844,170.83564173486545,168.7664533611328,170.58931050155752,50747300
2023-05-24,169.31820678710938,169.8896969643689,168.01758589409968,168.57921320123526,45143500
2023-05-25,170.45135498046875,171.34798918728478,169.17042964019168,169.87986475065702,56058300
2023-05-26,172.85552978515625,173.19055165787438,170.56958397024448,170.77650880236848,54835000
2023-05-30,174.69810485839844,176.36330631715728,173.9788219031772,174.36309800636275,55964400
2023-05-31,174.64883422851562,176.71802248155805,174.16601962684186,174.72766202276017,99625300
2023-06-01,177.44712829589844,177.47668683522244,174.33349851829678,175.0922027756249,68901800
2023-06-02,178.29454040527344,179.11236188910445,176.62933889294345,178.37336820267623,61996900
2023-06-05,176.94464111328125,182.2358308287415,175.4272324012079,179.949884959394,121946500
2023-06-06,176.580078125,177.476712338109,174.8261860088602,177.32891962025158,64848400
2023-06-07,175.21046447753906,178.5507149734009,174.71780207381394,175.82136104700194,61944600
2023-06-08,177.92010498046875,178.18613184931536,174.85574427470908,175.28927455408018,50214900
2023-06-09,178.30438232421875,179.55573399442156,177.9792233362159,178.83645110058313,48900000
2023-06-12,181.09283447265625,181.19137296447727,178.31422641468646,178.60982685528654,54274900
2023-06-13,180.61988830566406,181.4475575367352,179.76266053311636,180.11737806569877,54929100
2023-06-14,181.25048828125,181.68403358526143,179.34881869349235,180.67899811094975,57462900
2023-06-15,183.2802734375,183.78279874291368,181.08300318978328,181.26036948430115,65433200
2023-06-16,182.2062530517578,184.245882524342,181.56579797087073,183.98968846409701,101256200
2023-06-20,182.29493713378906,183.36895259993452,181.7037512704965,181.7037512704965,49799100
2023-06-21,181.2603759765625,182.68909408055805,179.91047063421516,182.18656875714527,49515700
2023-06-22,184.2557373046875,184.3050065515812,180.97460392176268,181.0435838743865,51245300
2023-06-23,183.94044494628906,184.80753566864925,182.29495416898448,182.82703803401998,53117000
2023-06-26,182.5511016845703,185.29030300231886,182.51168027914116,184.08820572936608,48088700
2023-06-27,185.30018615722656,185.6253451571229,182.94526040179295,183.1620330683905,50730800
2023-06-28,186.47271728515625,187.11317238738192,184.84693738882143,185.17208134019785,51216800
2023-06-29,186.80772399902344,187.2806907250245,186.16726889716722,186.3052137668684,46347300
2023-06-30,191.12347412109375,191.6259844129726,188.4532369978983,188.8178174385461,85213200
2023-07-03,189.6356201171875,191.0347795474039,188.9458807202263,190.93624105216273,31458200
2023-07-05,188.5221710205078,190.14795071297073,187.82258388907837,188.75865435398987,46920300
2023-07-06,188.99513244628906,189.20205725316632,186.42343432149448,187.0540415419299,45094300
2023-07-07,187.88172912597656,189.84253092683244,187.4481988352347,188.60102706839623,46815000
2023-07-10,185.84210205078125,187.2018550195119,184.2951349736181,186.48255712554894,59922200
2023-07-11,185.31988525390625,186.5219826806886,183.86160879849567,186.384037813756,46638100
2023-07-12,186.98507690429688,188.88674640306317,185.7041517573503,186.89638625272656,60750200
2023-07-13,187.7437744140625,188.38424453327508,186.99493300399138,187.7043680387378,41342300
2023-07-14,187.89158630371094,188.37438582770977,186.8471444335954,187.4383302857117,41616200
2023-07-17,191.14317321777344,191.46833222271863,188.99515722491665,189.08383285312058,50520200
2023-07-18,190.88697814941406,191.47817907078496,189.5962050071137,190.5125649317522,48288200
2023-07-19,192.23687744140625,195.32093388898534,189.82281961650222,190.26622781119138,80507300
2023-07-20,190.29580688476562,193.5867885139367,189.67504737311495,192.22703531122195,59581200
2023-07-21,189.12327575683594,192.10880919119532,188.42368841793873,191.25158128475522,71951700
2023-07-24,189.92135620117188,192.04966138875844,189.4286937985748,190.57167418096722,45377800
2023-07-25,190.778564453125,191.58653792745972,190.08884016702333,190.49282690419068,37283200
2023-07-26,191.64566040039062,192.76892999363082,190.4829844332044,190.82783906853456,47471900
2023-07-27,190.38446044921875,194.30604897209747,189.72429463258098,193.1433729163405,47460200
2023-07-28,192.95614624023438,193.7444090416655,191.29094501886246,191.8131659299023,48291400
2023-07-31,193.5670166015625,193.60643800547902,192.39447791024213,193.18274060510845,38824100
2023-08-01,192.7394256591797,193.8429848583732,192.4142666019459,193.36018522615927,35175100
2023-08-02,189.75389099121094,192.31572697956656,189.03460794836926,192.17778208046178,50389300
2023-08-03,188.36453247070312,189.54691917513858,187.89158079590146,188.7586713954234,61235200
2023-08-04,179.31927490234375,184.6301752435833,179.25029494609427,182.79747042079737,115956800
2023-08-07,176.22537231445312,180.4425618735659,174.7473848978987,179.45723692919626,97576100
2023-08-08,177.16139221191406,177.62449604499406,174.97397007455905,177.05300588853657,67823000
2023-08-09,175.57501220703125,178.27479228591488,174.41232123291388,178.21567520898486,60378500
2023-08-10,175.3582763671875,178.097478428752,174.9937109597073,176.84611157664116,54686900
2023-08-11,175.41746520996094,176.23639103718068,174.19402209160106,174.95375100085724,52036700
2023-08-14,177.0651397705078,177.29206623946897,174.94382216578185,175.59501817775333,43675600
2023-08-15,175.08201599121094,177.0849254578291,174.68735981208974,176.49294118914725,43622600
2023-08-16,174.21376037597656,176.15745776554937,174.14468726786023,174.7662850202376,46964900
2023-08-17,171.6780548095703,175.1412101505236,171.1649897406694,174.77615243783515,66062900
2023-08-18,172.16148376464844,172.76334408254257,169.6652471318657,170.00070631097662,61172200
2023-08-21,173.49349975585938,173.77963828216437,171.42153223598535,172.73378585948967,46311900
2023-08-22,174.8649139404297,175.30890581271296,173.89799596554266,174.69718434668556,42038900
2023-08-23,178.70303344726562,179.1273031269572,175.95027131734813,176.13773826499084,52722800
2023-08-24,174.0262908935547,178.68330576322634,173.66121814414575,178.25903609639087,54945800
2023-08-25,176.2265167236328,176.7593040006282,173.4737548580186,175.0129348306344,51449600
2023-08-28,177.78546142578125,178.18011761364104,176.16734696728648,177.68678985123202,43820700
2023-08-29,181.66302490234375,182.43261506867535,177.10468083173828,177.30200894140822,53003900
2023-08-30,185.1458740234375,185.34321714142652,182.27471834075723,182.47204640358012,60813900
2023-08-31,185.36294555664062,186.59626480914432,184.97815055206615,185.33334709899387,60794500
2023-09-01,186.93173217773438,187.38558521498553,185.76747101772168,186.961330634287,45766500
2023-09-05,187.1685028076172,187.44476508042712,185.10639689444145,185.76745412260553,45280000
2023-09-06,180.4691162109375,186.3298508313997,179.048330235654,185.88584392275033,81755800
2023-09-07,175.1905517578125,175.8318868790433,171.22419235116297,172.84230680208358,112488800
2023-09-08,175.80224609375,177.8347687964352,175.417451102765,175.96999075471308,65551300
2023-09-11,176.96649169921875,177.89395007164453,174.9734438173143,177.66702357259294,58953100
2023-09-12,173.94735717773438,177.72624932161176,172.4871113411862,177.09479044187466,90370200
2023-09-13,171.88523864746094,174.93400012779577,171.65829707262085,174.15453395453247,84267900
2023-09-14,173.3948516845703,173.75004828458802,171.2636720844641,171.67806560862326,60895800
2023-09-15,172.67453002929688,174.14465177290464,171.50042292713772,174.12491445244186,109259500
2023-09-18,175.59507751464844,176.98626535892447,173.81909463420754,174.12495542511192,67257600
2023-09-19,176.68038940429688,177.23291401853146,174.7662755227223,175.15107052586188,51826900
2023-09-20,173.1481475830078,177.30195805066697,173.0593371622532,176.86782730089922,58436200
2023-09-21,171.60894775390625,173.94733103404198,171.5398897121348,172.2206842726111,63149100
2023-09-22,172.4574737548828,174.71692282922322,171.72735846610487,172.33907993619778,56725400
2023-09-25,173.7302703857422,174.6083930174941,171.82601779128095,171.87535356826675,46172700
2023-09-26,169.66526794433594,172.8620217812148,169.3692683155077,172.4871029695211,64588900
2023-09-27,168.15567016601562,170.73084132501634,166.7940959712009,170.3164478696235,66921800
2023-09-28,168.41221618652344,169.7343308371659,165.38317681816312,167.08022534636603,56294400
2023-09-29,168.92529296875,170.76047278128746,168.0668924554359,169.72448150635748,51861100
2023-10-02,171.43138122558594,171.97404472395215,168.64900568223578,168.93514418826848,52164500
2023-10-03,170.09939575195312,171.31299281082715,168.54049336939298,169.96126458937815,49594600
2023-10-04,171.3425750732422,171.88523853747708,168.68846972057472,168.80686354725646,53020300
2023-10-05,172.57589721679688,173.10868450108188,170.3756448658088,171.47083294671847,48527900
2023-10-06,175.1214599609375,175.61478762599208,170.86896284182788,171.48069938400815,57266700
2023-10-09,176.60147094726562,176.66066786762835,173.45403753652568,174.45055415802327,42390800
2023-10-10,176.00941467285156,177.3216678518341,175.5752839904618,175.72329129863817,43698000
2023-10-11,177.400634765625,177.4499705441094,175.22999600880442,175.82198018511957,47551100
2023-10-12,178.29847717285156,179.9067149957359,176.6507496538397,177.667018413921,56743100
2023-10-13,176.46331787109375,179.50220314362676,175.7627859383901,178.9990143278533,51427100
2023-10-16,176.33505249023438,176.69024903281087,174.15453745424634,174.39134016768617,52517000
2023-10-17,174.78598022460938,176.03903666999224,172.46734930467605,174.29265257502803,57549400
2023-10-18,173.49349975585938,175.21028574818484,172.77324545527233,173.2369747453516,54764400
2023-10-19,173.1185760498047,175.466805839834,172.85217485644313,173.69082297603654,59302900
2023-10-20,170.572998046875,173.0790962513972,170.3361953203569,172.97056355030566,64244000
2023-10-23,170.69139099121094,171.68790756499885,167.6623515662161,168.62928473640696,55980100
2023-10-24,171.12550354003906,171.35243005141567,169.1620540054936,170.74070856198063,43816600
2023-10-25,168.81674194335938,170.75057806188605,168.3727349771656,169.58633193718455,57157000
2023-10-26,164.6629180908203,169.0930062294273,163.459197305812,168.0964746462511,70625300
2023-10-27,165.97518920898438,166.70531969794123,164.60373866788856,164.68267291441106,58499100
2023-10-30,168.01754760742188,168.88580920893756,166.61649869462795,166.76450604315932,51131000
2023-10-31,168.49114990234375,168.61940486913602,165.65943861592592,167.09010101577766,44846000
2023-11-01,171.6484375,171.90496247869652,167.849808268541,168.71806981976965,56934900
2023-11-02,175.20040893554688,175.40759814141026,173.118565411641,173.17776232760195,77334800
2023-11-03,174.29266357421875,174.46040823420765,171.03671292563865,171.91483559510309,79829200
2023-11-06,176.8382568359375,177.035584920202,173.85856813665714,174.02629776104038,63841300
2023-11-07,179.3936767578125,180.00539823599848,176.58170308551922,176.78889227095914,70530000
2023-11-08,180.4494171142578,181.00194176498167,179.16676200069597,179.91662978825056,49340300
2023-11-09,179.97581481933594,181.6629871195562,179.3838155582821,180.51847829944086,53763500
2023-11-10,184.15487670898438,184.32284238950194,181.31944959381738,181.75415237279827,66133400
2023-11-13,182.5740966796875,183.7892771730148,181.9912068168311,183.58181505403093,43627500
2023-11-14,185.1823272705078,185.84425545326624,184.0560589323069,185.4391901985185,60108400
2023-11-15,185.74542236328125,187.21748080558552,185.51819692419994,185.58736101326681,53790500
2023-11-16,187.42498779296875,188.6599317940755,186.37774261703024,187.2866746678448,54412900
2023-11-17,187.4052276611328,188.08691917335904,186.29872264128753,187.95848017105547,50922700
2023-11-20,189.14401245117188,189.59847845797387,187.5929306882813,187.60280481288592,46505100
2023-11-21,188.34381103515625,189.21321658430173,187.454657232623,189.10454089065857,38134500
2023-11-22,189.00572204589844,190.60620477415247,188.53150773289747,189.18356183514956,39617700
2023-11-24,187.68186950683594,188.60066069963858,186.97054048498805,188.57102324664504,24048300
2023-11-27,187.5040283203125,188.37343380166539,186.6247487130357,187.63246733233092,40552600
2023-11-28,188.10667419433594,188.77849160556613,187.11871894105684,187.49414676130317,38415400
2023-11-29,187.08909606933594,189.77633577367203,186.6939199672285,188.60066651864972,43014200
2023-11-30,187.66209411621094,188.02764780463457,185.92329832735996,187.55341843722022,48794400
2023-12-01,188.93658447265625,189.25272234216075,186.95078459310412,188.03754149609296,45704800
2023-12-04,187.14834594726562,187.7608884211111,185.19219887595256,187.69172432124148,43389500
2023-12-05,191.0902862548828,192.0584780958342,187.88930609245244,187.91895861640964,66628400
2023-12-06,190.00357055664062,192.41416882595195,189.79609331061306,192.1079050949125,41089700
2023-12-07,191.93008422851562,192.65128739108172,191.25826677194576,191.29779342674496,47477700
2023-12-08,193.35272216796875,193.62934842275146,191.33728508312288,191.86090014217592,53406400
2023-12-11,190.85316467285156,191.1594434259829,189.11436907200368,190.7840156527889,60943700
2023-12-12,192.36477661132812,192.3746507369947,189.4107849369075,190.75440470261375,52696900
2023-12-13,195.5756378173828,195.6151493963814,192.50309623143957,192.74019585543422,70404200
2023-12-14,195.7238311767578,197.21563829918102,193.79732129680679,195.6349188149913,66831600
2023-12-15,195.19033813476562,196.01032777733312,194.62719637119332,195.1508114803035,128538400
2023-12-18,193.53054809570312,194.26164038796966,192.0486152607036,193.72813612536964,55751900
2023-12-19,194.56793212890625,194.57780625556214,193.53057597994234,193.7973281496765,40714100
2023-12-20,192.4833221435547,195.2989855460905,192.4833221435547,194.5283816611859,52242800
2023-12-21,192.33511352539062,194.70621508029078,191.16933361068988,193.73802319308166,46482500
2023-12-22,191.26812744140625,193.05632389177538,190.64571085868127,192.82908334808235,37149600
2023-12-26,190.7247772216797,191.55465607108982,190.50742584564344,191.2780297879531,28919300
2023-12-27,190.82357788085938,191.1693682979628,188.78839218591511,190.1715387793259,48087700
2023-12-28,191.24839782714844,192.3153914106068,190.8433325169925,191.80165040931152,34049900
2023-12-29,190.21099853515625,192.05846979029215,189.4206314221306,191.56449222902597,42672100
2024-01-02,183.4040069580078,186.17028459685415,181.6750853181039,184.89581391743906,82488700
2024-01-03,182.03076171875,183.6411336613478,181.22063114701328,182.00112426612563,58414500
2024-01-04,179.7189483642578,180.88472835710988,178.70135563320858,179.95604798314233,71983600
2024-01-05,178.99774169921875,180.5587129492039,177.99991223040004,179.79799818956093,62379700
2024-01-08,183.32498168945312,183.36450834315934,179.313885613353,179.89677561800764,59144500
2024-01-09,182.91001892089844,182.91989304556353,180.52904335165846,181.7047124117811,42841800
2024-01-10,183.94737243652344,184.15483457675245,181.70471001714742,182.129538572139,46792900
2024-01-11,183.3546142578125,184.7970355796361,181.4083411771675,184.29316874581366,49128400
2024-01-12,183.6806182861328,184.49074873898914,182.95941525310155,183.818931403084,40477800
2024-01-16,181.41819763183594,182.04059908627158,178.75070683426088,179.9659024464889,65603000
2024-01-17,180.47964477539062,180.72663357001974,178.12832170152117,179.08663943068214,47317400
2024-01-18,186.35800170898438,186.86185345428623,183.59172402252184,183.8485869578717,78005800
2024-01-19,189.2527313232422,189.638033320768,186.54574321370293,187.0495950335435,68903000
2024-01-22,191.55462646484375,192.97728431537942,189.94425472083472,189.98378136946042,60133900
2024-01-23,192.8291015625,193.39224330006388,191.49537099853464,192.67104017695664,42355600
2024-01-24,192.15728759765625,194.0146482092326,191.999211146671,193.06620457832125,53631300
2024-01-25,191.83128356933594,193.90599578100486,190.78405333725613,192.86863967517039,54822100
2024-01-26,190.1023406982422,192.41415228379137,189.6281264159501,191.93006387634745,44594000
2024-01-29,189.420654296875,189.88499446653958,187.29655655692048,189.69728055859,47145600
2024-01-30,185.7751007080078,189.4898221386195,185.21197404804863,188.6401800108733,55859400
2024-01-31,182.17892456054688,184.84641553917146,182.129538862794,184.78712556686926,55467800
2024-02-01,184.6093292236328,184.69824158324056,181.6059517240919,181.77390231724044,64885400
2024-02-02,183.6114959716797,185.07366557426653,177.0909850527091,177.6936383802958,102551700
2024-02-05,185.41943359375,186.97053056814926,183.60159955655655,185.88377376602236,69668800
2024-02-06,187.01992797851562,187.02980210381148,184.5204024536245,184.60931480628852,43490800
2024-02-07,187.1286163330078,188.74886241631054,186.33824908078662,188.3437971267345,53439000
2024-02-08,186.05174255371094,187.25703410679802,185.09342474162452,187.1088468471974,40962000
2024-02-09,186.81344604492188,187.9411516715375,185.97260641439556,186.61559077121817,45155200
2024-02-12,185.13174438476562,186.63535673641036,184.77562606711913,186.3880527684402,41781900
2024-02-13,183.04452514648438,184.20192116931864,181.5310258479947,183.76666370675508,56529500
2024-02-14,182.1641082763672,183.5292310959524,180.472557481369,183.3215042025078,54630500
2024-02-15,181.8772430419922,182.50045391335385,179.39431647047905,181.57058851615943,65434500
2024-02-16,180.34396362304688,182.8565806751117,179.71086599707365,181.44199396902647,49752500
2024-02-20,179.60205078125,180.46266385305907,178.0588762686663,179.82956623009554,53665600
2024-02-21,180.3538360595703,180.91768122956833,178.71173417109264,179.97792921674792,41371400
2024-02-22,182.38172912597656,182.9653779737103,180.49233824441416,181.50132758611662,52292200
2024-02-23,180.55169677734375,183.04451006700117,180.2648157032703,183.0148347964746,45119700
2024-02-26,179.2063446044922,180.78908088671756,178.70183486744935,180.2746995194681,40867400
2024-02-27,180.66050720214844,181.93658908973126,177.62360710096542,179.1470080612827,54318900
2024-02-28,179.46353149414062,181.14519536218177,178.18744973320082,180.5417731107642,48953900
2024-02-29,178.80076599121094,180.6011460945577,177.59392143922238,179.31516246277232,136682600
2024-03-01,177.72251892089844,178.5831318593588,175.46710804516843,177.61370457626955,73563100
2024-03-04,173.21173095703125,174.99230771576262,171.91584529303745,174.25039570154502,81510100
2024-03-05,168.285400390625,170.1846930657021,167.7907924514621,168.91849794898403,95132400
2024-03-06,167.29617309570312,169.39332087872134,166.8609157238647,169.21525418377138,68587700
2024-03-07,167.17750549316406,168.88884496206234,166.67301076258389,167.32588185679398,71765100
2024-03-08,168.8888397216797,171.82681238429842,167.11814976227143,167.17750030588184,76267000
2024-03-11,170.8870391845703,172.49946586057737,170.1945911039721,171.07499261235472,60139500
2024-03-12,171.3618621826172,172.15323790323208,169.16580172767317,171.28272310113206,59825400
2024-03-13,169.28453063964844,171.3223130850131,168.91851047344855,170.90684419661972,52488700
2024-03-14,171.1343536376953,172.43022407386235,170.19460153541087,171.04532782778392,72913500
2024-03-15,170.75845336914062,170.75845336914062,168.45357838204507,169.3240932528417,121752700
2024-03-18,171.84657287597656,175.79354941833483,171.64873273149365,173.67662817447325,75604200
2024-03-19,174.18113708496094,174.70542030322298,171.16402557801365,172.45989598897214,55215200
2024-03-20,176.7432403564453,176.7432403564453,173.20184487546305,173.82505585419364,53423100
2024-03-21,169.52194213867188,175.57595436020992,168.9976588629672,175.14069690243886,106181300
2024-03-22,170.42213439941406,171.18383495977668,168.22607363158104,169.90773784358905,71160100
2024-03-25,169.00755310058594,170.085794876263,167.6226416976105,168.73057383883838,54288300
2024-03-26,167.87985229492188,169.57140318495337,167.75124938607289,168.16671829054096,57388400
2024-03-27,171.44100952148438,171.72789059246503,168.27552158079686,168.5722893771007,60273300
2024-03-28,169.6307373046875,170.37264922530974,168.67119667981044,169.89782982249778,65672700
2024-04-01,168.19638061523438,169.40322523760474,167.65230884379906,169.3438746978549,46240500
2024-04-02,167.0192108154297,167.51381877100314,166.41578850586058,167.25662806803024,49329500
2024-04-03,167.8204803466797,168.83937157047524,166.7620271262386,166.9697540235435,47691700
2024-04-04,166.9994354248047,170.06599565718972,166.9994354248047,168.4535689105981,53704400
2024-04-05,167.751220703125,168.55248310289795,167.12800990586356,167.76110742740823,42104800
2024-04-08,166.6334228515625,167.37533481002382,166.4256959559663,167.20716991074772,37425500
2024-04-09,167.8402557373047,168.2458378687617,166.53449863101693,166.88071513080217,42373800
2024-04-10,165.97064208984375,167.2665125006067,165.30786924976792,166.97964653177021,49709300
2024-04-11,173.15234375,173.5678277091418,166.34654865134516,166.5246002673459,91070300
2024-04-12,174.64605712890625,176.43653535919364,172.33129571828837,172.3807444342083,101670900
2024-04-15,170.82769775390625,174.72521085075485,170.63974431610336,173.46890241983837,73531800
2024-04-16,167.55337524414062,171.88613013777277,166.45534511410173,169.89781183493915,73711200
2024-04-17,166.18826293945312,168.80967890645843,166.18826293945312,167.780901063059,50901200
2024-04-18,165.23863220214844,166.8213838226369,164.7539260277304,166.21796146542746,43122900
2024-04-19,163.22061157226562,164.60550769336635,162.31053482208006,164.41756936525925,68149400
2024-04-22,164.0515594482422,165.45624419964858,162.99310629576294,163.73501821268977,48116400
2024-04-23,165.10012817382812,165.24851961582092,163.14148491226467,163.56685559955991,49537800
2024-04-24,167.197265625,167.4742448528629,164.41757152765254,164.7439994721628,48251800
2024-04-25,168.0579071044922,168.7701438382538,166.33666581552853,167.7017887376114,50558300
2024-04-26,167.4742431640625,169.49223681731962,167.35552700029277,168.04799015720317,44838400
2024-04-29,171.62896728515625,174.13168243053624,171.2332869429431,171.5003643815301,68169400
2024-04-30,168.49314880371094,173.10289859543835,168.1667057400835,171.46079655206535,65934800
2024-05-01,167.4742431640625,170.84747276952126,167.28628974114312,167.75122238913238,50383100
2024-05-02,171.1640625,171.5498561795682,169.04714062596727,170.64966589582906,94214900
2024-05-03,181.40240478515625,184.98336128032037,180.69016817589636,184.63712970012278,163224100
2024-05-06,179.75042724609375,182.21356516877455,178.47433028646978,180.38352481626606,78569700
2024-05-07,180.43296813964844,182.9060078076493,179.36462828599997,181.47164781905605,77305800
2024-05-08,180.76931762695312,181.09576068278213,179.4932206728727,180.87813197889614,45057100
2024-05-09,182.57958984375,182.66861565405213,180.14611203583203,180.5912561815798,48983000
2024-05-10,181.3215789794922,183.34230991411323,180.4102677646858,183.15410154420678,50759500
2024-05-13,184.5210723876953,185.3333368917867,182.87674310968822,183.68900761377958,72044800
2024-05-14,185.66021728515625,186.52201273815805,184.53098214319476,185.7394637127145,52393600
2024-05-15,187.92860412597656,188.84981551266446,185.60078753373725,186.13569714479723,70400000
2024-05-16,188.0474395751953,189.2955517477419,187.86914647323638,188.6714956614686,52845200
2024-05-17,188.07716369628906,189.0082902438942,187.3936765447615,187.72056236134898,41282900
2024-05-20,189.23614501953125,190.10784067213936,187.22531400566533,187.54229973923614,44361300
2024-05-21,190.53375244140625,190.91015403566988,189.11724727296848,189.28564024416437,42309400
2024-05-22,189.09744262695312,190.99932654838926,188.47340160760692,190.45451683728567,34648500
2024-05-23,185.1154022216797,189.1964945447871,184.86776283091424,189.17667916140735,51005900
2024-05-24,188.1861114501953,188.78045200186543,186.26442746313117,187.03707622618555,36327000
2024-05-28,188.19607543945312,191.17764887438426,187.31447963213384,189.70171236146703,52280100
2024-05-29,188.4932098388672,190.43470949642946,187.72057607583483,187.81963788738682,53068000
2024-05-30,189.4837646484375,190.36536034504638,188.83000809203267,188.9587703074631,49889100
2024-05-31,190.4346923828125,190.7516780595243,188.1167913020161,189.6323431713606,75158300
2024-06-03,192.19789123535156,193.14883318833753,190.7021546904014,191.07855630297723,50080500
2024-06-04,192.51487731933594,193.47571940906454,191.2073340206378,192.80213237542046,47471400
2024-06-05,194.0205078125,195.04078090785526,193.02995023528447,193.55494454203196,54156800
2024-06-06,192.64364624023438,194.64457691185422,192.33657578915964,193.8422276391208,41181800
2024-06-07,195.03089904785156,195.08042995429523,192.3068654552658,192.8120444256859,53103900
2024-06-10,191.29649353027344,195.43703247512377,190.33565137548777,195.04080033594326,97010200
2024-06-11,205.19400024414062,205.20391549352811,191.8016724106265,191.82147267998263,172373300
2024-06-12,211.05813598632812,218.12080209568063,204.94638168818946,205.41194501546696,198134300
2024-06-13,212.2170867919922,214.70338117421306,209.6020150722442,212.71236564129833,97862700
2024-06-14,210.48361206054688,213.13829945342002,209.30484597389386,211.8307711431916,70122700
2024-06-17,214.6241455078125,216.88261596473237,210.71144542501693,211.35530191551948,93728300
2024-06-18,212.2666015625,216.56563344094587,210.9887887879192,215.53544497511416,79943300
2024-06-20,207.7001190185547,212.2170745602359,206.87796947703916,211.90998899500866,86172500
2024-06-21,205.5308074951172,209.88925500861833,205.1543907600995,208.40341856791886,241805100
2024-06-24,206.1746826171875,210.69162338847192,204.63931513285507,205.75865018980198,80727000
2024-06-25,207.09588623046875,209.38407188516823,206.64022308060072,207.1751175381149,55549700
2024-06-26,211.2364044189453,212.8312027309874,208.65104852463386,209.5029286499739,66213200
2024-06-27,212.07838439941406,213.70289822966825,210.3449086305272,212.6628097453943,49772700
2024-06-28,208.63124084472656,214.0297919592074,208.31427026634478,213.7326216506115,82542700
2024-07-01,214.70338439941406,215.45620282037203,209.91898882948186,210.08738182701015,60402900
2024-07-02,218.19012451171875,218.29908645117231,213.0689435868198,214.1090169642201,58046200
2024-07-03,219.45803833007812,219.45803833007812,216.96182895702523,217.92267103394255,37369800
2024-07-05,224.20281982421875,224.3117817727132,219.55710192478037,219.55710192478037,60412400
2024-07-08,225.66883850097656,225.69855401964364,221.14198303770854,224.94572057418634,59085900
2024-07-09,226.5207061767578,227.23390886254342,224.23252052432466,225.77778797195694,48076100
2024-07-10,230.78012084960938,230.87918266211804,227.08534498663496,227.1348758928893,62627700
2024-07-11,225.4212188720703,230.19569903805672,223.63821202212716,229.2051413563895,64710600
2024-07-12,228.3631591796875,230.44333633793113,226.52072130415218,226.75846058686048,53046500
2024-07-15,232.18670654296875,234.9899864993383,230.88907844301437,234.24706826366577,62631300
2024-07-16,232.6027374267578,234.03904289009895,230.13624361936286,232.7810305355119,43234300
2024-07-17,226.71884155273438,229.2744821236097,224.49998695797876,227.2834515580279,57345900
2024-07-18,222.06320190429688,228.26410233218343,220.17124832102243,228.10560948409145,66034600
2024-07-19,222.1919708251953,224.65846466815103,221.17169771561296,222.6971648700337,49151500
2024-07-22,221.8452911376953,225.62921338494564,220.98349573063444,224.86647978572938,48201800
2024-07-23,222.8853759765625,224.7971601400939,220.57737479075328,222.25141967209163,39960300
2024-07-24,216.47647094726562,222.67737176080064,215.07979609138368,221.88492258576645,61777600
2024-07-25,215.43641662597656,218.76469136537827,212.593505524486,216.86280713025258,51391200
2024-07-26,215.90194702148438,217.41749898154802,213.9703475571551,216.6349499920164,41601300
2024-07-29,216.1793212890625,217.2293100492215,213.71282713597697,214.91140862229943,36311800
2024-07-30,216.73402404785156,218.24957609355639,214.07932159795172,217.1203409396055,41643800
2024-07-31,219.98304748535156,221.70662325926872,218.54674189777583,219.34909118598728,50036300
2024-08-01,216.29815673828125,222.36036437427163,214.97081319041698,222.2514024343897,62501000
2024-08-02,217.7840118408203,223.46981835778237,215.6543188775265,217.0807092384795,105568600
2024-08-05,207.29400634765625,211.4840610296135,194.14930192882554,197.21012147966275,119548600
2024-08-06,205.27325439453125,208.00720313955475,199.17143085232243,203.36148541473497,69660500
2024-08-07,207.83883666992188,211.62275945732517,204.4412156900116,204.94639470682978,63516400
2024-08-08,211.2958526611328,212.17744837655164,206.8581585633277,211.097744151489,47161100
2024-08-09,214.19821166992188,214.73310620037486,209.9685258775167,210.09730322074367,42201600
2024-08-12,215.72540283203125,217.6889728146819,213.81142108338884,214.27752324509848,38028100
2024-08-13,219.43438720703125,220.04923895369578,217.19312608520667,217.19312608520667,44155300
2024-08-14,219.8806610107422,221.17979111862692,217.8774142480331,218.7402072098891,41960600
2024-08-15,222.85577392578125,223.48055242779947,220.9120269929499,222.73677426147512,46414000
2024-08-16,224.17474365234375,224.94827173921567,221.7946444270254,222.0624088054674,44340200
2024-08-19,224.0160675048828,224.115243980586,221.18970440160442,223.84747960195193,40687800
2024-08-20,224.6309051513672,225.28543353253482,223.57970115675508,223.8970537532744,30299000
2024-08-21,224.52183532714844,226.08872985229075,223.1830436738614,224.64085012661386,34765500
2024-08-22,222.66734313964844,226.4457337259973,222.04256465043304,225.90029338876204,43695300
2024-08-23,224.9581756591797,226.32673228874265,222.46900358067504,223.78797197411373,38677300
2024-08-26,225.2953643798828,225.39454085782168,222.0326640536948,224.87885041051024,30602200
2024-08-27,226.13832092285156,226.95152567852384,223.02437015551794,224.1251624880706,35934600
2024-08-28,224.611083984375,227.95312221094204,223.80779089178384,226.02921369079436,38052200
2024-08-29,227.88372802734375,230.98776737752962,226.98128860061004,228.1911690762387,51906300
2024-08-30,227.10028076171875,228.48866070475935,225.5928860148415,228.28041127940648,52990800
2024-09-03,220.9219512939453,227.10026429068756,219.335218503661,226.65400042223428,50190600
2024-09-04,219.01788330078125,219.94016096302124,215.67582978550038,219.82116129878526,43840200
2024-09-05,220.53518676757812,223.60946073514918,219.6823205428289,219.79140861107143,36615400
2024-09-06,218.98814392089844,223.3714749735505,217.94685141211724,222.09216799264019,48423000
2024-09-09,219.07736206054688,219.43437615112032,214.91220775865924,218.9881123209545,67180000
2024-09-10,218.2840118408203,219.6426417511051,214.9320468059923,217.10388142289187,51591000
2024-09-11,220.81283569335938,221.23926118740866,216.08240296027674,219.62279381512946,44587100
2024-09-12,220.9219512939453,221.69547936785247,217.9964268983011,220.6541869199912,37455600
2024-09-13,220.65419006347656,222.18140791181287,220.06908820245332,221.72523244234597,36766600
2024-09-16,214.52548217773438,215.41800999792326,212.14538277021938,214.74364320285497,59357400
2024-09-17,214.9915313720703,215.10061943149995,212.7205355758407,213.96016573653907,45519300
2024-09-18,218.8592071533203,220.86245391858552,215.7353297749969,215.7452565018275,59894900
2024-09-19,226.97132873535156,227.91345980340301,222.7665127356472,223.12352684243388,66781300
2024-09-20,226.30690002441406,231.15633305592988,225.7317097608303,228.06222073119503,318679900
2024-09-23,224.5912322998047,227.54650632766106,223.93670395169437,225.45401003818398,54146000
2024-09-24,225.48379516601562,227.44738051700955,223.85740076750545,226.75317542181838,43556100
2024-09-25,224.49208068847656,225.40444676008957,222.1615848378298,223.06402418257602,42308700
2024-09-26,225.6325225830078,226.604388370512,223.54002631267903,225.41434646896755,36636700
2024-09-27,225.90029907226562,227.6159582791164,225.41437368594384,226.56475422029098,34026000
2024-09-30,231.06710815429688,231.06710815429688,227.74489260649173,228.13165668867202,54541900
2024-10-01,224.33343505859375,227.74488511973175,221.88392424124012,227.61597385138083,63285000
2024-10-02,224.898681640625,225.48378349827837,221.16987922367838,224.0160654907427,32880600
2024-10-03,223.79788208007812,224.928424248049,221.46738631978812,223.27228007150777,34044200
2024-10-04,224.91851806640625,226.10856009308668,222.27066963907552,226.00938361911108,37245100
2024-10-07,219.8509063720703,223.81772316941647,219.49389225502094,222.63759275105315,39505400
2024-10-08,223.8970489501953,224.10529834651464,221.39795026893304,222.4392426471427,31855700
2024-10-09,227.6357879638672,227.84405251552317,222.96486939830248,223.36154504729694,33591100
2024-10-10,227.13992309570312,227.59611368544336,225.28544108575701,225.89038125247495,28183500
2024-10-11,225.6622772216797,227.50684750397573,225.45401269675094,227.39775944467098,31759200
2024-10-14,229.3811798095703,229.8076053434174,226.70358155060512,226.80274288926017,39882100
2024-10-15,231.9100341796875,235.51983687729248,230.44230106244424,231.67201972311165,64751400
2024-10-16,229.857177734375,230.1943535005289,227.93326933706737,229.67867825777722,34082200
2024-10-17,230.22412109375,231.91003031839952,228.60765355789445,231.49350124327563,32993800
2024-10-18,233.05044555664062,234.22064904108484,232.0686531256389,234.22064904108484,46431500
2024-10-21,234.51820373535156,234.88514457730523,232.5050454306036,232.5050454306036,36254500
2024-10-22,233.90335083007812,234.26036494372266,230.67040061866737,231.94969236544068,38846600
2024-10-23,228.84564208984375,233.18931106897517,225.87052966736016,232.1381071008503,52287000
2024-10-24,228.65724182128906,228.90516786821388,226.51515714412935,228.07212485007065,31109500
2024-10-25,229.49026489257812,231.28524701350278,227.665532857223,227.83412074973037,38802300
2024-10-28,231.4637451171875,232.78271346714027,230.62080565968694,231.38442210065006,36087100
2024-10-29,231.7315216064453,232.38605001867157,230.3927299983884,231.1662580738538,35417200
2024-10-30,228.19113159179688,231.53316974412917,227.64569128136466,230.68030356750913,47070900
2024-10-31,224.03590393066406,227.92338265648337,223.50037517792762,227.43744214117888,64370100
2024-11-01,221.060791015625,223.4805517303345,218.44269248362247,219.13688241025088,65276700
2024-11-04,220.16822814941406,220.94175615916865,217.88732075932978,219.15670083339904,44944500
2024-11-05,221.59629821777344,222.09215031274817,219.3054639601429,219.9599923572388,28111300
2024-11-06,220.8723602294922,224.19457534628128,219.35505401685137,220.76327216240406,54561100
2024-11-07,225.5928497314453,225.98954046008802,222.70700223311508,222.76650205936048,42137700
2024-11-08,225.32481384277344,227.01256271730918,224.77877343219782,225.53329235935942,38328800
2024-11-11,222.6144561767578,224.07386628495595,219.9041296110407,223.3789126974454,42005600
2024-11-12,222.6144561767578,223.964658210572,221.750729228627,222.93215790182094,40398300
2024-11-13,223.49806213378906,225.01703765642938,221.15506473467502,222.39605879884869,48566200
2024-11-14,226.57574462890625,227.22105551450989,223.3789425502784,223.398802697962,44923900
2024-11-15,223.3789520263672,225.2851172657963,222.65421566813873,224.76885944610046,47923700
2024-11-18,226.377197265625,228.08480645929455,223.5477244921184,223.6271499370396,44633700
2024-11-19,226.63528442382812,228.5017442258817,225.02696106605572,225.34464764897942,36211800
2024-11-20,227.35011291503906,228.27340522879027,224.26251907255318,226.4168829534927,35169600
2024-11-21,226.87359619140625,228.5017799491732,224.08384369933498,227.2310031211041,42108300
2024-11-22,228.21385192871094,229.05773399756174,226.41689485035167,226.41689485035167,38168300
2024-11-25,231.19223022460938,231.5694972757357,228.08479132337303,229.79240040372403,90152800
2024-11-26,233.366455078125,233.87279036398945,231.6489234928732,231.6489234928732,45986200
2024-11-27,233.2373809814453,233.99191506726265,232.12545514826604,232.78070364946953,33498400
2024-11-29,235.62010192871094,236.0966394139658,232.28430923421996,233.11825362062933,28481400
2024-12-02,237.86383056640625,239.0551819380818,235.45134517492735,235.5605532676808,48137100
2024-12-03,240.9017791748047,241.01098726633802,237.1787967118795,238.08224409194108,38861000
2024-12-04,241.25917053222656,242.35125137710352,239.51185632927692,241.12017980186528,44383900
2024-12-05,241.2889404296875,242.77813324010052,240.3855083044983,242.23210799536452,40033900
2024-12-06,241.09039306640625,242.86750503393802,240.33587413565135,241.15989600483465,36870600
2024-12-09,244.97222900390625,245.45870413211114,240.0082527322972,240.08767817050534,44649200
2024-12-10,245.98487854003906,246.4217108653419,243.57237825215392,245.11121388943334,36914800
2024-12-11,244.714111328125,248.9930565140259,244.48575750906295,246.17352158557497,45205800
2024-12-12,246.17352294921875,246.9479020514793,243.9099357862414,245.11122473397327,32777500
2024-12-13,246.34230041503906,247.4939314395242,244.46591792091505,246.03453629863122,33155300
2024-12-16,249.23130798339844,249.56886987487528,245.86573275817128,246.20329464964811,51694800
2024-12-17,251.65374755859375,252.00123197197036,247.98040799068028,248.27824960945253,51356400
2024-12-18,246.2628631591797,252.44797328398425,245.95509905753715,250.34325221557475,56774100
2024-12-19,247.99032592773438,250.184410158509,245.3097817058068,245.71683140567848,60882300
2024-12-20,252.65646362304688,253.16278373693368,243.9198625662762,246.25292226826556,147495300
2024-12-23,253.4308624267578,253.80811434244586,251.6239676953758,252.93446477293034,40858800
2024-12-24,256.3397216796875,256.34962902881983,253.45066898797964,253.64924013847912,23234700
2024-12-26,257.15380859375,258.2260444048055,255.77383898408218,256.32980188696064,27237100
2024-12-27,253.74851989746094,256.8361287043752,251.2367492695516,255.9723714358678,42355300
2024-12-30,250.38294982910156,251.67358663649517,248.94339979921563,250.41273247360002,35557500
2024-12-31,248.61578369140625,251.45517870098834,247.63291094425557,250.62123433005314,39480700
2025-01-02,242.0931396484375,247.3053149666319,240.07776640397734,247.1365264348607,55740700
2025-01-03,241.60665893554688,242.42074318433572,240.14724866814672,241.60665893554688,40244100
2025-01-06,243.23483276367188,245.54804748087855,241.4477983095151,242.54980162717402,45045600
2025-01-07,240.46493530273438,243.78086767976055,239.6111308132576,241.22937670987722,40856000
2025-01-08,240.95140075683594,241.95413364050106,238.32049944087447,240.17702168463396,37628900
2025-01-10,235.14358520507812,238.42973539672147,231.3213170399406,238.28080700459313,61710900
2025-01-13,232.71121215820312,232.9792711307645,228.06493742769467,231.84748509521594,49630700
2025-01-14,231.5992889404297,234.41882398797216,230.79512716232853,233.05869925952226,39435300
2025-01-15,236.1562042236328,237.2383625727966,232.74098609709984,232.94947976770305,39832000
2025-01-16,226.61544799804688,236.29520209930612,226.3871093224655,235.6399687194268,71759100
2025-01-17,228.3230743408203,230.61642921557544,226.83388128979956,230.447655820989,68488300
2025-01-21,221.03591918945312,222.80309340530198,217.79941234276583,222.38612124582832,98070400
2025-01-22,222.21737670898438,222.5052806842356,218.2064751614249,218.2064751614249,64126500
2025-01-23,222.04859924316406,225.394314538592,220.69839703644928,223.1208199792776,60234800
2025-01-24,221.17491149902344,224.00438385368136,219.81478693461753,223.16050188156166,54697900
2025-01-27,228.20391845703125,230.47741293083342,222.36627749626697,222.4059977899183,94863400
2025-01-28,236.5433807373047,238.4594833656038,229.14705946957608,229.1867797612423,75707600
2025-01-29,237.6354522705078,238.13184985503437,232.3239920565328,232.43320013108274,45486100
2025-01-30,235.87820434570312,239.05514590762664,235.50095247665905,236.95042496326212,55658300
2025-01-31,234.29969787597656,245.4090800423025,231.7581442550369,245.4090800423025,100959800
2025-02-03,226.3672332763672,230.15971829856622,224.0738787357251,228.33297872450572,73063300
2025-02-04,231.12274169921875,231.45036595591674,225.01704170433482,225.61272492539547,45067300
2025-02-05,230.79510498046875,230.99366099381652,226.62536810475493,226.88348940722173,39620300
2025-02-06,231.5397186279297,232.11554171369926,228.7698112868805,229.62361584180033,29925300
2025-02-07,225.989990234375,232.31409120281862,225.62264568638093,230.9241838961893,39707200
2025-02-10,226.25833129882812,229.1803610121675,225.81108525741098,228.16660736242451,33115600
2025-02-11,231.1979522705078,233.79199753404617,226.7354100570617,226.80497424991785,53718400
2025-02-12,235.4219512939453,235.51141262786788,229.26978984120754,229.78661520122571,45243300
2025-02-13,240.05348205566406,240.85852795215618,234.1299251101732,235.4617298072221,53614100
2025-02-14,243.10470581054688,244.04889519264196,239.51677402617887,239.77517912233392,40896200
2025-02-18,242.97552490234375,243.6811760890431,240.3615975750387,242.65747382373942,48822500
2025-02-19,243.37306213378906,244.50609250836237,241.6735241546838,243.16435439309654,32204200
2025-02-20,244.3271942138672,245.27138364211797,242.7966000469895,243.4426355672204,32316900
2025-02-21,244.04888916015625,247.16969288030828,243.72090471996572,244.44643778526165,53197400
2025-02-24,245.5894317626953,247.33866705271078,242.92580728065096,243.43268408373555,51326400
2025-02-25,245.52980041503906,248.47171215983582,243.41283173998391,246.48393846255715,48013300
2025-02-26,238.89064025878906,243.48239258336395,237.66816369812489,242.83637220684057,44433600
2025-02-27,235.84933471679688,240.97779411500133,235.61079643123784,237.94643641845556,41153600
2025-02-28,240.361572265625,240.61004395755495,228.79273089598732,235.50146657809572,56833400
2025-03-03,236.57489013671875,242.53821134874983,234.66662916873,240.31189930334125,47184000
2025-03-04,234.4877166748047,238.60242278275774,233.24535811530478,236.25684921580154,53798100
2025-03-05,234.29888916015625,235.1039350742086,227.82867612475383,233.98083809185871,47227600
2025-03-06,233.8914031982422,236.4059358119138,231.73467047090975,233.00684447444675,45170400
2025-03-07,237.60853576660156,239.89446338205195,233.32487071745646,233.67273718007357,46273600
2025-03-10,226.08937072753906,234.71631625547707,222.84930513729455,234.10009611136832,72071200
2025-03-11,219.48995971679688,224.4593937721428,216.1206840338927,222.4418047589131,76137400
2025-03-12,215.65357971191406,220.39442456790263,213.5962416730392,218.7942660196618,62547500
2025-03-13,208.39817810058594,215.5144112677834,207.14588618522245,214.6298526174969,61368300
2025-03-14,212.1848907470703,212.64207016591416,208.29878985935505,209.95857893569573,60107600
2025-03-17,212.69178771972656,213.9043309003415,208.68642489319868,212.00600336087763,48073400
2025-03-18,211.38980102539062,213.83475423543342,210.19713981325924,212.85081593904235,42432400
2025-03-19,213.9241943359375,217.42266485537363,212.44329758558237,212.91042558181826,54385400
2025-03-20,212.7911834716797,216.16045933121794,210.92267131595005,212.6818553101102,48862900
2025-03-21,216.9356689453125,217.50217651661012,209.98839498228966,210.26668206389348,94127800
2025-03-24,219.38063049316406,220.1260455978378,217.24377992596973,219.64898417718916,44299500
2025-03-25,222.3821563720703,222.7300227946097,218.73459388406312,219.4203781558929,34493600
2025-03-26,220.17575073242188,223.64442126802376,219.12223310716143,222.1436424317859,34466100
2025-03-27,222.48158264160156,223.61461307047793,219.21168633594712,220.03661426059983,37094800
2025-03-28,216.56793212890625,222.44180687800483,216.34927581514728,220.31488968867507,39818600
2025-03-31,220.77207946777344,224.24073468961828,214.90813825561798,215.683368745432,65299300
2025-04-01,221.82562255859375,222.31261744007998,217.56183920876018,218.46627993939285,36412700
2025-04-02,222.5213165283203,223.8133724100327,219.66886624627372,219.9670353213626,35905900
2025-04-03,201.94786071777344,206.22157697816277,200.0197179050274,204.28348559152053,103419000
2025-04-04,187.22840881347656,198.65810753704542,186.19475800144227,192.70471987275084,125910900
2025-04-07,180.35072326660156,192.96313526897592,173.55252535537636,176.1167553732534,160466300
2025-04-08,171.36595153808594,189.17640027021665,168.17558356470508,185.55865310846366,120859500
2025-04-09,197.6343994140625,199.38363475051753,170.83920418374143,170.89883496621582,184395900
2025-04-10,189.25592041015625,193.58926741380884,181.88128226075605,187.9141823452429,121880000
2025-04-11,196.9386749267578,198.32017705332044,184.92258644836306,184.96235041538483,87435900
2025-04-14,201.28196716308594,211.63826622013798,199.9302804535287,210.14743595954587,101352900
2025-04-15,200.90428161621094,202.26590170954893,198.57859009217825,200.6259945192588,51343900
2025-04-16,193.08236694335938,199.4730509293807,191.1939731777437,197.14735976953978,59732400
2025-04-17,195.7758331298828,197.61452992177487,193.2314851467638,195.9944894564487,52164700
2025-04-21,191.97918701171875,192.6152739871965,188.64966000796989,192.08851517151226,46742500
2025-04-22,198.5189666748047,200.3576482646354,194.77200897005906,194.92108593270402,52976400
2025-04-23,203.3492431640625,206.7284521815966,201.56024391015845,204.74067860292737,52929200
2025-04-24,207.09619140625,207.55338601533765,201.69939326414854,203.63746952607698,47311000
2025-04-25,208.00064086914062,208.46776890662989,204.9394675201618,205.10842646651815,38222300
2025-04-28,208.85537719726562,210.2070638884643,206.1917677806294,208.71623364812058,38743100
2025-04-29,209.91885375976562,210.94255602883885,207.096203506044,207.41425458581946,36827600
2025-04-30,211.20095825195312,212.2743578831654,205.4065960245207,208.0205233254963,52286500
2025-05-01,212.01596069335938,213.2483707428857,207.62296725165953,207.80187477964563,57365700
2025-05-02,204.09466552734375,205.72463931330321,200.92416412992952,204.83013207172814,101010600
2025-05-05,197.67417907714844,202.85233686944883,196.99834321624024,201.85844989834033,69018500
2025-05-06,197.2964630126953,199.42338015596502,195.81558138809015,196.9983091053983,51216500
2025-05-07,195.05027770996094,198.22077891807172,192.0686174137577,197.95242524507105,68536700
2025-05-08,196.28269958496094,198.82704723676696,193.4898650803139,196.51128929096475,50478900
2025-05-09,197.3163604736328,199.3140676367793,196.33240700583877,197.78348851905432,36453900
2025-05-12,209.776123046875,210.2538252478288,205.75556156059073,209.95526516858178,63775800
2025-05-13,211.9058380126953,212.3735786127325,207.99474788922345,209.4178625594749,51909300
2025-05-14,211.30873107910156,212.91098786371114,209.56714827780408,211.40824098508043,49325800
2025-05-15,210.43295288085938,211.93569971673273,208.53213606160298,209.93535780893234,45029500
2025-05-16,210.24388122558594,211.54759317457453,208.76105751069144,211.33859654598928,54737900
2025-05-19,207.77578735351562,208.4724173847277,203.27752386063855,206.909976827966,46140500
2025-05-20,205.8650360107422,207.46729276724128,204.04383620537516,206.67113760639387,42496600
2025-05-21,201.11798095703125,206.04416933851562,199.74462882701684,204.1831685508297,59211800
2025-05-22,200.39149475097656,201.77480849030061,198.7394754118135,199.7446272097534,46742400
2025-05-23,194.33078002929688,196.74908474491085,192.52948833207407,192.73846975457602,78432900
2025-05-27,199.2470245361328,199.77447409530296,196.48038197740732,197.34620772495165,56288500
2025-05-28,199.4560089111328,201.75489573800118,198.9385057789635,199.6251894151235,45339700
2025-05-29,198.98828125,202.82971610271787,197.55520490499057,202.60082660426147,51396800
2025-05-30,199.8839569091797,200.98861863398105,195.8335255231089,198.41106448584634,70819900
2025-06-02,200.7298583984375,201.15779807678393,199.15745607510846,199.31669015009302,35423300
2025-06-03,202.29229736328125,202.78989241693247,199.99341064507593,200.38153417950807,46381600
2025-06-04,201.84446716308594,205.24801554678163,201.1279290627925,201.9340306292736,43604000
2025-06-05,199.66502380371094,203.76520275563243,199.18732155240895,202.5212149488215,55126100
2025-06-06,202.93917846679688,204.7106157617459,201.07817770068002,202.0236053289331,46607700
2025-06-09,200.4810791015625,205.00919791789673,199.0579642885024,203.40694095782152,72862600
2025-06-10,201.69517517089844,203.36710243054736,199.60528507808198,199.63513956616538,54672600
2025-06-11,197.8238983154297,203.51638723180633,197.45568281643992,202.5211970741936,60989900
2025-06-12,198.24188232421875,198.71956936233477,196.4107360236097,198.12246436103902,43904600
2025-06-13,195.50509643554688,199.4062398916536,194.758703844025,198.7693188209708,51447300
2025-06-16,197.46563720703125,197.73434281232372,195.61458283187793,196.3510290449251,43020700
2025-06-17,194.69900512695312,197.4357781067605,194.27108064091922,196.25149936947125,38856200
2025-06-18,195.63446044921875,196.61970405840015,194.1317289512304,194.9975394291991,45394700
2025-06-20,200.03323364257812,200.72986375748766,195.9131467510872,197.28651411005004,96813500
2025-06-23,200.53082275390625,201.3269779408771,198.00304635957568,200.6602023375907,55814300
2025-06-24,199.33657836914062,202.4614746491071,199.23705328583006,201.61555699715424,54064000
2025-06-25,200.5905303955078,202.690382284235,199.65504919597097,200.48105886821313,39525700
2025-06-26,200.03323364257812,201.66534499125092,198.5006473897771,200.461158146952,50799100
2025-06-27,200.1128387451172,202.24254507531293,199.03803155248616,200.91894034324127,73188600
2025-06-30,204.1831512451172,206.39247448465787,198.30157410241034,201.03834688076608,91912800
2025-07-01,206.82040405273438,209.17899961843958,205.1484768676989,205.67592638082795,78788900
2025-07-02,211.41819763183594,212.3138626915596,207.13887695509675,207.90517762155153,67941800
2025-07-03,212.5228729248047,213.61757304735917,210.79123648824356,211.12959751601144,34955800
2025-07-07,208.94015502929688,215.18994753990862,207.79569250723537,211.65701970580338,50229000
2025-07-08,208.9998779296875,210.41304612040562,207.4473837253886,209.08945658408672,42848900
2025-07-09,210.12445068359375,210.31353924447487,206.22330706177223,208.52219391164948,48749400
2025-07-10,211.38832092285156,212.453166373689,209.01976375844308,209.49745072772552,44443600
2025-07-11,210.1443634033203,211.10969909895366,208.8506131239295,209.55720483784353,39765800
2025-07-14,207.61656188964844,209.89555581124029,206.54175471753558,208.92025854176603,38840100
2025-07-15,208.10421752929688,210.87084499335577,207.9151289669034,208.21368905566166,42296300
2025-07-16,209.14918518066406,211.37840160704656,207.63649175890595,209.28851120731298,47490500
2025-07-17,209.0098419189453,210.78127919114968,208.58190225319882,209.5571995447156,48068100
2025-07-18,210.16424560546875,210.77131219576944,208.69136845628208,209.85573909301036,48974600
2025-07-21,211.45799255371094,214.74212298846783,210.61209006251647,211.07983063398711,51377400
2025-07-22,213.3687744140625,213.91613206526756,211.20921348603295,212.11484021935428,46404100
2025-07-23,213.11996459960938,214.11515474984876,211.38834345684663,213.96588230147148,46989300
2025-07-24,212.73184204101562,214.65256693634578,212.50295255730364,212.87116805528336,46022600
2025-07-25,212.85125732421875,214.20471642869953,212.37355515647585,213.6673052863376,40268800
2025-07-28,213.02047729492188,213.8166325366559,212.03523347491873,213.000569237894,37858000
2025-07-29,210.2538299560547,213.7767964509494,209.80599741985404,213.14982178903043,51411700
2025-07-30,208.04449462890625,211.36842593737322,206.72088996610802,210.88077731884883,45512500
2025-07-31,206.57162475585938,208.83069544134486,206.16359315375274,207.48719786288635,80698400
2025-08-01,201.40660095214844,212.5527283441607,200.530828701964,209.8557561748323,104434500
2025-08-04,202.37193298339844,206.88014336875773,200.70995198839026,203.52634207300898,75109300
2025-08-05,201.94398498535156,204.35234334482283,201.18764593221573,202.42167200915333,44155100
2025-08-06,212.22430419921875,214.3440641251077,204.60114383647723,204.6409599471833,108483100
2025-08-07,218.9716796875,219.78774287041324,215.5382768294147,217.8272171299369,90224800
2025-08-08,228.24688720703125,229.88894502591432,218.19545972697713,219.76786212559261,113854000
2025-08-11,226.34390258789062,228.71514834333362,223.93281073352847,227.08118464026867,61806100
2025-08-12,228.80479431152344,229.95057099439725,226.23430307406312,227.17083074525974,55626200
2025-08-13,232.47125244140625,234.1351043372746,229.58191650034667,230.2195756343437,69878500
2025-08-14,231.92327880859375,234.25466305951576,230.0003892485326,233.1985666998313,51916300
2025-08-15,230.73764038085938,233.41774239633352,228.49592139875156,233.13877413921495,56038700
2025-08-18,230.04022216796875,232.26201052585682,229.26309412883964,230.8472385776313,37476200
2025-08-19,229.71144104003906,232.01293684851592,228.50590285589897,230.4287923573085,39402600
2025-08-20,225.17819213867188,229.6217843388592,224.93908515924198,229.13358225147155,42263900
2025-08-21,224.072265625,225.6863136691638,222.95639256938466,225.43723377620466,30621200
2025-08-22,226.9217529296875,228.2468598588307,224.58041092619504,225.33760837029214,42477800
2025-08-25,226.323974609375,228.45609804536198,225.3973894325087,225.6464693442017,30983100
2025-08-26,228.46604919433594,228.6453946309622,223.86305742355088,226.03502689374838,54575100
2025-08-27,229.64170837402344,230.05018785299507,227.41990473660533,227.76862267507164,31259500
2025-08-28,231.7041015625,232.55097936868034,228.49595098757067,229.97051505486425,38074700
2025-08-29,231.28562927246094,232.52107103838586,230.51845893056873,231.65426265633033,39418400
2025-09-02,228.8745574951172,230.00040359535532,226.13467838242784,228.4062860305561,44075600
2025-09-03,237.59234619140625,237.9709525201245,233.49747185558658,236.33698891571112,66427800
2025-09-04,238.89752197265625,239.01707546456905,235.86871695735925,237.57241502764154,47549400
2025-09-05,238.80783081054688,240.43183651086895,237.61225041390915,239.11668743272676,54870400
2025-09-08,237.00450134277344,239.2661357937392,235.4701607098454,238.41927329094256,48999500
2025-09-09,233.4875030517578,237.90119155812317,232.5011411802574,236.12774389612645,66313900
2025-09-10,225.955322265625,231.56460664903227,225.118417424808,231.33545739080094,83440800
2025-09-11,229.1833953857422,229.60184779162614,225.81583028738913,226.04499474029723,50208600
2025-09-12,233.20855712890625,233.6469250222829,228.17713965402348,228.3764005514914,55824200
2025-09-15,235.82884216308594,237.31336381412066,234.16499028444412,236.1277410783948,42699500
2025-09-16,237.2735137939453,240.33222235518573,235.45026224943368,236.30708253667353,63421100
2025-09-17,238.11044311523438,239.21635855568803,236.85507060288438,238.09051246512186,46508000
2025-09-18,237.00450134277344,240.31227437025743,235.77901734043184,239.0868055705458,44249600
2025-09-19,244.59646606445312,245.3935247988757,239.32594197772087,240.34217704154452,163741300
2025-09-22,255.13751220703125,255.69547916115815,247.2068166293636,247.38616206443075,105517400
2025-09-23,253.49359130859375,256.3928850249964,252.64672876089196,254.9382669065294,60275200
2025-09-24,251.38140869140625,254.79879299943292,250.11607847800005,254.2807025242173,42303700
2025-09-25,255.9246063232422,256.22352044118514,250.7836088309123,252.27808820484515,55202100
2025-09-26,254.51980590820312,256.6519291955366,252.84598111295833,253.16481067495934,46076300
2025-09-29,253.49359130859375,254.06150078407975,252.07881928540593,253.62311772285494,40127700
2025-09-30,253.69287109375,254.97811672142575,252.17846100632588,253.92202035086734,37704300
2025-10-01,254.5098419189453,257.83756097799323,253.9917514638179,254.10134722927504,48713900
2025-10-02,256.18365478515625,257.229778167004,253.21461153357077,255.63566078088252,42630200
2025-10-03,257.07037353515625,258.2858846694617,253.01536064819075,253.73271197999827,49155600
2025-10-06,255.74530029296875,258.1165459888059,254.11133663097664,257.0405037108186,44664100
2025-10-07,255.5360565185547,256.45265350411205,254.48990271764998,255.86482860124664,31955800
2025-10-08,257.1102294921875,257.56852798749276,255.16739414069707,255.5758888188916,36496900
2025-10-09,253.10501098632812,257.0504430809132,252.20832947523735,256.86113993459566,38322000
2025-10-10,244.3673095703125,255.436420799504,243.10197943699816,254.00171816056968,61999100
2025-10-13,246.74851989746094,248.7710475029622,244.6562426215344,248.46219085423505,38142900
2025-10-14,246.8581085205078,247.93413549962378,243.79940008876653,245.69241642712313,35478000
2025-10-15,248.4223175048828,250.89320098009676,246.55920477705152,248.57177456170203,33893600
2025-10-16,246.53927612304688,248.1234206007849,244.2278226113223,247.33633482463924,39777000
2025-10-17,251.36146545410156,252.44746537322095,246.35995200283696,247.10719170360767,49147000
2025-10-20,261.27484130859375,263.4069798400544,254.68918336894043,254.94822099113512,90483000
2025-10-21,261.8028869628906,264.3136317818121,260.86634411857244,260.9161783410852,46695900
2025-10-22,257.4988098144531,261.882609922878,254.4899051977633,261.6833338430701,45015300
2025-10-23,258.6246032714844,259.66078406832133,257.06040475940137,258.98329410338334,32754900
2025-10-24,261.85272216796875,263.15789839957887,258.22610426270086,260.2287163700197,38253700
2025-10-27,267.8206787109375,268.1295353654346,263.67598537979285,263.90514984178776,44888200
2025-10-28,268.0099792480469,268.89671830922975,267.1631014853557,268.00000632210845,41534800
2025-10-29,268.7073974609375,270.4110953948544,266.1269030442272,268.28892986747474,51086700
2025-10-30,270.401123046875,273.1310593223432,267.49188695276854,270.98894793982623,69886500
2025-10-31,269.37493896484375,276.29937269597025,268.16940070155243,275.9705701844509,86167100
2025-11-03,268.05975341796875,269.8531467885877,265.2700709373508,269.424736694289,50194600
2025-11-04,269.0461730957031,270.49081837885313,266.6350661079627,267.3424445625432,49274800
2025-11-05,269.14581298828125,270.7000692568828,265.94760492323326,267.6214146886098,43683100
2025-11-06,268.7771301269531,272.3937751745226,266.90407480138714,266.90407480138714,51204000
2025-11-07,267.48193359375,271.2878818962731,265.7881780523408,268.80702532983145,48227400
2025-11-10,268.6986083984375,272.9869540449525,266.7339548671466,268.22988302493957,41312400
2025-11-11,274.5028076171875,275.16101963639426,269.0675899882029,269.07757258136417,46208300
2025-11-12,272.7276611328125,274.9815360542478,270.9624767916609,274.2535066981436,48398000
2025-11-13,272.2090759277344,275.9488963676571,271.3513946141157,273.36590026791555,49602800
2025-11-14,271.6705017089844,275.21085247368256,268.8681323529343,270.31417782757546,47431300
2025-11-17,266.73394775390625,269.7557213346742,265.00866346949266,268.09027174019775,45018300
2025-11-18,266.7140197753906,269.9751321987233,264.59977951795884,269.2570854665072,45677300
2025-11-19,267.8309631347656,271.47104873805114,264.77927226211665,264.80918960656476,40424500
2025-11-20,265.5272521972656,274.68232536305425,265.1981613886433,270.09480618650156,45823600
2025-11-21,270.75299072265625,272.5879921198442,264.9488130991126,265.2280517805383,59030800
2025-11-24,275.1709899902344,276.24804478801667,270.16459800357205,270.16459800357205,65585800
2025-11-25,276.2181701660156,279.6189174225992,274.50283786370125,274.52277261748515,46914200
2025-11-26,276.79656982421875,278.7712060098946,275.8790842359358,276.2081750495132,33431400
2025-11-28,278.0930480957031,278.242634823177,275.2407959413455,276.50736791500816,20135600
2025-12-01,282.3315124511719,282.65065109438723,275.3904143522869,277.2553332443013,46587700
2025-12-02,285.4131164550781,286.619823290159,281.86278279875575,282.231773534172,53669500
2025-12-03,283.378662109375,287.8365294074879,282.5309633672564,285.4231155973949,43538700
2025-12-04,279.9380187988281,283.95707766942763,277.83373081751637,283.3287830094401,43989100
2025-12-05,278.0232238769531,280.37683325787106,277.2951945750906,279.77845592816414,47265800
2025-12-08,277.1356506347656,278.9108174051644,275.4003533668138,277.374989388386,38211800
2025-12-09,276.42755126953125,279.26982065807096,276.16827776921565,277.4049018876359,32193300
2025-12-10,278.0232238769531,278.9905919368044,275.68957968235776,276.9960211276047,33038300
2025-12-11,277.2752685546875,278.8310314000742,273.0667227973629,278.34237127554803,33248000
2025-12-12,277.52459716796875,278.4620479370953,276.0685689150702,277.14562382282355,39532900
2025-12-15,273.3658752441406,279.3894873363706,272.0993337942639,279.3894873363706,50409100
2025-12-16,273.8645324707031,274.752131096348,271.0522107383373,272.07941349564567,37648600
2025-12-17,271.10205078125,275.41033087528734,270.9026119684932,274.2634587890498,50138700
2025-12-18,271.4511413574219,272.88723490520505,266.22537510199504,272.8672697170699,51630700
2025-12-19,272.9271240234375,273.8545921928022,269.1673383776201,271.4112306527045,144632000
2025-12-22,270.23443603515625,273.13654030849926,269.7756932559407,272.1192896847017,36571800
2025-12-23,271.62066650390625,271.7603010837797,268.8282792538215,270.1048034873943,29642000
2025-12-24,273.06671142578125,274.6823088952694,271.46109654935304,271.60070067851706,17910600
2025-12-26,272.6578369140625,274.6224904749486,272.11929424741834,273.41578359787746,21521800
2025-12-29,273.0168762207031,273.61522314661676,271.6107000753325,271.9497734782625,23715200
2025-12-30,272.3387145996094,273.3360001129787,271.54089836280934,272.0694584675055,22139600
2025-12-31,271.12200927734375,272.9370761103812,271.0123224859311,272.3187639976345,27293600
2026-01-02,270.2743225097656,277.0857683126949,268.2697691424855,271.52092924369913,37838100
2026-01-05,266.5345153808594,270.7729784841199,265.41756056202854,269.9053450243044,45647200
2026-01-06,261.6477966308594,266.82371056256306,261.40845786144683,266.27521573774703,52352100
2026-01-07,259.623291015625,262.964203143993,259.1047135716701,262.48552563718374,48309800
2026-01-08,258.3368225097656,258.58614386359903,255.00587765735156,256.3222864925608,50419300
2026-01-09,258.6659240722656,259.5036402038468,255.52448097015204,258.3767027680543,39997000
2026-01-12,259.5435485839844,260.59068617382866,256.1029014720883,258.4565110528425,45263800
2026-01-13,260.34136962890625,261.0993163539261,257.68861696081353,258.01770778709204,45730800
2026-01-14,259.2543029785156,261.1092696408236,256.0131254420647,258.78557762508564,40019400
2026-01-15,257.5090637207031,260.3313985459844,256.35220896361545,259.9424426175537,39388600
2026-01-16,254.8363494873047,258.1971965798445,254.23797213114116,257.1999111311508,72142800
2026-01-20,246.0303192138672,254.09835490933511,242.75922413209136,252.04394930256512,80267500
2026-01-21,246.9777374267578,250.87712721718017,244.51444112970407,248.02489020045314,54641700
2026-01-22,247.67584228515625,250.31864258405668,247.47637302553753,248.52352576906395,39708300
2026-01-23,247.36666870117188,248.73296007338791,244.0157890837153,246.64863719927277,41689000
2026-01-26,254.7166748046875,255.86354695988197,249.12190294519746,250.7973351598156,55969200
2026-01-27,257.5688781738281,261.23891141767155,257.50904348719195,258.4664593428383,49648300
2026-01-28,255.743896484375,258.15731035497566,253.8191275531099,256.95060341967536,41288000
2026-01-29,257.5788879394531,258.94516415300217,253.7193980705993,257.29964922744847,67253000
2026-01-30,258.775634765625,261.1890484668085,251.49543285360957,254.47732177254832,92443400
2026-02-02,269.2770690917969,269.7557466562268,258.50636737104884,259.3241487899344,73913400
2026-02-03,268.7485046386719,271.1419837262723,266.88355520832346,268.4692659190308,64394700
2026-02-04,275.7394104003906,278.19275421850585,271.55083028665655,271.55083028665655,90545700
2026-02-05,275.1610412597656,278.7412924914769,272.48832346973,277.37501624935936,52977400
2026-02-06,277.364990234375,280.1474248180158,276.1782182606431,276.3677049075235,50453400
2026-02-09,274.13079833984375,277.70443813431814,271.2160169672847,277.41494619870406,44623400
2026-02-10,273.19244384765625,274.87943562430115,272.4537718732244,274.40031021957236,34376900
2026-02-11,275.00921630859375,279.6808719096702,273.9610989943363,274.2106536370846,51931300
2026-02-12,261.2637939453125,275.22886395053104,259.7165366668213,275.09909064411113,81077200
2026-02-13,255.32435607910156,261.7628783299504,254.9949421084194,261.5432690161623,56290700
2026-02-17,263.4099426269531,265.8156532326085,255.08478749757862,257.5903108294174,58469100
2026-02-18,263.8791198730469,266.3447212846438,261.9825104325609,263.13045584681157,34203300
2026-02-19,260.11578369140625,264.00886051677537,259.5867290635135,262.13220471573277,30845300
2026-02-20,264.1086730957031,264.2783836675007,257.7001265171608,258.50868117461044,42070500
2026-02-23,265.705810546875,268.95002088588865,262.91081074777924,263.0206001676805,37308200
2026-02-24,271.6552429199219,274.4003442568012,267.233111068832,267.38283777638213,47014600
2026-02-25,273.74151611328125,274.45024283739696,270.567157599074,271.29586819299504,33714300
2026-02-26,272.4637756347656,275.61811956353745,270.31758130113775,274.4602128097023,32345100
2026-02-27,263.7093811035156,272.3240124520744,262.4217010495403,272.3240124520744,72366500
2026-03-02,264.2484130859375,266.05518620599753,259.73647625260065,261.94253069595567,41827900
2026-03-03,263.2801818847656,265.08695529305965,259.6666350681776,263.0106738027697,38568900
2026-03-04,262.0523376464844,265.67587606267574,260.95432154975975,264.17854815272653,39803100
2026-03-05,259.8263244628906,261.09405110124777,256.79173142961054,260.3254337562426,49658600
2026-03-06,257.0013427734375,258.3090066542827,253.916851068475,258.16927189629365,41120000
2026-03-09,259.41705322265625,260.68477987096253,253.22808575123491,255.2345148744848,38218500
2026-03-10,260.3653564453125,262.01244158439727,256.4922936817907,257.19102845716964,30590800
2026-03-11,260.3453674316406,261.6630231774062,259.08760235948154,260.62486739620806,26218900
2026-03-12,255.30438232421875,258.48871731031414,253.72719511663234,258.1992253881205,40794000
2026-03-13,249.6744384765625,255.87336762960538,249.07551643845036,255.024890934378,36930000
2026-03-16,252.36964416503906,253.43773019062647,249.4348789230203,251.66090222791988,32074200
2026-03-17,253.77711486816406,254.67552076289968,251.7307636559193,252.5093881906664,32361600
2026-03-18,249.49476623535156,254.48585937367065,248.55643828829037,252.1799767808244,35757900
2026-03-19,248.5165252685547,251.38140795985734,246.85947863088072,248.95572868612365,34864100
2026-03-20,247.54823303222656,248.75606899357115,245.56177255944445,247.53824109812177,88331100
2026-03-23,251.04200744628906,254.14646797882926,249.83415620831627,253.51758537106093,40546100
2026-03-24,251.1917266845703,254.37604644028636,249.10545347620703,249.90403139868116,45152300
2026-03-25,252.16998291015625,254.5457480998694,251.15181088451408,253.6473574345128,28476700
2026-03-26,252.43951416015625,256.5421934269488,250.32329549316128,251.67088153367666,41796700
2026-03-27,248.35679626464844,255.03488128462607,247.6281009352486,253.4477020992108,47900000
2026-03-30,246.19065856933594,250.4230956915925,245.07264337813007,249.62453299565456,39446200
2026-03-31,253.337890625,255.02488248828539,246.65982101631488,247.46837564153284,49598100
2026-04-01,255.17462158203125,255.7236296181179,252.8787157917901,253.62737973002484,40059400
2026-04-02,255.464111328125,255.6737439434535,250.20349485503914,253.74717405681358,31289400
2026-04-06,258.3988342285156,261.6929736576745,256.003115847535,256.053045051996,29329900
2026-04-07,253.0484161376953,255.7436185540334,245.2623079794448,255.70368128016966,62148000
2026-04-08,258.43878173828125,259.2872736156141,256.0730086009651,257.98960165960847,41032800
2026-04-09,260.02593994140625,260.65482250105316,255.6138310165902,258.5386040524215,28121600
2026-04-10,260.0159912109375,261.7229364827484,258.5585701252562,259.5168819122501,31291500
2026-04-13,258.73828125,259.71651601158027,256.2027973984465,259.2673359057164,36234700
2026-04-14,258.368896484375,261.4633801130582,256.73183388682423,258.78816168339415,48370700
2026-04-15,265.95538330078125,266.08515659729386,257.35074355126085,257.7001261657452,49913500
2026-04-16,262.9307556152344,266.6840670491935,260.804545264895,266.3246925362851,43323100
2026-04-17,269.7486267089844,271.8149160854778,266.24486962975914,266.4844323486072,61436200
2026-04-20,272.5635681152344,273.7913879220191,269.80850557942483,269.84841238867654,36590200
2026-04-21,265.69586181640625,272.3140256362382,264.9272139873882,271.0163536236942,50209800
2026-04-22,272.68341064453125,273.2523721409737,266.39461467279705,267.3429346055621,43249200
2026-04-23,272.9429016113281,275.2787294551341,271.1660737405759,274.56001085217736,33399600
2026-04-24,270.5771179199219,272.5735550213531,269.16962610782736,272.2741016414235,38157100
2026-04-27,267.1332702636719,267.88193422863776,264.59781690250213,265.6159889280984,41466800
2026-04-28,270.2277526855469,272.7432830913257,268.181416710472,271.8548539018017,40018900
2026-04-29,269.688720703125,270.55716597281076,266.56429174844374,267.07336249706583,30047900
2026-04-30,270.86663818359375,275.50834883767226,267.6623648300734,270.018146234023,91848200
2026-05-01,279.6409606933594,286.7083346607987,277.87409435408995,278.36321169794013,79915400
2026-05-04,276.33685302734375,280.13010214166496,274.3703610857382,279.16182884121525,46668400
2026-05-05,283.67376708984375,284.0630869835518,276.00745521106614,276.43668191704,49311700
2026-05-06,286.9978332519531,287.5168959460148,280.5693031693742,281.4177950537395,58336100
2026-05-07,286.9279479980469,291.60959552514373,285.2709015174152,288.75467457606095,45224300
2026-05-08,292.7974853515625,294.2349225642168,289.48339230776435,289.49338424193445,52692800
2026-05-11,292.42779541015625,293.6267735875138,289.979924827367,291.72841688276577,42247300
2026-05-12,294.54595947265625,295.0155556946294,292.3078994315659,292.3078994315659,45748100
2026-05-13,298.6124572753906,300.6607090744109,293.24708951115105,293.24708951115105,52684300
2026-05-14,297.9530334472656,300.1911240450107,295.12548538387824,299.5616620172475,35324900
2026-05-15,299.9713134765625,302.93875555297063,296.26448829773227,297.643304079477,54862800
2026-05-18,297.5833435058594,300.4009207908792,294.6558756451712,299.98126929450746,34483000
2026-05-19,298.7123718261719,300.2510533099592,296.09463441963413,296.7140952726279,42243600
2026-05-20,301.98956298828125,302.5390768782648,297.82314269813475,297.9230626302997,38229800
2026-05-21,304.7271728515625,305.27671719779084,300.1411318265125,300.80056674721834,42965100
2026-05-22,308.55389404296875,311.13165741506583,305.57645096183757,305.85620846339293,43670200
2026-05-26,308.0643005371094,311.5513139598484,307.4048960873393,309.29325163060713,48000500
2026-05-27,310.5821533203125,312.9900803339556,308.0343323058515,308.0643052358437,50430900
2026-05-28,312.24072265625,312.5304508120942,309.30325358892543,310.412282475935,48220400
2026-05-29,311.7911071777344,314.7285763294451,309.2632884033746,311.5113496628706,70026800
2026-06-01,306.0460510253906,310.67206624496237,304.7571540774977,309.363197507879,48849900
2026-06-02,314.92840576171875,315.1781903378333,306.42572903356995,307.1950545511415,44534700
2026-06-03,309.9926452636719,316.6668815001487,308.5838566628498,313.9092501546009,50836700
2026-06-04,310.9618225097656,313.26982953176514,309.38316692864953,312.96009909963743,44869100
2026-06-05,307.0751647949219,314.8984348439246,306.8853260765596,312.5903972939029,65310500
2026-06-08,301.2801818847656,317.1265012321255,300.9105055796523,308.4739595974908,77949100
2026-06-09,290.29962158203125,300.4908444635933,287.5320194610898,300.0212482417878,70108800
2026-06-10,291.3287353515625,294.4960172141002,287.1323727394638,290.4894628291428,52793300
2026-06-11,295.375244140625,296.7440586571729,289.3404406054596,293.4668864344149,42572500
2026-06-12,290.879150390625,296.88398158337014,289.3704417369658,295.7749221682621,38742100
2026-06-15,296.1645812988281,297.5233947188816,291.4486474146935,293.8665449684006,45732600
2026-06-16,298.9821472167969,300.2210994929347,293.71669913987887,294.99559499590845,39874400
2026-06-17,295.6949768066406,301.8096980081642,294.10632015937927,300.59074812548096,42745100
2026-06-18,297.7532043457031,300.31099586682666,295.3652492546472,297.8530937792582,85962200
2026-06-22,296.75408935546875,302.1594314563154,296.5043047694293,297.05381866220307,44879900
2026-06-23,294.04638671875,301.3800886038737,293.9264950024863,297.2836155142734,52010900
2026-06-24,292.8274230957031,299.4417438827621,292.68755959702736,295.1054570720635,53081900
2026-06-25,274.91290283203125,288.55113481081804,273.5141152813601,287.1523472601469,107013700
2026-06-26,283.53546142578125,285.70360492137456,273.9737007161028,274.7630284991681,261775500
2026-06-29,281.4972229003906,288.12151489662153,279.6088673150861,286.4829438934296,66427000
2026-06-30,289.11065673828125,289.69017405322865,280.45814550695326,280.9277417485351,65100200
2026-07-01,294.1263427734375,296.33442991747245,288.95081360688545,293.1871503157195,50164200
2026-07-02,308.3640441894531,309.15337194761725,293.4269150966668,293.866538367699,75352800
2026-07-06,312.3905944824219,313.9292760509671,306.7354678654279,307.0951430290638,53590000
2026-07-07,310.3923034667969,315.20815732134815,309.88273318392555,315.0183186077797,42490000
2026-07-08,313.1199645996094,314.5487250421545,306.7854009831778,311.6412289475945,41323500
2026-07-09,315.947509765625,316.2572401947346,307.8944576262147,310.24243869469103,48124500
2026-07-10,315.0483093261719,316.6369356310425,311.9010296470402,314.4488202226986,34132300
2026-07-13,317.03656005859375,323.171283634363,315.5078797345754,316.7468014245228,43257800
2026-07-14,314.58868408203125,315.91755515351207,311.64124426456783,313.48965629761443,36336800
2026-07-15,327.2178039550781,328.44675508114506,317.0465830462295,317.34631234952286,60957600
2026-07-16,332.97283935546875,334.3915986652446,326.50841333986017,327.72736328456057,62970600
2026-07-17,333.452392578125,334.7013154010385,328.71648699084636,331.693929977533,63407100
2026-07-20,326.3085632324219,333.4224228207836,323.4010672140761,333.2226134619852,53468000
2026-07-21,327.45758056640625,329.3159936819017,321.94234806189104,322.85156758462244,41338900
2026-07-22,325.60919189453125,328.7164973399543,323.0613709608057,327.58746619388995,38755900
2026-07-23,321.3828430175781,323.0214140443725,319.0748358849152,321.4527900194849,40840800
2026-07-24,332.7330322265625,334.0818750563203,321.3428614810286,321.5127284115298,47489400
2026-07-27,336.61968994140625,339.277401491225,333.73216560461384,334.2517370375488,49604300
2026-07-28,339.78692626953125,342.59453283396704,335.31080637618777,339.73698155301014,51859000
2026-07-29,337.8985900878906,344.2730974331505,337.0593175600121,339.43727163464206,56090800
2026-07-30,333.1426696777344,334.4615395264105,329.30598233808786,332.8129674612056,74817800
2026-07-31,308.6438293457031,310.4222943774597,299.7415030462749,304.54735603914753,132489100
2026-08-03,303.1585693359375,311.5313230344714,302.29929450581176,309.313234694189,75052000
2026-08-04,309.1134033203125,310.1525156602479,301.0603512911937,302.46913991298527,68001000
2026-08-05,310.7320251464844,311.4414048335362,305.40663118634393,309.09342362565195,49438800
2026-08-06,312.14080810546875,316.0174696892129,308.96355554648414,314.06913775686996,46139900
2026-08-07,313.05999755859375,314.53873325457766,310.47223295908327,311.1816431226555,34437200
2026-08-10,308.260009765625,308.260009765625,304.6099853515625,306.8299865722656,44812500
2026-08-11,304.9100036621094,309.9700012207031,302.7900085449219,307.75,37476700
2026-08-12,302.25,305.6600036621094,300.57000732421875,305.1000061035156,41657800
2026-08-13,305.260009765625,306.0,302.04998779296875,304.2099914550781,40349300
2026-08-14,305.92999267578125,307.489990234375,304.29998779296875,306.0,28229400
2026-08-17,305.5899963378906,307.6600036621094,302.94000244140625,306.2099914550781,38169300
2026-08-18,310.0299987792969,311.489990234375,305.739990234375,307.5799865722656,53424500
2026-08-19,316.8299865722656,319.2799987792969,309.6000061035156,310.1400146484375,50505600
2026-08-20,311.29998779296875,320.2799987792969,310.6499938964844,317.4599914550781,40959200
2026-08-21,309.3500061035156,312.3800048828125,307.010009765625,312.04998779296875,46876800
2026-08-24,310.3399963378906,313.3599853515625,309.9700012207031,311.4700012207031,34673600
2026-08-25,309.8999938964844,313.5899963378906,308.2099914550781,310.7900085449219,25869800
2026-08-26,313.45001220703125,315.42999267578125,308.79998779296875,310.29998779296875,34024500
2026-08-27,314.5799865722656,315.3999938964844,309.3999938964844,310.54998779296875,32419200
2026-08-28,319.70001220703125,322.3699951171875,315.45001220703125,316.8500061035156,38649400
2026-08-31,316.8500061035156,321.239990234375,312.79998779296875,319.6000061035156,41242700
2026-09-01,325.1300048828125,327.29998779296875,314.7300109863281,316.9800109863281,53167400
2026-09-02,324.9599914550781,328.3999938964844,323.5299987792969,326.8699951171875,33776400
2026-09-03,328.2099914550781,330.80999755859375,324.1099853515625,324.8699951171875,37225800
2026-09-04,319.9700012207031,328.92999267578125,317.8599853515625,328.30999755859375,39606900
2026-09-08,316.2200012207031,320.70001220703125,314.8999938964844,317.1000061035156,35477100
2026-09-09,315.3399963378906,319.1499938964844,309.8999938964844,315.489990234375,65640000
2026-09-10,326.57000732421875,326.739990234375,316.510009765625,316.6700134277344,70011900
2026-09-11,332.2699890136719,336.2200012207031,326.29998779296875,327.45001220703125,50659000
