Price,Close,High,Low,Open,Volume
Ticker,DIA,DIA,DIA,DIA,DIA
Date,,,,,
2020-01-02,256.3704528808594,256.3793441849614,254.1764422707808,254.43404612102947,3865500
2020-01-03,254.327392578125,255.02910062069583,253.31476004941155,253.45688533980785,3296700
2020-01-06,254.9136199951172,254.95802228368578,252.40871286601546,252.52419134544292,1645100
2020-01-07,253.8120574951172,254.74474916207234,253.66993227612554,254.3094822077811,1413000
2020-01-08,255.28660583496094,256.4147164207729,253.22583058134217,253.43903198843105,3136700
2020-01-09,257.2052307128906,257.45394307383685,256.2014899716245,256.6634037188205,1783100
2020-01-10,256.0328674316406,257.6317567776472,255.6775677239603,257.56068057153306,2989600
2020-01-13,256.7256774902344,256.7789710839761,255.94402907947983,256.5213944167665,1463300
2020-01-14,256.9033508300781,258.03143475149653,256.4592194599347,256.5924534494522,2198500
2020-01-15,257.90716552734375,258.69770549541397,256.66360275824525,256.71689636923264,2195100
2020-01-16,260.1987609863281,260.2342990810191,258.9019051601567,259.04403043129685,2522000
2020-01-17,260.6236877441406,260.925836285485,260.197137860085,260.84585818222456,2147400
2020-01-21,259.3438415527344,260.6324402347506,258.93505576467123,259.8859512268267,4476900
2020-01-22,259.3260192871094,260.44576610701336,259.1216128789129,259.939211391305,2077000
2020-01-23,259.0860290527344,259.3703863203192,257.36198599118285,258.3839635700478,1872600
2020-01-24,257.53973388671875,260.17911744863096,256.24226726609794,259.9747381828757,3612500
2020-01-27,253.59402465820312,254.7404308663026,252.26100301356482,253.14081574089454,4129100
2020-01-28,255.3093719482422,256.1091800502798,253.94079454316528,254.3584760249557,2999200
2020-01-29,255.3093719482422,257.07783984413135,255.23826222515575,256.82011455866586,2126300
2020-01-30,256.42010498046875,256.6244843184944,253.1408688766954,253.8695940376229,3433200
2020-01-31,250.9812774658203,255.25583052320212,250.26142096955675,255.01586931765115,4885700
2020-02-03,252.36773681640625,254.3939291877525,251.94116000965883,252.1100116339712,3157400
2020-02-04,255.97569274902344,256.82881894835987,255.4247148469438,255.6557534740267,3004100
2020-02-05,260.25921630859375,260.4191995687337,257.67317735497704,258.3930071041946,3305900
2020-02-06,261.041259765625,261.3967540137883,259.8948803126295,261.2900894670973,2857200
2020-02-07,258.7751770019531,260.21483674190887,258.3041768756663,260.1704135135529,3839300
2020-02-10,260.33917236328125,260.34804073354604,257.8597441837114,257.8952990259657,2877700
2020-02-11,260.3302917480469,261.6455497826275,259.7437588591285,261.583335585227,1994500
2020-02-12,262.80096435546875,262.93426119193845,261.74343091878546,261.83230451657,2804400
2020-02-13,262.00103759765625,262.9074827956796,261.20122982052953,261.61891113264267,2638000
2020-02-14,261.7522888183594,262.27660771344006,260.73917876587745,262.13441540149114,1861700
2020-02-18,260.33917236328125,261.1656393830051,259.2816395495019,260.51689233375606,2397800
2020-02-19,261.3612976074219,261.9122759310379,260.73034118396606,261.0680174542626,1474400
2020-02-20,260.1882019042969,261.53011982018586,257.8687559091778,260.88137247851284,3493900
2020-02-21,258.195556640625,259.36293277177407,257.31334814939646,259.1401506521642,3271800
2020-02-24,249.1238250732422,251.99325928359963,248.59806264028285,249.80998407319035,6595200
2020-02-25,241.22850036621094,250.72790642324753,240.49776845564378,250.2288766294661,9903700
2020-02-26,240.37306213378906,245.3366558355118,239.56213170176773,242.37810183639712,7477600
2020-02-27,229.46556091308594,238.5818141524056,229.367549843616,236.0242528237981,11188900
2020-02-28,226.845703125,227.34473298493802,220.10877282074927,223.24554942291596,17541400
2020-03-02,237.95803833007812,238.15408768463774,226.40010078850585,228.76158583541732,8544500
2020-03-03,231.06961059570312,241.5136377678574,229.18042251527626,238.644202892374,11482600
2020-03-04,241.39788818359375,241.59391040783686,234.33121629239005,236.5501454464783,5408100
2020-03-05,232.9945068359375,237.51253595996084,231.30136771190166,235.49857635621524,5872900
2020-03-06,230.66860961914062,231.7825202052915,224.94755288283332,226.05255707940987,7372400
2020-03-09,212.7301788330078,220.17110662529342,211.34892705391076,215.2075147682092,10406900
2020-03-10,223.20094299316406,223.26331491367273,211.27764003256166,220.36714746370896,9407100
2020-03-11,210.16378784179688,218.24633161982354,208.16766827049898,217.02547606322287,7687200
2020-03-12,189.0172576904297,204.06841679578955,188.76774281009838,196.4938249059895,17322600
2020-03-13,206.83984375,207.1695569550583,190.06879827983917,201.0831474602812,13676000
2020-03-16,180.4446563720703,194.54230541456448,179.57134045093068,184.01807758403393,12407000
2020-03-17,190.2292022705078,191.12033077185555,177.64647218269093,184.47250616888292,16128100
2020-03-18,177.68212890625,183.07345959192253,169.02035792900637,177.3969748283489,13369800
2020-03-19,179.3930206298828,182.66345958084256,171.38178659711565,176.77310147524875,13532100
2020-03-20,171.52053833007812,183.4885423769714,170.7161222668757,181.70093900244913,12206000
2020-03-23,166.36322021484375,170.89478516590916,162.7612025025043,169.93842498249174,15712300
2020-03-24,184.69512939453125,185.20460276277248,175.37278690262582,175.4264128070033,14123600
2020-03-25,189.5394744873047,196.788202542925,183.51526331225728,188.2077194686024,17556100
2020-03-26,201.1678924560547,201.8829226824956,191.28243727941356,191.65783223979327,16071900
2020-03-27,193.37396240234375,199.55012047957052,191.78299680348314,194.50014739665096,10545600
2020-03-30,199.40707397460938,199.9612264121469,192.25666362878135,194.27664964168062,7691800
2020-03-31,195.9480438232422,200.88183053201413,195.24194683803037,198.37918430940084,8426600
2020-04-01,187.14413452148438,191.9706564462712,185.705113775583,188.27925243758358,8570300
2020-04-02,191.23779296875,191.97963628195404,185.17780568021595,186.18780583469325,8231900
2020-04-03,188.23452758789062,191.76503940164866,186.527364118714,190.13831476274993,6664500
2020-04-06,202.4727783203125,203.70622830143782,194.95590719363102,195.6977638026902,10322500
2020-04-07,202.53543090820312,211.0801713003399,202.40135249653,210.4545129608521,10857700
2020-04-08,209.44444274902344,210.2667382396529,202.7498666621172,204.80561220785307,7010200
2020-04-09,211.95603942871094,214.6821361174178,210.14162388341148,212.58169761013738,9393200
2020-04-13,209.11383056640625,211.55390514168954,206.4324257378175,211.30364178208768,6761900
2020-04-14,214.22634887695312,214.93245973865172,211.72371544855872,213.3504271770151,5391900
2020-04-15,210.1148223876953,211.45552440882278,207.71049458100788,209.57853612391384,6828000
2020-04-16,210.34718322753906,210.9907212196016,207.52276799996733,210.66895222357033,6126400
2020-04-17,216.80401611328125,217.00971386971688,213.06586808369542,216.0617629778454,5924500
2020-04-20,211.62608337402344,215.6235852902438,211.2862467224851,213.0569616107327,7357400
2020-04-21,205.88467407226562,208.67487116375727,205.16029703088714,206.87734244456382,6571400
2020-04-22,209.9537353515625,211.29517845458284,208.71960333010705,209.62283677362936,4318000
2020-04-23,210.22198486328125,213.6650132882882,210.00734909700313,210.61546329933122,6364800
2020-04-24,212.69033813476562,213.13748596409175,209.44404052718,211.5992963395404,3568500
2020-04-27,215.8113555908203,216.58938816126266,213.24471871447102,213.8438949480818,3632500
2020-04-28,215.60569763183594,219.2454868467937,214.95286574127613,219.11133433501317,4709900
2020-04-29,220.39906311035156,221.49010441433228,218.38689878436685,219.53159562036913,5015300
2020-04-30,217.51052856445312,219.25440186756336,216.33900377225763,218.3869342367584,4928900
2020-05-01,212.19842529296875,214.92602917046096,211.5008759270351,214.255307576612,4723500
2020-05-04,212.32357788085938,212.6186969526189,208.9431429074142,210.34719300828257,3845500
2020-05-05,213.55772399902344,216.1869544090507,213.46828900915796,214.64876537523696,3143500
2020-05-06,211.8228302001953,215.1138310517165,211.59031828542464,214.9349746829801,3082300
2020-05-07,213.6561737060547,215.68621497507516,213.33422673120828,213.95129290348626,3411500
2020-05-08,217.86827087402344,218.02925116396054,215.82927817393187,216.66098010589556,3894800
2020-05-11,216.9202423095703,218.15437405668894,215.52514397588587,216.1332581640614,2743000
2020-05-12,212.913818359375,218.33324548271764,212.78861756809147,218.0381264077216,6433900
2020-05-13,208.20980834960938,212.39510320163228,206.60007431196155,211.9121898132686,7531300
2020-05-14,211.7244110107422,211.733349051178,204.1676185000383,205.75946303286392,6964500
2020-05-15,212.28164672851562,212.5862982053356,209.14549480557073,209.8175273604875,4811100
2020-05-18,220.3640899658203,221.50206965145594,218.06126404143455,218.19566516973768,5207700
2020-05-19,217.03973388671875,220.44470311702912,216.90533278353348,219.93395157983798,4404700
2020-05-20,220.1848907470703,220.9465336245823,219.2888467370781,219.8891945830673,3280600
2020-05-21,219.5487060546875,221.66337045455748,218.52721643532513,220.0236082837961,3378200
2020-05-22,219.4232635498047,219.62039432761043,217.8910222627777,219.4501437765467,2521100
2020-05-26,224.23500061035156,225.82100224517913,223.90346872092752,224.76366326444548,4872300
2020-05-27,229.1812286376953,229.19913967744216,224.30674600686484,227.35329081485918,5326100
2020-05-28,227.90875244140625,231.12554649292625,227.49656626583575,231.06281686233226,4957600
2020-05-29,227.85501098632812,228.77794883744545,224.62029176634394,226.94105599772334,5082300
2020-06-01,228.73312377929688,228.9840149704711,226.43028445792956,227.39801348354916,2060800
2020-06-02,231.04498291015625,231.1077125616778,229.127449031136,229.8801091415568,3045800
2020-06-03,235.81185913085938,236.55556345381922,232.66673663905698,233.28500904932733,5184500
2020-06-04,235.9552764892578,236.94093045018138,234.2169761246594,235.09508182567694,3937100
2020-06-05,243.31178283691406,245.47125204667626,241.7437059179868,242.2902796040833,7866800
2020-06-08,247.5590362548828,247.64864612427374,244.53040314708304,244.53040314708304,4667600
2020-06-09,244.96051025390625,246.43000817741324,243.84045526689783,244.83505096971695,4632600
2020-06-10,242.34405517578125,245.67733998524184,241.94085177852378,244.79923435670793,6531200
2020-06-11,225.82997131347656,236.1165664183361,225.2475481745329,234.888990496769,14257800
2020-06-12,230.05027770996094,233.2581298446172,225.29228729374822,232.0753454593779,9817200
2020-06-15,231.4929656982422,232.61302066354713,223.20455895498569,224.27083979701737,7421300
2020-06-16,236.39427185058594,239.36914370320775,231.79756297637203,239.32432510805705,9238000
2020-06-17,234.60215759277344,237.1827677084429,234.10037533084684,237.10209971538114,3669300
2020-06-18,234.2706756591797,234.99646899050217,232.1739089852612,233.0072505485214,3268700
2020-06-19,232.56594848632812,237.65220885032616,231.496574222261,237.4275508523973,5852600
2020-06-22,233.93190002441406,234.1655257072329,230.66086622421463,231.73923564548497,2823500
2020-06-23,234.9922637939453,236.4750010825918,234.56091056899996,236.18743226596158,2948000
2020-06-24,228.8186492919922,233.2129451032713,227.29995915914347,232.9433664979424,5903500
2020-06-25,231.34384155273438,231.58646233818942,226.50919664378867,227.6594445927365,4312300
2020-06-26,224.9994659423828,230.094693603572,224.38838910265466,229.73524631810957,5331400
2020-06-29,229.9689178466797,230.15762288747646,225.51169710431918,226.61701062223727,3759000
2020-06-30,231.7303009033203,232.79068040849785,228.8996147153277,229.21414149712257,3667900
2020-07-01,231.2270050048828,233.87798045796194,231.0742529175548,232.62886877508637,3575300
2020-07-02,232.22450256347656,235.59437269490337,231.73923358581055,234.67775046774833,3830000
2020-07-06,236.34030151367188,236.38522216029637,234.42621027325555,235.58545365143823,2989100
2020-07-07,232.78170776367188,235.30686221442835,232.54805460091373,234.63288802100763,2828700
2020-07-08,234.2913818359375,234.71374005528216,232.07175926603307,233.32087115322938,2837800
2020-07-09,231.1641387939453,234.71374696035835,229.46573819322117,234.42617807403013,3995600
2020-07-10,234.38124084472656,234.6867724807962,230.46319046202885,231.12819689260536,3110100
2020-07-13,234.57891845703125,239.50340454899293,234.16552796791163,236.39414532881818,4876000
2020-07-14,239.56640625,239.97976947184836,233.73429079779,234.1296912444569,7614300
2020-07-15,241.65118408203125,243.11595893096572,239.97971395794477,243.05304809625713,5220600
2020-07-16,240.35708618164062,241.6690811358079,239.05405889850894,240.0785124740586,2478100
2020-07-17,239.89039611816406,241.08653594798935,239.37779220825522,240.97861933537698,3415100
2020-07-20,239.96214294433594,240.69960906137447,238.35231506585083,239.57543294846423,4017400
2020-07-21,241.32928466796875,243.0650071030031,240.7087368634065,241.7609784502757,3173200
2020-07-22,242.80422973632812,243.13698170232263,240.81666524660622,240.86164878935324,2039300
2020-07-23,239.84536743164062,242.62432914838752,238.88306551749903,242.49843562034667,2838000
2020-07-24,238.0467071533203,239.53061515988784,237.47111541133845,238.46039656429176,2637700
2020-07-27,239.17984008789062,239.5035897959887,237.74088845633136,238.11859644911243,2637900
2020-07-28,237.3632049560547,238.87409214922033,237.0934134736057,238.25357173958758,1989300
2020-07-29,238.775146484375,239.2877776796198,237.24625509545177,237.59701142242625,1917900
2020-07-30,236.77862548828125,237.2642775758358,233.77482821659945,236.05916327730893,3055600
2020-07-31,237.7409210205078,237.86681455343904,233.99065504703458,237.2103128512993,3306800
2020-08-03,239.872314453125,240.25902462808557,238.64022125409522,238.9280170592504,2569300
2020-08-04,241.39227294921875,241.40127514750847,239.25183563148158,239.48567322120206,1909800
2020-08-05,244.62088012695312,244.86369244367748,242.73225754859297,242.81319498750108,2122900
2020-08-06,246.32962036132812,246.44653914242318,244.2341668360166,244.28812512794923,1948100
2020-08-07,246.9771270751953,247.15700633071518,245.05255078059366,245.72705682021163,2311300
2020-08-10,250.1428680419922,250.26876158527753,247.7506162623147,247.77759541057054,2313900
2020-08-11,249.2884979248047,253.4164725359921,248.64097088114426,252.62504754421525,4546400
2020-08-12,251.85166931152344,252.48119206397683,250.66453162417903,251.67178998468995,2641600
2020-08-13,251.29408264160156,252.0135450598172,250.22386376863673,251.03326585056232,1668300
2020-08-14,251.63589477539062,251.9596721853867,249.92715036842736,250.22394861473555,2247000
2020-08-17,250.87139892578125,252.0405322541084,250.4666841490426,251.94161783288462,2436900
2020-08-18,250.19676208496094,251.24897604244268,249.2164559100605,251.00616377049732,1678300
2020-08-19,249.50428771972656,251.58176423887423,249.09059834443772,250.62846451345246,3374300
2020-08-20,249.90003967285156,250.32273131197752,248.10135651839684,248.2542566626453,2063700
2020-08-21,251.72418212890625,252.01257733635197,249.53400137704352,249.6962563440175,2601200
2020-08-24,255.23036193847656,255.2934595977775,252.78784439550284,253.91447043079754,2622800
2020-08-25,254.72555541992188,256.1766635990572,253.28346904799236,256.1766635990572,3346000
2020-08-26,255.45562744140625,255.61785495124906,253.7792214953399,254.7165543336619,2647500
2020-08-27,256.90673828125,258.1775754652871,255.68095512633337,256.36595240424305,3432800
2020-08-28,258.4028625488281,259.0788379191106,256.87064070731805,257.97925021656414,2715500
2020-08-31,256.22186279296875,258.07854076566576,255.8703696844224,258.0064487837032,4070100
2020-09-01,258.48406982421875,258.61023763612724,255.22136525727126,255.72609151594168,3023600
2020-09-02,262.46771240234375,263.2338233328205,259.21403078140685,259.64663742035196,3464300
2020-09-03,255.37452697753906,263.50424906930505,253.35562229083308,262.2514554485231,6118500
2020-09-04,253.95944213867188,257.58268789708825,249.6692702908567,256.78953902448944,7145800
2020-09-08,248.2362823486328,251.30969392018957,247.8667457141498,251.30069961579986,4780100
2020-09-09,252.22897338867188,254.60839262242646,250.0117816583642,250.64267556249484,3488900
2020-09-10,248.56961059570312,254.3199107522843,247.72238613658604,253.38255076454809,3455800
2020-09-11,249.74134826660156,251.30060800874958,247.8215738312973,249.61518050147546,2787500
2020-09-14,252.84197998046875,253.65314541642084,251.1655732465361,251.39089850682973,2371700
2020-09-15,252.8870086669922,254.97803347412355,252.25611450476057,254.5454266212841,2331800
2020-09-16,253.2924346923828,256.17660679673116,253.0671096062776,253.75210666979865,2651800
2020-09-17,251.97659301757812,253.4006357369794,249.74135782564133,250.28214363882867,3305300
2020-09-18,249.82369995117188,252.42565823371066,248.24265159197736,252.0823404643069,3156700
2020-09-21,245.23414611816406,245.89367905096273,241.26796027940512,245.36061564547262,5936900
2020-09-22,246.47190856933594,246.8603881573975,243.74348049588065,245.44198273455666,3169800
2020-09-23,241.74684143066406,248.0800793568132,241.29511324925656,247.70965893950304,3575900
2020-09-24,242.21652221679688,244.72812841134595,239.6597266863582,241.0962181989791,4432100
2020-09-25,245.46910095214844,246.02019609059082,240.52719362227307,241.00602438419668,3606800
2020-09-28,249.26344299316406,250.36566014233307,248.1973717949809,248.68524563380186,2790200
2020-09-29,247.92654418945312,249.3359341199291,246.90563393581127,248.99261623945085,1971100
2020-09-30,250.7091522216797,253.12139295280684,248.45051121067357,248.45051121067357,4028500
2020-10-01,251.28729248046875,253.2839227382671,249.86885978866025,252.3623798721355,2968000
2020-10-02,250.07664489746094,251.62157472579122,247.18560183415602,247.70057844359945,4771600
2020-10-05,254.33189392089844,254.40415826570626,251.83834667007065,251.87449262811836,1862500
2020-10-06,250.90782165527344,256.14785584929774,250.47415281463967,255.26248654352935,4364400
2020-10-07,255.60581970214844,256.2834117977164,253.1755205136746,253.22068229152862,2422600
2020-10-08,256.8435974121094,257.1959310295173,255.39806182817645,257.0513747139942,2148000
2020-10-09,258.32513427734375,259.12017986661505,256.95189125942045,258.036021777375,2549100
2020-10-12,260.61090087890625,261.6498697281261,259.0027503582884,259.2467011153379,2534800
2020-10-13,259.0570068359375,260.2947373462453,258.4065173070751,259.8881986227648,2430600
2020-10-14,257.60235595703125,260.15010792313313,257.10543872562795,259.4905752652849,2264000
2020-10-15,257.5212097167969,257.84644077361565,254.4675227950419,254.80179723831682,3128000
2020-10-16,258.4673156738281,260.63649417999994,258.39502167608293,258.71133894664456,2409300
2020-10-19,254.90628051757812,259.4525283826568,254.22841039306775,259.07293655919034,2837600
2020-10-20,255.7379150390625,258.1872790065334,255.10522497154244,255.92771102627174,3339000
2020-10-21,254.85226440429688,257.11183335933634,254.7257153031528,255.3674527458768,2907100
2020-10-22,256.37066650390625,256.8316273583052,253.34283884294786,254.96974490296543,2324200
2020-10-23,256.0905456542969,257.17514996312156,254.43655304510423,257.0938087773547,2161000
2020-10-26,250.36012268066406,253.42410998489532,247.37750409332705,253.19815319547234,5140600
2020-10-27,248.24510192871094,250.42332808749634,248.19087452082485,250.3148732717242,3029800
2020-10-28,239.94798278808594,244.71114076916297,239.53220254170517,243.12944364507788,5815200
2020-10-29,240.95126342773438,243.07526263056755,237.53479809093128,239.63168358405227,5479400
2020-10-30,239.56846618652344,240.70729743118943,236.2695019994524,239.54135247034665,5271200
2020-11-02,243.3101806640625,244.4851444472181,241.25847621675877,243.03901607999276,5062900
2020-11-03,248.2360382080078,249.8448488936337,246.02167898067347,246.4374316074919,4343000
2020-11-04,251.72494506835938,255.83734816730225,249.0586435541307,249.36594152001345,6766400
2020-11-05,256.60546875,257.554475851973,254.9424307566483,255.14127375490798,4316200
2020-11-06,255.98193359375,257.0303764266105,254.77985558741253,256.64173736120824,3078200
2020-11-09,263.66448974609375,270.687217636022,263.3662388862439,269.89184523293034,10839300
2020-11-10,266.1860656738281,266.59277122395906,263.375149708532,265.09241527961376,4354500
2020-11-11,265.82470703125,267.65950343390057,264.75819714392463,267.59622888567924,2910400
2020-11-12,263.0588684082031,265.1105735935678,261.3777632291646,264.116358259538,4361900
2020-11-13,266.7644958496094,267.46046019416667,264.2970661410362,264.794159887771,3090400
2020-11-16,271.1300964355469,271.22045709046955,268.951869549131,270.4974063553832,4615000
2020-11-17,269.62060546875,270.37981676930025,267.1712422462191,268.71677855153183,4049200
2020-11-18,266.412109375,270.92219819321366,266.412109375,270.4251042754471,3566400
2020-11-19,266.92718505859375,267.3610318984114,264.73089232114575,265.7793348304158,3266600
2020-11-20,264.98150634765625,266.8475072994441,264.6825956740217,266.51235581445883,3090200
2020-11-23,268.02520751953125,268.7136173528618,265.8421607802651,266.54870484845344,2855600
2020-11-24,272.1375427246094,272.7534983228161,270.20812719043676,270.78786961955404,4022700
2020-11-25,270.6067199707031,271.7843115299816,269.9816971965702,271.7027904260047,2629200
2020-11-27,271.0596008300781,271.9292144552239,270.09038717023844,271.2407772462268,1518000
2020-11-30,268.6863708496094,269.7552399579091,266.9924789683655,269.50160953147116,4159300
2020-12-01,270.3349609375,272.662942521464,270.0994371161001,271.50348528660754,2841100
2020-12-02,271.00531005859375,271.150245693068,268.44183186067283,269.12120209772013,2481700
2020-12-03,271.8024597167969,273.0162646345252,270.88756555940006,271.18650396337904,3140900
2020-12-04,274.0940856933594,274.0940856933594,272.29149948617805,272.4183008438694,2747300
2020-12-07,272.74456787109375,273.7047424649251,271.7481524500466,273.3514565977873,2589900
2020-12-08,273.7408752441406,274.3477637312898,271.7299386039991,271.7571123027723,2205400
2020-12-09,272.54534912109375,275.009200723978,271.72104288018,274.66498189330434,3074500
2020-12-10,272.23712158203125,272.7896625136715,271.0233173110991,271.7389003887677,2413000
2020-12-11,272.5904846191406,272.8169413459987,270.5523740774178,271.2317442579921,2454300
2020-12-14,270.93280029296875,275.1901696492519,270.8422120846138,274.4836258539072,3646100
2020-12-15,274.1214294433594,274.4113007888176,271.2771463415527,272.6087134633702,4211500
2020-12-16,273.695556640625,274.3477530293821,272.94373257479924,274.0488423545366,1977300
2020-12-17,274.9093017578125,275.10858471249134,274.3295871174227,274.664738531284,3002900
2020-12-18,273.99993896484375,275.12536333456666,272.48428734276376,275.06182572956226,4442100
2020-12-21,274.21783447265625,274.97111808109486,269.9340307700731,271.1774181933192,6340800
2020-12-22,272.3390808105469,273.9818077054216,272.1484679882483,273.94549654441704,2698200
2020-12-23,273.4372863769531,274.80774898445486,273.31023884298764,273.36469174287345,2714400
2020-12-24,274.10894775390625,274.1815701004305,273.119682936665,273.7822302864768,1955700
2020-12-28,275.9059143066406,276.9496317982741,275.315989437222,275.6245650966517,2382400
2020-12-29,275.415771484375,277.44878097792304,274.6715727393696,277.20371527038617,2319600
2020-12-30,276.0239562988281,276.93154171252377,275.7788905108527,276.0057868642766,2081300
2020-12-31,277.5306091308594,277.98440193208836,275.31609804507684,275.9060231472116,2797000
2021-01-04,274.381103515625,278.32001908718735,271.1319337090674,278.2564814899131,5106600
2021-01-05,275.7608642578125,276.8590353130341,273.5282109603685,274.02737206801817,3355200
2021-01-06,279.72686767578125,281.5692647935306,275.0528087511765,275.67904484661256,7290300
2021-01-07,281.8051452636719,283.1483810478716,280.49822063507116,281.09723006462116,4107900
2021-01-08,282.2953796386719,282.6493235534403,279.52722746137283,282.4859648235472,3234900
2021-01-11,281.505615234375,282.2588985001551,279.91734168976,279.9808515816022,2811400
2021-01-12,282.0231018066406,282.4859792623062,280.3622325732163,281.5148561561222,2290900
2021-01-13,281.9231262207031,282.8034847574829,281.27874864139903,281.9231262207031,1854400
2021-01-14,281.3967590332031,283.41159913367346,281.2515697857405,282.7944478914069,3232400
2021-01-15,279.7606506347656,280.8502137956408,277.86301742504753,279.6607883278689,4009100
2021-01-19,280.8503723144531,282.1396608168277,280.19663959069374,281.7946313641828,2781700
2021-01-20,283.0747985839844,283.59234265230566,281.41324327523154,281.85813499602426,2398400
2021-01-21,283.1656799316406,283.92836354302653,282.55736182067363,283.29280772125145,1930000
2021-01-22,281.44036865234375,282.3937155903372,280.6413594009347,281.3404786415472,2049700
2021-01-25,281.1499328613281,281.2679721469565,277.4908535506102,280.55067567112025,4546400
2021-01-26,280.9139099121094,282.5482277141609,280.7504559649,281.9580589361287,2256100
2021-01-27,275.3480529785156,278.4895878983831,274.2948156919488,278.3261616923856,5743100
2021-01-28,277.8995666503906,280.9412408496433,276.77367642475923,276.9098927107633,6392100
2021-01-29,272.215576171875,276.7281399852422,271.1078634940842,275.94730742501645,5929900
2021-02-01,274.2221374511719,275.4297400685173,272.5151955018274,274.45821597670493,3138600
2021-02-02,278.5802917480469,280.0420940368214,276.49196713856037,276.51014407201694,3090500
2021-02-03,278.97998046875,279.59738702143824,277.09140691978115,277.92674285658626,2087800
2021-02-04,282.0760192871094,282.0760192871094,279.442912430324,279.5155647662512,2638800
2021-02-05,282.8658752441406,283.7828960316521,282.25752983275476,283.6103814094117,1955600
2021-02-08,284.9995422363281,284.9995422363281,283.655751628396,283.91906775407756,1690000
2021-02-09,285.02691650390625,285.5535212988713,283.801164527328,284.4276593662736,1798700
2021-02-10,285.5534973144531,286.2253790295702,283.5559736901216,286.1618428710102,3048000
2021-02-11,285.7170104980469,286.6976233790027,284.0100402827769,286.0892776372286,1937100
2021-02-12,286.0437316894531,286.1345332329569,284.9450801179164,285.3536732093131,2479500
2021-02-16,286.533935546875,287.40559688707754,285.88929186069623,287.2149053827456,1836300
2021-02-17,287.460205078125,287.74167052363714,284.98146375511055,285.72599776977006,2007400
2021-02-18,286.5159912109375,286.91549601702854,284.53664412269296,285.78054547898654,2609600
2021-02-19,286.4804992675781,287.77224763448953,286.17117925244537,287.10816182565895,2314900
2021-02-22,286.7442321777344,287.9086377394478,284.5245797379654,284.64284423246744,2978000
2021-02-23,286.907958984375,287.90859862303245,283.46021629864356,286.343926259411,5723400
2021-02-24,290.674072265625,291.1380243703908,285.80721135523845,286.2620576503846,4290300
2021-02-25,285.62530517578125,291.02888167971804,284.69740091530514,290.8378262369046,7648600
2021-02-26,281.5043640136719,286.04372084660156,280.8948578045437,286.02553699021445,7925600
2021-03-01,287.0899963378906,288.2999035145546,285.14326785023036,285.17055752841543,4749700
2021-03-02,285.8163757324219,287.8540786685122,285.6526376954047,287.2082045703086,4075700
2021-03-03,284.72467041015625,287.3445894702654,284.57911626663747,285.58888946179445,5148100
2021-03-04,281.6225891113281,286.4803714428422,278.07479394922086,284.9065934394407,8577600
2021-03-05,286.7716369628906,287.50848613498067,280.0944931032123,284.27908681343195,7016100
2021-03-08,289.5097351074219,292.6754760620889,287.308266304846,288.145195900317,8230700
2021-03-09,289.8371276855469,292.71175945168875,289.6824954998012,290.61947770825776,5829900
2021-03-10,294.1309814453125,295.02249044604497,291.529273180353,291.58385253125266,6472200
2021-03-11,295.9503173828125,297.44222675406786,294.58577831664314,295.3863123439881,5745900
2021-03-12,298.66119384765625,298.8249318630454,296.1049597037087,296.25961967043185,4257200
2021-03-15,300.2803955078125,300.4168438311782,297.2966052032308,299.45257199724466,4456000
2021-03-16,299.1615905761719,300.19865379668533,298.6703764037828,300.06220541546617,3270600
2021-03-17,300.8990478515625,301.1355768400054,298.72489670955486,299.4799294441419,4338200
2021-03-18,299.6164245605469,302.80034954415584,299.07970910899036,300.4715380627888,5376500
2021-03-19,297.1743469238281,299.15239432987295,296.2354517813448,299.0703581894569,5628800
2021-03-22,298.2955017089844,298.9700673735317,296.2809847503665,296.7549805587801,3807600
2021-03-23,295.39678955078125,298.51430172255317,294.8316331953714,297.4569007466975,5068400
2021-03-24,295.4151306152344,298.742310582235,295.4151306152344,296.5090018123716,6099000
2021-03-25,297.3383483886719,297.7303080167386,292.2610107452734,294.16614595663964,5557900
2021-03-26,301.3674011230469,301.6226617176348,297.7850178569354,298.62365573237577,4956600
2021-03-29,302.3245544433594,303.0537830220209,299.8086685558889,300.1641862653303,5200900
2021-03-30,301.5588684082031,302.26987603784147,300.61084896258916,301.7685070285308,4568800
2021-03-31,300.9755859375,302.28822022233766,300.75682282946025,301.3675457788377,3763700
2021-04-01,302.1331787109375,302.26990561111256,300.5561876134755,301.52242813243413,5936100
2021-04-05,305.5514831542969,306.4174387139958,304.3755762037352,304.40292158313014,5632700
2021-04-06,304.7948303222656,305.7519740776024,304.2570194052451,305.08653286588935,2987500
2021-04-07,304.7948303222656,305.52408668132495,303.947095884502,304.5851917213932,2658500
2021-04-08,305.4876403808594,305.50586135937874,303.9379948397917,304.7310385888449,2665000
2021-04-09,307.9761962890625,308.1767383540265,305.6973218318773,306.0254942192236,3034700
2021-04-12,307.693603515625,307.9761817094754,306.8732143135339,307.4292741202749,2951500
2021-04-13,307.0008239746094,307.5751047229222,305.8157927017273,306.8549726878721,3391700
2021-04-14,307.6754150390625,309.11565153992484,306.9552828794846,307.01909804439646,3966800
2021-04-15,310.3279113769531,310.58314412205993,308.8603022288767,308.8603022288767,3881800
2021-04-16,311.72491455078125,312.24467554080377,310.92251021695006,311.60639746883965,3748900
2021-04-19,310.7129821777344,311.223616107134,309.70994130660586,311.0047809452376,3222800
2021-04-20,308.3147277832031,309.90133793109106,307.0654976941231,309.4818947088532,3762900
2021-04-21,311.2142028808594,311.43306566921456,307.80389487850675,307.8677310179202,4191200
2021-04-22,308.3147277832031,311.1323410374493,307.37552336512107,311.05027787401934,4962500
2021-04-23,310.4209899902344,311.47873899276493,307.41189707924445,307.97723944685936,3613900
2021-04-26,309.91033935546875,311.3784317776934,309.47266932842496,311.07750580665754,2090900
2021-04-27,309.873779296875,310.42089451991035,308.8434128168725,309.6640717377074,2732700
2021-04-28,308.5428161621094,309.564084160252,308.26014476360444,309.3270219783398,3025100
2021-04-29,310.5487365722656,310.813153015548,307.63080567248636,309.92868529998424,3688400
2021-04-30,309.0622863769531,309.7096917608971,308.0683737142269,309.0440594039687,2909600
2021-05-03,311.0410461425781,312.0167320263033,310.53041252309384,310.7492753796194,2698400
2021-05-04,311.387451171875,311.4239329405493,307.85859835026946,310.01967703466755,4478300
2021-05-05,312.1080017089844,313.0380786458711,310.36636495438637,312.0806473234128,3506100
2021-05-06,315.05328369140625,315.17182863675754,311.77061832089765,312.7006952477701,4276700
2021-05-07,317.2143859863281,317.5882478297876,314.41499977655263,314.7432802504857,3526500
2021-05-10,317.0865783691406,320.1412801656282,316.94980649145,318.47260760291806,6092500
2021-05-11,312.682373046875,314.7887435541213,310.84044673507833,314.5790081125656,8396400
2021-05-12,306.381591796875,312.0624271626584,306.1171475122683,311.4423480303958,7034100
2021-05-13,310.439208984375,311.88904651624347,306.6276564886926,306.65501086373,5741300
2021-05-14,313.9132995605469,314.5242231067337,311.7430934240789,312.1351820077435,4677300
2021-05-17,313.357177734375,314.70672545423133,311.8891129157524,313.0653791202254,3262200
2021-05-18,311.0410461425781,314.1322300655639,310.82221111349776,313.53953331017453,3462300
2021-05-19,309.5181579589844,309.62757543296743,305.651925465263,307.8038766600898,7223900
2021-05-20,311.41485595703125,312.7096945939499,309.4270305677284,309.7917648312107,4532800
2021-05-21,312.5323486328125,314.3872201986108,311.83790461719826,312.7607812290184,4481000
2021-05-24,314.2867736816406,314.9538070673394,313.4552754780474,313.74767596642323,2531800
2021-05-25,313.57403564453125,315.23703189646324,313.09890580891187,314.9446314353854,2623200
2021-05-26,313.6563415527344,314.4330182598717,313.1081254157897,313.9213312754905,2064500
2021-05-27,314.87164306640625,316.2970609008634,314.2046095357898,315.5569411746972,3026200
2021-05-28,315.8219299316406,316.5894604643481,315.55694018950373,316.49808180655765,2641400
2021-06-01,316.0318908691406,318.5720599593718,315.7851937294373,318.47156301221565,2584300
2021-06-02,316.4797058105469,317.3843180335969,315.92234354938586,316.8360741164123,2576700
2021-06-03,316.1689758300781,317.0278846174703,313.92120690458967,314.8806126489899,4436400
2021-06-04,317.88690185546875,317.9691342714857,316.6442415003046,317.12851765119177,2594200
2021-06-07,316.6898498535156,318.47163547797777,316.16901677746154,318.4350784503138,2224300
2021-06-08,316.4615173339844,316.9823505747914,315.00868872924696,316.78132868631417,2748700
2021-06-09,315.0452880859375,316.95498234055947,314.953909418019,316.64431717752024,2591200
2021-06-10,315.2188415527344,317.73160109434264,315.0543488266164,316.6442592800951,3089400
2021-06-11,315.34674072265625,316.65336895615445,313.93046926464746,316.1782390216593,3003000
2021-06-14,314.5973205566406,315.1181535024864,312.92520643319904,315.08159648396173,2527000
2021-06-15,313.7843017578125,314.8076758065331,312.8340139047785,314.7894112288243,2138500
2021-06-16,311.3629150390625,313.99446419371833,310.20245908157347,313.78429607204407,4032000
2021-06-17,309.43475341796875,311.8378685134023,307.5798820669227,311.1799815971043,5169100
2021-06-18,304.67926025390625,306.77476159745447,304.42304382209005,305.95121077558076,7126600
2021-06-21,310.00494384765625,310.2886110537813,306.00612427212167,306.78393316089904,5435700
2021-06-22,310.6180419921875,311.4964943574322,308.7879166080544,309.9591957368797,4042100
2021-06-23,310.00494384765625,311.26773485582464,309.9134319915358,310.74614240888593,3082700
2021-06-24,312.9331359863281,313.2442539371496,311.4598705943983,311.73440614547326,3704700
2021-06-25,315.19342041015625,315.6784026198807,313.9489203712105,314.4979636847012,3638000
2021-06-28,313.68353271484375,315.1659579840908,312.7867889972953,315.0835777534366,3606300
2021-06-29,313.7384948730469,315.4496861846366,313.5097291171427,314.76338891692393,2375800
2021-06-30,315.6509094238281,316.1633423340759,313.2717406688212,313.299191434531,3778900
2021-07-01,316.9410400390625,316.9776503588866,315.6233757058056,316.4103160663265,3606900
2021-07-02,318.3869934082031,318.70727101408613,316.77647373896565,317.56344236843546,3013500
2021-07-06,316.4471130371094,318.54258733103,314.41567193378495,318.21317803479224,3910600
2021-07-07,317.4534606933594,317.6547755387582,315.17493632373413,316.29131357085714,3347000
2021-07-08,315.1294860839844,315.6968208301476,312.5215502398499,313.46406426907583,6379900
2021-07-09,319.10986328125,319.4209812850993,316.46531836028004,317.13332426370687,5063100
2021-07-12,320.2994384765625,320.5373637464495,317.8653680189146,318.45102162925144,3999800
2021-07-13,319.3569030761719,320.50073152558514,319.21964924734215,319.84188522170314,3310200
2021-07-14,319.73211669921875,320.90339604093094,318.77128394261354,320.4458646117386,3933300
2021-07-15,320.2169494628906,320.2718509747329,318.1123170409667,318.3502142837866,5082600
2021-07-16,317.4766845703125,321.13910244551306,317.11044837119863,321.1208004152682,5710400
2021-07-19,311.1955261230469,320.48890215395295,308.90651587198533,312.9443333079003,9715300
2021-07-20,315.9567565917969,316.90899299920284,311.07659739514577,311.5710315988797,5802200
2021-07-21,318.6211242675781,318.7676243053346,317.1378498055781,317.68721796165875,3056800
2021-07-22,318.868408203125,319.3719794635552,317.42173755405656,318.41974303118366,2429300
2021-07-23,320.9834289550781,321.3679671408557,319.73819248878124,320.4615277609237,4142300
2021-07-26,321.7525634765625,321.78919547837074,319.9945906361622,320.46155784761845,2466600
2021-07-27,321.0292663574219,321.08420039565937,319.2987882688743,320.4798980330135,3902600
2021-07-28,319.8755187988281,321.58772238586977,319.28038156625473,321.39542535621723,3697700
2021-07-29,321.2123718261719,322.02724528718517,320.80950361779514,321.3314048798329,2425700
2021-07-30,319.9854736328125,321.3863474128871,319.2438362164219,320.35170984774095,3576700
2021-08-02,318.9507751464844,322.2103243382121,318.68524206601575,320.8735498351394,2827100
2021-08-03,321.45947265625,321.55103866392284,317.8153579102411,319.62826427088277,3819300
2021-08-04,318.6211242675781,320.53473385860497,318.52042120900967,320.08609670311796,3118500
2021-08-05,321.0201110839844,321.0567430912623,319.2438638905034,319.40866601020247,2261400
2021-08-06,322.3752136230469,322.7414498670989,321.7983782661987,321.94487835222634,2123700
2021-08-09,321.5144958496094,322.3476992490964,320.9651275932187,321.92652902740997,2322500
2021-08-10,322.96112060546875,323.1533896881588,321.38628006346966,321.75251620165,2841000
2021-08-11,324.9845886230469,325.1493906890061,323.8492482459602,324.0689843339059,3422500
2021-08-12,325.2502136230469,325.2685156548736,323.88594384603704,325.21358161736003,3118600
2021-08-13,325.3966369628906,326.29391132535693,325.03953786123645,325.81780713184475,2414900
2021-08-16,326.4770812988281,326.5045483142983,322.8970645917233,324.4993723588862,3634600
2021-08-17,323.96832275390625,324.73745511058075,321.8441415838577,324.0415867602712,5019600
2021-08-18,320.57135009765625,324.1605309912215,320.36077900662616,322.8603606838009,4038000
2021-08-19,319.9854736328125,320.9010781411497,317.99859955522663,318.01690158626184,5442200
2021-08-20,322.0867614746094,322.6279108303769,319.6744999797537,320.0872547720854,3394800
2021-08-23,324.1871643066406,324.9759497157213,323.7010452080067,323.7377133728717,3569200
2021-08-24,324.453125,325.14103094919386,324.34306452668335,324.76497233805213,1981400
2021-08-25,324.856689453125,325.6455028076442,323.7010265253355,324.4898118888908,2434700
2021-08-26,323.0039367675781,325.6088038393775,322.9213914156612,325.12268477300233,3008900
2021-08-27,325.2143859863281,325.47120305828844,323.45333464219914,323.45333464219914,3163700
2021-08-30,324.7650146484375,325.81064526309996,324.58158983266804,325.57216221253447,2482000
2021-08-31,324.6181640625,325.42528333246685,323.93941132529085,324.5080756252265,2913800
2021-09-01,324.2788391113281,325.0126222197124,324.04038409319634,324.95759198545403,2739200
2021-09-02,325.4896240234375,325.7739562864724,324.61829314964206,325.407078655876,2390000
2021-09-03,324.82012939453125,325.2878865484455,323.85704397805534,324.3981934638207,2465400
2021-09-07,322.343505859375,324.4072233734463,321.93075116017667,324.3613741806288,3168500
2021-09-08,321.6922912597656,323.01307268788725,320.6925381493469,321.77483660015326,3075700
2021-09-09,320.38995361328125,323.32503067874853,320.03225701579123,321.53646371839045,3484700
2021-09-10,317.9959411621094,322.5452838081423,317.8766996749157,322.1692252681313,4539000
2021-09-13,320.3807067871094,320.9677332760483,318.7022286539212,320.02301026307015,5439700
2021-09-14,317.7850341796875,321.5455923092575,317.08794719237227,321.389654644371,3902200
2021-09-15,319.94049072265625,320.5274892679878,317.1521706571752,317.7300161566661,3267300
2021-09-16,319.35345458984375,321.0961440817897,317.3539479937265,320.0230264643814,3646000
2021-09-17,317.6953125,319.58876100246096,317.1621893001278,318.80747717177377,5380900
2021-09-20,311.9598083496094,314.4966737974916,308.8255004296524,312.71351881604676,10010600
2021-09-21,311.6932373046875,315.3330949372349,311.60134465811745,313.807301130709,6071100
2021-09-22,314.8092041015625,316.4912380178588,312.9157553661696,313.577545180014,6862700
2021-09-23,319.4600830078125,320.4803550879902,316.67505691635455,316.9324180450937,5592200
2021-09-24,319.7451477050781,320.25987017209263,318.3112739683562,318.4859149536223,3121600
2021-09-27,320.42523193359375,322.16244087060323,320.02083128054096,320.13112491776116,3426000
2021-09-28,315.1953125,319.6991473506188,314.72653645555926,319.230371306178,7493800
2021-09-29,315.9764709472656,317.7228799656667,315.15844129413955,316.06839164038,4116600
2021-09-30,310.9397277832031,317.51165453146,310.7742592168136,317.18074544895495,7926000
2021-10-01,315.43408203125,316.90472853535334,310.37875395794094,312.5387633811319,6219800
2021-10-04,312.5204772949219,316.21545346970885,310.73732247145205,314.91024697150414,7037700
2021-10-05,315.3883056640625,316.9876195220242,312.943360494259,313.55000355596343,3826100
2021-10-06,316.2981262207031,316.4635666103663,311.10493050998065,312.95243234530994,6276300
2021-10-07,319.5245361328125,321.49150511460374,318.73405151470064,318.82597224475114,5310400
2021-10-08,319.4324951171875,320.287298679208,318.5592905859249,319.79097741431366,3658300
2021-10-11,317.08868408203125,321.2983828154765,316.9783624130304,319.55200173479415,4098400
2021-10-12,315.9857482910156,318.11818546882404,315.44345253506907,317.55748873962443,5100300
2021-10-13,316.0867919921875,316.7026073393629,313.54072624414994,316.141938797897,4189100
2021-10-14,320.9031677246094,320.98588794203215,318.57771700063546,319.1383856021431,4473900
2021-10-15,324.4311218261719,324.64257944324436,322.6565726463815,323.3277597748813,4206800
2021-10-18,324.10931396484375,324.6885776538164,322.040531109749,323.042738103502,3310600
2021-10-19,325.9114074707031,325.95739725342224,324.3851022656962,325.18505511227295,2380900
2021-10-20,327.3549499511719,327.8606411206192,325.82864481511103,325.9573825293172,2873800
2021-10-21,327.2906188964844,327.41015305643685,325.7643135841336,326.7665485900449,2243800
2021-10-22,328.00787353515625,328.81700213921954,326.7022571546921,327.2999000364352,3872300
2021-10-25,328.7524719238281,329.06511259806183,327.59397295442534,328.5777725127907,2518200
2021-10-26,328.70672607421875,330.02154624419404,328.5871918660986,329.6813507654971,3182200
2021-10-27,326.3896179199219,329.44220096089816,326.3712107788058,329.24912239684335,3542100
2021-10-28,328.522705078125,328.59627751502967,327.0975547843074,327.0975547843074,2490500
2021-10-29,329.37786865234375,329.64449160874966,327.68606714628385,327.9251074499696,2979600
2021-11-01,330.205322265625,331.051208850418,329.14795000480257,330.4995558862758,2548400
2021-11-02,331.5294494628906,331.8144796036339,329.89281301682513,330.4628732983117,2629000
2021-11-03,332.4397277832031,332.69717528457943,329.99396249029166,330.9226254336759,3557400
2021-11-04,332.2463684082031,332.52219476242243,330.88555958820575,332.2371648431793,3870900
2021-11-05,334.0394592285156,335.54738552826296,332.74304666988286,333.7268465209331,4489000
2021-11-08,334.97723388671875,336.1909262266607,334.0669506019345,335.65762441381247,3056000
2021-11-09,334.0210266113281,334.9588645837565,332.67862447989336,334.85773757383424,3680600
2021-11-10,331.9890441894531,334.43480832219973,331.26266377454755,333.3222428085827,3529000
2021-11-11,330.50872802734375,332.1637710818894,330.43518365276185,332.0994022168414,2461200
2021-11-12,332.1820983886719,332.60504161084026,330.61900709071443,331.6396210242334,3099800
2021-11-15,332.1454162597656,333.5154294816464,331.6213458666255,333.39589530191853,2555000
2021-11-16,332.77984619140625,334.26019002623815,332.56838854333506,332.6787191527055,2728600
2021-11-17,330.8673400878906,332.45798626377166,330.58231003118374,332.32927658961194,2976000
2021-11-18,330.4075622558594,331.05116665187353,328.36636236973425,331.03278757529904,3438100
2021-11-19,327.88427734375,329.70837462875136,327.39601271236916,329.70837462875136,3542200
2021-11-22,328.1515197753906,330.95211880843283,328.05016695837577,329.3307267668064,4929200
2021-11-23,329.8280944824219,330.15053973610117,327.35913491422855,328.22511788605084,5789300
2021-11-24,329.8372802734375,329.993906161785,327.78286929888736,328.02240485241833,4246700
2021-11-26,321.5367431640625,323.78460994252197,320.0074549056351,322.74358621546895,9075000
2021-11-29,323.5358581542969,324.9914300896498,321.4446174058884,324.8256107769827,5243000
2021-11-30,317.7412414550781,322.44887501509265,317.2437552605399,321.24203170417155,9543500
2021-12-01,313.65093994140625,322.78981562116667,313.52197866747423,320.6340790610438,8415000
2021-12-02,319.3165588378906,320.55106673530344,314.30495158967574,314.8945408658462,8326400
2021-12-03,318.9756164550781,321.057663672376,316.06444459581564,320.46804643351396,11365300
2021-12-06,325.03765869140625,326.14314939690917,321.3618268892908,321.75798847041136,7026500
2021-12-07,329.57012939453125,330.37161765743485,327.7736969708344,327.90265819792637,5271500
2021-12-08,329.8004150390625,330.61112478934893,328.3540645360979,329.9662624803491,3355600
2021-12-09,329.9109802246094,330.89673091467733,328.2895887453182,328.6580855308615,3774500
2021-12-10,331.86419677734375,331.95629992397954,329.45048143908855,331.2745791975983,3855200
2021-12-13,328.9252624511719,331.6429508844205,328.529100989289,331.1270497542274,4563000
2021-12-14,328.123779296875,330.1873838497056,327.01826079242807,327.69998127195174,4079700
2021-12-15,331.4771728515625,331.62457720920065,326.53003182782777,327.8105632558929,9274900
2021-12-16,331.1363525390625,333.9646160064147,330.0953284663263,332.8222391254735,9493700
2021-12-17,326.385009765625,329.4307539987578,325.53587765734954,328.8492870785588,10638300
2021-12-20,322.3607177734375,322.7022350322048,319.84106681258936,322.46225754398233,7303400
2021-12-21,327.5663757324219,327.63098942387165,324.42833040630575,325.02824627997126,4693300
2021-12-22,329.85516357421875,330.0120502759627,326.88324498156015,327.6031493280365,2999500
2021-12-23,331.67352294921875,332.7257065257822,330.5659924209489,330.7782824845681,2655000
2021-12-27,334.9591979980469,334.99609595760035,331.98727860387373,332.31952923814316,2594300
2021-12-28,335.9467468261719,336.98969161713745,334.93151775504833,335.13454103616743,3048500
2021-12-29,336.731201171875,337.46958273468056,335.76210881826495,335.8636204395638,3012200
2021-12-30,336.02056884765625,338.4663964045154,335.5867784382224,337.5157529327407,2863200
2021-12-31,335.3284606933594,336.6390427529063,334.95004526309907,335.5038246285139,3133800
2022-01-03,337.50665283203125,337.663567796154,334.3870560331837,336.26989477070185,5624100
2022-01-04,339.52783203125,340.76458973797435,338.9186776682874,339.0386664594383,5462200
2022-01-05,336.0390319824219,341.03222710429344,335.937520346719,339.3801280498674,7638000
2022-01-06,334.4700927734375,336.5559545196382,334.0732002224185,336.05755031196793,7019800
2022-01-07,334.39617919921875,335.8359882761667,333.307097901647,334.0085534603996,5806300
2022-01-10,332.9933166503906,333.39018098657675,328.9784522540592,333.25174321423077,8091800
2022-01-11,334.6085205078125,334.8023334069322,330.1414162552783,332.90104604806305,7310900
2022-01-12,334.9869384765625,336.4728843252277,333.8055557574298,335.7068431309342,4493200
2022-01-13,333.3717346191406,336.99894511495523,332.6795175856012,336.14981316060494,6418100
2022-01-14,331.4704284667969,332.0795546350644,328.94150989572955,330.6120579878385,8575400
2022-01-18,326.58807373046875,327.98171851070464,325.45282740642403,327.9540309499421,8166100
2022-01-19,323.3576354980469,328.1569897279363,323.228408140076,327.5663125431047,7386500
2022-01-20,320.5702819824219,327.6955031378102,320.0903550219379,324.40057175895157,8968700
2022-01-21,316.2088928222656,322.2125667428183,316.01493586497463,320.5869475536182,16301600
2022-01-24,317.5573425292969,317.8436692841808,306.0487715089384,312.58814423514485,29707000
2022-01-25,316.7723083496094,319.3862314559612,309.73415957708585,314.27849142174836,18657900
2022-01-26,315.38677978515625,321.4274061729235,312.68051557285156,319.6170758007199,19047300
2022-01-27,315.4700012207031,321.0857619213522,313.93677988078895,318.10238728742456,12854100
2022-01-28,320.6054382324219,320.6700999529365,312.09870125802587,315.75631656565264,12008900
2022-01-31,324.2721862792969,324.530804884147,318.397837317423,319.37689547773533,8379100
2022-02-01,326.9139404296875,327.21872996996024,322.9792154222197,324.80803722582965,7636000
2022-02-02,328.8442687988281,329.4261677841341,325.8239695266656,326.59058000444935,8856400
2022-02-03,324.1798095703125,328.09604178791653,323.81033029994086,327.7265907048557,9339900
2022-02-04,324.0783996582031,326.2766730481605,321.26130165416254,323.64428660903235,8532300
2022-02-07,324.10601806640625,326.19345830199654,323.1177142214745,324.4385438909074,4746200
2022-02-08,327.468017578125,328.2161652860365,324.0043603424921,324.7525080504036,4568400
2022-02-09,330.35906982421875,330.7562291472522,329.4261823185328,330.0634975984325,4781700
2022-02-10,325.6300354003906,330.7193127714357,324.22610945097085,327.68976758466096,10298500
2022-02-11,320.77166748046875,327.35724005419803,319.79260912569504,325.54688127335805,8211500
2022-02-14,319.478515625,321.0117363996188,316.99391661776474,320.2451260123094,7315100
2022-02-15,323.4778747558594,323.9766492857334,321.75066887326204,322.286368785116,4932200
2022-02-16,322.9700012207031,323.93981431806475,320.23599983822635,322.1294833822381,4496500
2022-02-17,317.4374084472656,321.1596861352557,316.68001492580646,320.9010673946756,4433500
2022-02-18,315.4197998046875,318.3984264328794,314.20800100603935,317.1958588276142,6193700
2022-02-22,310.82232666015625,314.75374194515655,308.5744607012673,313.39393364679387,7942700
2022-02-23,306.6689758300781,312.9037590394541,306.0214653483028,312.8112494763561,5732600
2022-02-24,307.4275207519531,307.79753078164293,298.50089822214045,298.6211578335297,14167100
2022-02-25,315.0128479003906,315.4568486362911,308.0935447230707,308.667064493579,9496300
2022-02-28,313.9027099609375,314.3467388141393,309.69379408330565,310.76684263941564,8217300
2022-03-01,308.1860656738281,313.6067818779134,306.49322811579157,311.9879632652321,8532900
2022-03-02,313.588134765625,314.9294522387528,309.60122003039254,310.13773008167834,6836200
2022-03-03,312.78363037109375,316.446779117645,311.4423117195448,315.1702200103705,7790700
2022-03-04,311.2478942871094,311.6179042658795,307.852988508753,309.5273069523981,6025000
2022-03-07,303.8476257324219,310.19338106437056,303.7273661201913,310.07314968209585,6590800
2022-03-08,302.052978515625,309.3330308077167,301.6182090636601,303.8660470210755,8209800
2022-03-09,308.40789794921875,309.9249749725842,306.7150895438204,308.1488882415638,4669200
2022-03-10,307.2146911621094,307.8992392238732,304.0418141422782,304.6338526573226,3317400
2022-03-11,305.2814636230469,310.5634584208227,304.97621307122944,309.05563982527366,6923400
2022-03-14,305.32757568359375,309.518000485729,304.14352710150985,306.8816341544642,5640600
2022-03-15,310.98883056640625,311.5993596290149,306.28961713782365,307.1129153105669,6648500
2022-03-16,315.771240234375,315.8267685355089,309.46249689298816,313.7639217898252,9577100
2022-03-17,319.5547790527344,319.6842698514808,314.1525256860652,314.4578044080281,6032900
2022-03-18,321.8836669921875,322.11544473976716,317.67457517404983,318.5738739663862,5903900
2022-03-21,320.26123046875,322.5697278363974,318.27719932097926,321.34593450935284,4329900
2022-03-22,322.7644348144531,323.3021467416107,321.5777055814777,321.8187634935736,4430800
2022-03-23,318.3791809082031,321.18832600944654,318.32355651357904,320.5486171780878,4098700
2022-03-24,321.76318359375,321.76318359375,318.407045860523,319.38050122091255,3550000
2022-03-25,323.13531494140625,323.8584604771347,320.9565981692803,322.449233479069,3206200
2022-03-28,324.01593017578125,324.01593017578125,320.205518536231,322.4027665086052,2962400
2022-03-29,327.24224853515625,327.92830136501,324.60925767409486,326.954846495992,4711800
2022-03-30,326.45428466796875,327.70589003810375,324.8967451506884,326.4820968631638,3909800
2022-03-31,321.5499267578125,325.9444525618939,321.485050484361,325.4808970170927,3978900
2022-04-01,322.6438293457031,322.9590436135181,320.07571439542687,322.77361014154434,3560200
2022-04-04,323.7841491699219,323.8212415219987,320.8081315854875,322.3007946049485,3829900
2022-04-05,321.09564208984375,325.46232727347046,320.3168721922863,322.4677766483122,4331700
2022-04-06,319.6215515136719,320.836064790414,317.72098507720267,318.5460992432007,5431300
2022-04-07,320.7525329589844,321.8001727171694,316.96993324549646,318.7128778286085,4599900
2022-04-08,322.0504150390625,323.6728586416777,319.52867299355654,320.51140799797264,4535900
2022-04-11,318.1844787597656,321.78164535968585,317.7579873658802,320.1870134470697,5344400
2022-04-12,317.2757568359375,321.475566274429,316.14468089280547,319.3061310969136,4501400
2022-04-13,320.5578308105469,320.82667256437213,316.6454222059676,316.7844831636661,3605000
2022-04-14,319.3114318847656,323.4293078089875,319.27432599888584,321.5558426692797,4179600
2022-04-18,319.13519287109375,320.9622684548595,317.77184176743606,318.9218694209854,3939000
2022-04-19,323.791015625,324.36602952132324,319.27434317101,319.31144905888556,4261200
2022-04-20,326.026123046875,327.4544023320098,324.86681187791714,325.59022091520706,5677000
2022-04-21,322.48321533203125,329.13303570237383,321.9916685986329,328.27977035016795,5369600
2022-04-22,313.72808837890625,321.2775350279478,313.2365416580257,321.2126068205602,6855100
2022-04-25,315.8520202636719,316.33428354080536,309.0260094019526,312.040218566904,6806600
2022-04-26,308.330322265625,314.45146085680096,308.16335999404834,313.5054734008071,7619800
2022-04-27,308.86834716796875,312.5503209234502,307.0598102507217,309.6566844986533,6894400
2022-04-28,314.6742248535156,315.8335362719502,308.36755375513064,310.9180388756867,5976600
2022-04-29,305.7706604003906,314.6185317079974,305.22346889159536,313.12532411323656,6495600
2022-05-02,306.74444580078125,308.22836972891884,300.9200677332246,306.3827554409104,9221700
2022-05-03,307.21746826171875,309.23004496017154,305.23271389994983,307.1525400416244,6051000
2022-05-04,315.8797912597656,316.4177274271132,306.2436127056775,307.7275081798278,10569700
2022-05-05,306.2806701660156,313.70026026347523,303.17373945549645,313.3200028745616,9101200
2022-05-06,305.1956481933594,306.66100515487767,301.18906173403496,303.9621251775618,10644200
2022-05-09,299.1949768066406,302.69144845625647,298.05420463812345,301.40230939263034,7817200
2022-05-10,298.4808349609375,303.84148789478195,295.91181197324346,302.81203331207666,7716500
2022-05-11,295.3553466796875,302.4132469986512,295.07712335189325,298.39737771203727,9374700
2022-05-12,294.5948181152344,296.2549309066887,289.85554054908266,293.63026354402064,6790800
2022-05-13,298.8519287109375,299.59387665719527,295.7171462765237,297.0897528074505,4236700
2022-05-16,299.3620300292969,301.9496210354484,296.50549915308585,298.3696526641078,3692600
2022-05-17,303.3685302734375,303.61893127844905,299.9926028094655,303.11810096493264,3316800
2022-05-18,292.6564636230469,300.85513609313307,291.6177254739387,300.6881737949971,3659000
2022-05-19,290.4585266113281,293.3985529574909,288.27901538354223,289.47543274747625,3836700
2022-05-20,290.4444580078125,292.90805191315764,284.73633064695775,292.64774818676227,4654000
2022-05-23,296.4129638671875,297.16598663668196,292.63854433557714,293.14056897223617,4484600
2022-05-24,296.92437744140625,297.63090035929736,291.5602164515049,294.30272716832076,5260500
2022-05-25,298.68133544921875,299.8527168016398,295.12074808460443,295.6134670331487,4612800
2022-05-26,303.4876403808594,304.7147705123503,300.1873290312202,300.23382907250084,3270200
2022-05-27,308.7123718261719,308.7681491869956,303.83165415718656,304.0454579166817,2773100
2022-05-31,306.973876953125,309.1585562071891,304.6125315815208,306.9459882758258,4354000
2022-06-01,305.2632751464844,309.5304413464418,303.16226193598845,309.02841678686144,3721400
2022-06-02,309.3630676269531,309.37237330926285,302.4742809583244,305.4398997749009,3718800
2022-06-03,306.1836242675781,308.3962203121795,305.6072394232159,306.6670374081121,4150900
2022-06-06,306.27667236328125,309.335235073942,305.4213721941043,308.26613114071165,1957600
2022-06-07,308.8052978515625,309.084184614409,303.8316091935908,303.8316091935908,2424000
2022-06-08,306.2115173339844,308.58213977521575,305.4491890710307,307.3085096903435,2032900
2022-06-09,300.2802734375,306.7785897808547,300.2802734375,305.07732393470343,2591500
2022-06-10,292.25738525390625,296.34788603735507,292.21091357437393,295.92025012429616,4484700
2022-06-13,284.085693359375,287.8415303876305,282.7655911036116,285.8706543183554,6317200
2022-06-14,282.8956604003906,285.8055021154752,280.69236969806366,285.04317374602465,3724000
2022-06-15,285.61956787109375,288.8268791495113,280.99915466204953,284.84793387034716,7060900
2022-06-16,278.8050537109375,280.44126453862503,277.0572882124484,280.1716551702051,4943500
2022-06-17,278.3505554199219,281.01552096574113,276.17944851760257,277.931229136911,4738000
2022-06-21,284.47247314453125,285.57200285522117,281.9845262682582,282.41315119271974,3246500
2022-06-22,283.8386535644531,286.69931732218765,280.782317653028,280.9686910428388,6361200
2022-06-23,285.8235778808594,286.12176410133355,282.13361582145126,284.82656213834116,3582600
2022-06-24,293.5389099121094,293.6320966419498,288.0412340906968,288.11579484920804,3314800
2022-06-27,292.92401123046875,294.3497089649929,292.0108549026596,293.8931023644812,1896500
2022-06-28,288.24615478515625,297.0144919036274,288.1436693159447,294.4520139342628,3025900
2022-06-29,288.90777587890625,290.24028623696046,287.77096616073186,289.2339151754453,2462800
2022-06-30,286.82989501953125,288.6935158901358,283.50332494071864,285.83285102897435,4117800
2022-07-01,289.65325927734375,290.0818840854087,283.9878363017729,286.4385021253672,3315000
2022-07-05,288.591064453125,288.6376720469422,282.87906069786254,285.6931470213226,3767700
2022-07-06,289.2432556152344,290.99506363192813,286.9416829016583,288.8612099574154,2493300
2022-07-07,292.54193115234375,292.84008891408604,290.3614694589843,291.228074875207,2267500
2022-07-08,292.08526611328125,293.6507291225508,290.88325122886823,292.1225464897531,2094300
2022-07-11,290.44525146484375,292.34612380340843,289.95139319503176,290.4079710945021,2633200
2022-07-12,288.8333435058594,292.1692130651763,287.55676748648443,289.3831083678075,2806000
2022-07-13,286.7647399902344,288.80540767727854,284.3047461178393,285.3111175880393,3481200
2022-07-14,285.5067443847656,285.93536927184226,280.912925237437,282.0217820573578,2893100
2022-07-15,291.4617004394531,291.5735599049756,288.189668830467,289.73712448333964,3027500
2022-07-18,289.587890625,294.9014413863143,288.7302826559106,294.3514468641088,2344900
2022-07-19,296.5420837402344,296.81242966514634,291.46161157350735,291.8438169298361,3004900
2022-07-20,297.12933349609375,297.7725535870995,294.9946165925605,296.6632336300594,3243000
2022-07-21,298.68621826171875,298.73281688432866,293.99725319796374,296.0947032881849,2159800
2022-07-22,297.427734375,300.3548560760449,295.8243492119884,299.9446857937521,3264100
2022-07-25,298.2667541503906,298.6676218385956,296.6726998481274,298.3693109608355,4002500
2022-07-26,296.01068115234375,297.8191507267742,295.60051103555696,297.2691563539181,2101700
2022-07-27,300.1777038574219,301.5107429087898,296.47686905539445,297.2599135705018,3338100
2022-07-28,303.1793518066406,304.0089948371034,298.1268163631238,300.58783749535553,2688400
2022-07-29,306.3768615722656,306.94548992842215,302.89044260570114,303.44973985815443,3225600
2022-08-01,305.7988586425781,307.36494762379897,304.3166642372995,304.7454682193875,2745500
2022-08-02,302.0700988769531,305.5565178070399,301.9395772204217,304.8014380756413,5394600
2022-08-03,305.91064453125,306.8242104415674,303.09541179313453,303.61744132803705,2564600
2022-08-04,305.1649169921875,306.09711680477136,304.409837419873,305.4725588614893,2426400
2022-08-05,305.733642578125,305.93872772105533,302.8997465435845,303.0302682020343,2672400
2022-08-08,306.15313720703125,308.67006014360953,305.49125472263,307.4488804167374,2528800
2022-08-09,305.6777038574219,306.6378687145936,305.00651872289984,306.0226133039079,1655100
2022-08-10,310.6090087890625,311.1962708118093,309.4530616025939,310.04968317605926,2934400
2022-08-11,311.0844421386719,313.96493661470447,310.5903772955042,313.0513988566691,2401600
2022-08-12,314.925048828125,315.00897184556345,311.5318563179649,312.10048454595136,2606900
2022-08-15,316.36065673828125,316.8081229051824,313.2750775282594,313.32167614110085,1936500
2022-08-16,318.5700378417969,319.8285136063355,315.78276877955403,315.8480296110718,3897100
2022-08-17,317.13446044921875,318.868338843533,315.7361604092284,316.6403955730283,2960300
2022-08-18,317.4886169433594,317.8801534032997,315.98778881863285,317.1344048920103,1850900
2022-08-19,314.79510498046875,316.3081791558004,314.06658672925744,316.0186416779725,2010300
2022-08-22,308.9294738769531,311.50729136345825,308.36906885697084,311.12434840819344,2684500
2022-08-23,307.3882751464844,309.57385702158496,306.9493231540413,308.50908490277305,2897200
2022-08-24,308.08892822265625,309.18171970681465,306.6599107454586,307.2203159039144,2581700
2022-08-25,311.161865234375,311.161865234375,307.28577378848235,308.30382961862017,2498900
2022-08-26,301.6163330078125,311.6475030728495,301.51360678486867,311.47936156642726,4191000
2022-08-29,299.9070129394531,301.98981196961114,298.6461088900621,299.3839759047011,2896900
2022-08-30,297.0489196777344,300.90633841670393,295.6759406096838,300.83160256758043,2926300
2022-08-31,294.81671142578125,299.0384041853269,294.77002288778203,297.441245737069,2981600
2022-09-01,296.1336364746094,296.3110985144313,292.0614156738897,293.54647024131066,3228000
2022-09-02,293.051513671875,299.58015707759574,291.6972038207547,298.6648278641212,3826200
2022-09-06,291.5945739746094,294.3965716931223,290.40837669826624,293.78944938472875,3320400
2022-09-07,295.4518737792969,296.0216279576018,290.893982869786,291.07144494963626,2520200
2022-09-08,297.2357177734375,297.3851609760923,292.9766862595931,293.92003400612435,3301100
2022-09-09,301.0091247558594,301.62556736917605,298.4126092955513,298.95431604480376,2479300
2022-09-12,303.1480407714844,304.1847659063336,301.87778739980956,301.9525232764062,2486900
2022-09-13,291.1554260253906,298.4966421513153,290.3148043897628,297.75877519480173,4301200
2022-09-14,291.4635925292969,292.789883044984,289.1005772787756,291.7437806999617,2868800
2022-09-15,289.8759460449219,292.82738661166167,289.10073933595277,291.06214314020656,3294600
2022-09-16,288.48345947265625,288.9797941177678,285.9549735478013,286.5262142276245,4071000
2022-09-19,290.4499206542969,290.4873879408574,285.89863131842316,285.9735373123782,2730000
2022-09-20,287.518798828125,288.4271878445351,285.2337796235299,288.14625457313946,2822800
2022-09-21,282.6396789550781,290.56231004141836,282.5553989900196,288.9234662583347,5110700
2022-09-22,281.43157958984375,283.7259720783508,280.84161989601137,282.40552893858734,3492500
2022-09-23,277.0675354003906,279.0716204869857,273.82731586267323,278.90306059535465,4949300
2022-09-26,274.1270751953125,277.4234823045417,272.98456574952337,275.8876663326763,4143400
2022-09-27,272.7972717285156,277.6950842515785,271.1116150871034,276.0562402916392,3681000
2022-09-28,277.88238525390625,279.09980073375726,272.5631444126388,273.78058847165977,3995700
2022-09-29,273.6495056152344,276.1218327925649,271.4394209377789,276.0468981985509,3351100
2022-09-30,269.05133056640625,274.8200644752248,268.80786462286756,272.71297947872057,3827200
2022-10-03,276.06561279296875,277.54524218553246,271.0835203222203,272.1042825537734,3457600
2022-10-04,283.88525390625,283.922692620688,279.4837757302232,279.642961714513,4163800
2022-10-05,283.5574645996094,285.20565390322065,279.82088103940316,280.6918312401549,2746900
2022-10-06,280.2236633300781,284.04449928115537,279.64302018482715,282.32137494406743,3081700
2022-10-07,274.3611145019531,278.0321362735154,272.9282982800687,277.88229573394545,3029300
2022-10-10,273.415283203125,276.1872905658729,271.6640663942529,275.58792835365824,3154500
2022-10-11,273.7244873046875,277.3299507690425,272.2542028703144,272.68497683290246,3849900
2022-10-12,273.60260009765625,275.8595252754112,272.8627712734481,273.883533281956,4378700
2022-10-13,281.46923828125,282.56493561608585,268.41466714506123,268.90165644018117,7389600
2022-10-14,277.9666442871094,285.02769926501713,277.3766559479184,283.3233234374481,5519400
2022-10-17,282.87384033203125,283.9507892576957,280.92596972919944,281.7781720489295,3555700
2022-10-18,286.067138671875,288.79230454026697,283.7914944221075,288.67993128040104,4685500
2022-10-19,285.0184020996094,287.17230002125945,283.0892507912312,285.00902813099884,2939800
2022-10-20,284.0444641113281,288.7830625963904,283.51066230376995,285.46790701897623,3574700
2022-10-21,291.30841064453125,291.6082717599089,282.99683016515417,283.9994460879327,5357200
2022-10-24,295.2158203125,296.10602391152355,291.9830343611344,292.8544787709206,4331700
2022-10-25,298.4393310546875,298.71108200071546,294.3350710549277,294.55998120861705,6024800
2022-10-26,298.3362121582031,301.4659371433991,297.7646001820591,297.9614001030068,4991800
2022-10-27,300.2851867675781,303.48051103225527,299.77920347133244,301.31594114268694,4262200
2022-10-28,307.8939514160156,308.1844614084782,301.22220170428614,301.51268310043093,5251400
2022-10-31,306.8071594238281,308.1190161612779,305.3453435205759,306.33863711785807,5128200
2022-11-01,305.860595703125,309.0652708002698,304.3519396959501,308.6342384823566,4376400
2022-11-02,301.1285400390625,309.92739966975375,301.09107885672364,304.97042735665195,7110300
2022-11-03,299.732421875,301.58778029351566,297.21176986349457,299.2451690260444,4112700
2022-11-04,303.7335205078125,305.6076089065388,299.2356911930775,303.23685962968324,6263700
2022-11-07,307.7441711425781,308.24080358997065,303.7429727756086,304.67066628777883,4518300
2022-11-08,310.8269958496094,312.5605337419616,307.62231995438594,308.7280255043717,6349000
2022-11-09,304.8580627441406,310.03991783054386,304.50198124874646,308.9529427485146,4799200
2022-11-10,316.027587890625,316.2430897903359,310.9862846921326,313.1789650483076,6002300
2022-11-11,316.52423095703125,317.0677041181901,313.10402466952365,316.627292113191,5190700
2022-11-14,314.6313781738281,318.47326581441087,314.4346068628779,315.51220217032403,3303300
2022-11-15,315.0436706542969,318.7075174681631,312.42933752583997,317.18013061317043,4824100
2022-11-16,314.9124755859375,316.0181809645941,314.4251942624929,314.537663596126,3085500
2022-11-17,314.9406433105469,315.5778266692733,311.7828081100514,311.7828081100514,3606500
2022-11-18,316.77252197265625,317.5048994336917,314.79135769956304,316.85702375803885,3659100
2022-11-21,316.4721374511719,317.9744586790413,315.0449480446127,317.04491013468447,2304100
2022-11-22,320.1433410644531,320.2935760135791,317.7302692027814,318.19974267340507,4389400
2022-11-23,321.0729064941406,321.66441897620524,319.2325499242099,319.8146924221813,3108500
2022-11-25,322.5469665527344,322.8098704878445,321.1479451110106,321.20427962179275,1498300
2022-11-28,317.82415771484375,322.04004918809994,317.3171469710217,320.82879954685984,3089800
2022-11-29,317.8147888183594,318.65043674266826,316.0589338700388,317.29835077906927,2943600
2022-11-30,325.0166320800781,325.05419799876717,315.65532549124646,317.97452668189186,6940400
2022-12-01,323.3826904296875,325.5892212743218,320.82875383269493,325.5798226363497,5325900
2022-12-02,323.6926574707031,324.3217647199577,320.0495376496953,320.0495376496953,3736500
2022-12-05,319.2701416015625,322.34988656076763,318.33119461821474,321.54240590919477,3827200
2022-12-06,315.9180603027344,319.8522500357491,314.2843018953463,319.02597219381977,5516300
2022-12-07,315.8993225097656,317.67391739194426,315.05427596328116,315.6176498790667,3577100
2022-12-08,317.7960510253906,318.9134004496568,316.48153071872264,317.120007917048,3278400
2022-12-09,314.8946533203125,318.4063059589552,314.7819842641148,317.0542486301939,3815500
2022-12-12,319.8240966796875,319.85226394123305,315.5425009984443,315.61763279882325,5017300
2022-12-13,320.94140625,326.9600587296788,318.77244141519566,326.92249283412,5274300
2022-12-14,319.4485778808594,323.617505223772,317.0261070134652,320.91333303870533,5498400
2022-12-15,312.4814758300781,316.77246947673206,310.5848136566846,316.0306934998978,5865600
2022-12-16,309.58306884765625,311.0229014028141,307.21158838007545,309.8842174299517,6672200
2022-12-19,308.0867614746094,310.8628940775713,306.51516571159397,309.4889432178154,3709600
2022-12-20,309.02783203125,310.43001378723403,307.17392741683824,308.2843804681425,4721700
2022-12-21,313.9401550292969,314.6271159925309,311.60629705784163,312.00155808363553,5086800
2022-12-22,310.7970886230469,312.2933831126171,306.4587507429876,311.96400360932773,4876900
2022-12-23,312.36859130859375,312.61327809799786,308.7266639449892,310.19472724320025,3997900
2022-12-27,312.7827453613281,314.1473053564708,311.0888345638052,312.7545144720066,3098900
2022-12-28,309.20660400390625,314.07190766149245,309.20660400390625,313.0837981187092,3102400
2022-12-29,312.4910583496094,313.2345101598935,310.67480388265733,311.0512253636089,2458800
2022-12-30,311.80401611328125,311.8698977591732,308.9996521385381,311.13586594254144,3881800
2023-01-03,311.7004699707031,314.15664308132574,308.99961004816214,312.82976278974695,3910700
2023-01-04,312.96142578125,314.3542161103742,310.7405201225117,312.96142578125,4137300
2023-01-05,309.8183288574219,311.63458274023736,308.7643375620908,311.4651974361539,4350100
2023-01-06,316.4622802734375,317.25277378323636,310.4676829514634,312.6038965296421,4800800
2023-01-09,315.5305480957031,319.4077418215747,315.1823576959189,317.7891044805785,3864000
2023-01-10,317.356201171875,317.4502849459444,314.589460443457,315.2105684354591,2277500
2023-01-11,319.73724365234375,319.7842855603986,317.2622304434533,318.45737635535835,3265800
2023-01-12,321.84515380859375,322.7862215097885,318.033841106398,320.7911625783128,4332600
2023-01-13,322.8238525390625,323.2473157472681,319.1254348727686,319.17250548641726,3473400
2023-01-17,319.1724853515625,322.55091453305613,318.67372068062565,322.18388438999324,3929700
2023-01-18,313.34735107421875,320.151281706101,313.0932731034013,319.55840438841653,5164300
2023-01-19,311.1452331542969,312.8673744914046,310.5241249962442,311.5498853920997,3454200
2023-01-20,314.27227783203125,314.3287874632382,310.20341192440503,311.58795537588395,4120200
2023-01-23,316.6268615722656,318.1149960569624,313.68821777507515,315.2328906201412,3985300
2023-01-24,317.50274658203125,318.08669837381507,314.3004108331424,315.4871413719974,3360900
2023-01-25,317.71002197265625,318.01142577854205,313.2173059250522,314.809060642041,4318600
2023-01-26,319.6314392089844,319.7256315008754,316.6551697380804,318.7743669600958,2930900
2023-01-27,319.86688232421875,321.6847043209254,318.5011947931161,319.6690986460356,2907400
2023-01-30,317.465087890625,320.6391690744443,317.26730424312746,318.783693446351,3032700
2023-01-31,321.01593017578125,321.0441849843941,316.9470940182928,317.9737237224898,2593500
2023-02-01,321.0535888671875,323.31405961780536,316.0711138684673,319.4053247531096,6175400
2023-02-02,320.6391296386719,321.65636004472543,318.3598321891315,321.65636004472543,5169400
2023-02-03,319.2735900878906,321.80721068196044,318.31286884431535,319.075777629828,6504300
2023-02-06,318.8026123046875,319.81981429392454,317.11666518330236,318.02084792300764,2708400
2023-02-07,321.6658630371094,322.4099447558483,316.6457330713773,317.3615599776806,4969600
2023-02-08,319.68798828125,321.60937313158183,319.14169021606426,320.58274322553956,2769500
2023-02-09,317.4840087890625,322.64544205550936,316.5233163306512,321.88253330311875,3094700
2023-02-10,319.03814697265625,319.3018681925191,316.41976173849724,317.16381487172566,2523900
2023-02-13,322.6358947753906,322.64532262476735,319.1792657804298,319.1792657804298,2653900
2023-02-14,321.3080139160156,323.5590575385839,318.7367107257699,321.66589866535605,3501100
2023-02-15,321.7976379394531,321.8070657884841,318.9437877969546,319.72552319358795,1967700
2023-02-16,317.7759704589844,321.07249924856745,317.70060513317617,318.82142722111047,3229600
2023-02-17,319.1457824707031,319.2778447363572,316.11741938478747,316.7212148579286,3034200
2023-02-21,312.50421142578125,316.9288016583447,312.36270584286945,315.77784159973544,3142900
2023-02-22,311.81549072265625,313.61740512716773,310.80606510812646,312.9758940024721,2896400
2023-02-23,312.90045166015625,313.9193206340391,309.4192704143435,313.07025835737744,5999600
2023-02-24,309.5512390136719,310.51353425448406,307.9568761054114,309.27764244613246,3764700
2023-02-27,310.4381103515625,313.1928768301152,309.62679256924366,312.0136157810102,2887300
2023-02-28,308.08905029296875,310.25887923907175,308.0324480624133,310.25887923907175,3155300
2023-03-01,308.4947814941406,309.26838388040505,306.89097447779363,307.5891168024875,3317500
2023-03-02,311.74005126953125,312.45705127422434,308.30602892132305,309.03247222835876,3047500
2023-03-03,315.296630859375,315.5041819363809,311.72113241945726,312.75885901393667,3033500
2023-03-06,315.7400817871094,317.09859289794144,315.2683773400303,315.6929228586233,2641700
2023-03-07,310.25885009765625,315.9664906607036,310.1173445345588,315.7306384586905,5009200
2023-03-08,309.9004211425781,310.8532734699869,308.11739305795305,310.3061089038036,3169600
2023-03-09,304.7965087890625,311.7400126728736,304.15499770142384,311.0607571710937,4760900
2023-03-10,301.63604736328125,306.4851526817329,300.40959888732004,304.2870232727993,7741600
2023-03-13,300.7776184082031,304.8814526903033,298.7398518241833,298.8341984679029,6831600
2023-03-14,303.956787109375,305.39075766568135,300.6737151627152,303.97564491479153,4760500
2023-03-15,301.45672607421875,301.7114359758306,297.14534280685393,298.9661140963009,6518000
2023-03-16,304.95703125,305.25892911101164,298.52297344119256,299.6833771497634,6569900
2023-03-17,301.275390625,303.72531890887853,300.00786183337027,303.3753332779209,5314900
2023-03-20,304.8698425292969,305.2955178500853,302.0604604667409,302.0604604667409,4695000
2023-03-21,308.0102844238281,308.2183878559837,305.8535892483845,307.82111785552246,3527300
2023-03-22,302.86456298828125,309.8454550015674,302.75105724289097,308.03874490829645,4378700
2023-03-23,303.4888916015625,307.44282926069246,301.2754428325685,303.9523830453457,4772600
2023-03-24,304.888916015625,305.02132979369424,300.71740569788983,302.17413045976207,4484900
2023-03-27,306.771240234375,307.9631083895908,305.81585202315085,307.03609661695845,3550900
2023-03-28,306.2982482910156,308.0387370325833,305.38070504966544,306.468506904748,2536500
2023-03-29,309.3913879394531,309.4765461114868,307.6982125420075,308.91842811213104,2531700
2023-03-30,310.7157287597656,311.16031219536114,309.0509007682285,311.09409088497506,2487000
2023-03-31,314.63177490234375,314.81150193695686,311.689978782307,311.76563964927146,2837300
2023-04-03,317.74383544921875,318.0654446280532,315.4736343316279,315.5492951931058,3450700
2023-04-04,315.8804016113281,318.0749420675708,314.6412492130135,317.74386442566913,2449900
2023-04-05,316.7127990722656,317.3087330233438,315.7101266320046,315.93713809253927,2566600
2023-04-06,316.78863525390625,317.17646595840273,315.25624931289474,316.26839074654225,2333300
2023-04-10,317.7911376953125,317.7911376953125,315.3979622848767,315.93714337984454,2834200
2023-04-11,318.6803894042969,319.5979328068987,317.8385357547742,318.1223001608644,2343100
2023-04-12,318.406005859375,320.676236158243,317.79116384808884,320.29784519698006,3363800
2023-04-13,321.9626770019531,322.1613120520292,317.8952339230669,318.84115360347556,3040900
2023-04-14,320.51544189453125,322.416749813326,319.06818584405187,321.5559593841,3107900
2023-04-17,321.5369873046875,321.5464268705436,319.7113406275086,320.78023434163634,2226400
2023-04-18,321.4234924316406,321.82079139473774,319.626250831447,321.55593504173214,2191100
2023-04-19,320.6572265625,321.26262886946915,319.9005025459594,320.770732278264,2854700
2023-04-20,319.67352294921875,320.5248447693988,318.63300567247705,319.18162630902793,2179300
2023-04-21,319.9991149902344,320.4439405830454,318.7687610779843,320.141103342566,2470100
2023-04-24,320.6048889160156,320.7563219973934,319.1473707802979,319.8098869009624,2288800
2023-04-25,317.3680114746094,320.5385742577604,317.2449991956934,320.05591208519303,2745300
2023-04-26,315.11553955078125,318.43750670503556,314.5098072970837,317.62358648239604,3588400
2023-04-27,320.0843811035156,320.44400220091757,315.9484352128508,316.2796932938165,3066600
2023-04-28,322.7626647949219,322.77213838562847,319.07157478167096,319.1283585601134,3651100
2023-05-01,322.12860107421875,324.239161511175,322.03398068103013,322.82898261097995,2296200
2023-05-02,318.8255615234375,321.78790776619695,316.40269017559496,321.73112397545884,3275800
2023-05-03,316.2133483886719,320.0653453369325,316.04299703974607,319.0716002519644,3924100
2023-05-04,313.5823059082031,315.7212583193975,311.7273013358665,315.4278657706113,3576800
2023-05-05,318.69305419921875,319.42179871993477,316.0524925759212,316.3553586947523,3542700
2023-05-08,318.2102966308594,319.31763801016376,317.14082072922184,319.1094212073414,1789900
2023-05-09,317.7843933105469,318.64565241986537,317.1976083725907,317.4436906560809,1924900
2023-05-10,317.5194396972656,319.75304111089554,314.68013495846753,319.3271338469153,3365500
2023-05-11,315.47509765625,315.98618053300015,313.7147428005186,315.863139388329,2744700
2023-05-12,315.3521423339844,316.53518604189566,313.56336638382913,316.5067941482219,2636400
2023-05-15,315.8915710449219,316.35534379344404,314.08387689210645,315.6455176075014,2171000
2023-05-16,312.65478515625,315.22908932325885,312.5885277791997,314.8883577290728,2265200
2023-05-17,316.6865539550781,317.2165840477982,313.1658440110854,314.3488875835237,3068800
2023-05-18,318.0589294433594,318.4185793484021,314.9262320452916,316.0146264696189,3553500
2023-05-19,316.97393798828125,319.1175215487372,316.05390715392497,318.6527446065551,3706700
2023-05-22,315.7503356933594,317.884424814223,314.91566509481845,316.90748739671176,2555100
2023-05-23,313.5782775878906,315.9400224024801,313.0755822317329,314.66905733116505,2526200
2023-05-24,311.1122131347656,313.2273137055556,310.6095178258523,312.99968683221573,2978300
2023-05-25,310.8656921386719,311.79521706184016,309.03512460555424,311.16921402527055,3499900
2023-05-26,313.79638671875,314.5362029480381,311.0268301456937,311.2260036451941,3580000
2023-05-30,313.4930114746094,314.251816260234,311.975459794246,313.6163190613636,3474500
2023-05-31,312.54443359375,313.16097134286616,310.81821473252745,312.47806171305876,3067600
2023-06-01,313.8912048339844,314.87763600819994,310.4576983964291,311.96578403884246,3081300
2023-06-02,320.65399169921875,321.06183287088015,315.9494902350508,316.0727977858867,5584700
2023-06-05,318.81396484375,321.0429082655967,318.6527098109196,320.78679903377406,3415600
2023-06-06,318.85186767578125,319.3924815380236,317.2394333549549,318.7190660266958,2824900
2023-06-07,319.8004455566406,320.13239188596845,318.6243054101828,319.20289585114324,2739000
2023-06-08,321.3558349609375,321.78266430356376,319.4019603992965,319.8572431017357,2700300
2023-06-09,321.7921447753906,322.73116358477404,320.89110237480816,321.12822336634565,3162300
2023-06-12,323.59429931640625,323.71757792235564,321.75423803906324,322.2379451966168,2035500
2023-06-13,324.9696044921875,325.9275826567606,324.00216116989697,324.13493388686874,3259300
2023-06-14,322.8829650878906,324.41950467496883,320.91010198081364,323.8029958085462,3766000
2023-06-15,327.00872802734375,327.77699753971854,322.65519114207774,322.8164461135735,4722500
2023-06-16,326.0163879394531,328.6591204900947,325.79773405906246,328.29787886628895,5576800
2023-06-20,323.6493835449219,324.7425951557396,322.2614808653812,324.44790408701664,3387200
2023-06-21,322.67022705078125,324.0771607080915,321.95725920612983,322.8508478922851,3050700
2023-06-22,322.5845642089844,323.14542857392007,321.53887259184745,322.2043206238598,2605500
2023-06-23,320.51226806640625,321.49140924944203,319.6186795291816,320.47423499802426,3721600
2023-06-26,320.49322509765625,321.38678451000624,319.3619807963292,320.1699875737965,2301900
2023-06-27,322.4800720214844,322.8793177094505,320.4552390003188,320.4552390003188,1778800
2023-06-28,321.9097595214844,322.20445059463276,320.76899929522517,322.0048277087956,2305000
2023-06-29,324.31475830078125,324.53341217766246,321.4153388477974,321.7005433407812,2902700
2023-06-30,326.8719177246094,327.5658543582763,325.8357415229087,326.2730202385968,3027500
2023-07-03,327.0809020996094,327.5181806094543,325.85459015841286,326.0637284041153,1698400
2023-07-05,325.88323974609375,326.767312638606,325.3508929068997,325.47447860362814,2717000
2023-07-06,322.4800720214844,324.03907972571415,321.02561899385904,323.4401821830334,3742400
2023-07-07,320.7689208984375,323.59227420819315,320.5407805132389,321.282265775865,2852200
2023-07-10,322.8127746582031,322.8793252780014,320.5217971318455,320.7404220101364,2560200
2023-07-11,325.72174072265625,325.9879142163925,323.16456047427795,323.9155323608017,2477100
2023-07-12,326.6628112792969,328.82071653274545,326.2065014809358,327.8796083975281,4140200
2023-07-13,326.9384460449219,327.8510364795742,326.72930771503,327.33769166788926,2472300
2023-07-14,328.12677001953125,328.8397377396144,327.49935494457037,328.6400858902649,3293400
2023-07-17,328.773193359375,329.581229259609,327.2236721766191,327.54688073456646,2860000
2023-07-18,332.3189697265625,332.6326917458474,328.2027824964686,328.5830261164766,4617200
2023-07-19,333.37432861328125,335.047436115301,333.09863953380255,333.09863953380255,5864300
2023-07-20,335.0282897949219,336.4162212273412,334.0016290060358,334.096697174257,4561300
2023-07-21,335.0074157714844,336.1299984956812,334.5983144119784,335.644802134879,2971700
2023-07-24,336.843505859375,337.31917945342633,335.37842306050953,335.5496585864931,3073700
2023-07-25,337.081298828125,337.89944336776597,336.34874300753523,336.5865797736367,2548700
2023-07-26,337.966064453125,338.9459508256246,335.93969044183694,335.9587359652395,3084700
2023-07-27,335.60675048828125,339.02208354592864,334.91228559425195,338.5464099328945,4771000
2023-07-28,337.2335510253906,338.2514704195314,336.2346190897869,337.2620902788187,3219000
2023-07-31,338.2705383300781,338.29907758539485,336.95767451988206,337.3191911091028,2201400
2023-08-01,338.8698425292969,339.3455160707289,337.8614169440857,337.98506767729856,2581900
2023-08-02,335.578125,337.9184594783626,334.9787717563414,337.2334884902965,5061000
2023-08-03,334.86468505859375,336.19659433867645,334.03701765610447,334.4936747549453,3307000
2023-08-04,333.5898742675781,337.69017818513447,333.1617854672923,335.9397029029619,4269400
2023-08-07,337.36676025390625,337.6045970685946,334.7600780554223,334.91229710076055,2390800
2023-08-08,335.844482421875,336.1584431668136,332.89533016823503,335.2736974907216,3033600
2023-08-09,334.18927001953125,336.4724976758299,333.4852823256497,335.7019087047393,2873300
2023-08-10,334.7695617675781,338.60348961181364,334.1036071510087,335.9682394314678,4133500
2023-08-11,335.8255920410156,336.51056324841755,333.5518580911623,334.1036557755552,2602600
2023-08-14,336.0252685546875,336.3011673161837,334.6553265405911,335.5686405718598,3134100
2023-08-15,332.6004333496094,334.893183259443,332.1913610796678,334.56023501304907,2818700
2023-08-16,330.8500061035156,334.4175581122642,330.7929275940007,332.30556616177256,3586800
2023-08-17,328.2718505859375,332.32459880123423,328.04353655673026,331.9726049952693,4804100
2023-08-18,328.8148498535156,329.5675345566818,326.49012498169014,326.7473874784497,3525400
2023-08-21,328.3861999511719,329.38658144040875,326.3091711863159,328.98641139924246,3176500
2023-08-22,326.7568359375,328.83386386693934,326.3852766190944,328.50039381272586,2816000
2023-08-23,328.53857421875,329.08165167977535,327.03323374387764,327.3000040460999,2605400
2023-08-24,324.91802978515625,330.5773966944872,324.8608668123973,328.05260181171906,3840800
2023-08-25,327.2713928222656,328.2717740957773,324.270219925951,326.2805193286888,3868500
2023-08-28,329.3770446777344,330.2917107504397,328.2242188427578,328.9006670016201,2382700
2023-08-29,332.14959716796875,332.27346002741695,329.0817234851142,329.23416784475904,3107700
2023-08-30,332.89276123046875,334.15994231019414,332.0543317500649,332.60694621478103,2792900
2023-08-31,331.37786865234375,334.68393120606294,331.31116879307433,334.34095320260076,2901400
2023-09-01,332.49249267578125,333.807270319431,331.3205934093821,333.39759259548697,2533200
2023-09-05,330.58697509765625,332.7783001975596,330.51073840721295,332.5877375472296,1906900
2023-09-06,328.70050048828125,330.13916995408744,327.2332495332898,330.08200697571687,2748400
2023-09-07,329.35784912109375,329.88185269439856,328.0811610232,328.18595010755195,2378600
2023-09-08,330.1391296386719,330.6440886031329,329.15779319544487,329.434071198572,1665900
2023-09-11,330.958740234375,332.12110334219636,330.13938429524984,331.5780256193085,1722900
2023-09-12,330.80621337890625,332.7974687906988,329.996365427024,330.26316486717303,1813800
2023-09-13,330.1772766113281,332.0446975890389,329.4817839792657,331.13956859087403,2025200
2023-09-14,333.4072265625,334.06463011369624,331.30164527249644,332.1877008151393,3489400
2023-09-15,330.6588439941406,333.2476306233902,330.14298742265413,332.68402197142365,3581700
2023-09-18,330.6683654785156,331.6045452754652,329.8659381465617,330.79255586667637,2122800
2023-09-19,329.63671875,330.3436128514547,327.64019769514493,330.0188228817951,2740900
2023-09-20,328.9202575683594,332.11087220697345,328.80562924583177,330.56333154749893,3411400
2023-09-21,325.3475036621094,328.2802045210515,325.2424374192852,327.82169123938144,3483700
2023-09-22,324.392333984375,326.15959890437955,324.1439822604919,325.4527045974517,3376400
2023-09-25,324.7742614746094,324.8602326882965,322.5866745285714,323.5801682522888,3104700
2023-09-26,321.01068115234375,323.58990665880407,320.54257648812717,322.75882191274405,4657300
2023-09-27,320.42791748046875,322.07099180670076,318.0397297477293,321.8130780265305,4442200
2023-09-28,321.564697265625,322.5677536052724,319.60639498529036,320.3228513053175,4053600
2023-09-29,319.9693298339844,323.6757718467398,318.975835804987,323.6280197642404,3786500
2023-10-02,319.1478576660156,320.03625652073765,317.227745368076,319.3389243488878,4192600
2023-10-03,315.2216796875,318.9472466488022,314.3237187849449,317.95375240822773,4871100
2023-10-04,316.1865539550781,316.63553450045225,313.912994136064,315.3650312118379,4877100
2023-10-05,316.3583679199219,316.91241447600436,314.65797994430375,316.02401590983453,3172200
2023-10-06,319.1574401855469,320.62857211036595,313.78879839360064,315.5751582973958,4491300
2023-10-09,321.058349609375,321.33538750345036,317.7148873347553,318.05880147096565,3756300
2023-10-10,322.3575134277344,323.84773987832074,321.0010102982646,322.118694712542,3769400
2023-10-11,322.9115295410156,323.68529977299073,321.12517038441456,323.0643770026329,2773900
2023-10-12,321.2303466796875,323.6185344244659,319.6063965048476,323.6185344244659,3315000
2023-10-13,321.62200927734375,324.4209582854606,320.51388667816104,322.3862468385122,5154600
2023-10-16,324.68841552734375,325.66278547771424,323.2745981116983,323.61848309911926,3969300
2023-10-17,324.7838439941406,326.2454131553498,323.1407703032079,323.1980844544184,3777800
2023-10-18,321.5742492675781,324.76486448111956,320.9724213131869,324.5451407215649,4141200
2023-10-19,319.1764221191406,323.4751588620056,318.8325371729951,321.6314854333743,5201800
2023-10-20,316.55474853515625,319.4604193989762,316.49740226282506,318.64797498227216,3960800
2023-10-23,314.76727294921875,317.6442404533786,314.3467143269298,315.3216297682367,3898300
2023-10-24,316.79364013671875,317.99796996208653,315.2739058741852,316.3730814411619,3583900
2023-10-25,315.7518615722656,317.98845362950846,315.25482166909495,317.53922173110874,3836300
2023-10-26,313.3336181640625,316.39219243779024,312.8939245947045,315.570209899346,4882600
2023-10-27,309.8639221191406,313.39086193996377,308.9272181934902,313.352621387959,4757300
2023-10-30,314.6812438964844,315.43631257187843,311.9476129356597,311.96674779817454,4617200
2023-10-31,315.8760070800781,316.0671515228692,313.3526554156537,314.63343694144567,3645800
2023-11-01,317.9788513183594,318.62879509228674,315.5128744495149,316.2966456193124,4546200
2023-11-02,323.4364929199219,323.5607236922293,319.6323594068863,319.98600436660814,5356300
2023-11-03,325.5583190917969,326.52369619671,324.3922592916396,325.08998168557,4046900
2023-11-06,325.9693603515625,326.54285202664335,324.87018498957315,325.79729243073945,2766000
2023-11-07,326.447265625,326.95384361866803,325.26204171662704,325.67306207182804,2793700
2023-11-08,326.04583740234375,327.4508789884342,324.9179888282033,326.9825415160709,2787900
2023-11-09,324.12469482421875,326.9347783819628,323.7997229448272,326.8965669860376,3940700
2023-11-10,327.8522644042969,328.12942819014995,324.27751661986713,325.74947158992643,3268600
2023-11-13,328.3876037597656,329.0853262961162,327.1068220353251,327.2501876819038,2624500
2023-11-14,333.0232238769531,334.0745911971338,331.3505569252152,332.16297182371903,4815500
2023-11-15,334.79150390625,335.27897626127896,333.55853020788504,333.854828926314,3149400
2023-11-16,334.5526123046875,335.29814295264725,333.3387440815627,334.13205356286335,3848000
2023-11-17,334.6646728515625,335.4212992338935,333.99426919986377,334.99988929143404,2059200
2023-11-20,336.66632080078125,337.35589797852964,334.31986441936226,334.3485955839334,2904300
2023-11-21,335.99591064453125,336.3694157766485,335.55532715900534,336.2736354872716,1849500
2023-11-22,337.662353515625,338.21786161918794,336.64714681936306,337.02068115396975,3486200
2023-11-24,338.85003662109375,338.9937216972755,338.12217058119256,338.2370952597008,1245100
2023-11-27,338.3902282714844,339.17558562423693,337.87303815771594,338.68712667078694,2532400
2023-11-28,339.1468811035156,340.13338596904094,338.1699922637298,338.55308420709434,2759600
2023-11-29,339.6639099121094,341.08138157989634,339.3957427563689,339.97039501239215,2736300
2023-11-30,344.7879943847656,344.9603813672283,341.38801335357647,341.6370070300091,4094300
2023-12-01,347.70916748046875,347.9007280928669,344.6539598494068,344.80720249371615,5852500
2023-12-04,347.3165283203125,347.6134268187943,345.7649574607035,345.88946893968875,4211000
2023-12-05,346.6172790527344,346.95249543809217,345.4584165134501,346.5693742959464,5372700
2023-12-06,345.9564208984375,348.1879524098665,345.5828865664087,347.4792309323209,5583700
2023-12-07,346.54071044921875,347.04831391032127,345.67874616803175,346.6652219217987,3295600
2023-12-08,347.7761535644531,348.31248810827344,346.10968760529994,346.4736351660439,2930400
2023-12-11,349.2798156738281,349.4522026550962,347.66122526205083,348.2358777609846,3673200
2023-12-12,350.92718505859375,351.18576556572424,349.0308403221712,349.96944050590355,3239600
2023-12-13,356.0319519042969,356.0319519042969,350.53450750567924,351.109160084904,4304800
2023-12-14,357.5546875,357.8803463016543,355.57217889675024,356.9608906758743,5507000
2023-12-15,357.6824035644531,358.4119264588499,356.43453391385844,356.8280907756566,6948400
2023-12-18,358.01837158203125,358.87265508216177,357.80719544266145,358.3159339656792,3403200
2023-12-19,360.43731689453125,360.4949077308555,358.15278274231605,358.2679644149645,3749200
2023-12-20,355.9257507324219,361.2435278773238,355.7433700317076,359.640534510076,4564700
2023-12-21,358.8822326660156,359.12220419964876,356.27134120835075,357.93195476671633,3837500
2023-12-22,358.8053283691406,360.25476541432255,357.6342664298674,358.65177240732083,3330700
2023-12-26,360.2933044433594,361.0036108839173,358.5942870583231,358.69028154057764,2217800
2023-12-27,361.4547424316406,361.67552680161805,359.7173507660758,360.0533167922495,3061200
2023-12-28,361.9058837890625,362.53941218047186,361.41633246538225,361.41633246538225,2620400
2023-12-29,361.7523498535156,362.3186792626015,360.2165258950528,361.82915716281184,3364400
2024-01-02,361.9634094238281,362.6641367517719,359.7652622743957,359.7652622743957,5776300
2024-01-03,359.1989440917969,361.03232992944766,358.90138176513386,360.50440432882544,6393600
2024-01-04,359.5156555175781,362.08814257272337,359.3812574373553,359.80360955606767,4251900
2024-01-05,359.6117248535156,361.1571273375711,358.23906553513746,359.4101276911972,5381700
2024-01-08,361.72344970703125,361.84823957845333,357.52875242342714,358.4214394050506,4604900
2024-01-09,360.1299743652344,360.53313932049826,358.75734459892215,359.7652130469937,3230900
2024-01-10,361.8290710449219,362.3282012629284,360.23565663043365,360.4852070927376,2718700
2024-01-11,362.0403747558594,362.9522492809181,359.2374935138922,362.61628317446116,4095700
2024-01-12,360.8307800292969,363.07690994241756,359.6981214847434,362.33780820606967,3816700
2024-01-16,358.6710510253906,360.4660333824012,357.1160401983205,359.92849949880656,4471600
2024-01-17,357.7687683105469,358.75744987693326,356.4441207317495,356.8376775698995,4361000
2024-01-18,359.7748718261719,360.27400200403105,356.46325338571296,357.29837881799114,3953400
2024-01-19,363.6195068359375,364.3590288140325,359.6433048800749,360.9110819654271,5218600
2024-01-22,365.03131103515625,366.00132719514846,364.0804636489557,364.6663422717714,5433400
2024-01-23,364.04217529296875,364.8201229147632,363.02411965679187,364.3494912757325,3110100
2024-01-24,363.1297607421875,365.55965272637815,362.985701792544,365.16587205731184,3967200
2024-01-25,365.4251403808594,365.50196203654366,362.96643705818366,364.0709278827359,3539100
2024-01-26,366.010986328125,367.0098437029563,364.91610921210565,364.9449209964732,3221000
2024-01-29,368.1430969238281,368.23914596218873,365.48271149054113,365.9245018949385,2730900
2024-01-30,369.2764892578125,369.71830907980683,367.3556252632377,367.6725842359753,2747900
2024-01-31,366.27984619140625,370.55377913739073,366.2510344117501,369.967900537648,4476600
2024-02-01,369.8623352050781,369.9103450766599,365.8957467185674,366.3087254063496,3652500
2024-02-02,371.13018798828125,372.4363615860447,368.07599160986496,368.79631569070676,3344800
2024-02-05,368.4024658203125,370.71711028258244,367.0002434131066,370.71711028258244,3761600
2024-02-06,369.8430480957031,370.1215815120524,368.3255788160387,368.7289730504084,2507800
2024-02-07,371.3702697753906,372.11940559413205,370.3906103362258,371.10134997661316,2797600
2024-02-08,372.02337646484375,372.32110806837204,370.25618493387964,372.1386236262016,2549800
2024-02-09,371.4181823730469,372.16731799557783,370.4961760630208,371.8695864859855,3526300
2024-02-12,372.75323486328125,374.0018140004526,371.1493298996837,371.1973397737814,2412200
2024-02-13,367.6726379394531,369.92004562416236,365.40600285355225,369.8336102489885,5325300
2024-02-14,369.0844421386719,369.3341345418034,366.952281806966,368.8059086362703,3465200
2024-02-15,372.8876647949219,372.9644864462988,369.65101415842906,369.9487456863522,3497200
2024-02-16,371.4947509765625,373.4763617774745,371.02340578650234,372.4374707130101,3772300
2024-02-20,371.0138244628906,371.86034362349,369.90758984197,370.84068082267646,3295700
2024-02-21,371.360107421875,371.4755658703385,368.7340075068601,370.31158735989385,3027600
2024-02-22,375.6793518066406,376.5739568099132,373.1494227135765,373.5822818975778,4990700
2024-02-23,376.3912353515625,377.8918727724794,376.0449479573543,376.8625807569039,3451600
2024-02-26,375.84283447265625,377.47815842265106,375.39071757045775,376.5546962193877,1914100
2024-02-27,374.832763671875,375.5927110193945,373.957387229812,375.50610984215564,2370900
2024-02-28,374.7750244140625,374.9096818967076,372.8511280149722,373.178186880058,3313900
2024-02-29,375.1116943359375,376.22752836083373,373.66877210516407,375.8235265757608,3026900
2024-03-01,376.4199523925781,376.7085251135722,374.08242528353736,375.015516223191,3857500
2024-03-04,375.3811340332031,376.3623108311787,374.5346147456938,374.5346147456938,3048500
2024-03-05,371.4947509765625,374.47679605326306,370.2730874187427,374.188194000231,4132400
2024-03-06,372.44708251953125,374.3228931789793,371.43704869141504,373.70723226392806,3039100
2024-03-07,373.66876220703125,374.8904257617807,373.0723297081284,374.265165349607,2965700
2024-03-08,373.2261657714844,375.5637215384397,372.95682152692143,373.4666527525699,4256900
2024-03-11,373.63995361328125,373.8611829235771,370.8310517957342,372.19703123275315,3396000
2024-03-12,375.91973876953125,376.54499921740705,373.0819798862802,374.42870147162705,3275800
2024-03-13,376.3334655761719,377.8437316552569,375.2176018757462,376.78558251206556,2788700
2024-03-14,375.2271423339844,377.4780976047106,373.08198727447785,377.2472394301734,4471900
2024-03-15,373.1665954589844,375.34582065263385,372.2409191205833,373.88013457121855,4372300
2024-03-18,373.87042236328125,374.96000527205626,373.62935872894184,374.4682554681688,2060600
2024-03-19,376.9271240234375,377.11033475486477,373.61973774845575,374.28507578854095,3303800
2024-03-20,380.8709411621094,381.09273032893975,375.9532659061688,376.2039521091976,4823900
2024-03-21,383.5323486328125,384.56410833642514,381.6616919572476,382.1438193596773,4348400
2024-03-22,380.4273681640625,383.8311857429166,380.38878974037914,383.5419211320795,3156100
2024-03-25,378.9038391113281,380.06092692115755,378.77848131091935,379.8391672066316,2535600
2024-03-26,378.8074645996094,380.17668979399394,378.59532738864186,379.6077830524716,3395400
2024-03-27,383.3490905761719,383.3683650762717,380.36954712791663,380.88060093438014,4427300
2024-03-28,383.5419921875,384.3133842437847,382.8477275661555,383.8312568519266,3155000
2024-04-01,381.19873046875,383.82150396791116,380.6202012920117,383.5997442590658,3825200
2024-04-02,377.6311340332031,378.12291342640515,376.3293840920184,377.95897715309684,4034900
2024-04-03,377.2742614746094,378.8749276301989,376.049639308399,377.67923192471,3547000
2024-04-04,372.2215881347656,380.14776293379,371.81661764034317,379.9452776865788,5041200
2024-04-05,374.9600524902344,376.4932432932131,372.2794257158813,372.539793306852,4423500
2024-04-08,375.1915283203125,376.1943614976824,374.6804744809574,375.14329792688227,2431300
2024-04-09,374.9407653808594,376.04002977972823,371.94194761771746,375.692882812348,4003900
2024-04-10,370.76556396484375,372.17336751085764,369.33845649277924,371.1609119015653,5173100
2024-04-11,370.79443359375,372.27936433621403,368.34521892477085,371.69118321615593,3972800
2024-04-12,366.29144287109375,369.24206001729283,365.2693352022389,368.6442267875912,5305100
2024-04-15,363.8229064941406,370.10021345542015,363.13829395685315,369.6277086838223,4870700
2024-04-16,364.468994140625,366.349273108534,363.56259238828085,366.1660623653974,4383500
2024-04-17,363.9579162597656,366.5999644887328,362.69474506805386,365.65498437226637,4584900
2024-04-18,364.3339538574219,367.31349703469283,363.37935122174025,365.50069368177884,4579200
2024-04-19,366.4159851074219,367.6026509887648,364.60226030185515,365.34511520452634,5078600
2024-04-22,368.8954162597656,370.8924772825439,366.42563207936206,368.27798493573965,4129000
2024-04-23,371.45196533203125,372.001885717664,369.41633542183496,370.16884720769997,3126400
2024-04-24,370.8924560546875,371.8861579966309,369.52248345948834,371.3072959220095,3575800
2024-04-25,367.4964904785156,368.1042647097296,364.17771283520295,366.4063066760939,4682800
2024-04-26,368.8375244140625,369.8312263897665,367.1202521810357,367.33250063420303,4252400
2024-04-29,370.2749328613281,370.49683829444126,368.60591664899994,369.59961842331353,3265900
2024-04-30,364.8047790527344,369.26196646496476,364.7565233774586,368.98217776322866,3463600
2024-05-01,365.5379943847656,369.96624002523936,364.6600590983504,365.04595727733175,5731600
2024-05-02,368.76025390625,369.41628369085123,365.5475863702965,367.71829653810363,3535600
2024-05-03,373.1402282714844,374.3172366922917,371.4904968548423,373.4972142159597,4471100
2024-05-06,374.7611083984375,375.0408676558027,373.1981721558327,374.6356848627213,2596100
2024-05-07,375.0408630371094,376.0152802406174,374.65496485345034,375.4557322906334,2428600
2024-05-08,376.7195129394531,377.134352692655,374.51020419278757,374.6549123110975,2855100
2024-05-09,380.1155700683594,380.36641717567886,376.26618577265725,376.3626382519505,4141200
2024-05-10,381.2539367675781,381.9485653038354,380.21200868426496,381.3214770491097,3505600
2024-05-13,380.559326171875,382.6335548547424,380.18308497816076,382.41167883660086,2635800
2024-05-14,381.6398620605469,382.28626440853964,379.9322469486711,380.6365325586158,2702700
2024-05-15,385.2093811035156,385.4216294864253,382.9518461810073,383.2412624112753,3421200
2024-05-16,385.141845703125,386.86877441125364,385.0646778547914,385.66282436633077,2877200
2024-05-17,386.43084716796875,386.49845860901615,384.97187895906086,385.6192150152121,2702900
2024-05-20,384.64337158203125,387.1748052417972,384.3921507044605,386.25690548607207,2094800
2024-05-21,385.30035400390625,385.5708882060076,384.3244847992471,384.85591127602896,1618300
2024-05-22,383.2520751953125,385.3680510249974,382.140953470862,384.4984787835153,2647200
2024-05-23,377.4548645019531,383.6675097470107,377.05871983580846,383.63852499026933,3361200
2024-05-24,377.4355163574219,378.99108063580684,376.9717308063051,377.9958980980903,2072200
2024-05-28,375.4644470214844,377.02968263985514,373.937838082717,376.6335380288083,2176100
2024-05-29,371.58038330078125,372.681863083467,371.25187954612596,372.2857183977302,2715000
2024-05-30,368.58514404296875,369.4740294988024,367.5513053296257,368.4788469531963,4063400
2024-05-31,374.4306945800781,374.5079774430948,368.3822859097704,369.06830769189366,4748400
2024-06-03,373.1842956542969,374.77854589855735,369.98618272256317,374.75920306804323,3614300
2024-06-04,374.4113464355469,375.2519338655736,371.54173757916857,371.9861803437537,2822500
2024-06-05,375.3968505859375,375.8219800000702,372.923386441539,375.464491512281,2181400
2024-06-06,376.16986083984375,377.38727977632226,374.6819371241739,375.66744848616577,2241900
2024-06-07,375.3581848144531,378.38238873426087,374.7784897063897,375.7350161207121,1952000
2024-06-10,376.131103515625,376.1987149439291,374.102082488198,374.91368500196614,1380600
2024-06-11,374.8557434082031,375.0779795063571,371.8895092298704,374.55622446365646,2522600
2024-06-12,374.58526611328125,378.66262242967053,373.6190682135304,378.3437606105816,3866700
2024-06-13,373.80255126953125,374.5658556685425,371.5899503966066,373.7445817694557,3136100
2024-06-14,373.3968200683594,373.47413241002323,370.66249307388455,371.6190195283373,2884300
2024-06-17,375.44512939453125,376.05383872831146,371.9668408918163,372.2277036837148,2025300
2024-06-18,375.98626708984375,377.0007630961845,374.9041006674549,375.76403095661726,1848700
2024-06-20,378.8171691894531,379.82199364676444,375.25189703641195,375.59971408255444,3588000
2024-06-21,378.9566345214844,380.05088211025816,378.10447606113325,379.27620872006383,2592100
2024-06-24,381.5130920410156,383.0721317701573,379.49889403777735,380.05086431719405,3096600
2024-06-25,378.646728515625,381.6389464004929,377.48471850653004,381.1063621736444,2879100
2024-06-26,378.8597717285156,379.33428648892135,376.70035573721174,377.74616771055656,1501900
2024-06-27,379.16961669921875,379.97336903288954,377.8139236957939,378.2496663298102,1601100
2024-06-28,378.7532653808594,381.8423248397918,376.8843445131487,378.98566147370394,3624400
2024-07-01,379.0727844238281,381.81324955853194,377.91077448613873,379.6731606577514,2536500
2024-07-02,380.8449401855469,380.8449401855469,378.3272073485522,378.424048909955,1711600
2024-07-03,380.3995361328125,381.59062547077326,379.73139722096647,381.2710807738034,2319100
2024-07-05,381.2420349121094,381.53253009395877,379.25688599647003,380.74816355106486,2011000
2024-07-08,381.0094909667969,384.1760352257074,380.3510157243652,381.92944134364365,3374500
2024-07-09,380.5060119628906,382.5395665579477,379.08252670154025,380.7771506054385,3821600
2024-07-10,384.68939208984375,384.8830456986986,380.2058958406417,380.50608405348277,4234300
2024-07-11,385.047607421875,386.2677460925598,383.7693697241953,384.9217163460874,4020700
2024-07-12,387.6525573730469,389.9475580008703,385.5221608335182,386.2387353277684,4711800
2024-07-15,389.6279602050781,390.80935647800754,388.6983461130367,389.73449480156887,4433500
2024-07-16,396.6968688964844,397.01641349157654,391.0707208244569,391.0803842927446,6547600
2024-07-17,398.89508056640625,399.29211027227274,395.6317239337734,395.6317239337734,4490600
2024-07-18,393.84991455078125,400.7639638510195,393.20110276264927,397.6845976042906,4922200
2024-07-19,390.3854064941406,393.3984176838183,389.41658804354444,392.7299305876275,4284500
2024-07-22,391.5480041503906,392.1099354564186,389.67819147777044,391.4414483034515,2314000
2024-07-23,390.90863037109375,392.65252169293314,390.6470599775174,391.6837030361332,1693500
2024-07-24,386.2390441894531,390.07555875812415,385.66741501989765,389.2036276606089,3701300
2024-07-25,387.0333251953125,391.7805598917318,385.94825311590125,386.20015540790627,4179800
2024-07-26,393.31134033203125,394.9098853206131,389.1841630881279,389.2810508741634,2810600
2024-07-29,392.86566162109375,394.30919195361264,391.36397496864896,394.1735431504503,2039000
2024-07-30,394.7063903808594,395.97554038481735,392.6428020270354,393.2144014545739,2576400
2024-07-31,395.752685546875,399.162945812666,393.81504841985605,394.75480360910007,5634800
2024-08-01,390.65673828125,398.11662382962277,388.4575011169732,396.92499586300346,5497900
2024-08-02,384.74700927734375,387.8956703323561,381.2883191149203,387.45969005218393,4844900
2024-08-05,374.74871826171875,378.12988569620273,372.9273345730693,374.46775259076827,8680200
2024-08-06,377.800537109375,382.2183480761511,374.2159256102457,375.47537811096663,4058000
2024-08-07,375.6788024902344,382.4799284300375,375.20409080625353,380.38727656902114,3969400
2024-08-08,382.2182312011719,382.81892345509794,377.1028711424519,377.3644710372561,2993500
2024-08-09,382.82867431640625,384.1268877278884,380.18381838852025,381.8889190661396,3380200
2024-08-12,381.49169921875,383.6909364191407,380.36786606613583,383.6037462908342,1902000
2024-08-13,385.38641357421875,385.71580839679694,381.7824066908317,382.75122542759163,3510800
2024-08-14,387.6145935058594,388.37996840602915,385.11505476304427,385.33786409775587,5230400
2024-08-15,393.2241516113281,393.47605394272796,390.6083292089493,392.11968406534555,3764100
2024-08-16,394.37506103515625,394.9859137176487,392.30013259810823,392.71705346113475,2789200
2024-08-19,396.6729736328125,396.8766109025071,394.8792376129221,394.9761739243896,2012400
2024-08-20,396.1396789550781,396.90567105716156,395.38339231942507,396.19785257398706,1999600
2024-08-21,396.5566711425781,397.5262710853917,395.1992371406075,396.87665569401815,1439000
2024-08-22,395.0924987792969,398.0206792385285,393.6768619041207,397.2450113098075,2353500
2024-08-23,399.3103332519531,399.78545734719296,396.13975207682444,396.84757069065216,3818300
2024-08-26,400.1733093261719,401.91857747341106,399.13583023461,400.0957543464507,3145000
2024-08-27,400.3381042480469,400.5126251229635,398.85458804173595,399.7563384084849,1710200
2024-08-28,398.835205078125,401.34646517870044,396.2851526977789,400.1150840019993,2732600
2024-08-29,401.3270568847656,403.64438502071977,398.7963860193187,401.77306450774,5024800
2024-08-30,403.55718994140625,403.8868503761061,399.59152966684286,401.9088877679069,2283800
2024-09-03,397.7782897949219,402.55840936902,396.19783749841355,401.59851510371016,3754700
2024-09-04,397.94317626953125,400.0083990572677,396.78935010168266,397.5068445089759,2131200
2024-09-05,396.0426940917969,399.14542503757343,393.63810571916355,398.83514602502873,2234700
2024-09-06,392.1740417480469,398.50552741115615,391.5050155027243,396.52753548629636,3351000
2024-09-09,396.6147766113281,398.39886623855955,393.76415090216597,394.97615062239356,3038200
2024-09-10,395.8488464355469,397.661993430776,392.65885462611624,397.6329066187075,1970500
2024-09-11,396.828125,397.46806445991297,388.62531844991474,394.77257802625263,3134600
2024-09-12,399.4460144042969,399.47510121351024,395.09252094962545,397.2450336009228,3131600
2024-09-13,402.32574462890625,403.65409162465835,399.81448468988617,400.0471791738609,5210300
2024-09-16,404.691650390625,405.8260658137426,403.01423174799595,403.7899294974098,3881100
2024-09-17,404.5752258300781,406.73741446696175,403.16929427089144,405.57391244989776,2561700
2024-09-18,403.5377197265625,408.2014921269063,402.91716168742886,404.8078930237135,3173600
2024-09-19,408.5990295410156,409.9273764490012,406.63074325454386,409.15170849377677,4073000
2024-09-20,408.9957580566406,409.7056491805523,406.98271813461173,407.83850494268523,2902200
2024-09-23,409.5209655761719,410.09475479032625,408.44152721384523,409.53069987131215,2318700
2024-09-24,410.512939453125,411.0186183103885,408.81109965085267,410.06560701486376,2790700
2024-09-25,407.585693359375,411.30057299293736,406.86606786722314,410.8143331354886,2048000
2024-09-26,410.01690673828125,410.5031466124413,408.63600211519366,409.6473596854833,2703700
2024-09-27,411.3104248046875,414.47098478112486,410.61994264186643,410.9603165748758,3667700
2024-09-30,411.4756774902344,411.65071674402776,407.5468505090664,410.7949593884611,3819800
2024-10-01,409.9002380371094,411.5048237807125,407.75106597661943,410.79493251641105,5101300
2024-10-02,410.2989196777344,410.87267914764305,408.03302532468376,410.22110468109133,2599600
2024-10-03,408.4220886230469,409.5307001939387,406.76886104526346,408.77216711562454,2534400
2024-10-04,411.7576904296875,411.95216859001727,408.1108910490485,410.7463030916927,2520900
2024-10-07,408.0622863769531,411.29092684501506,406.74946222266334,410.49348618524095,2632600
2024-10-08,409.2195739746094,409.68637506069916,407.1870943267704,408.93757614130624,1872900
2024-10-09,413.3525085449219,413.94573662868385,408.47067085226934,409.30701887510673,3935100
2024-10-10,412.9732666015625,413.37198687236685,411.39785410767524,413.30390616516735,2179000
2024-10-11,416.9313659667969,417.262005609341,413.31373913732034,413.5762980564109,3753500
2024-10-14,419.0318603515625,419.54727348930726,415.4336730050751,416.5325799932948,2180600
2024-10-15,415.7740478515625,418.2927671288307,415.2780736258534,417.51476543382324,3291200
2024-10-16,418.8664855957031,419.2165640658173,415.1710743595488,415.4238989176111,2583700
2024-10-17,420.54901123046875,420.97690482845485,419.33341116294827,420.6365308740019,3462800
2024-10-18,420.8788146972656,421.4235888760614,418.6315840997753,420.5091401428043,2303700
2024-10-21,417.6976013183594,421.26784568336774,417.1041983766437,420.6744130536922,2702600
2024-10-22,417.6392822265625,418.7191225132652,415.5477355287788,416.01469750248305,2306100
2024-10-23,413.6020202636719,416.13134514806666,411.4229242096491,415.42117952533806,4006500
2024-10-24,412.25946044921875,413.12527988339133,410.4694847550558,412.78478876109926,1936600
2024-10-25,409.6913757324219,414.4192429866964,409.0395765363829,413.884206543471,2518800
2024-10-28,412.5416259765625,413.27123715900547,411.7633562358503,412.03574322311084,2912000
2024-10-29,411.0143737792969,413.4172282289096,410.2945001159017,410.7517243937782,2697700
2024-10-30,410.2846984863281,413.1058558578309,409.9928658812593,410.54734783089003,2933600
2024-10-31,406.3156433105469,408.514184964286,405.68328982699217,407.83323229516424,4297100
2024-11-01,408.99090576171875,411.7925880950699,407.91106564652466,408.26129449316767,3856400
2024-11-04,406.685302734375,408.87413650514765,405.11908481973086,408.42664991352905,3125400
2024-11-05,410.8197937011719,411.13110164983055,406.3545760759566,406.89935014212926,3093100
2024-11-06,425.3438720703125,425.8886460426774,421.9195446006416,422.84373063659365,7271800
2024-11-07,425.49957275390625,426.3361794148027,424.5656489661675,425.63575141797764,4267900
2024-11-08,428.1456604003906,429.6924626106273,425.5093396627754,426.3848673581055,5014300
2024-11-11,430.966796875,432.77621858450357,429.80914461175297,429.86751113864284,4065100
2024-11-12,427.44525146484375,432.14393544974445,427.1144681973703,431.52131952033733,3483000
2024-11-13,427.8537902832031,429.54647899188564,426.52103839758905,427.95107772704966,2631000
2024-11-14,425.8011779785156,428.9530893789275,425.2174829852644,428.61259815886757,2528300
2024-11-15,422.9549255371094,424.9017388027704,421.99123277051837,424.2495432881283,3486900
2024-11-18,422.6434020996094,423.7530701451582,421.66999552708785,422.62394466232297,2243000
2024-11-19,421.3293151855469,422.5752744630682,418.21443184474975,419.2754414891536,3202500
2024-11-20,422.7406921386719,423.3441993799289,419.46031718112454,422.02035117129435,3956000
2024-11-21,427.2962951660156,428.82455065307994,422.09830750162956,424.26898520156277,7558000
2024-11-22,431.37493896484375,431.7740392971306,427.63706060895817,427.89986973733494,5492800
2024-11-25,435.6578063964844,436.4754642835671,433.55524481283936,434.7330583483505,2976100
2024-11-26,436.9427490234375,437.38076415946745,432.83497208038193,434.6844386354235,4126500
2024-11-27,435.83306884765625,438.65597179955114,435.4729131526109,437.23477675151736,2985900
2024-11-29,438.12054443359375,439.27890058847,436.3197363999283,436.3781384156355,3474100
2024-12-02,436.8065185546875,439.00642723032536,436.0180614942362,438.62678435365564,2661200
2024-12-03,435.97906494140625,437.64358178987396,434.7330760653488,437.20553696900936,1697400
2024-12-04,438.94793701171875,439.54170072801384,436.84537537095173,437.88692747325007,3694400
2024-12-05,436.7384338378906,439.4737045181234,436.4269365382868,438.5002977363746,1917600
2024-12-06,435.2587585449219,437.99402873515453,434.89860285315643,437.5365264414495,1973900
2024-12-09,433.2437744140625,436.3586872579816,432.9712217681703,435.74543637822165,1998600
2024-12-10,431.890869140625,433.9447432471993,431.17055760842635,432.689069852856,2461000
2024-12-11,430.74224853515625,432.91292666695176,430.61570089937993,432.2996756357389,2084300
2024-12-12,428.561767578125,431.3359826820602,428.347616910656,430.72273169312535,3585300
2024-12-13,427.68560791015625,429.78816950877206,427.2475928100335,429.1359740850219,2548400
2024-12-16,426.7122497558594,428.9511027766068,426.3034356160963,427.9582090251577,1987500
2024-12-17,423.9867858886719,425.2132581954948,422.877087933052,424.5805497482106,3130300
2024-12-18,412.93853759765625,426.3910235663289,412.7049295260534,424.3858084023746,6135700
2024-12-19,413.2403259277344,417.5622538510436,413.16246646600507,416.1410884528785,4948000
2024-12-20,418.3489685058594,421.8047628931819,411.6911466633272,412.0230576037672,6069600
2024-12-23,418.6906433105469,419.2275519234457,414.8736228793832,417.13842865350256,2602700
2024-12-24,422.2147521972656,422.34166544438955,418.09510648704287,418.69061561773793,1431700
2024-12-26,422.9078063964844,423.3568885672275,420.6722864330892,420.72108546424727,1867400
2024-12-27,419.77410888671875,422.00965841296886,417.2652192719367,420.3403027158794,2429100
2024-12-30,415.6446838378906,417.4897517413815,412.47197261509524,415.35183010328956,3858300
2024-12-31,415.3811950683594,417.5679161506065,413.9559236338119,416.7576674684011,2442700
2025-01-02,413.72161865234375,418.7589124910184,411.5641829082695,418.1536614508398,4231500
2025-01-03,417.0016784667969,417.5971577093781,414.1120787982115,415.7228340618017,2203200
2025-01-06,416.972412109375,420.86751625401746,415.9473643190006,418.66125185537857,3463300
2025-01-07,415.2152404785156,419.11037479384566,413.780197265887,418.70034967944827,2053900
2025-01-08,415.9961242675781,416.4158912038154,413.1943810630713,415.2932455360915,2020200
2025-01-10,409.35784912109375,414.23894351249794,408.8404543072784,414.1901444853182,3415500
2025-01-13,412.901611328125,413.17495147725793,408.55745432255395,408.80150909113127,2608100
2025-01-14,415.0393981933594,415.39085243730455,411.5250047130684,414.7758298542746,2643300
2025-01-15,421.9608459472656,422.9761219405157,420.262234602122,421.29702424822517,4059800
2025-01-16,421.2970275878906,422.6149290659103,420.5160643818683,421.8144224150436,2532500
2025-01-17,424.54119873046875,426.1721094327955,423.80875969349376,424.36542051431974,2771000
2025-01-21,429.7953186035156,430.11757873074777,426.09405092007097,426.13312268801707,2113800
2025-01-22,430.9476318359375,431.6507745612804,430.0394145082513,431.15270643828075,3724100
2025-01-23,434.9517517089844,435.0201198619494,431.18211534116193,431.18211534116193,2352500
2025-01-24,433.72113037109375,435.049302096239,432.95939490328294,434.3852013321548,2022000
2025-01-27,436.65081787109375,436.83637146373906,430.22489966180507,430.32256415314765,3822400
2025-01-28,437.91070556640625,439.2095511619509,435.73290918258687,436.72904546182514,2233500
2025-01-29,436.7095031738281,439.08259882107876,435.33251402217013,437.71538506153263,2225100
2025-01-30,438.31109619140625,439.57086998491144,435.8989288972276,436.0844825200893,2322600
2025-01-31,434.9614562988281,439.81505791470653,434.6196453926748,439.49279779366407,3085400
2025-02-03,433.8676452636719,435.45948445552057,428.4280864795289,429.31675309045045,4527700
2025-02-04,435.0981140136719,435.5571103669418,432.8910213613923,433.82856485085176,1890500
2025-02-05,438.1646423339844,438.3404205764479,433.02779291536467,435.28370310272254,2273400
2025-02-06,436.88531494140625,439.19984782268324,434.9614699413136,438.82874053024995,1867200
2025-02-07,432.74462890625,437.98888908367917,432.43211434520043,437.2955216163115,2259200
2025-02-10,434.3656921386719,435.82079497875105,432.7250356716401,435.3813493909875,1858100
2025-02-11,435.66455078125,436.08450520395314,432.85200952619925,432.95941962764147,1436200
2025-02-12,433.2426452636719,434.3754880595972,430.74258868060406,431.9828415798288,2444500
2025-02-13,436.78759765625,437.3637794686778,433.310955999655,434.90276517482596,2961500
2025-02-14,435.3521423339844,437.54946013266886,434.9224422468881,436.6314672014205,2005400
2025-02-18,435.4789733886719,435.55708710711065,433.2425844844643,434.853944429077,2451200
2025-02-19,436.2115173339844,436.33844843159335,433.1645451277737,434.36575618415566,2239400
2025-02-20,432.0317077636719,435.12746735341943,429.6683575537311,434.8442491912097,2960000
2025-02-21,424.6172180175781,429.7421818902696,423.83479582277465,429.4585411594686,3842200
2025-02-24,424.9888000488281,427.3067559639655,423.83471707928527,426.26024334103806,3629300
2025-02-25,426.5536193847656,427.93266269452397,423.1500212257353,425.9765779738711,2953100
2025-02-26,424.80291748046875,428.89112740515986,423.49234429230154,426.856812417665,2427800
2025-02-27,422.8567199707031,429.1161865803831,422.61220932307896,424.90082540314205,3296900
2025-02-28,428.7444152832031,429.18454627465553,421.55579812354244,423.5510128519854,3249900
2025-03-03,422.6024169921875,431.0135891931084,420.0497401720049,429.8888461898,3925200
2025-03-04,416.2255859375,421.6243702081071,414.5433515140695,420.24532659522305,3586900
2025-03-05,421.0179138183594,422.1231065077853,415.1301093057143,415.87340123465384,3018300
2025-03-06,416.5483093261719,420.67565001419615,414.7291645394426,416.81239991278636,2824100
2025-03-07,418.8564758300781,419.8931984557187,412.7143703405811,414.7878155918622,3719500
2025-03-10,410.2790222167969,416.69497837007884,407.4720451306719,414.0934116908561,3442800
2025-03-11,405.63323974609375,409.8290494234574,403.19792405556944,409.28134814243566,3893400
2025-03-12,404.8607482910156,408.40125774562426,401.5451695331692,407.8046362358605,2960500
2025-03-13,399.80426025390625,405.09547439980275,398.30785624203475,404.27392218225486,2557200
2025-03-14,406.2396545410156,406.77759573984986,400.90934166336956,401.80912390717236,2422700
2025-03-17,410.0050964355469,411.5406299807672,405.7310564413514,405.8288666389895,2141000
2025-03-18,407.384033203125,409.47705843816016,405.7702690798199,409.23254781803854,1844100
2025-03-19,411.1886291503906,413.213154383041,407.64809033038415,408.4403023447881,1813800
2025-03-20,410.8951416015625,413.84884855994306,408.469615709628,408.7434663699265,1646500
2025-03-21,411.1900939941406,411.5722734942031,405.8691864474961,407.69180586610395,2485700
2025-03-24,416.9422302246094,417.667384540371,414.29648904854525,414.8452366956328,2474900
2025-03-25,417.2655334472656,418.26503148065905,415.8348424586168,417.7554887408993,3997600
2025-03-26,415.70745849609375,419.5389122900081,414.639359597713,417.7652467032606,2442100
2025-03-27,414.4434509277344,416.5502530386461,412.99317226635435,415.16857530617307,1646000
2025-03-28,407.2704772949219,413.8946831466835,406.85893155052906,413.50272485052335,2600600
2025-03-31,411.4449157714844,412.8951644907065,403.1744669450757,403.91920865786665,2985300
2025-04-01,411.1607360839844,412.816787595834,406.66294946042024,410.00444860958703,2384800
2025-04-02,413.55169677734375,415.1391472700142,407.8192134058669,408.00539882458753,2299800
2025-04-03,397.0794677734375,403.341082427499,396.86388619463304,402.6649714668678,7440100
2025-04-04,375.5213317871094,388.68152363366175,374.9921717032945,386.9960762483049,8667200
2025-04-07,371.9447021484375,384.33075753214877,358.9608857025369,363.91923132649816,12718200
2025-04-08,368.9168395996094,386.43762009911865,363.5763136207407,385.57532368954185,7283000
2025-04-09,397.9221496582031,399.5978185949215,364.5660088020762,364.5660088020762,9861100
2025-04-10,387.73101806640625,392.150424430852,376.5894393568416,391.57228076683003,6624200
2025-04-11,393.8359375,395.97213578167117,384.80115908836456,386.51600291993145,3789900
2025-04-14,397.2753601074219,399.6663144081118,393.63987032799054,399.29397350785933,2286200
2025-04-15,395.5997619628906,399.82317491854957,395.4233852043232,397.6379930769018,2387300
2025-04-16,388.7992248535156,396.168173729668,386.1240873191628,394.22793944279687,3004400
2025-04-17,383.6883544921875,386.688398393435,381.874643037294,383.8060273254454,4537500
2025-04-21,374.13922119140625,381.08045098520296,370.93333271980254,380.84513528279086,2881800
2025-04-22,384.18829345703125,384.9628157181685,377.6490600797114,378.50200096202684,3308100
2025-04-23,388.1492004394531,395.83551369714394,387.15898933254215,391.4629489696994,4049200
2025-04-24,393.11981201171875,393.8060723305126,386.08053501367044,387.75703633046413,4010500
2025-04-25,393.1590270996094,393.5021722367772,389.3551096181918,392.0413894155128,1790800
2025-04-28,394.38458251953125,396.2473621346705,390.90418255951374,393.9237943914754,1534700
2025-04-29,397.26678466796875,398.3550412375573,394.31580911700814,394.51187062693344,1888100
2025-04-30,398.37469482421875,399.7864695407404,389.6197528075371,394.54133721804516,2487400
2025-05-01,399.43359375,402.8747688980735,399.0414107839439,400.54141787909373,1917600
2025-05-02,404.94342041015625,405.75713722817534,402.286521455355,403.7081098986156,2277700
2025-05-05,404.1786804199219,406.31593977603376,402.4139469792417,402.76690563512057,3866000
2025-05-06,400.2374267578125,403.6688176728674,399.52175580105927,400.4629289317694,1745600
2025-05-07,402.9923400878906,404.70803554123535,400.1491936062188,401.8256647860678,2420600
2025-05-08,405.76690673828125,409.56104013266463,403.50219099249654,405.00219791398195,2001000
2025-05-09,404.3354797363281,407.03157239204916,403.50213602250756,406.3158715706547,1789200
2025-05-12,415.91400146484375,415.98260654441356,412.83553925503094,414.66887761339206,2398600
2025-05-13,413.2473449707031,415.67871153507014,413.159112789192,414.3943932497037,3018000
2025-05-14,412.3061828613281,414.374837275867,411.38460675920885,413.8061899348866,3064800
2025-05-15,415.1787109375,415.37477247023884,410.2865074577609,410.33554528046176,3927000
2025-05-16,418.5067138671875,418.7323876329743,414.5330949926273,415.7497032520737,2430300
2025-05-19,419.9686584472656,420.5769626067161,415.6418121601172,415.71049938898994,3121500
2025-05-20,418.9188232421875,420.1256404740642,417.01540253928715,419.3407077427989,1971000
2025-05-21,410.8539123535156,416.5641757065458,410.2063539374075,415.1120722938674,3624800
2025-05-22,410.92254638671875,413.20859767027423,409.49987627071386,409.9904480428363,2638600
2025-05-23,408.4794616699219,410.28479206557336,406.0266029109779,406.13454426627567,3117800
2025-05-27,415.857666015625,415.867457089688,411.2855338494271,412.76707007156,3126600
2025-05-28,413.4735412597656,416.81921452336303,412.80634086837915,415.73998053749335,1790900
2025-05-29,414.4938659667969,415.0433039199484,410.68702447558786,414.4938659667969,2751400
2025-05-30,414.8765563964844,416.26976347087015,411.5995405302443,414.19956495114025,2957500
2025-06-02,415.7203063964844,415.85768085949513,411.1776071745707,413.36556797134165,2636100
2025-06-03,417.9768981933594,418.33009543565873,414.5036422668179,415.0923342794364,2332600
2025-06-04,416.9271545410156,419.105294482437,416.8486462871644,418.34000368907954,2163300
2025-06-05,415.9754638671875,418.77172918671675,414.8863788735883,417.91813902375173,3018800
2025-06-06,420.30224609375,421.97999305013997,418.50673676912197,419.7135540210503,3081100
2025-06-09,420.28265380859375,421.6170246607991,418.38905386614636,420.4396403760371,2680200
2025-06-10,421.509033203125,421.98981386569784,419.80185314101794,420.1943045419236,2022600
2025-06-11,421.4992980957031,423.9129029767678,420.0962699286631,421.7543750719935,3025000
2025-06-12,422.3724670410156,422.4313332572217,418.91885260772204,420.1256699241946,2587700
2025-06-13,414.8372802734375,418.8697956228379,413.6501050238524,418.07504184216907,4826100
2025-06-16,418.2418518066406,420.1256605093919,416.86825688907385,417.0350345172122,3177100
2025-06-17,415.13165283203125,418.3792656838998,414.39579513449826,416.45620267601595,2450200
2025-06-18,414.86676025390625,418.17320942722864,414.2682770243235,415.68112621739397,2786700
2025-06-20,414.98388671875,417.33547264642317,413.96058726361144,416.5680055618877,3810500
2025-06-23,418.880126953125,419.1162613596698,412.8781272262416,415.2198935153587,4315000
2025-06-24,423.86871337890625,424.793613254736,420.8086646338269,421.64501409949423,4958200
2025-06-25,422.95367431640625,423.9868225918432,421.6253880051258,423.82938961575934,3265500
2025-06-26,426.958251953125,427.214084269157,423.8785353261877,423.8982332134315,2444800
2025-06-27,430.962890625,432.4978245455925,428.10948936375854,428.15867402986305,3621000
2025-06-30,433.5703125,434.1705275792617,431.6122943455901,433.37354380649845,2827800
2025-07-01,437.7421875,438.8048224638073,432.93073829090594,433.11768805734926,4520300
2025-07-02,437.5650634765625,438.2439800016557,436.24659617446974,437.53554667230924,3141700
2025-07-03,440.8907470703125,441.64836503600736,438.4112455239112,438.5096448768335,2807100
2025-07-07,436.8665466308594,440.6448482957455,434.465746089535,440.19224721813356,3657500
2025-07-08,435.27252197265625,437.24038904245276,434.94780709086945,436.5614725011915,3563200
2025-07-09,437.3781433105469,438.44080839012554,435.17414170441316,437.25025716830544,3251900
2025-07-10,439.32635498046875,440.61530560185804,436.57135289519493,437.2404205405799,2262600
2025-07-11,436.4433898925781,437.3190750935817,435.6464061595933,436.54178924805217,3345500
2025-07-14,437.43719482421875,437.6143256962438,435.370958247547,435.9908112041859,2244700
2025-07-15,433.07830810546875,438.01767331141593,433.0684891893714,437.4371261437536,3810700
2025-07-16,435.2528076171875,435.4987909916056,430.6086703343514,434.7608408683514,4230300
2025-07-17,438.0668640136719,438.45058245568316,434.8789291555881,434.94778167828406,3790800
2025-07-18,436.3157653808594,438.79627549011326,435.19361054414986,438.74707082091606,3901900
2025-07-21,436.4928894042969,439.022633939211,436.19760134318824,437.24099254507513,2548800
2025-07-22,437.98907470703125,438.47141860279,435.90229226008825,435.9219681180768,3091600
2025-07-23,443.15692138671875,443.1963031506362,439.3574072545075,440.2433016860012,5486500
2025-07-24,440.1053771972656,442.0937502751954,439.7510315236607,440.0069678698046,5078300
2025-07-25,441.985595703125,442.3695003419836,439.41649865040637,440.518947808944,3710600
2025-07-28,441.3161926269531,442.4383475279141,440.3712406321054,441.63118663839646,2864200
2025-07-29,439.48529052734375,441.8181564272629,438.66827679123764,441.6016018267927,3146200
2025-07-30,437.79229736328125,440.37124703557424,435.6759557252019,439.7117301919924,3765000
2025-07-31,434.41595458984375,439.2096846770181,433.5989708813767,438.29423155661755,4223300
2025-08-01,428.89385986328125,430.90190892353644,426.6101985821659,430.89205597438746,5980000
2025-08-04,434.8885192871094,434.9771057254942,430.734629396879,431.02009461355266,5065800
2025-08-05,434.22900390625,436.05985025813413,432.32921694306486,434.8786377450281,4081600
2025-08-06,435.04595947265625,436.01061729708624,433.23478909902707,435.1837505678719,2975300
2025-08-07,432.83123779296875,438.03837174202164,431.1185066804392,437.30994434010415,5205100
2025-08-08,434.99676513671875,435.94171708464893,433.4119722474746,433.9041391011125,3684500
2025-08-11,433.1166687011719,435.9318485846084,432.3488896384638,435.40029999058595,3538100
2025-08-12,437.71356201171875,438.17620011519153,434.2290418684399,434.7704134612447,5012600
2025-08-13,442.3792419433594,442.6056194574613,439.0620123116242,439.44591685385114,6203200
2025-08-14,442.123291015625,442.5957819659962,439.97745094004375,440.7255240621173,4553200
2025-08-15,442.749755859375,445.23173597994827,442.19820472146984,445.0840044353813,5584400
2025-08-18,442.2769775390625,443.183114426213,441.86332922112155,442.57247068058825,3809100
2025-08-19,442.5133972167969,445.330245599446,441.449669952915,443.0649483694454,5794900
2025-08-20,442.58233642578125,443.72484387587645,440.9178541689629,443.00587362499436,4731400
2025-08-21,441.1935729980469,442.2966752059422,439.154787636697,440.9670312721366,3780700
2025-08-22,449.7525329589844,450.9639616852564,443.4983037242558,443.62634774901557,8534700
2025-08-25,446.23638916015625,449.3093256441084,446.1969840608716,448.7676332724019,3898200
2025-08-26,447.6349182128906,447.89100625150746,445.714348095109,445.96057734538476,3190500
2025-08-27,449.1517333984375,449.75254844516354,447.3591771046435,447.428128513778,2943900
2025-08-28,449.9002685546875,450.3040881528416,447.93043445088205,449.64418050286224,3576500
2025-08-29,449.2108154296875,449.9495032199864,447.4281179670155,449.24036173900816,3605900
2025-09-02,446.7681884765625,446.85685745747315,443.37024284165835,445.17262773667755,6009200
2025-09-03,446.42352294921875,446.8962639084686,443.7346885143502,446.0492496516234,3948200
2025-09-04,450.15631103515625,450.36316525017065,445.7340432428515,446.70910147230046,4524200
2025-09-05,448.12744140625,451.7519593370869,446.1477783871956,450.22531973061905,5828200
2025-09-08,449.3191833496094,449.407822279823,446.78793924346843,448.51154413128455,4395200
2025-09-09,451.1018981933594,451.63373179507937,448.3539710219991,449.0828000699536,5979400
2025-09-10,449.05322265625,450.993510443859,447.8516226549295,450.8063738000833,5412200
2025-09-11,454.952880859375,455.3468416539752,449.71311512507447,449.95934437885984,6352100
2025-09-12,452.39208984375,454.7263383565241,452.1458605903809,454.2929724660119,3784600
2025-09-15,453.1307678222656,453.9580944888528,451.90945031296735,453.0716752073152,4862200
2025-09-16,451.8601989746094,453.84972040116,450.8752820205641,453.1701252982864,4526100
2025-09-17,454.3028564453125,456.8537880447904,451.0526120862469,452.85502715292955,5998000
2025-09-18,455.6522216796875,457.36596788643163,453.71193370992546,454.33243631782545,6681000
2025-09-19,457.2601623535156,458.0898527233576,455.2155520797145,457.04286034166495,5871400
2025-09-22,457.98126220703125,458.593650625753,454.51431662878224,455.5020476636649,4074900
2025-09-23,457.1910400390625,461.27037386423603,456.3613496218818,458.5244829086292,5904600
2025-09-24,455.36370849609375,458.7220178168613,455.14640648290475,457.7639175964129,4588800
2025-09-25,453.7931823730469,455.42293226556234,452.09428408588343,454.25741708358436,4767200
2025-09-26,456.6083068847656,457.72444779000705,454.6723624740728,455.6106888821765,4167200
2025-09-29,457.3589782714844,458.08988957780576,455.6501927615845,458.0701458090149,3752700
2025-09-30,458.05035400390625,458.3960658747713,455.18594019688805,456.94410013166396,4253300
2025-10-01,458.5640563964844,459.4332645992649,456.87501448933364,456.8947884032268,4551600
2025-10-02,459.40350341796875,460.05540942771086,456.9440631281978,458.6133307569719,5458300
2025-10-03,461.77410888671875,464.608891907542,459.9665443570658,460.07521043666753,9693900
2025-10-06,461.1123046875,462.72231092959913,458.53434142364,462.5741573184272,7405400
2025-10-07,460.2530212402344,462.86061543958454,458.6924195029997,461.813622977469,7368700
2025-10-08,460.3517761230469,462.3864994907921,459.22574835904743,461.5864398240164,4621200
2025-10-09,457.8133850097656,461.0531419547016,456.93428982333745,460.45064042588774,5411000
2025-10-10,449.2892150878906,460.77653195063726,449.14106145994674,459.41345828723473,9309100
2025-10-13,455.0279235839844,455.89713171313304,452.44007310875645,452.6080006468161,6272500
2025-10-14,457.0329895019531,459.5122038868754,448.9829881107587,451.4226848167267,7827400
2025-10-15,457.0329895019531,461.211102364025,454.603179751513,458.96896390967146,6187100
2025-10-16,453.92169189453125,458.57389683285436,452.22279323426943,457.68494489108997,8149500
2025-10-17,456.2683410644531,457.5824533442612,453.44249157925327,453.81793069253405,8439900
2025-10-20,461.4457702636719,461.9496926967092,457.8986231086211,457.9184036923976,4556600
2025-10-21,463.6195068359375,465.6252760497108,461.33708083934465,461.4951747371455,5951600
2025-10-22,460.2205810546875,463.63927503483586,458.9361095466536,463.6096343124452,7604700
2025-10-23,461.7125244140625,462.3844008273752,459.3115055125791,459.9932722168696,5144200
2025-10-24,466.5738830566406,467.59158818507154,463.6788615941462,464.410019602922,7228900
2025-10-27,469.6763916015625,469.9431581190449,468.0559516050095,469.093437257436,4720200
2025-10-28,471.45489501953125,473.68793008277174,471.12884705395356,473.0851951540811,9435500
2025-10-29,470.6842041015625,474.6562420404207,468.82663832066993,472.93698958718466,10006500
2025-10-30,469.3404541015625,474.4190891544168,468.25357729154905,468.4413119293391,9338300
2025-10-31,469.9925842285156,471.4647904659507,467.7694394334637,470.1802887145887,7990900
2025-11-03,467.8187561035156,470.61496451083525,465.67464353065293,470.4766512031198,4858700
2025-11-04,465.2795104980469,467.0679046135292,463.20456926943973,464.8052588937928,6013300
2025-11-05,467.4630432128906,468.8957483765556,464.7853976507696,465.18061730350684,7030200
2025-11-06,463.6788024902344,467.7891534990551,462.26587781157593,466.4552606950555,7125200
2025-11-07,464.2519226074219,464.3408749379899,459.31160062767236,462.69079412928727,8604400
2025-11-10,468.1646423339844,468.540111599311,463.84680608938817,466.26754557619245,5636600
2025-11-11,473.6879577636719,474.13256865180495,468.34252573967774,468.59943213282077,4839100
2025-11-12,476.99798583984375,478.61839579801114,474.75506032339706,474.75506032339706,7066900
2025-11-13,469.0736083984375,476.65207439881726,468.5598258480141,475.654119865757,8722300
2025-11-14,466.168701171875,468.39184573477183,463.27368015565696,465.7537310726646,10940200
2025-11-17,460.7541198730469,466.72200612354266,458.9953667463344,465.2498000670233,7599500
2025-11-18,455.7940979003906,458.56069632599707,454.04523475898895,456.6537392614179,12817500
2025-11-19,456.2485656738281,457.86897539231416,453.9364989069669,456.0015496070268,5833400
2025-11-20,452.6322937011719,463.4318300230683,452.24693412346556,461.0703718596824,13414200
2025-11-21,457.62432861328125,460.83958045504346,452.9547924231318,454.6267257961515,11821400
2025-11-24,459.4742431640625,460.88894646046435,456.0809237245689,458.7916181793929,6206800
2025-11-25,466.1422424316406,466.85454556163154,458.494909171174,460.6021103307433,7203600
2025-11-26,469.2783203125,470.7029264435297,466.88418133940377,467.15131385852703,5689100
2025-11-28,472.0780944824219,472.5034897758958,469.74334154878613,469.74334154878613,2281800
2025-12-01,468.2593688964844,471.8505625270393,467.89332968963055,469.268452401159,4413900
2025-12-02,470.1786193847656,471.36577109633566,468.0614853692996,469.1398276719406,5233500
2025-12-03,474.2842102050781,475.0459665898559,469.59489936984824,469.7531621009728,5994200
2025-12-04,473.9478454589844,476.0847546083551,472.3946244739672,474.580986952527,4003800
2025-12-05,474.8976135253906,476.77729306510224,474.16553511939424,474.35350609249446,4596600
2025-12-08,473.0377502441406,475.38240604804025,471.74175880661556,475.3527280071539,4427600
2025-12-09,471.32623291015625,475.14494812690543,470.99974429219725,472.9585854260791,4266900
2025-12-10,476.2034912109375,477.58851660353406,470.27751477313393,471.03930138252895,5476200
2025-12-11,482.65374755859375,483.15830436088544,476.80693294783475,477.04438742665377,6972300
2025-12-12,480.210205078125,484.42466776644113,478.9933752870919,483.47494032657096,7089900
2025-12-15,479.982666015625,482.5152925571669,478.53825432594556,482.3668721761949,4891300
2025-12-16,476.8267517089844,480.2893302245668,475.1943691128931,479.2802165918866,5373200
2025-12-17,474.6700744628906,479.6067430376364,474.3633913283248,477.6479018825106,6381600
2025-12-18,475.37249755859375,479.448442552418,474.284252489541,477.0246253618592,6422800
2025-12-19,477.0420837402344,478.6779904980487,476.32822966774813,476.51660992694787,6439100
2025-12-22,479.3324279785156,480.29414776604625,477.746082005873,477.746082005873,4162000
2025-12-23,480.0958557128906,480.97824152785796,478.0633396095942,478.0633396095942,3677800
2025-12-24,482.8520812988281,483.4072977856913,479.4612668011011,480.05615025331997,1544000
2025-12-26,482.8719177246094,483.4568768931243,481.5830287440892,482.6835374534061,2711500
2025-12-29,480.4527282714844,482.7529281455105,479.6199035426879,481.7416474584781,3390100
2025-12-30,479.46124267578125,480.5320388873012,478.69782760901495,480.48244761884456,3042700
2025-12-31,476.467041015625,479.679369160046,476.2588121492067,479.5207315624535,3441900
2026-01-02,479.5009765625,479.81825179960447,474.29579884081767,477.73617465952515,7021100
2026-01-05,485.5885009765625,487.8391398603109,480.115639734178,480.2742773399466,7574400
2026-01-06,490.38720703125,490.89286254151176,484.78545047821314,485.15228672799856,6061400
2026-01-07,485.77691650390625,492.01322356779747,485.32085226486015,491.41834006724116,5603700
2026-01-08,488.324951171875,489.3064892184102,483.64524765870107,483.64524765870107,6544800
2026-01-09,490.7936706542969,491.46788803259693,487.71023733796613,488.65210839523405,6004600
2026-01-12,491.6661682128906,492.10241406292727,485.8661074741564,488.1266403984237,5722400
2026-01-13,487.739990234375,491.72565798357203,486.44117697815545,491.3191547897662,5966400
2026-01-14,487.3830261230469,487.7399682861678,484.3788965519872,486.4708977472357,6767800
2026-01-15,490.25830078125,491.59675071280077,488.0076619416516,488.1662995443083,8519900
2026-01-16,489.3844909667969,491.94337666459865,488.24387222990043,490.4556446787178,5845500
2026-01-20,480.9143371582031,485.06014310350156,480.28948486985723,482.193795164436,7416300
2026-01-21,486.78594970703125,488.87870868075356,481.58881505719955,481.6979311547433,6718600
2026-01-22,489.6523132324219,491.9533461628076,488.4323620043669,489.434111311989,5087200
2026-01-23,486.9148254394531,488.10502311127823,485.556035096043,487.7975609285205,4915700
2026-01-26,490.019287109375,490.80283450423775,487.4504732702045,487.8868771153442,3722800
2026-01-27,486.0519714355469,487.56945689993086,484.5642394011317,486.6768237328789,5971400
2026-01-28,486.1214294433594,487.3711340977901,484.93123165171227,486.27019660031846,4726500
2026-01-29,486.20074462890625,488.918355761115,481.91609932020134,486.0718030081098,9706500
2026-01-30,485.03045654296875,486.46860979435377,480.5970133222314,485.1097889433535,8112100
2026-02-02,489.989501953125,490.76312139796863,482.99717351965353,484.87170013801136,5584500
2026-02-03,488.2835998535156,492.45915954808277,484.286560749864,489.1068285804939,8799100
2026-02-04,490.70361328125,492.43930064505435,487.09336903590395,489.88041487804503,8797100
2026-02-05,484.9114074707031,489.40435723130474,484.23697617861865,488.4819705876021,7767500
2026-02-06,496.9322814941406,497.56706172728553,488.10507696938305,488.34310442281867,10635300
2026-02-09,497.1207275390625,498.0530420844164,494.23452360840145,496.01979003636274,6414800
2026-02-10,497.795166015625,501.16735279931646,497.1604160444301,498.23156986306617,8163100
2026-02-11,497.2297668457031,500.98877810696763,495.047778112113,500.08621707758834,5743800
2026-02-12,490.6242370605469,500.4135080749882,490.2770935652014,499.01503646321333,9160300
2026-02-13,491.22930908203125,493.70886261888285,487.18269102780386,490.99128162824945,8378100
2026-02-17,491.7946472167969,493.5005812354234,488.08521459876783,491.27888071731326,6779400
2026-02-18,492.93524169921875,495.2561001708353,490.6044553277276,492.7170397778879,4454300
2026-02-19,490.336669921875,492.4293985529901,488.382780547788,491.5070119127731,4625400
2026-02-20,492.6335754394531,493.5471972678376,487.9761861069175,489.1181906632253,6086800
2026-02-23,484.61968994140625,493.5372843828309,483.7656488039144,491.06459269374136,8269200
2026-02-24,488.3734130859375,489.4260465607103,484.06356785222226,484.997039847672,5335000
2026-02-25,491.38238525390625,491.69022919212614,488.4826577937079,490.20065001793984,4446200
2026-02-26,491.42205810546875,494.7487908031751,488.8202648087247,493.54720548865004,6467000
2026-02-27,486.2582092285156,487.53925575110657,483.3783623381595,486.22841885848163,7198400
2026-03-02,485.7815246582031,487.56903774623265,480.786470664539,480.97515310670155,7218500
2026-03-03,482.1469421386719,484.0039761680119,473.4180306144327,476.8241941455071,11570700
2026-03-04,484.3515319824219,485.63257849801124,480.5878839312511,483.17973702673646,7590700
2026-03-05,476.5064392089844,482.1171813182571,472.8420720502518,480.45880015759604,8758600
2026-03-06,471.9284362792969,472.92148895982905,467.1915555975983,470.42891703391325,8206100
2026-03-09,474.56005859375,476.0496377362487,463.4378555408668,467.6086892620893,10305600
2026-03-10,474.3813171386719,479.5153829536868,471.710002781017,474.4210174291959,6265600
2026-03-11,471.5113830566406,474.4508107687698,469.1777029872283,474.08338609294935,6701700
2026-03-12,464.2322692871094,468.2044799346417,464.1627483274426,467.07238535342515,8000200
2026-03-13,463.1697082519531,468.8201804760615,462.54408020907573,466.6751830314374,7471700
2026-03-16,467.03265380859375,469.41600443670063,465.7218473298095,466.8042710923864,7059900
2026-03-17,467.6285095214844,471.8291333448751,467.36039620297305,470.09129112302435,6189400
2026-03-18,459.7834167480469,466.486522715756,459.54509378919784,465.513320124515,7090700
2026-03-19,457.8569030761719,460.1508525272015,454.97705613344203,456.7744792044988,7882800
2026-03-20,453.70098876953125,458.3585097421578,451.362266581019,456.52734842910064,10543300
2026-03-23,459.7517395019531,464.7974019485145,458.7067934816539,461.0753398190682,9978100
2026-03-24,458.9555969238281,461.7122851824446,455.2434964643066,456.2188016969236,8188000
2026-03-25,461.9113464355469,464.9964368212623,459.5825557228486,463.49370806368387,7019700
2026-03-26,457.1044921875,463.19510043705174,456.7362737053141,459.32379515259174,8284000
2026-03-27,449.2225646972656,455.3032115897968,448.3268619514036,455.16386925295916,6938500
2026-03-30,449.8893737792969,453.9298767413942,448.277157275441,453.412384521343,9181600
2026-03-31,460.96588134765625,461.5928611065636,452.48680316363084,454.61651163262223,11656300
2026-04-01,463.244873046875,465.65323570377086,462.2695678689273,463.7623651817441,7790300
2026-04-02,462.8269348144531,465.2751142123815,456.6766163989303,457.95046905170244,3955900
2026-04-06,464.5286865234375,464.7774860914565,461.2345826725485,461.93123361141824,2905300
2026-04-07,463.6429748535156,464.0709028205349,459.8910579384201,463.5135942190584,3943200
2026-04-08,476.8592224121094,477.8942371509087,473.2765024478365,476.5805681021683,4697500
2026-04-09,479.5860595703125,480.9494763958036,474.719555626791,475.1972313781793,4213700
2026-04-10,476.94879150390625,480.08366011563896,476.33177340921475,479.8846386756649,2659000
2026-04-13,479.8149719238281,479.96424559794406,472.86847670155487,473.8139272560268,3768700
2026-04-14,483.1587829589844,483.6364890469086,479.5462084948473,480.09358574849716,4217900
2026-04-15,482.39251708984375,484.7411704797769,480.5414324746387,484.173930535591,3474500
2026-04-16,483.29815673828125,484.44262871250635,481.02910582231567,483.4872468455319,4111500
2026-04-17,492.0555725097656,494.86322965632564,488.2124615193252,488.5211318324207,10238700
2026-04-20,492.16510009765625,492.6131415050863,490.153957496327,491.28897952372125,3764000
2026-04-21,489.2081298828125,496.19740603269366,488.1727063215877,495.0623839494402,4322200
2026-04-22,492.59326171875,493.967223019168,491.0699634039234,493.15080682849504,4022400
2026-04-23,490.8409729003906,492.96164971370155,486.3706459735065,490.39293146120957,4077300
2026-04-24,490.0544128417969,491.3288060095833,488.62071673004596,490.8907305096633,3372300
2026-04-27,489.6760559082031,491.388524519117,488.1428220932613,489.4470826207908,2132100
2026-04-28,489.26788330078125,491.65736663801283,488.6207056106749,491.2989274262671,3057100
2026-04-29,486.5299377441406,489.3375647776698,484.8672379534819,488.79995152371964,3322300
2026-04-30,494.4750061035156,495.4009260465027,488.2424412894083,488.82985384626886,5352300
2026-05-01,492.85211181640625,497.74061274082055,492.7426081317279,496.6553899035126,4402600
2026-05-04,487.4160461425781,492.1651457356453,486.85850100567876,491.3387939597187,3310400
2026-05-05,490.8011474609375,491.42839333230665,487.8839862465337,489.73585645647745,3386200
2026-05-06,496.8644104003906,497.8898983248604,494.72383235035306,494.80349900728055,4317300
2026-05-07,493.7382507324219,499.0050925909074,492.6032285828942,498.3181118970209,4490500
2026-05-08,493.957275390625,496.3666603361596,492.7625184632333,496.2969899828076,3495200
2026-05-11,494.9329528808594,495.6597668732263,492.59326872600695,493.6286922965885,4249100
2026-05-12,495.7095642089844,496.22727599226397,491.0301351495977,494.33560289435894,7445700
2026-05-13,494.96282958984375,495.43074209374385,492.47377814052584,493.98711048349674,3256800
2026-05-14,498.6067810058594,499.96084081248506,496.6653390791464,499.1942238938051,4920500
2026-05-15,493.4725341796875,495.8334512881113,493.18363648098347,495.4150770768555,5300700
2026-05-18,495.10626220703125,495.7338539186118,491.70932022581155,493.75145574381736,5496200
2026-05-19,492.087890625,494.4388363874358,490.693228805863,492.9346105000241,5361300
2026-05-20,498.3238525390625,499.01121196968666,490.60353842469453,493.9705964122313,6516100
2026-05-21,501.1828918457031,502.11929373722353,495.3054970632367,496.86949069063616,6576000
2026-05-22,504.181396484375,506.7913561969131,503.75305081567,505.06800209701606,5172200
2026-05-26,503.314697265625,506.293234682036,502.039601376259,505.62581806531466,3897800
2026-05-27,504.9384765625,506.7515126198921,503.87256774187756,503.9921032356511,4247800
2026-05-28,505.1077880859375,506.2633484804659,501.7108764718307,503.40434656672966,3709600
2026-05-29,508.823486328125,509.35145497857326,505.25721268181655,505.95451313297866,5346700
2026-06-01,509.4809875488281,509.89936176046314,506.3828842547202,507.8970815176992,4424800
2026-06-02,512.0809936523438,512.5193107280277,506.9806099360417,507.1300293025965,5078000
2026-06-03,506.31317138671875,510.88555580883906,506.0441861378762,509.2120285751664,4098000
2026-06-04,514.7208862304688,515.5975204136839,510.7162646572072,511.72240576303636,6390700
2026-06-05,507.7476501464844,515.7668031535429,506.8012768795074,515.7269782585946,6610700
2026-06-08,506.960693359375,511.7921221765377,506.3729569219221,508.8135542909367,4825700
2026-06-09,507.458740234375,511.5728949889256,501.152969882435,509.5208185239108,6249400
2026-06-10,498.3338317871094,506.79130178277404,498.18441243042827,505.546089809293,5153400
2026-06-11,507.4089660644531,508.8036279162555,499.6488262611839,501.262616254668,6353900
2026-06-12,511.09478759765625,513.3261978391612,507.52851370091656,510.9254557850516,8384500
2026-06-15,516.4542236328125,518.8450552423092,515.8863996055227,517.2411758102631,5379400
2026-06-16,519.4426879882812,521.2955488852413,518.0679690514738,518.326982880346,4812600
2026-06-17,514.3223266601562,522.1621761569163,513.3261571098552,519.2633495181406,6563500
2026-06-18,514.9467163085938,518.9422679597349,514.85678957084,517.8534533091957,7134400
2026-06-22,516.5050048828125,518.3329259583188,515.4161901777405,516.2652815265023,6552200
2026-06-23,516.0454711914062,518.1431114317724,512.3995059047012,514.107626192277,5039200
2026-06-24,517.943359375,521.8489841325076,515.4361410592113,515.6159335602632,4395900
2026-06-25,518.6825561523438,525.984424480063,517.9733237740062,520.6104025406712,5357500
2026-06-26,517.1741943359375,520.7002977788995,515.5260049646629,516.425028433954,3823600
2026-06-29,521.0997924804688,522.3983344576462,518.8223599457269,520.050972459182,5733400
2026-06-30,521.8090209960938,522.5581868583288,519.0121473038711,521.7690264643859,3607900
2026-07-01,521.8190307617188,526.1341725690525,519.0420933088317,520.8500778562403,3438400
2026-07-02,527.29296875,527.6725510432186,523.147559426982,524.9056119498302,3518700
2026-07-06,529.50048828125,529.50048828125,525.2651525763463,528.1319558341445,3236900
2026-07-07,527.8623046875,531.9477219154921,526.5237681222028,531.9177869825128,4489200
2026-07-08,522.1885986328125,523.8767214661672,519.4516557950445,522.7579719991566,3575000
2026-07-09,523.6070556640625,524.5660100053017,521.5593476432603,523.0676781412103,3056400
2026-07-10,525.1952514648438,525.8844255113287,521.1597057743865,525.0553925421052,3469400
2026-07-13,523.8866577148438,527.2729020052334,522.3184575125211,525.2551900972999,2723800
2026-07-14,524.1064453125,526.1341558554799,521.9788094085668,522.737973895809,3664000
2026-07-15,525.3651123046875,527.1431010945205,523.1176144907313,525.3151801022778,3246900
2026-07-16,524.246337890625,527.3428659007595,522.4882854846348,526.2241163637253,3173300
2026-07-17,520.3785400390625,524.9247584603673,518.4701491841938,519.2095263843481,4741300
2026-07-20,517.5109252929688,522.9664240184392,516.7315421959331,521.6075043352433,2336600
2026-07-21,521.0779418945312,522.5766991536548,517.6907358526108,519.1994945843294,3240700
2026-07-22,521.0379638671875,523.9355857836151,520.5783839799501,521.1978654680814,3204100
2026-07-23,515.8323364257812,517.7407273354341,514.2935731422237,514.6433197905752,4305100
2026-07-24,518.3302612304688,520.1287578866829,515.8423337411698,516.8515067996294,3328400
2026-07-27,520.8281860351562,524.9048231453985,518.8597863162865,524.2653386997539,3355200
2026-07-28,526.4534912109375,528.0321382868459,523.2361272387634,525.7540589574571,5157900
2026-07-29,514.9829711914062,522.7365520179364,514.3934941403661,522.0271792621223,7369400
2026-07-30,521.0779418945312,521.5475232297872,515.4425999639255,518.4101710489763,3225300
2026-07-31,523.8856201171875,525.1745294270598,518.8198131787835,523.6458287092661,3981100
2026-08-03,530.7799072265625,531.2096046803155,528.2520347946135,529.1113077329301,4328000
2026-08-04,539.9822998046875,541.6409588100173,535.5559769402913,537.4544273717906,6705400
2026-08-05,542.3602905273438,546.2970287569466,542.2004499173057,542.849874814786,5256700
2026-08-06,537.744140625,544.1188600128147,537.2445548484288,543.3494784018259,3651800
2026-08-07,539.1729736328125,539.7724521986628,536.9847853905668,538.2637543105071,2230100
2026-08-10,538.54345703125,539.5726329870805,537.4343912613559,538.2537192399399,3408900
2026-08-11,536.8348999023438,541.2711628758917,536.4651503366254,539.4626648763239,2826800
2026-08-12,536.7050170898438,538.743305076934,536.4152183131135,538.56346151789,3167600
2026-08-13,537.46435546875,539.5226464753741,535.2462238432298,538.2537400437179,2033100
2026-08-14,536.3552856445312,537.8341010350777,535.7558070974129,536.964765664867,2089100
2026-08-17,533.7474365234375,535.5359315891661,533.0480042627617,534.0571772551467,2668100
2026-08-18,532.468505859375,533.8174240983179,531.5792894914548,532.938148219251,3825700
2026-08-19,533.827392578125,536.2353691309871,533.1379617833902,534.8865119600056,3062700
2026-08-20,527.072998046875,531.3394801124089,526.7632573034381,529.9106111187631,2868500
2026-08-21,532.219970703125,532.9099731445312,529.4299926757812,530.030029296875,3034400
2026-08-24,533.6500244140625,534.47998046875,531.8300170898438,531.8300170898438,4587500
2026-08-25,535.239990234375,536.52001953125,533.1900024414062,536.3699951171875,2443900
2026-08-26,534.22998046875,535.9500122070312,533.3099975585938,535.3400268554688,1761300
2026-08-27,535.219970703125,536.6300048828125,532.9199829101562,533.5599975585938,2500300
2026-08-28,535.0599975585938,537.72998046875,534.4000244140625,536.530029296875,2655400
2026-08-31,531.5700073242188,533.5599975585938,530.780029296875,533.5599975585938,1744800
2026-09-01,527.75,531.6500244140625,526.8400268554688,528.6699829101562,3189300
2026-09-02,530.6199951171875,532.1699829101562,529.239990234375,529.510009765625,3114500
2026-09-03,536.9299926757812,537.6199951171875,532.9400024414062,534.0399780273438,4806300
2026-09-04,534.0800170898438,536.3699951171875,532.9299926757812,535.1300048828125,2321500
2026-09-08,528.030029296875,530.3900146484375,527.3499755859375,530.219970703125,3643200
2026-09-09,524.0700073242188,525.739990234375,523.25,525.6400146484375,3782000
2026-09-10,520.75,523.02001953125,519.7999877929688,522.2899780273438,4748300
2026-09-11,525.7899780273438,527.3599853515625,524.2899780273438,525.3699951171875,3435700
