Price,Close,High,Low,Open,Volume
Ticker,EFA,EFA,EFA,EFA,EFA
Date,,,,,
2020-01-02,57.72364807128906,57.740111139345885,57.47675228100287,57.5755118528815,24749300
2020-01-03,57.00764083862305,57.36152136620948,56.941807419561215,56.941807419561215,29921500
2020-01-06,57.2298469543457,57.25453527078767,56.90888628296204,56.9171178147157,22636400
2020-01-07,57.073482513427734,57.22985023160663,57.0323374099413,57.21338716715654,15107500
2020-01-08,57.23808288574219,57.39444432816649,56.99941867709302,57.00764393065989,14249500
2020-01-09,57.36976623535156,57.402686091945206,57.22986155394406,57.345077912611494,13749100
2020-01-10,57.15578079223633,57.42736485480806,57.0899473688289,57.32861158028713,33832300
2020-01-13,57.45205307006836,57.48497292112263,57.089947266110485,57.20516360539066,16443000
2020-01-14,57.50965881347656,57.608418362472904,57.33683431184746,57.345065843968655,28826600
2020-01-15,57.50965881347656,57.60018683035171,57.4355938608438,57.460282178388056,12217900
2020-01-16,57.74832534790039,57.77301366644224,57.534355734658,57.60018915782974,12883400
2020-01-17,57.92116165161133,57.9540815093108,57.781256965504205,57.90470486217201,18473700
2020-01-21,57.46028137207031,57.723633886879036,57.45204984006463,57.657794188472046,20026600
2020-01-22,57.57551193237305,57.74011121906469,57.53436681981572,57.723648150985134,14047000
2020-01-23,57.43560028076172,57.49320845441063,57.08171970582699,57.36152904103025,18720200
2020-01-24,57.18870544433594,57.67426544049838,57.08995216152468,57.67426544049838,24107500
2020-01-27,56.00361633300781,56.30811396208646,56.00361633300781,56.08591281981773,32766700
2020-01-28,56.53031921386719,56.571464316283496,56.1764386832269,56.25873516687876,18001700
2020-01-29,56.538551330566406,56.72783891688158,56.45625483692415,56.63731089022911,14916600
2020-01-30,56.489166259765625,56.51385457629185,55.94600445973162,56.085909105926234,26285300
2020-01-31,55.534523010253906,55.98715685612389,55.353466960377965,55.96246853638078,40101600
2020-02-03,55.666194915771484,55.95423577113005,55.63327506389911,55.690883234970826,35288000
2020-02-04,56.59615707397461,56.67845984290309,56.44802088025096,56.50563533002879,32540000
2020-02-05,57.13933181762695,57.18048320684955,56.950044217551614,57.13933181762695,28162100
2020-02-06,57.295677185058594,57.34505380978514,57.196917656787505,57.31213396702812,23422500
2020-02-07,56.752532958984375,56.99119720978346,56.73607617012472,56.958277353243524,22188200
2020-02-10,56.86774444580078,56.89243276638561,56.66200006916704,56.66200006916704,13957600
2020-02-11,57.25454330444336,57.36975964988512,57.1393269590016,57.26277483735203,16040600
2020-02-12,57.45205307006836,57.4932044535911,57.34506826325665,57.44382781641948,13218100
2020-02-13,57.04880142211914,57.20516916010562,56.86774536314958,56.93358507165127,20113100
2020-02-14,56.95004653930664,57.05703764411906,56.80191032241464,57.040574576230675,15005100
2020-02-18,56.58793258666992,56.703148930146824,56.47271624319301,56.53854966887995,29201900
2020-02-19,56.7772102355957,56.875969786001704,56.73606513204109,56.785441767834385,16232700
2020-02-20,56.43979263305664,56.67845683688797,56.118831943481254,56.55500896886219,24607700
2020-02-21,56.17644500732422,56.30811814022652,56.01184574267141,56.258741500240646,24361900
2020-02-24,53.929710388183594,54.34119910627298,53.90502206970936,53.91325360214062,51653500
2020-02-25,53.0408935546875,54.225983078810465,52.958597066361094,54.176606441578535,55520000
2020-02-26,53.10673904418945,53.847420077482106,53.06559393495225,53.493539488176744,64966000
2020-02-27,51.53484344482422,52.83514609262022,51.510155127657654,52.26729282192198,80201400
2020-02-28,51.22211837768555,51.31264326097969,49.9300408801055,50.41559770600072,122342000
2020-03-02,51.88050079345703,51.98748560486488,50.785939244452734,51.21388790831389,78735900
2020-03-03,51.460784912109375,52.89276408311521,51.06575606702465,52.31668231283137,77691700
2020-03-04,52.999752044677734,53.05736021829549,51.929878787410786,52.36605899547239,41681700
2020-03-05,51.592445373535156,52.15207018398812,51.362012736081304,51.814649619398175,46294000
2020-03-06,50.81885528564453,51.1068961246171,50.33329848608385,50.6624907072608,64277200
2020-03-09,46.876792907714844,48.39930301244863,46.71219679647204,47.42818940946677,68431000
2020-03-10,48.605045318603516,48.860166297840735,47.06607535365128,48.72026164979575,110061600
2020-03-11,46.12788391113281,47.477566381958106,45.831611536676576,47.35412165220782,77459000
2020-03-12,41.058345794677734,42.76190891964752,40.49872085958129,42.63023264900188,91385100
2020-03-13,43.54373550415039,43.86469619813275,40.959586887625065,43.716560010231696,73588700
2020-03-16,39.05027770996094,40.38350020021957,37.66767544620769,38.34251665358611,54122400
2020-03-17,40.951351165771484,41.06657063078126,38.97620742817381,39.60166882689405,55045400
2020-03-18,38.60587692260742,39.60167900923216,37.63476315798505,38.416592461965465,74919600
2020-03-19,39.20664978027344,40.07900710902395,38.2355360250601,38.56472829914978,65863000
2020-03-20,38.72108840942383,40.64685576873658,38.67994016479006,40.21890711784376,62803000
2020-03-23,38.26844787597656,39.19841318726615,38.01332375994929,38.95974899544156,61708000
2020-03-24,41.510982513427734,41.815486438119635,40.679776648930435,41.17356187584231,51118500
2020-03-25,42.86066818237305,43.54373785058321,41.37930622353672,41.97185100707125,60405600
2020-03-26,44.7782096862793,44.8522777935331,43.107566215278254,43.107566215278254,60511800
2020-03-27,43.502586364746094,44.22680736407871,42.82774514016672,43.15693422029269,53372400
2020-03-30,44.3831787109375,44.41609856579389,43.37091671967979,43.65895760114778,45987700
2020-03-31,43.99637222290039,44.39140100869746,43.45320725000322,43.69187145582114,64906600
2020-04-01,42.04591751098633,43.017031140780404,42.01299765994692,42.57262256997773,40960200
2020-04-02,42.868900299072266,43.041724829477026,41.980083046573206,42.11175932774971,38008700
2020-04-03,41.889549255371094,42.358646103624544,41.63442514129608,42.18581847052366,33029800
2020-04-06,44.11158752441406,44.27618363281905,43.2803817291129,43.41205798795495,42257500
2020-04-07,44.358489990234375,45.66702438460128,44.27619035383418,45.609413069416085,36678000
2020-04-08,44.7205924987793,44.91810845813885,44.11158783521287,44.48192829688099,35282900
2020-04-09,45.73286056518555,45.897456697175315,45.26376362963126,45.41189983448105,42218200
2020-04-13,45.29668045043945,45.667020937762594,44.951028282467895,45.59295284029797,33424700
2020-04-14,46.10320281982422,46.440623490421835,45.93037828743744,46.02090318101369,36915600
2020-04-15,44.66298294067383,45.01686346642575,44.539535077491685,44.81111912072856,30158700
2020-04-16,44.68767547607422,44.90165137386803,44.259726819896464,44.83581167011305,37284200
2020-04-17,45.87276077270508,45.93036893844136,45.362512534170044,45.75754130182294,36205100
2020-04-20,45.189697265625,45.89745846282106,45.18146887144351,45.31314515421881,25077400
2020-04-21,44.309104919433594,44.86872982251474,44.16919712395844,44.523077669712976,35535300
2020-04-22,45.058013916015625,45.15677032775573,44.86049795312569,45.06624230890658,28732700
2020-04-23,44.9181022644043,45.79868771883075,44.811114337028314,45.14853490237481,34733400
2020-04-24,45.436580657958984,45.477728899313995,44.90987563403182,45.25552776811501,30445100
2020-04-27,46.03736114501953,46.14434910120446,45.66702377410492,45.74109187616986,30786900
2020-04-28,46.38300323486328,46.992004706426606,46.35008338791137,46.97554792236005,35115400
2020-04-29,47.54340744018555,47.70800355729533,47.247135057269894,47.35412300430273,34921800
2020-04-30,46.55583953857422,46.98378823933841,46.30071536905801,46.90149174048038,52183100
2020-05-01,45.54357147216797,45.930371872024814,45.35428703845775,45.86453217017268,32088300
2020-05-04,45.52711868286133,45.535350216587986,45.01687347116792,45.197926400820904,23432000
2020-05-05,45.609413146972656,46.037361838750996,45.53534818320173,45.8645373111319,23459100
2020-05-06,45.31313705444336,45.99620666817504,45.31313705444336,45.963286818513126,22596000
2020-05-07,45.9962043762207,46.218408641251905,45.7740001111895,45.97974445220993,30628700
2020-05-08,46.778038024902344,46.78626641799893,46.48999717537485,46.56406527088332,20445800
2020-05-11,46.73688888549805,46.86856514839016,46.42415658385062,46.49822467794054,30772300
2020-05-12,46.14434814453125,46.92617739691655,46.14434814453125,46.876797616760314,59246700
2020-05-13,45.790470123291016,46.43239160408531,45.56826580930602,46.42416320997188,31920300
2020-05-14,45.354286193847656,45.42012275506397,44.44900914669799,44.7288215955392,41217500
2020-05-15,45.39543533325195,45.57649137413832,45.099162953405084,45.29667891977292,34086000
2020-05-18,47.230674743652344,47.33766268980635,46.522913643480884,46.54760510146091,39999500
2020-05-19,46.58052062988281,47.098997282556354,46.57229223703834,46.8850245350933,31462400
2020-05-20,47.5516357421875,47.78207156146356,47.36235130666739,47.469339253495214,32827600
2020-05-21,47.000240325927734,47.52694536533324,46.860332533917706,47.395269105481866,27554400
2020-05-22,46.86856460571289,46.90148445590719,46.56406383993993,46.76980819453971,27513100
2020-05-26,48.21002197265625,48.481602906801776,48.177102120211366,48.300546857764814,46679700
2020-05-27,48.794334411621094,48.8354826567853,48.28408612547333,48.81079433756875,33723400
2020-05-28,49.25519943237305,49.80659595978767,49.230511113331,49.42802708389694,40630200
2020-05-29,49.08237838745117,49.2140546639935,48.56390167507385,49.1811348100054,47437100
2020-06-01,50.17692947387695,50.19338939742231,49.44448014286039,49.48562838201907,30195300
2020-06-02,50.64603805541992,50.74479448019132,50.4073738177631,50.481441921194175,31663000
2020-06-03,51.855812072753906,52.00394827727502,51.271498787926234,51.287958715029696,29773100
2020-06-04,51.63360595703125,51.94633512379619,51.49369815976501,51.526618010817046,26190300
2020-06-05,52.52241897583008,52.93390768804398,52.42366256393346,52.654095238162135,31208000
2020-06-08,53.20549392700195,53.213725459653254,52.49773281066289,52.81046198439561,29644000
2020-06-09,52.514190673828125,52.69524357271703,52.21791829821571,52.291986392118815,30176500
2020-06-10,52.39897918701172,52.85161935177785,52.20146633275942,52.703483141383515,27492200
2020-06-11,49.592628479003906,51.17274709343991,49.485643652060354,51.00815094660548,54699700
2020-06-12,50.44851303100586,51.03282622041559,49.740751978184115,50.90938149641316,57668900
2020-06-15,50.65550994873047,50.780710211680216,49.35344249713287,49.51202673742426,30698700
2020-06-16,51.28150177001953,51.76560602768004,50.71393279812951,51.66544773380967,37029400
2020-06-17,51.473472595214844,51.76560545976269,51.32323674804489,51.68213756247414,26238300
2020-06-18,51.19804382324219,51.37332165667757,50.95599166241703,51.05614996952651,20035700
2020-06-19,50.9476432800293,51.7989967972012,50.87252375839722,51.78230321639685,32270800
2020-06-22,51.55694580078125,51.6237169415121,51.089535079765156,51.289854869907785,20743000
2020-06-23,51.84073257446289,52.258062570156234,51.78230662978384,52.157904262702885,20897800
2020-06-24,50.513614654541016,51.35661970460322,50.36337562637553,51.239767834691094,34030900
2020-06-25,51.23143005371094,51.281507614365886,50.32999575422051,50.56370271185236,26357100
2020-06-26,50.48858642578125,51.15631381047512,50.41346689600473,51.106233062632334,32279300
2020-06-29,50.89756393432617,50.997722237925785,50.44684679216531,50.73897968829553,23749700
2020-06-30,50.80575180053711,50.99772321276224,50.45519613924995,50.53866086318257,32612900
2020-07-01,50.99772262573242,51.15631005694409,50.705592911355794,50.74732527284173,25243100
2020-07-02,51.55694580078125,51.96592739569217,51.481826277474646,51.70718484739446,20854100
2020-07-06,52.39994812011719,52.49176121963422,52.12451200554095,52.3331769829979,21537100
2020-07-07,51.6320686340332,52.149556947777974,51.615375051786565,51.924198363411236,17394200
2020-07-08,52.06609344482422,52.091132226795324,51.54860193493568,51.6404150474635,17363400
2020-07-09,51.473472595214844,51.999309204221184,51.122916978527094,51.99096400647969,26098200
2020-07-10,52.024356842041016,52.04939562197233,51.52355895558923,51.68214320177934,22008800
2020-07-13,51.69049072265625,52.608615389882196,51.61537120013958,52.316485682303494,20515500
2020-07-14,52.45002746582031,52.5084534032362,51.732219453025394,51.79064539044128,35121300
2020-07-15,53.042640686035156,53.40989311216704,52.90075001882974,53.24296048065028,28888600
2020-07-16,52.700435638427734,52.925794236531445,52.608622522462284,52.70878402204757,24677200
2020-07-17,53.00925064086914,53.0175990231774,52.692082160604116,52.82562762176174,19641800
2020-07-20,53.268001556396484,53.28469513866503,52.85901993473058,53.00925580719696,17996600
2020-07-21,53.37650680541992,53.685330109096725,53.3431196417859,53.54343943961488,21179700
2020-07-22,53.51839828491211,53.59351462379391,53.28469133381586,53.376504437749205,18023400
2020-07-23,53.09272384643555,53.601866962939184,52.959178371940766,53.39320196004263,16080700
2020-07-24,52.800594329833984,52.96752697968878,52.65035844733768,52.767210347043395,16017900
2020-07-27,53.49335479736328,53.585167904145806,53.25965420696479,53.30973176777335,16368200
2020-07-28,53.15114212036133,53.45996857253249,53.12610334250008,53.20956805802078,20470300
2020-07-29,53.71036148071289,53.80217457605364,53.28468634701228,53.39319302186723,20055900
2020-07-30,52.91744613647461,53.01760444659475,52.007666594280515,52.44169018343484,24664100
2020-07-31,51.790645599365234,52.600266712501075,51.46512875131365,52.59191833056525,36002300
2020-08-03,52.800594329833984,52.80894271351323,52.19964124792238,52.32483834733188,23609700
2020-08-04,53.09272384643555,53.09272384643555,52.53349998300565,52.55854194845641,16236800
2020-08-05,53.268001556396484,53.63525399835391,53.19288202817567,53.49335695708367,17901300
2020-08-06,53.3264274597168,53.40989537099278,52.91744583837786,53.05933651158415,17210500
2020-08-07,53.10941696166992,53.11776216076328,52.750512905126236,52.80893885070542,14988900
2020-08-10,53.28468322753906,53.29302842482024,52.975859984542744,53.151137783218395,10049000
2020-08-11,53.47666549682617,54.227860764116734,53.43492994999599,54.19447360024267,31465500
2020-08-12,54.66188430786133,54.887246085007654,54.46991606446339,54.545032411544994,28638500
2020-08-13,54.419830322265625,54.737005202821294,54.26124924993833,54.59511452886246,17783100
2020-08-14,54.085968017578125,54.20281990267692,53.93572896988679,54.03588408971425,10874100
2020-08-17,54.49495315551758,54.51999193710101,54.336365714888444,54.34471409806644,11429900
2020-08-18,54.4615592956543,54.77038575576974,54.30297187452073,54.695263052303915,23832500
2020-08-19,54.21950912475586,54.77038774366682,54.186121962887015,54.70361341992913,15591900
2020-08-20,54.044227600097656,54.13604069696236,53.66028481682234,53.710362372221425,19825800
2020-08-21,53.76879119873047,53.777139581062094,53.40154197551257,53.42658393853251,15926400
2020-08-24,54.47825622558594,54.5867661027224,54.25290082406115,54.57841771956947,14627700
2020-08-25,54.51163864135742,54.7870779498538,54.21950893595974,54.77872956742816,18507500
2020-08-26,54.82881164550781,54.89557959881196,54.46990762870521,54.53667558200936,19549800
2020-08-27,54.269596099853516,54.8872491496706,54.06927946183368,54.86221036591201,24413900
2020-08-28,54.653533935546875,54.67857271407885,54.302971932249996,54.59510799632236,15197300
2020-08-31,54.236202239990234,54.686912975015325,54.211157094311446,54.51163516296122,24929800
2020-09-01,54.29462432861328,54.40312781373171,54.05257221447298,54.26957918470984,23945500
2020-09-02,55.020782470703125,55.06251801545522,54.47825222867626,54.686917216536585,20748400
2020-09-03,53.777137756347656,54.89557896873978,53.55178238463944,54.845501412348995,43834300
2020-09-04,53.852256774902344,54.12769608467879,52.875706168913126,53.994153804997794,33992800
2020-09-08,53.1928825378418,53.64359652750993,53.00091111587707,53.1928825378418,26869600
2020-09-09,54.186126708984375,54.3864496977435,53.94407454019668,54.044236034576244,23374000
2020-09-10,53.551788330078125,54.56172615976586,53.551788330078125,54.47825506591449,30361000
2020-09-11,54.085968017578125,54.369749347689456,53.86060626206606,54.21116191736245,29958900
2020-09-14,54.378089904785156,54.62848403626978,54.33635436556311,54.54501932577491,14663300
2020-09-15,54.72865295410156,54.95400833988663,54.611801069924105,54.928969560127186,17678700
2020-09-16,54.72865295410156,55.10424738639337,54.628491467113705,54.887240383178145,18052600
2020-09-17,54.80377960205078,54.820470000440515,54.353062430121284,54.40313999324105,18149700
2020-09-18,54.36140060424805,54.67022708021665,54.177780763133036,54.64518830042597,27897500
2020-09-21,52.98421096801758,53.050985289457344,52.41664197167917,53.00924974657004,39928700
2020-09-22,52.967525482177734,53.04264501328982,52.491769513126314,52.984219065088794,15810800
2020-09-23,52.525150299072266,53.31807787917151,52.46672435796784,53.28469071740471,18325800
2020-09-24,52.475067138671875,52.81727757107709,52.12451150819695,52.39160242207542,25234900
2020-09-25,52.65035629272461,52.667046691449144,51.86577382570722,52.024361269368356,24180700
2020-09-28,53.443275451660156,53.45997221667221,53.234610464659795,53.32642356837596,18102700
2020-09-29,53.384849548339844,53.61021130051403,53.18453294370172,53.443275490023886,16168300
2020-09-30,53.1261100769043,53.52674330936881,52.94248385871206,53.184536021969976,37083000
2020-10-01,53.4349250793457,53.47666062237165,53.117756603377885,53.41823468290521,33266700
2020-10-02,53.3264274597168,53.45997611775837,52.75051319980114,52.783900364311535,25285500
2020-10-05,54.13604736328125,54.15273776115301,53.743756149816114,53.760452915638226,14564100
2020-10-06,53.560123443603516,54.21115713687263,53.451619950708526,54.17777634517385,22901400
2020-10-07,54.019195556640625,54.094311899103545,53.82722095709588,53.93573083125392,17055500
2020-10-08,54.3947868347168,54.411483599591264,54.20281861431037,54.261244555471016,13385000
2020-10-09,54.820465087890625,54.85385224962877,54.60345172056766,54.678574426465985,22181600
2020-10-12,55.137630462646484,55.179366004452724,54.89557832965945,54.94566225341686,9676100
2020-10-13,54.51998519897461,54.68691463420037,54.411481702872834,54.68691463420037,16260500
2020-10-14,54.42818069458008,54.78708476814883,54.37810312969399,54.695271653890494,13144000
2020-10-15,53.78548812866211,53.83556568690595,53.35146139738238,53.368154978121986,20631800
2020-10-16,54.035884857177734,54.26958863069459,53.91903297041931,53.96076851624028,15792600
2020-10-19,53.835567474365234,54.394788119821925,53.76879314918977,54.32801379464646,14736400
2020-10-20,54.102664947509766,54.403143079173574,54.09431656386607,54.2278652303615,23268000
2020-10-21,53.84391403198242,54.28628277736321,53.827217267279416,54.01919185366444,21699100
2020-10-22,53.885643005371094,53.977456107042876,53.50170020199359,53.785487889329076,20533700
2020-10-23,54.236202239990234,54.236202239990234,53.90233701171831,54.211157094311446,19334200
2020-10-26,53.25965118408203,53.61855202408187,52.93413113742645,53.55178406944346,17745700
2020-10-27,52.842323303222656,53.192878958707645,52.767203779336576,53.16784017873731,19616900
2020-10-28,51.26481628417969,51.78230778282459,51.223083920476135,51.67380109001515,36132600
2020-10-29,51.506866455078125,51.67379908739813,51.031110522549945,51.298201460671905,30898400
2020-10-30,51.23978042602539,51.35663232465195,50.88922473014572,51.28151279210981,35889900
2020-11-02,51.907501220703125,51.9492367654446,51.55694556949494,51.81569130060696,24388600
2020-11-03,53.268001556396484,53.4599761604971,52.85901993473058,52.9257910798295,26474500
2020-11-04,53.852256774902344,54.31132229119642,53.28469094234558,53.50170112679596,26490200
2020-11-05,55.14598083496094,55.24614231814123,54.812115592309794,55.09590327734571,28528300
2020-11-06,55.262840270996094,55.49654406242215,55.17102715751433,55.354653384477864,21980100
2020-11-09,56.87372970581055,57.908706283026724,56.85703930834989,57.89201588556607,43606500
2020-11-10,57.382869720458984,57.6916961845074,57.21594028299759,57.36617932389279,37172600
2020-11-11,57.86697769165039,57.90870686969989,57.63327391713233,57.79185498244086,16643200
2020-11-12,57.02396774291992,57.5664979860425,56.890425461753644,57.38287177748254,24076600
2020-11-13,57.900367736816406,57.93375490168799,57.35783745156663,57.38287623323268,21594600
2020-11-16,58.50132751464844,58.54306306979833,58.18415894654489,58.484637113359476,20294600
2020-11-17,58.4428825378418,58.609818336160075,58.142410836768065,58.29264350333014,18574500
2020-11-18,58.13406753540039,58.718326960700836,58.13406753540039,58.534700750477796,15018000
2020-11-19,58.54304885864258,58.58478440366129,58.0255573929811,58.12571888025594,24048000
2020-11-20,58.718326568603516,58.79344927589773,58.4679324028397,58.5263583449796,18571900
2020-11-23,58.64321517944336,59.00211924515568,58.43455017305133,58.92699653152022,14340300
2020-11-24,59.51961135864258,59.57803731255932,59.118978065485344,59.18575240366201,23399300
2020-11-25,59.444488525390625,59.5947275859381,59.06054567464723,59.16904918639514,19214900
2020-11-27,59.85346221923828,59.9035397767949,59.569680902484336,59.578022916777215,11839100
2020-11-30,58.5513916015625,59.70321993850342,58.50130767877412,59.644794001874885,46146500
2020-12-01,59.92857360839844,59.9786511564999,59.51124372635652,59.54462451312507,29860500
2020-12-02,59.93693161010742,59.99535755446126,59.5947243268779,59.636453505444734,20864700
2020-12-03,60.03709030151367,60.32087162715694,59.93692881531309,60.14559380226844,16572700
2020-12-04,60.54622268676758,60.5629130808785,60.354248130772994,60.37928690591383,18956100
2020-12-07,60.05377960205078,60.27914134989971,59.911888941819925,60.11220554261348,19537700
2020-12-08,60.262447357177734,60.29583452017074,59.9118916976765,59.9118916976765,12428100
2020-12-09,60.34591293334961,60.62969424092878,59.961963777996004,60.62969424092878,18355000
2020-12-10,60.429386138916016,60.562928429494065,60.02040451608568,60.02040451608568,20871300
2020-12-11,60.245750427246094,60.25409880907669,59.886846423924794,60.062124234670144,21812000
2020-12-14,60.28282928466797,60.73792202281745,60.24069499747694,60.645217589318264,26176400
2020-12-15,60.89805603027344,60.940190322306755,60.43453380950706,60.527238253660336,24075700
2020-12-16,61.1340217590332,61.2014443344224,60.805344741224204,60.99075360865916,15642300
2020-12-17,61.5638427734375,61.75767467237315,61.504849617704245,61.66497022339636,18633100
2020-12-18,61.24357604980469,61.538541767532074,61.15087161998031,61.52168933927783,27367900
2020-12-21,60.45980453491211,60.603079104796365,59.55804855041467,59.74345740457175,31488000
2020-12-22,60.30812072753906,60.400825175771516,60.122711831074156,60.33340258982579,20355000
2020-12-23,60.95704650878906,61.04975094887545,60.77163762861629,60.82220134874663,13577300
2020-12-24,60.982337951660156,61.0497605422762,60.839069768930166,60.93177422358419,7252900
2020-12-28,61.47955322265625,61.64810966665879,61.39527821554043,61.62282780750113,11142200
2020-12-29,61.87565231323242,62.24647005717704,61.79137730681887,62.19590633928308,17541500
2020-12-30,61.95992660522461,62.36445563302445,61.917792317389086,62.20432862184544,15147100
2020-12-31,61.48798370361328,61.90093574638103,61.34471554608971,61.89251274636506,34218500
2021-01-04,61.8082275390625,62.718413007423976,61.56383195808212,62.6931311493757,26703400
2021-01-05,62.4487419128418,62.600439521932586,61.95993779135239,62.01050794756393,19748500
2021-01-06,63.16509246826172,63.476917133411526,62.54987899916334,62.61730159105069,25426900
2021-01-07,63.23249816894531,63.32520260058336,63.02180744790803,63.08080059260765,18783700
2021-01-08,63.82243728637695,63.82243728637695,63.16507682295474,63.69602156534304,25272200
2021-01-11,62.988101959228516,63.173510839572096,62.642572488400944,62.65942491853621,23190200
2021-01-12,63.27465057373047,63.316784867859035,62.76056460505122,62.937544071843334,20914000
2021-01-13,63.19038009643555,63.34207771169686,63.0555349140823,63.173521233755295,15580700
2021-01-14,63.69602584838867,63.839294007967766,63.37577180959883,63.38420123950675,22607500
2021-01-15,62.70156478881836,63.004959965310675,62.339176462995376,62.87854423681037,27355900
2021-01-19,63.15666580200195,63.22408196020529,62.89540488104093,63.18194766504969,20162300
2021-01-20,63.58647537231445,63.59490480392232,63.131388941847746,63.249375265268355,14419000
2021-01-21,63.63703918457031,63.687602909629156,63.24093952555137,63.62860975380326,20536300
2021-01-22,63.333641052246094,63.44319792807552,63.06395714809014,63.08923900945297,18854700
2021-01-25,63.25778579711914,63.266215227065324,62.48244541611987,62.853263176498274,21748100
2021-01-26,63.35048294067383,63.43475794111568,63.12293979650379,63.35048294067383,14175200
2021-01-27,61.900936126708984,62.558296628940916,61.67339295923061,62.187478873287674,31245200
2021-01-28,62.297027587890625,62.65098643753575,62.00206187985302,62.06105502146054,26658600
2021-01-29,61.00761413574219,61.74082027344112,60.67893707430476,61.55541138139508,42149500
2021-02-01,61.732391357421875,61.7998139423226,61.46270744759055,61.75767321931675,23243900
2021-02-02,62.35602569580078,62.406595842470715,61.91779181320925,62.069489393677614,20388500
2021-02-03,62.50772476196289,62.541436050620526,62.204329593815025,62.38130903693947,11345800
2021-02-04,62.57515335083008,62.57515335083008,62.21276500015966,62.271758153535245,10500300
2021-02-05,62.96281433105469,62.99652561800803,62.63413732047282,62.87853932855661,10955600
2021-02-08,63.40106201171875,63.56961203633455,63.23250555733167,63.417914442271815,16405600
2021-02-09,63.74659729003906,63.788738014912134,63.42634964222812,63.493765800344406,16337600
2021-02-10,63.5274772644043,63.99099952016178,63.26622277285293,63.940435793996194,15402800
2021-02-11,63.957271575927734,63.96570100468484,63.62859458187319,63.87299657766738,12314100
2021-02-12,64.31123352050781,64.34494480738786,63.77186578996819,63.780295219130835,11946800
2021-02-16,64.77476501464844,65.0360194884133,64.6567787084468,64.8843218904724,20225600
2021-02-17,64.3955307006836,64.49665815628417,64.05842417921345,64.302826246535,19198800
2021-02-18,64.07527160644531,64.11741232950166,63.62017880247744,63.92357400512269,19191700
2021-02-19,64.26068115234375,64.54721749676544,64.16797670449634,64.3365267388889,14962300
2021-02-22,64.10054016113281,64.48821029963905,64.0246945911028,64.0668288756405,19515800
2021-02-23,64.1595458984375,64.3618136510985,63.460057483909004,64.02470715976835,25014500
2021-02-24,64.36181640625,64.4292325635847,63.6033283757313,63.7634554126663,21877600
2021-02-25,63.26622772216797,64.62307687178044,63.1566708303146,64.4713792516445,36921800
2021-02-26,62.37288284301758,63.08923000843868,62.33074212691082,63.08923000843868,48798100
2021-03-01,63.544334411621094,63.59489813642226,63.08924159909543,63.12295289222012,24268100
2021-03-02,63.47691345214844,63.6960336481886,63.29993398103703,63.49376588425681,22204900
2021-03-03,63.089237213134766,63.552759424160485,62.996532770929626,63.28306909791187,20856100
2021-03-04,62.490875244140625,63.40948379122097,62.12848691139994,63.148229329165304,34648600
2021-03-05,62.89540100097656,62.99653487670037,61.99364483919659,62.87854856990834,29694200
2021-03-08,62.67627716064453,63.122940454435266,62.48243887081455,62.63413644509918,25080900
2021-03-09,63.5190544128418,63.64546372855351,63.25779349090315,63.35892737324442,19060200
2021-03-10,63.78872299194336,63.8729979920699,63.48532784767151,63.79714599111676,19467400
2021-03-11,64.12583923339844,64.23540254810503,63.839302874443966,63.99100048499986,15485300
2021-03-12,64.28594970703125,64.3112315639795,63.7550114218069,63.78029327875515,16342500
2021-03-15,64.33651733398438,64.3702286218892,63.81400844588634,64.1932491827169,17320100
2021-03-16,64.44608306884766,64.53878750665564,64.33651977156316,64.48821735799703,16662600
2021-03-17,64.8253173828125,64.90116938338272,64.14268152653213,64.22695652623322,16305000
2021-03-18,64.23539733886719,64.94331517753736,64.22696790847213,64.50508124356604,23176300
2021-03-19,64.4123764038086,64.479798987013,63.85614973702939,64.22696751488219,31465200
2021-03-22,64.47135925292969,64.63148625500597,64.25223910742062,64.30280925162756,27978200
2021-03-23,63.57804870605469,64.12583956331797,63.49376725437847,64.03314154006377,22514200
2021-03-24,63.25778579711914,63.70444913769978,63.24936279694409,63.4010603871197,20717000
2021-03-25,63.729732513427734,63.7634438008419,63.06394905398193,63.20721720316415,25183000
2021-03-26,64.55564880371094,64.5725076655032,63.94043537350255,63.94885837462682,27419100
2021-03-29,64.30281829833984,64.41237517162264,63.98256424913098,64.16797313451058,18381600
2021-03-30,64.21854400634766,64.2775371646486,63.88986692013204,63.95728950955371,15377400
2021-03-31,63.9404296875,64.24382487506216,63.89828896653865,63.94885268787525,32191600
2021-04-01,64.77476501464844,64.83375816774927,64.22696777598567,64.2691084981026,26312600
2021-04-05,65.71865844726562,65.77765159727242,65.19614309736896,65.30569996744697,20340500
2021-04-06,65.01915740966797,65.12028484010864,64.85903040510958,64.93488240771057,18995900
2021-04-07,65.15399932861328,65.2467037642532,64.9854493164157,65.03601303412081,14349400
2021-04-08,65.52481842041016,65.62595228767367,65.33098011559782,65.44897284229074,15502500
2021-04-09,65.7270736694336,65.77764381329156,65.47424866922515,65.47424866922515,16330500
2021-04-12,65.36469268798828,65.51639027697635,65.26356524851029,65.45739712735717,13729500
2021-04-13,65.74394226074219,65.76079469134295,65.41526521097111,65.45739950235868,12712500
2021-04-14,65.79450225830078,66.03047485198316,65.73550910988018,65.77764982865388,13079200
2021-04-15,66.3423080444336,66.36758990706328,66.14846971465306,66.20746287071292,20480100
2021-04-16,66.82266998291016,66.83952241152618,66.49399297184821,66.5951204030854,17058700
2021-04-19,66.70469665527344,66.93223984954359,66.52771718644735,66.8901055549308,15206800
2021-04-20,65.5079574584961,66.01361386941122,65.35625989224455,65.93776187140038,29570100
2021-04-21,66.18216705322266,66.20744891052152,65.36468604178364,65.38154489982983,15615600
2021-04-22,65.96305847167969,66.39286941042631,65.85350159425357,66.33387625646279,22677800
2021-04-23,66.63727569580078,66.7721208733077,66.18218286637288,66.19904172844723,18607900
2021-04-26,66.68782806396484,66.77210950043752,66.57827119822957,66.66254620493139,14052100
2021-04-27,66.46871948242188,66.51928320440642,66.27488116519554,66.35915617842689,13612200
2021-04-28,66.63727569580078,66.79740273664726,66.35916233952175,66.41815549723803,14288600
2021-04-29,66.66255950927734,66.8985321470456,66.24960739318291,66.86482085168268,16411000
2021-04-30,65.82820892333984,66.36757665094684,65.5922363462331,66.25801979151028,28951400
2021-05-03,66.55299377441406,66.62883935656893,66.21588729537052,66.36758488945155,21382200
2021-05-04,65.56694793701172,65.99675233246435,65.23827096177389,65.82820234559311,29144900
2021-05-05,66.46029663085938,66.60356481051147,66.13161954588244,66.28331715662348,17680000
2021-05-06,67.00808715820312,67.03336901914838,66.3338741940635,66.54456494163571,21533100
2021-05-07,67.76657104492188,67.80027590430016,67.05864683232953,67.12606941062803,23316000
2021-05-10,67.4041748046875,67.98567679232318,67.35360466201946,67.98567679232318,16927500
2021-05-11,66.51927947998047,66.67097706721188,66.08946857786297,66.18217301615834,34624600
2021-05-12,65.45738220214844,66.35913810058355,65.32254350366588,66.06417241974395,32608200
2021-05-13,65.94620513916016,66.08947330686047,65.44897805251621,65.47425991390197,36208800
2021-05-14,67.05020904541016,67.11763161530506,66.54455263073872,66.58669334436557,18601700
2021-05-17,66.9238052368164,66.93222823641445,66.60355121851168,66.6625443645514,16699500
2021-05-18,67.06707763671875,67.48002968516208,67.06707763671875,67.45474782522469,16526900
2021-05-19,66.4771499633789,66.73841089249778,65.92092966964508,66.2327478966662,30391700
2021-05-20,67.3536148071289,67.46317810793741,66.88166960294205,66.90695146319904,21650300
2021-05-21,67.44631958007812,67.5980171721383,67.21877640687349,67.5727353117568,26751600
2021-05-24,67.85926818847656,67.9435496251616,67.58116130863696,67.63172502683128,12267900
2021-05-25,67.87612915039062,68.1289541789651,67.76657228098547,68.06996102932061,14338900
2021-05-26,67.83399200439453,67.95197830989929,67.71600569888977,67.8002807128544,12732000
2021-05-27,67.96041107177734,68.08682681380714,67.75814974239272,67.94355864006684,16211200
2021-05-28,68.12053680419922,68.3902207148116,68.08682551165121,68.12895980500751,21449500
2021-06-01,68.36493682861328,68.70203688456881,68.28065538485299,68.6851844536796,27524200
2021-06-02,68.59246826171875,68.69360211904734,68.3986364057185,68.49133440439016,13561200
2021-06-03,68.25537109375,68.3396461047387,68.05310978142289,68.2300892334305,16987600
2021-06-04,68.83688354492188,68.88744726845844,68.60091092872248,68.7104678063089,13335200
2021-06-07,69.06442260742188,69.09813389769086,68.91272501609706,68.99700645665509,16738700
2021-06-08,69.03071594238281,69.19926595955044,68.91272321464025,69.131843380775,13218700
2021-06-09,68.84529876708984,69.05598947803844,68.77787619644144,69.00541933516702,20203600
2021-06-10,69.03495025634766,69.15454994935953,68.83846783969717,68.91535056333576,16555200
2021-06-11,69.19727325439453,69.24852840817982,68.93244626957716,69.1203905237166,12864700
2021-06-14,69.3168716430664,69.33396103913392,69.0947551180531,69.13747209052697,17044400
2021-06-15,69.40229797363281,69.42792554963421,69.25707069782837,69.37667039763141,17729200
2021-06-16,68.97515869140625,69.53899146989745,68.74450397510226,69.46210221933265,21706700
2021-06-17,68.49676513671875,68.67616471159155,68.17213826566736,68.53093741541296,27756300
2021-06-18,67.07862854003906,67.42888942295416,67.00174582000061,67.25803458885039,36755100
2021-06-21,67.95854949951172,68.0012599489785,67.27511713110225,67.3776339416719,20228000
2021-06-22,67.96708679199219,68.1294034438528,67.61683243308048,67.76205969122206,14010200
2021-06-23,67.5313949584961,67.94144909895714,67.42887816453431,67.89019396082277,17074600
2021-06-24,68.1806640625,68.21483633498704,67.99271982266855,68.03543679270099,19833300
2021-06-25,68.32588958740234,68.38568942759949,68.19774521049597,68.33442776622068,12418800
2021-06-28,67.89022827148438,68.1379724271616,67.79625612561728,68.08671074542733,26952900
2021-06-29,67.90729522705078,68.06961189869727,67.8218678011244,68.02689492688668,9357500
2021-06-30,67.38619232177734,67.53996432488208,67.10428241416538,67.28368199817156,33578500
2021-07-01,67.54850006103516,67.59121703533326,67.23241139723672,67.39472807833526,28075400
2021-07-02,67.77915954589844,67.79624894389835,67.38618812194402,67.55704951346483,13712600
2021-07-06,67.33491516113281,67.83040328900113,67.09571579393953,67.81331389551936,21289800
2021-07-07,67.7022705078125,67.78769793677546,67.34347139555102,67.62538777705434,21686400
2021-07-08,66.83089447021484,66.9504941638618,66.42083372221497,66.61732265760322,24175500
2021-07-09,67.96708679199219,68.00980375859572,67.46306047807938,67.53140501756742,35200100
2021-07-12,68.25756072998047,68.29173300618471,67.92438918410808,67.9841890380417,11995800
2021-07-13,67.89875793457031,68.16358491371297,67.79624111150143,68.0098129379571,15689500
2021-07-14,68.05252838134766,68.19775565582782,67.96709443852897,68.189210958007,14023600
2021-07-15,67.40326690673828,67.57412175366093,67.14697811865967,67.40326690673828,21637900
2021-07-16,66.90778350830078,67.40327172456529,66.78818380336729,67.360554750934,23034100
2021-07-19,65.6947021484375,65.97661855376137,65.33590300585925,65.85701232187303,44844800
2021-07-20,66.17310333251953,66.30124775014592,65.45550502212507,65.54093246131072,30309900
2021-07-21,67.18115234375,67.22386931556926,66.60878142046292,66.64295369437936,22928600
2021-07-22,67.20677947998047,67.4630682738293,67.044469327058,67.42889600013648,15874000
2021-07-23,67.67664337158203,67.80478777470843,67.51432669310891,67.65101579449576,16550600
2021-07-26,67.77061462402344,67.79624220077869,67.54849809598625,67.54849809598625,14870900
2021-07-27,67.49724578857422,67.54850094424596,67.17261242213247,67.46307351222796,20952500
2021-07-28,67.78768920898438,67.91583359477752,67.3947178721945,67.50577286377832,19700600
2021-07-29,68.25756072998047,68.44550499025623,68.24047133303071,68.35153286011835,23670000
2021-07-30,67.90729522705078,68.20629447664054,67.77061264910752,67.99272265297716,23997100
2021-08-02,68.24901580810547,68.58218735288729,68.1208714021828,68.46258764541152,25364000
2021-08-03,68.73595428466797,68.7530436803058,68.25755548992508,68.53947185869632,19028100
2021-08-04,68.53093719482422,68.89828104248488,68.50530961530998,68.778681326288,12852000
2021-08-05,68.86410522460938,68.94953265783148,68.78721597232271,68.88118810417565,11868900
2021-08-06,68.6078109741211,68.7872105249893,68.49675597149646,68.71032779648644,10892500
2021-08-09,68.5736312866211,68.6676034008731,68.49674856642989,68.62489295110937,7897000
2021-08-10,68.72742462158203,68.72742462158203,68.5309421526281,68.57365261567644,10438200
2021-08-11,69.19727325439453,69.23999022767896,68.99224612155834,69.13747340241335,14996100
2021-08-12,69.1374740600586,69.16310163719501,68.9153575287178,69.05204663037216,12443200
2021-08-13,69.55607604980469,69.58170362805451,69.29979374961113,69.35959360475916,14590400
2021-08-16,69.19727325439453,69.20581795259042,68.79575716922301,69.01787369845098,19192300
2021-08-17,68.54801940917969,68.70179140246658,68.24902012159286,68.54801940917969,23555000
2021-08-18,68.2831802368164,68.79575128390512,68.2746355393515,68.53092432174309,16384700
2021-08-19,67.60830688476562,67.78770646346217,67.36056274722397,67.39473502664653,30515300
2021-08-20,67.87312316894531,67.89021256480181,67.33492451797254,67.41181376393712,15774200
2021-08-23,68.50530242919922,68.58218515967702,68.21484135055022,68.24046892737614,22524800
2021-08-24,68.65052795410156,68.76158295673899,68.4113285529164,68.47967310116783,13722900
2021-08-25,68.67615509033203,68.74449963814564,68.471127964586,68.58218296651201,12891400
2021-08-26,68.31736755371094,68.54802229450216,68.21485071463933,68.45405015477716,16927900
2021-08-27,68.94099426269531,69.00079412318802,68.30882337781583,68.33445095835613,24935800
2021-08-30,68.92391204833984,69.0264288891888,68.8213952074909,68.91536734884508,8142000
2021-08-31,68.88973236083984,69.05204904530727,68.7615879529811,69.04350434673127,18738400
2021-09-01,69.51335906982422,69.70129679858799,69.37666997505626,69.41938694659494,30472100
2021-09-02,69.79528045654297,69.94905245472268,69.71839771630104,69.8038251558018,13827400
2021-09-03,70.11136627197266,70.20533840687186,69.78673940812718,69.88071154302637,16303200
2021-09-07,70.16261291503906,70.29930201019305,70.11990246107453,70.22241276474523,13967800
2021-09-08,69.60734558105469,69.9832276339727,69.49628403917535,69.86362791017659,22764200
2021-09-09,69.48773193359375,69.84653758443687,69.42793207806913,69.58170406623178,18963300
2021-09-10,69.33395385742188,70.0344691166466,69.3168644631245,69.98320745144873,26709900
2021-09-13,69.88069152832031,70.0173740832198,69.6414856512822,70.0088293867593,22335000
2021-09-14,69.59024810791016,70.09428104345498,69.52190355432859,70.08573634483344,19177500
2021-09-15,69.79528045654297,69.8038251558018,69.38522613986099,69.52190873952304,26233800
2021-09-16,69.68421936035156,69.70130223968371,69.30833083809148,69.49627509922152,25765500
2021-09-17,68.7701187133789,69.37666183543574,68.53946404013803,69.25706215039321,37070600
2021-09-20,67.49724578857422,67.65955595409982,66.91633012607852,67.26658455266085,45028000
2021-09-21,68.16358184814453,68.52238093620674,68.06960972731473,68.41132593781452,37472300
2021-09-22,68.50530242919922,69.02641821697668,68.44550257737369,68.49675773102557,28718400
2021-09-23,69.24852752685547,69.38521662546998,69.00078342388788,69.04350039662866,31257800
2021-09-24,68.5992660522461,68.77012088836932,68.4882045428412,68.53092151071911,20066300
2021-09-27,68.55656433105469,68.6249088877812,68.31736490020755,68.40279233726787,15526500
2021-09-28,67.06156158447266,67.55704984577687,66.83944503325083,67.52287756730462,48064900
2021-09-29,66.90778350830078,67.2836720196318,66.83943895756876,67.24095504600051,31733200
2021-09-30,66.64295959472656,67.0786414609217,66.48064290867617,66.97613114779126,39506300
2021-10-01,66.80528259277344,66.9590546096958,66.20728392568462,66.67714467675201,44524800
2021-10-04,66.10474395751953,66.68565953855096,65.865544574335,66.60023211851284,32751400
2021-10-05,66.55753326416016,66.79673268902219,66.17310003046431,66.24998928428168,25903300
2021-10-06,66.11329650878906,66.1474687844027,65.29318144714718,65.48112570417462,36917200
2021-10-07,66.62586212158203,66.89923378628637,66.46355197290092,66.47209015282992,19908700
2021-10-08,66.61732482910156,66.8479795264551,66.49771861386138,66.7967243754198,23628700
2021-10-11,66.40374755859375,66.98466312085496,66.39520286155772,66.77109131881325,23542500
2021-10-12,66.43792724609375,66.6685884905866,66.31832753328098,66.52336119898474,18697400
2021-10-13,67.0957260131836,67.18115344052194,66.63441008432258,66.78818206060959,23073600
2021-10-14,67.7620620727539,67.83040661464396,67.58266253856321,67.7364344989687,19304400
2021-10-15,68.32588958740234,68.34297246273277,68.0610561370775,68.13794537029882,24447200
2021-10-18,68.03543853759766,68.06961081096111,67.69372232165784,67.81332201958257,19044700
2021-10-19,68.44550323486328,68.55655824140749,68.25755897940765,68.30026943529614,14649000
2021-10-20,68.68470001220703,68.77012743840521,68.4455006117742,68.51383864211583,11235500
2021-10-21,68.36006927490234,68.47113079912084,68.20629729480333,68.24046957012479,16278800
2021-10-22,68.7701187133789,68.9068077921098,68.47111950077259,68.65906372518056,22173500
2021-10-25,68.6334457397461,68.74450727169946,68.394246313532,68.59073528089102,13658000
2021-10-26,68.7701187133789,69.05203504999088,68.67614660117492,69.05203504999088,10552900
2021-10-27,68.49676513671875,68.88119186606107,68.4796822562195,68.77868154767418,18449000
2021-10-28,69.1631088256836,69.21436398528365,68.81285437225694,68.8299372528917,15260200
2021-10-29,68.76158905029297,68.81285072487171,68.50530674818101,68.57364478479361,25406900
2021-11-01,69.42793273925781,69.45356683560856,69.0178784453826,69.1545610374425,20337400
2021-11-02,69.2826919555664,69.37666407079824,69.18018166090928,69.22289211111834,10184500
2021-11-03,69.84652709960938,69.87215467417356,69.14601181817898,69.25706681385527,14911000
2021-11-04,69.80382537841797,69.80382537841797,69.49628138107775,69.65005337974786,14083300
2021-11-05,69.90632629394531,69.90632629394531,69.60732706399531,69.79526478161075,15593600
2021-11-08,69.89778137207031,70.05155333522126,69.82089864934203,69.94049834093782,9065900
2021-11-09,69.74402618408203,69.98322562480702,69.53045432376388,69.94051516336094,16011200
2021-11-10,68.89826965332031,69.5731573789815,68.80429753217162,69.45355768255493,21546800
2021-11-11,69.14601135253906,69.33395558833672,69.10329438342345,69.2485216501055,9264600
2021-11-12,69.52191162109375,69.5731733010756,69.28271217349885,69.37668431615344,14817900
2021-11-15,69.39376068115234,69.70984281280614,69.35104370880701,69.69275993448494,14064500
2021-11-16,69.23998260498047,69.4620925920611,69.21434851321487,69.38520986984726,12167900
2021-11-17,69.15455627441406,69.22290082458451,69.02641838996325,69.09475642243868,10415400
2021-11-18,69.22289276123047,69.26560972953493,68.89826596227715,69.14601003951559,13236800
2021-11-19,68.6334457397461,68.91536214251082,68.59073528089102,68.84701758710806,20761900
2021-11-22,68.23193359375,68.7445047047399,68.21484419668967,68.539477563883,17802300
2021-11-23,68.16358184814453,68.33443669454714,67.80478276008232,68.08669260487714,26736800
2021-11-24,67.71080017089844,67.71933834951231,67.16405692570524,67.19822919324152,20238700
2021-11-26,65.89118194580078,66.48064231178998,65.6605272256328,66.40375957763244,37776000
2021-11-29,66.22434997558594,66.47209407974981,65.9253507180416,66.41229422824095,31913600
2021-11-30,65.64344024658203,66.28415579227838,65.07106925667357,66.07912864261031,52770800
2021-12-01,65.2675552368164,66.84798554030043,65.25901053831025,66.54044157103166,43883900
2021-12-02,66.07911682128906,66.2841439342785,65.60926274911766,65.67760077498454,42264500
2021-12-03,65.80574035644531,66.37811120213665,65.41276903622317,66.29268378777427,46147500
2021-12-06,66.43792724609375,66.56607165773471,66.01932825124906,66.24998949574191,30884300
2021-12-07,67.83895111083984,67.85603398741462,67.29220129503337,67.29220129503337,28244900
2021-12-08,67.96708679199219,68.06960360122426,67.72788742147804,67.89020407333865,21619400
2021-12-09,67.40326690673828,67.59974932892987,67.35200523850578,67.52286660312306,32026500
2021-12-10,67.54850006103516,67.60829991443538,67.3007559490356,67.52287248353437,23412200
2021-12-13,66.9157485961914,67.35032289449569,66.83752840541386,67.26340936105035,27594700
2021-12-14,66.55941009521484,66.88968421927532,66.26389608435782,66.63763029654031,30040400
2021-12-15,67.46332550048828,67.4807055570764,66.4290364099162,66.74193047712996,31109400
2021-12-16,67.47200775146484,67.86312862515729,67.30687401602306,67.79359514124602,44621100
2021-12-17,66.6202392578125,67.14172707391873,66.57677917685476,66.97658672357211,44476200
2021-12-20,66.47248840332031,66.5159418550383,66.05529415414628,66.22912122317351,26303400
2021-12-21,67.21126556396484,67.24603230510864,66.74192450514028,66.79407130131706,22744100
2021-12-22,67.83706665039062,67.88052011184435,67.08090480544142,67.11567155325187,21609700
2021-12-23,68.23685455322266,68.39330155754833,67.8978871490299,67.9065738601589,28320000
2021-12-27,68.76704406738281,68.76704406738281,68.26293625531599,68.27162959858005,15219700
2021-12-28,68.79312896728516,69.00172282295011,68.75836221949447,68.83658242871417,15631300
2021-12-29,68.76704406738281,68.85395760678931,68.60190370075588,68.70620392669048,15046900
2021-12-30,68.58676147460938,68.9177174235768,68.53450702076394,68.83062445224513,20617500
2021-12-31,68.52579498291016,68.87417350920543,68.48224517533535,68.57804943618575,23252200
2022-01-03,68.96997833251953,68.9961055593704,68.61288851284361,68.92642852458958,24096900
2022-01-04,69.36190032958984,69.570924790083,69.17900309606236,69.39673884713334,24314300
2022-01-05,68.75223541259766,69.71027128423836,68.75223541259766,69.62317832222867,24704100
2022-01-06,68.40386962890625,68.73482560393994,68.22097238127435,68.52580112732753,32472900
2022-01-07,68.60418701171875,68.70870257880375,68.10774969641025,68.3690352917384,22833900
2022-01-10,67.96839141845703,68.01193458089237,67.37614992224171,67.83774864161572,45587600
2022-01-11,68.70868682861328,68.73481405320317,67.82032796872106,68.01192983063598,30847000
2022-01-12,69.37931823730469,69.43157268771613,69.06577824530133,69.13544863092747,30780700
2022-01-13,68.87417602539062,69.62318755862046,68.78708305182695,69.57963774945465,24991200
2022-01-14,68.80449676513672,68.94385083414956,68.37773655712843,68.61288824262793,26136500
2022-01-18,67.79419708251953,68.15999817717595,67.63743372808212,67.99451688780204,37504600
2022-01-19,67.73323059082031,68.26450632420003,67.68097613991982,68.13387019694879,34437700
2022-01-20,67.40228271484375,68.3254802298309,67.31518973801315,67.97710832250849,38225400
2022-01-21,66.48778533935547,67.27163536723435,66.37456514162709,67.19325368683033,60761300
2022-01-24,65.82587432861328,65.85200155576554,64.05786108045365,65.24234410632009,85455900
2022-01-25,65.42524719238281,65.86942338323122,64.53688152114913,65.04203010716292,54516800
2022-01-26,65.17266845703125,66.33972892644232,64.85041714417382,66.22650872478494,55217000
2022-01-27,64.86784362792969,65.5907213354851,64.6152693369454,65.2946038772908,46252100
2022-01-28,65.0855712890625,65.09427593455894,64.04043573471317,64.432364059382,44588300
2022-01-31,66.03489685058594,66.06973536735471,65.05073366974653,65.0681496057471,38299200
2022-02-01,66.66197967529297,66.67069096604459,65.97393389080875,66.44424391987775,53240700
2022-02-02,67.15841674804688,67.24550972102102,66.82746079283798,67.2019665569179,35225900
2022-02-03,66.09586334228516,66.75778187885304,66.07844740608735,66.53133483967524,46207200
2022-02-04,66.25263214111328,66.55746085478387,65.77361084479692,65.97393065364764,32188300
2022-02-07,66.36585998535156,66.70552725470016,66.24392848582994,66.30489423559075,17045500
2022-02-08,66.70552062988281,66.80132489067341,66.19166745361301,66.3571487485727,27066900
2022-02-09,67.78549194335938,67.80290787880307,67.51549510822639,67.63743323540197,26858900
2022-02-10,66.92324829101562,67.84645227027615,66.783900884284,66.81873939715864,27349500
2022-02-11,65.9129638671875,67.15841257312087,65.72135535169505,66.89712702567346,51519400
2022-02-14,65.4862060546875,65.71264644961917,65.0333119752887,65.64297605989974,45356000
2022-02-15,66.68810272216797,66.72294123822256,66.19166549673318,66.26134252884236,30223600
2022-02-16,66.94066619873047,67.08001359573846,66.39197460996812,66.42680647564528,22557600
2022-02-17,65.86071014404297,66.47907885875587,65.83457627319518,66.44424034239306,34691300
2022-02-18,65.58202362060547,66.06974967142558,65.39041505927783,65.89556369463814,34752000
2022-02-22,64.8155746459961,65.36427297324646,64.38881444850948,64.98976722796748,32967600
2022-02-23,64.2843017578125,65.47749607949497,64.15366562148452,65.46878478881715,39771800
2022-02-24,63.42207717895508,63.456915700823195,61.81954504163363,61.93276525412853,72044600
2022-02-25,65.00717163085938,65.04201014107295,63.927204393304116,63.979458836241285,47641800
2022-02-28,63.770442962646484,64.589131450424,63.47431890854444,63.674638707916465,50821600
2022-03-01,62.37694549560547,63.68336010961319,62.037278227544924,63.50046286102431,49003900
2022-03-02,63.1607780456543,63.33497061764797,62.59467045978467,62.82111083622565,43906000
2022-03-03,61.91532897949219,62.94304189065349,61.73243176370507,62.8994987315235,44389700
2022-03-04,60.12119674682617,60.3389325059526,59.59863225387635,60.190873784490954,54455500
2022-03-07,58.21382141113281,59.833775769122845,57.95254252276589,59.73797151662483,55499400
2022-03-08,58.71896743774414,59.86861177478474,57.96125138398341,58.779933173618765,56682500
2022-03-09,61.17502975463867,61.58437399631982,60.2257051471375,60.56537235943308,55565000
2022-03-10,60.443443298339844,60.8440762661827,60.08635349202942,60.31280052420755,33804200
2022-03-11,59.79023361206055,61.01825969092843,59.70314064781209,60.931166726679976,32380700
2022-03-14,60.33893585205078,61.11407466594477,60.217004351759705,60.696025706309214,32048200
2022-03-15,60.913753509521484,61.05310092958282,60.36505518521722,60.661179250594806,36961200
2022-03-16,63.099822998046875,63.14337280961601,61.645349660487014,62.18533675800998,44821400
2022-03-17,63.631099700927734,63.7617424927077,62.77757919819968,62.8298336570043,35025600
2022-03-18,64.24945831298828,64.30171940827977,62.98659369702787,63.09981388808594,36684100
2022-03-21,63.84883117675781,64.20592100728128,63.517875218646864,64.06656693348637,29985700
2022-03-22,64.44976806640625,64.5716995284641,64.18848256498725,64.24074365213086,21840800
2022-03-23,63.613677978515625,64.03172690047617,63.6049666879175,63.7356094678181,22375800
2022-03-24,64.2059097290039,64.2059097290039,63.7181838459306,63.82269273815099,22098200
2022-03-25,64.24075317382812,64.32784613895451,63.79657041348607,64.15366020870175,18372100
2022-03-28,64.03173065185547,64.07528046262969,63.54400466607153,63.83141746973772,24829900
2022-03-29,65.45136260986328,65.65167576297338,64.8765370857722,65.47748983463701,25591200
2022-03-30,65.18136596679688,65.44265150480646,64.93750300853046,65.21620448151597,22487000
2022-03-31,64.10140228271484,64.9549293305897,64.03172524926227,64.71106635827336,31677200
2022-04-01,64.70235443115234,64.71977036696028,64.22333313683961,64.5020346231395,23182800
2022-04-04,64.96363830566406,64.98977217852618,64.4933349104352,64.56300530376326,20875700
2022-04-05,64.08397674560547,64.78072704144036,63.918495477140105,64.54557539472816,27759400
2022-04-06,63.31755447387695,63.657221717830545,62.960471293337385,63.282722600704986,30692700
2022-04-07,63.4569091796875,63.665933644647204,62.916922113376344,63.378520852347656,27838500
2022-04-08,63.48303985595703,63.74432543492706,63.134661298919745,63.22175427698699,21937200
2022-04-11,62.81242370605469,63.36111551010784,62.76887388972088,63.21305676620336,22149900
2022-04-12,62.342105865478516,63.06499020043956,62.18533584879743,62.90822018375847,28916200
2022-04-13,63.012725830078125,63.04756434806342,62.333391341284596,62.333391341284596,20164900
2022-04-14,62.72530746459961,63.247878543159594,62.69047559447841,63.1346517085802,19861900
2022-04-18,62.359527587890625,62.82112638961486,62.246307371638835,62.446620573066525,18508900
2022-04-19,62.6556396484375,62.734021326574734,61.993721127952554,61.993721127952554,24863500
2022-04-20,63.07368850708008,63.28271960482332,62.88207998986588,63.143365539661154,30249800
2022-04-21,62.394351959228516,63.77044340511002,62.28113176865624,63.65721656977041,32960800
2022-04-22,61.3753547668457,62.307263518550954,61.314389022146024,62.298552227945905,34878400
2022-04-25,61.07923126220703,61.13149236155977,60.2344221190909,60.71343679057722,37193600
2022-04-26,59.37218475341797,60.626344842797174,59.33734623484988,60.59150632422909,41284200
2022-04-27,59.64217758178711,60.05151519657989,59.28508777416469,59.59862777532717,43593100
2022-04-28,60.48698425292969,60.63504960208661,59.48540519225017,60.01668091484106,32154000
2022-04-29,59.78152847290039,61.07052706860633,59.72056272717721,60.70472594949934,54305300
2022-05-02,59.633460998535156,59.86861265615142,58.92799938091942,59.56378397229073,45813900
2022-05-03,60.07764434814453,60.30408471859996,59.83377475379966,60.034094545105475,39643500
2022-05-04,61.13149642944336,61.23600534556744,59.39831492967799,60.09507204609071,47419100
2022-05-05,59.16316223144531,60.28667957431573,58.71897941106208,60.25184105460251,38827000
2022-05-06,58.588340759277344,58.95414191970513,58.22254624361823,58.73640613970299,48268900
2022-05-09,56.82032012939453,57.612881458227605,56.70709993017602,57.51707719551662,50145000
2022-05-10,57.24708938598633,57.86545815180029,56.820322508850175,57.83061963255848,57682400
2022-05-11,56.907405853271484,58.15285446511583,56.837735471347344,57.403849684870586,49751100
2022-05-12,56.768062591552734,57.3080496207045,56.289041304017495,56.55032685081262,39410900
2022-05-13,58.3444709777832,58.37059820518833,57.586754803963,57.60417074064378,34682200
2022-05-16,58.396724700927734,58.6580035867432,57.891576219010595,58.08318472213551,21254300
2022-05-17,59.485408782958984,59.52895194553106,59.032514707789126,59.36347729612887,31487000
2022-05-18,58.06576919555664,59.05864370073752,57.97867622303984,58.97155072822071,23553000
2022-05-19,58.623165130615234,58.96283233384604,57.97866923791668,57.99608517241466,35999600
2022-05-20,59.0238037109375,59.354766300923366,58.27479885015616,59.29380055720508,36357000
2022-05-23,60.025390625,60.15603340538946,59.54637595659576,59.65088486509306,23838500
2022-05-24,59.92958068847656,60.129900485410644,59.52023644956963,59.8337764349125,19504600
2022-05-25,59.94700622558594,60.21699641998619,59.52023938601244,59.52023938601244,18826400
2022-05-26,60.60892105102539,60.756986413175525,60.02539082738853,60.034102118048615,20930500
2022-05-27,61.34051513671875,61.35793107284516,60.96600938470769,61.00084790172822,13697600
2022-05-31,60.9747200012207,61.37535297537716,60.82665464432806,61.131490003696506,25025200
2022-06-01,60.33021545410156,61.366639694900655,60.147318231272436,61.331801179395,28336400
2022-06-02,61.58438491821289,61.60180750103277,60.600221621479136,60.81795739334869,21642000
2022-06-03,60.7047233581543,60.9660089113959,60.53053741917165,60.80052761802504,21327200
2022-06-06,60.94858932495117,61.49728098017406,60.817946556155086,61.41018801589908,15192300
2022-06-07,61.13149642944336,61.15762365847438,60.330223752138224,60.338935043404675,19039600
2022-06-08,60.27797317504883,60.722156031479685,60.20829612996776,60.46087043481007,21219400
2022-06-09,59.01209259033203,60.09815118140361,58.98538734494035,59.955714150286006,25675700
2022-06-10,57.58774948120117,57.97943768727458,57.40970321319447,57.9171231914149,34102000
2022-06-13,55.68269348144531,56.41266617878665,55.58476973494351,56.10999432409254,54218000
2022-06-14,55.157474517822266,55.84293741736022,54.67675974735894,55.664894532460586,38601700
2022-06-15,56.19011688232422,56.50169276715603,55.06845252623186,55.762816013532586,37790700
2022-06-16,54.95272445678711,55.35332008475623,54.60554271117569,54.82809546050459,38025300
2022-06-17,54.73017120361328,55.193081325462124,54.40969470418829,54.90821408061444,43097500
2022-06-21,55.558067321777344,55.87854381904852,55.53136207896655,55.70050094324393,31891400
2022-06-22,55.18417739868164,55.700497975531526,54.8547969074326,54.93491602748166,30368200
2022-06-23,55.12186050415039,55.193079010317675,54.54322542302501,55.05954600919666,26482500
2022-06-24,56.76875686645508,56.7865614942715,55.85184060716515,55.89635047876345,31235000
2022-06-27,56.52840042114258,56.92009205193562,56.466085920695626,56.670834050147825,20987600
2022-06-28,56.145606994628906,57.16935099379876,56.12780236728238,56.9913047203335,19187400
2022-06-29,55.93195724487305,56.34145347876761,55.89634799082516,56.17231121998284,18226800
2022-06-30,55.6292839050293,55.71830364190777,54.72126832615074,54.93491705301317,37316200
2022-07-01,55.7628173828125,55.77172139464986,54.74797737002686,54.934920867985156,26046600
2022-07-05,54.56993103027344,54.58773565693447,53.777643821226654,54.00019656066161,30911300
2022-07-06,54.614444732666016,54.73907712804187,54.178243234449944,54.480915117163065,18030000
2022-07-07,55.44234085083008,55.45124486266366,55.0595498432387,55.06845385507228,17215100
2022-07-08,55.50465774536133,55.691604647193216,55.05955221926898,55.29990961086513,13135200
2022-07-11,54.60554122924805,54.970527592406754,54.561031359767306,54.810289345567774,15757900
2022-07-12,54.596641540527344,55.041747034661554,54.472009149626004,54.516522415747765,16350500
2022-07-13,54.56993103027344,54.79248376970839,53.866663558646515,53.928981449902786,17907500
2022-07-14,53.804351806640625,53.84886507350549,53.003163941355176,53.40375957194064,25329100
2022-07-15,54.658958435058594,54.69456429527788,53.955690908472825,54.19604829335223,28570100
2022-07-18,54.881507873535156,55.56696733473737,54.792484738655716,55.424533714815624,23785600
2022-07-19,56.3770637512207,56.394864982680836,55.86964036158558,55.92305424362229,25474500
2022-07-20,56.003173828125,56.368160201989525,55.718306580030024,56.19902133464734,18738200
2022-07-21,56.58181381225586,56.644128312159616,55.80732777764823,55.87854628947284,19165500
2022-07-22,56.43937301635742,57.142640449821315,56.216820288999365,56.822163979084095,18771500
2022-07-25,56.87557601928711,56.9467945240187,56.57290416594827,56.86667540413827,17451300
2022-07-26,56.08329391479492,56.51059479425852,56.08329391479492,56.4571809108685,11610000
2022-07-27,57.40970230102539,57.472016795894966,56.466080866780175,56.653024351388915,20945500
2022-07-28,57.70348358154297,57.81031135923099,56.982414759521106,57.32069253454223,19385400
2022-07-29,58.50467300415039,58.54028226220464,57.65007118616285,57.81030945152123,23958000
2022-08-01,58.58478927612305,58.8251500722421,58.29992200085823,58.48686551352218,19450500
2022-08-02,57.650054931640625,58.273199792464624,57.632246911748744,58.112961572285656,17857700
2022-08-03,57.988346099853516,58.09517386876561,57.55214459572866,57.90823036699782,16011100
2022-08-04,58.2821159362793,58.38893691079148,58.023953928256496,58.09517243911196,15153600
2022-08-05,57.87261962890625,57.97054338329228,57.480924611362134,57.56104713393752,15130400
2022-08-08,58.00614929199219,58.54027450851783,57.89932153197881,58.33552299976818,12069100
2022-08-09,57.69457244873047,58.077363448491134,57.59664869587744,57.979439695638106,10867800
2022-08-10,58.99428176879883,59.1901292814152,58.70051729164541,58.90526202445624,16870800
2022-08-11,58.976470947265625,59.412672377859224,58.8785472068795,59.225728907604825,11539400
2022-08-12,59.43048858642578,59.43938580639932,58.86965130662795,59.01208832745628,13680300
2022-08-15,59.074405670166016,59.118918939260624,58.80733963914093,58.9230714220784,15733100
2022-08-16,59.05659484863281,59.163422614337264,58.70941309980708,58.70941309980708,13497100
2022-08-17,58.58478927612305,58.90526580976741,58.28212076755425,58.48686551352218,14822100
2022-08-18,58.38893508911133,58.54027611790024,58.18419036650348,58.51357087510537,14303900
2022-08-19,57.58774948120117,57.89932196049957,57.45421647813881,57.83700746463989,20257600
2022-08-22,56.60851287841797,56.982403232922465,56.46607926619844,56.96459860690938,20062200
2022-08-23,56.635223388671875,57.05362025330775,56.394866008960804,56.46608451963912,19101400
2022-08-24,56.70643997192383,56.89338346227204,56.33254959534202,56.39486409212476,12086600
2022-08-25,57.329593658447266,57.34739489127906,56.724249865595304,56.84887887073205,13980500
2022-08-26,55.825130462646484,57.4186089524638,55.789521207973536,57.35629445472886,19338300
2022-08-29,55.700504302978516,55.93196107425107,55.522461416434766,55.57587530116358,16199700
2022-08-30,55.299903869628906,56.13670434517272,55.18417888989715,56.074389849660136,24907400
2022-08-31,54.92601776123047,55.50465285665443,54.908213134248676,55.29990474019191,32178200
2022-09-01,54.18714141845703,54.24055529979224,53.61740693442305,54.12482692150865,33526300
2022-09-02,53.83106231689453,55.050650482722425,53.66192004705446,54.65005483821382,28234000
2022-09-06,53.69752883911133,54.20494885247274,53.51058533858566,54.08922046819637,21862300
2022-09-07,54.169334411621094,54.17823842272849,53.26132224001038,53.27022285523254,21289000
2022-09-08,54.2049446105957,54.27616311715727,53.46607128238859,53.56399163508279,17589900
2022-09-09,55.584774017333984,55.638187900236986,55.210887024669425,55.2464962799381,22655100
2022-09-12,56.359256744384766,56.60851472492818,56.216823127519206,56.27913762265506,22338600
2022-09-13,54.400794982910156,55.62038310720882,54.35628511189942,55.30881061424819,26513900
2022-09-14,54.57883834838867,54.81029171723487,54.25836184084355,54.569934336576026,19052800
2022-09-15,54.09811782836914,54.658951656872794,54.00909469914665,54.178236946726805,23181900
2022-09-16,53.76873779296875,53.96458187475398,53.46606596197161,53.6263041899045,31914300
2022-09-19,53.955692291259766,53.991301548277214,53.145600371483816,53.154500987795345,19597500
2022-09-20,53.03877639770508,53.323643664229216,52.7272004902729,53.207915275989514,23429600
2022-09-21,52.34440231323242,53.44826536712579,52.29989244564721,52.994255888455086,22678800
2022-09-22,52.19307327270508,52.655983412555976,51.94381187685579,52.54915564466962,25400900
2022-09-23,50.52837371826172,51.053598332168775,50.12778149406793,51.000187846748474,33958900
2022-09-26,49.78059768676758,50.46606056698361,49.51353506488892,50.01205444937843,41892400
2022-09-27,49.44232177734375,50.288022941112416,49.15745451736271,50.02095691348028,38742700
2022-09-28,50.63520050048828,50.76873010733905,49.27317541859024,49.4245130480835,35116000
2022-09-29,50.038761138916016,50.0743703950984,49.353298238890176,49.86071825388966,30971600
2022-09-30,49.8607177734375,50.474965551065324,49.753893401805264,49.816207901581194,38527600
2022-10-03,50.848854064941406,51.06250621045794,50.172295163262746,50.37704329661136,37451600
2022-10-04,52.887428283691406,52.96754739878548,52.175260258346924,52.193064883466164,32480200
2022-10-05,52.326602935791016,52.62037420391436,51.712358551377065,52.006126423614845,28550700
2022-10-06,51.40968704223633,51.97052094263596,51.35627315785545,51.712358928623445,28668800
2022-10-07,50.59069061279297,51.231640196386884,50.421548356605214,51.16932570070255,22200000
2022-10-10,50.30582046508789,50.617396342395196,50.01205261058796,50.56398246162914,26510200
2022-10-11,49.75389099121094,50.55508222934855,49.59365274358342,49.97644373559523,26577200
2022-10-12,49.59365463256836,49.88742589637013,49.45122100657264,49.62036327211385,24455800
2022-10-13,50.61739730834961,50.84885067098208,48.61442258585105,48.73015096511,48010100
2022-10-14,49.8607177734375,51.098113944710185,49.80730728556416,50.937875689319064,28145900
2022-10-17,51.089202880859375,51.32065961598057,50.937868658259816,50.94676927304829,32731000
2022-10-18,51.45419692993164,51.89930244558137,51.08030992681095,51.84589195707018,26876700
2022-10-19,50.822147369384766,51.18713375248007,50.48386623025955,50.97348161306268,22958200
2022-10-20,50.70641326904297,51.454190578870765,50.59068829429575,50.86665150656929,25989700
2022-10-21,51.62333679199219,51.64113802340877,50.04766293256129,50.243507041112544,37761800
2022-10-24,51.63223648071289,51.85478922416424,51.1782303782617,51.43638897979239,20327600
2022-10-25,52.77170181274414,52.81621507508267,51.99721926962265,52.006119884559276,21583300
2022-10-26,53.27022933959961,53.63521573407073,52.73610406823698,52.753905300848174,27095500
2022-10-27,52.77170181274414,53.48387325953898,52.74499657204913,53.083277669688165,20349600
2022-10-28,53.29693603515625,53.29693603515625,52.59367186775911,52.69159223332867,19235500
2022-10-31,52.79841613769531,52.914141123765035,52.6203732568147,52.7004923834167,27032700
2022-11-01,53.21681213378906,53.87556976352816,52.97645475790664,53.85776513614219,42687000
2022-11-02,52.44232940673828,53.9912980271217,52.44232940673828,53.29693114410858,30497700
2022-11-03,51.99721908569336,52.24647705365878,51.68564662573659,51.730156492032535,23604200
2022-11-04,54.080322265625,54.1426367685812,53.22572045718078,53.56399821726138,33756400
2022-11-07,54.24945831298828,54.48981569579134,54.04471018598246,54.27616695277898,19904600
2022-11-08,54.86370849609375,55.20198625334704,54.49872209787838,54.62335110274914,19882900
2022-11-09,54.09811782836914,54.872600375236466,54.089213817504316,54.48090879431297,22418600
2022-11-10,57.13374328613281,57.13374328613281,56.01207550412806,56.32365139730073,29640900
2022-11-11,58.2732048034668,58.36222453527237,57.427507163658596,57.650059889057616,24071300
2022-11-14,57.65896987915039,58.17529394646396,57.65896987915039,57.801406915004485,21599900
2022-11-15,58.041751861572266,58.69160885059773,57.50762664405264,58.59368510167923,34956600
2022-11-16,57.908233642578125,58.22871017567101,57.739091363509225,58.13078641323866,22730400
2022-11-17,57.88151550292969,57.9171247574939,57.15154276379041,57.16935078695794,21271100
2022-11-18,57.99724578857422,58.157484034112116,57.80139828938672,58.148580022757045,18431100
2022-11-21,57.56104278564453,57.667863751980875,57.30288079738087,57.507625510705864,21877400
2022-11-22,58.36222839355469,58.380036416155185,57.83700718694072,57.926026924631316,14698700
2022-11-23,59.003177642822266,59.092197374886915,58.46905245866419,58.46905245866419,13400800
2022-11-25,59.30586624145508,59.43049525277408,59.07440945253191,59.07440945253191,10934400
2022-11-28,58.540279388427734,59.26134815125702,58.50467013212156,59.01209014888498,18618500
2022-11-29,58.709415435791016,59.03879596599053,58.566985200955585,58.68271019124508,17666900
2022-11-30,59.7509651184082,59.95570984622735,58.60259210660414,59.17232660663191,41966500
2022-12-01,60.32959747314453,60.58775948239997,60.01802497637799,60.418624008024445,24209700
2022-12-02,60.28508377075195,60.47202724640188,59.76875981413584,59.76875981413584,36230700
2022-12-05,59.492801666259766,60.24947964399418,59.32365940600272,60.08033738373713,26304900
2022-12-06,59.225738525390625,59.742062550951594,58.97648052457392,59.61743355054324,25663000
2022-12-07,59.225738525390625,59.47499652620733,59.003185768694124,59.252443769510826,23274300
2022-12-08,59.52840805053711,59.59072254471622,59.03878931643659,59.21682878787106,20080400
2022-12-09,59.564022064208984,60.01802479018706,59.5284128087217,59.67084303889981,25772900
2022-12-12,59.7420539855957,59.7420539855957,59.35926302728849,59.55511051178569,18725400
2022-12-13,60.5893669128418,61.47420749405976,60.365921839473444,61.35801851074911,29377300
2022-12-14,60.53573226928711,61.07199899291274,60.14246682309435,60.678733546719975,23707700
2022-12-15,58.989498138427734,59.8922181253213,58.78392567485703,59.784962037501494,25617500
2022-12-16,58.471099853515625,58.77498867158592,58.21190277366215,58.50685188028871,23998700
2022-12-19,58.328102111816406,58.739240216201594,58.176154284041786,58.65879644632065,21180700
2022-12-20,58.560482025146484,58.85543115954618,58.37278898116554,58.453232753730234,21440600
2022-12-21,59.16824722290039,59.33806764502018,58.8375529090905,58.91798985493554,17112200
2022-12-22,58.68561553955078,58.95374552795339,58.194033665642586,58.94480581597262,21251200
2022-12-23,58.891178131103516,58.98055478927403,58.46216744428429,58.58729612952339,12536600
2022-12-27,58.980552673339844,59.20399772025097,58.82861167800068,58.93586775535862,16247400
2022-12-28,58.354915618896484,59.28444793346473,58.354915618896484,59.105687785084825,14526900
2022-12-29,59.27550506591797,59.436385781394605,58.989495662737504,59.02524769051032,17455400
2022-12-30,58.6677360534668,59.15037821488316,58.60517170767221,58.94480575355679,25629000
2023-01-03,59.18613052368164,59.73133703347109,58.90012111026768,59.40063587899153,25179300
2023-01-04,59.972652435302734,60.169285178143404,59.62407868899503,60.04415649069971,26751400
2023-01-05,59.37382507324219,59.60620985849432,59.25763609011736,59.40957710320424,17376900
2023-01-06,60.893253326416016,60.92900535901092,59.38276915854831,59.731342952594936,17951400
2023-01-09,61.152442932128906,61.72446174533369,61.116690903928344,61.35801538953163,23392800
2023-01-10,61.331207275390625,61.34014016880123,60.929002044827776,61.072010167428594,18811500
2023-01-11,61.79595947265625,61.80489918354133,61.438446046268886,61.62613906084693,17732700
2023-01-12,62.70762634277344,62.81487560985999,61.670837967588554,62.30542113419217,19767100
2023-01-13,63.0383186340332,63.05619805730359,62.39479577633965,62.39479577633965,18092100
2023-01-17,63.234947204589844,63.51201687598528,63.06512678973377,63.26175951872469,25184100
2023-01-18,63.011512756347656,64.06617380999415,63.011512756347656,63.94998482287306,35935300
2023-01-19,62.91319274902344,63.04726115351408,62.5824915938135,62.81487637366379,23519000
2023-01-20,63.46734619140625,63.48521879850358,62.725506845309795,62.88638758519815,28289500
2023-01-23,63.726531982421875,63.73546487488005,63.163446083470525,63.190258398848805,24252900
2023-01-24,63.64609909057617,63.78016750937367,63.16345687430701,63.37796907198422,12996500
2023-01-25,64.066162109375,64.1197867368676,63.39582698971176,63.44051872528989,14250500
2023-01-26,64.11978912353516,64.19129317552111,63.60140179414127,64.11978912353516,13272300
2023-01-27,63.994667053222656,64.13767517196845,63.64609328753281,63.72653705907792,13986800
2023-01-30,63.58352279663086,64.05722521095099,63.58352279663086,63.762276108788804,14111500
2023-01-31,63.949989318847656,63.985734533549724,63.27965402963124,63.40478273809804,23544400
2023-02-01,64.52200317382812,64.74544825275785,63.4047777791795,63.8963528614233,27861400
2023-02-02,64.43262481689453,64.73651369431462,64.03042637040083,64.69182194736946,15588000
2023-02-03,63.83378219604492,64.35217636442997,63.69078090556055,63.80696988026673,18589800
2023-02-06,63.18133544921875,63.35114907967199,62.85957397604015,63.208147768816474,18409500
2023-02-07,63.71760177612305,63.798038734257176,62.76125707728979,62.88638578038925,19440100
2023-02-08,63.3243293762207,63.717594868472304,63.20814039851098,63.619278495409404,18281400
2023-02-09,63.440521240234375,64.28960969786726,63.32432545072552,64.23598506824887,10875300
2023-02-10,63.1634521484375,63.25282881461435,62.8863824375885,63.20814389102719,16681200
2023-02-13,63.798030853271484,63.798030853271484,63.18132712674937,63.25282436325779,11806300
2023-02-14,63.91423797607422,64.20024742980495,63.333279355339016,63.503099812524006,14082900
2023-02-15,63.62821578979492,63.62821578979492,63.074069600767096,63.12769423167234,14031200
2023-02-16,63.31537628173828,63.699701980932375,63.00255462402232,63.074058665500466,13151000
2023-02-17,63.47627639770508,63.54778046107292,62.91319724143961,63.02045333649137,13768200
2023-02-21,62.779117584228516,63.25281998594995,62.734432666878355,63.02937494219444,14419700
2023-02-22,62.4305534362793,62.7791272124775,62.29648502566399,62.671877939187354,12991700
2023-02-23,62.75231170654297,62.82381576443931,62.18029288137683,62.69868707262186,25783700
2023-02-24,61.706600189208984,61.91216586441579,61.45634276599894,61.68872076240635,25120200
2023-02-27,62.43948745727539,62.60036817154872,62.24285471549665,62.42160803402168,19736300
2023-02-28,61.98366165161133,62.40373947830051,61.95684933399328,62.26073817800347,28408000
2023-03-01,62.31436538696289,62.61824742452164,62.08198059300444,62.475246118318324,20961000
2023-03-02,62.43948745727539,62.4931120890325,61.858528943566014,61.87640836681972,20540100
2023-03-03,63.35114288330078,63.386894912268495,62.618243336968376,62.78806376981444,23663300
2023-03-06,63.19026565551758,63.45840247809652,63.11876841263217,63.20814508049093,22289600
2023-03-07,62.13560485839844,63.15452069688359,62.064107615226256,63.10088924075109,26319800
2023-03-08,62.47524642944336,62.662939480458945,62.180297283989105,62.33223830352514,21016200
2023-03-09,62.019412994384766,62.80593718481148,61.91215690609834,62.59143182724099,25914100
2023-03-10,61.3580207824707,62.18029704634962,61.29545643237128,62.037295739980685,31703800
2023-03-13,60.93794250488281,61.438457302121236,60.60724133156303,60.71449742482956,27005100
2023-03-14,61.751277923583984,61.76021763594374,61.27757545355544,61.57252459040427,18054000
2023-03-15,59.83858871459961,59.9279722003352,59.05206450074544,59.46320262291938,37928500
2023-03-16,60.76811599731445,60.76811599731445,59.481077101575806,59.534701733355995,33179100
2023-03-17,60.04416275024414,60.35698450146472,59.80284506187477,60.2229160883694,23846200
2023-03-20,60.982627868652344,61.18819350215409,60.607234990993454,60.71449107303913,24003200
2023-03-21,61.90322494506836,61.96578929276021,61.54571146439955,61.876412627343626,16669400
2023-03-22,61.6887092590332,62.76124964007909,61.652964050100216,62.00153779871456,16277900
2023-03-23,61.69765090942383,62.600370890893814,61.42058120797358,62.23391770729624,23067200
2023-03-24,61.509952545166016,61.54570457112883,60.90218174180162,61.25969518242804,27879000
2023-03-27,62.09092330932617,62.14454794937125,61.74234951102705,61.885350824148276,23269300
2023-03-28,62.11772918701172,62.260737304304385,61.965788176640025,62.055164840446764,20324500
2023-03-29,62.86849594116211,62.92212739003749,62.609305684105124,62.725494655165214,29119300
2023-03-30,63.60140609741211,63.69078275894093,63.44945827191074,63.59246638555858,21615800
2023-03-31,63.923160552978516,64.06616866626362,63.771219546864714,63.771219546864714,28532600
2023-04-03,64.43262481689453,64.45050424327388,63.98573462345566,64.075118117346,20737100
2023-04-04,64.44156646728516,64.63819924934981,64.2538733986789,64.44156646728516,15364600
2023-04-05,63.994667053222656,64.28067647171183,63.78016169410638,64.101923142282,16313900
2023-04-06,64.29855346679688,64.46836707763876,63.92316057877307,64.00360434727894,13659900
2023-04-10,64.25386047363281,64.26280018529295,63.798030644994284,63.89634701624969,12854000
2023-04-11,64.46836853027344,64.5756246176973,64.34323983778009,64.39687129099318,11264100
2023-04-12,64.87950134277344,65.19232986748253,64.68287542704437,65.04932176258674,13241500
2023-04-13,65.71073150634766,65.76436296686076,65.3442850910249,65.4157891590402,12233000
2023-04-14,65.44259643554688,65.86267427900357,65.19233903578613,65.68391412274396,14209900
2023-04-17,65.32638549804688,65.35320462952589,65.01356382080307,65.26382116259812,17323800
2023-04-18,65.68390655517578,65.73753800537604,65.5051532385134,65.65709423957662,13753400
2023-04-19,65.47834014892578,65.54983738334444,65.33533204208476,65.35321146494081,8840800
2023-04-20,65.47834014892578,65.639220859621,65.30851972680253,65.32639233065673,12478600
2023-04-21,65.80903625488281,65.85372799423816,65.27276947762884,65.55877888009776,14053000
2023-04-24,65.9788589477539,66.0056712646872,65.79116591021857,65.80903851517334,12864900
2023-04-25,65.05825805664062,65.7107137487019,65.04931834580377,65.67496854335727,12582200
2023-04-26,65.0135726928711,65.46940252420319,64.93313574446064,65.46046281249022,16928600
2023-04-27,65.82691955566406,65.83585926786212,65.2191486872425,65.3532170942036,14505700
2023-04-28,65.80010986328125,65.80904275683326,65.25490332048925,65.27277592659598,16936800
2023-05-01,65.70178985595703,66.0414239052615,65.68391043183439,65.86267057804912,24499500
2023-05-02,65.04039001464844,65.10295436345011,64.64713131603902,65.09402147005173,12907200
2023-05-03,65.21021270751953,65.73754665334921,65.20127299480978,65.28171677119184,13977300
2023-05-04,65.07613372802734,65.30851848773415,64.85268867957896,65.02250909848028,17411200
2023-05-05,66.03248596191406,66.13080234021503,65.35321784511058,65.39790276860941,11096900
2023-05-08,66.05036926269531,66.1844376790647,65.93417345297382,66.16655825341388,7533200
2023-05-09,65.78223419189453,65.87161086553371,65.46941242465584,65.50516445791213,14835400
2023-05-10,65.64816284179688,65.8626750317601,65.23702470620488,65.85373531909427,14009800
2023-05-11,65.48728942871094,65.48728942871094,64.99571428118868,65.27278403377402,14971700
2023-05-12,65.37108612060547,65.61241060372372,65.12976845648929,65.56771886418268,15823200
2023-05-15,65.87159729003906,65.88053700126153,65.49621124671604,65.56771529849235,10580600
2023-05-16,65.24595642089844,65.63922190195434,65.21914410519044,65.53196582012038,13335700
2023-05-17,65.54984283447266,65.5945345763275,65.08508008659335,65.32639776320325,21491300
2023-05-18,65.45153045654297,65.47834277289967,65.09401699411531,65.39789900482744,10657000
2023-05-19,65.83585357666016,65.99672746830376,65.66603315458944,65.73753720798783,15971200
2023-05-22,65.85372924804688,65.97885793782176,65.73754027011367,65.74647316295318,12122700
2023-05-23,64.88844299316406,65.38002484468124,64.8616306774453,65.28170847437781,19215100
2023-05-24,63.941043853759766,64.2717450215323,63.90529182327063,64.25386559678645,21758100
2023-05-25,63.85165786743164,63.96784683531077,63.592460798469034,63.914222206905265,17393700
2023-05-26,64.47731018066406,64.53093481648693,64.11979669750573,64.12873640981037,11189800
2023-05-30,63.82484436035156,64.29854675308437,63.64608423733823,64.2806673312823,13979800
2023-05-31,63.1634521484375,63.27964795156968,62.68080996827947,63.18133157307439,32754700
2023-06-01,64.10192108154297,64.15554571484752,63.45839820587961,63.503089946301536,29681600
2023-06-02,64.93314361572266,65.03145999947705,64.77226288039756,64.93314361572266,18693500
2023-06-05,64.55775451660156,64.89738857811355,64.51306277369093,64.83482422944023,18029700
2023-06-06,65.09400939941406,65.12976142338576,64.66499193075512,64.69180424398355,17811900
2023-06-07,64.52151489257812,65.07671539764439,64.46690728355492,64.84917443471556,29259200
2023-06-08,65.20414733886719,65.21325092303849,64.72176153779073,64.83098371584582,15781000
2023-06-09,65.09492492675781,65.24055449697433,64.98570969309554,65.14043590345051,15419000
2023-06-12,65.37709045410156,65.4043942666814,65.15864606546054,65.31337924341489,15814700
2023-06-13,65.9959945678711,66.15982436807269,65.87766880194751,65.97778739895962,17620600
2023-06-14,66.24172973632812,66.6057966972488,65.87766277540744,66.41466310516539,17305800
2023-06-15,66.94256591796875,66.97896636775987,66.18712812079676,66.23263215503583,14597200
2023-06-16,66.79692840576172,67.2702175248125,66.76962459966255,67.2429067747138,20036200
2023-06-20,65.91407775878906,66.18712974693338,65.7775517647169,66.06880397820393,16873000
2023-06-21,66.01419067382812,66.2417316630218,65.70473826164469,65.8048568524099,11322700
2023-06-22,65.60462188720703,65.71383712154967,65.47719948447384,65.54091068584044,11313300
2023-06-23,64.58523559570312,64.7581689750761,64.44870960904025,64.46691677739537,15929700
2023-06-26,64.66716003417969,64.79458244862333,64.567041430831,64.66716003417969,12950900
2023-06-27,65.23145294189453,65.27696392000286,64.66715569975305,64.85828930860745,11034100
2023-06-28,65.27696228027344,65.40438468297558,65.09492531641314,65.21325107892237,9256500
2023-06-29,65.18595886230469,65.18595886230469,64.94021065339213,64.97661805263849,6736000
2023-06-30,65.98688507080078,66.03239604500122,65.72293669723761,65.79575147835843,28381100
2023-07-03,65.91407775878906,66.05970733753284,65.81395915940284,65.95958873814662,13375500
2023-07-05,65.17684173583984,65.46809392530093,65.11313053639523,65.44079011753895,15971500
2023-07-06,64.04824829101562,64.22117474289533,63.65687746202346,64.20297451680302,17415300
2023-07-07,64.53062438964844,64.82187657113064,64.08464600575375,64.11194981276776,16721300
2023-07-10,64.712646484375,64.7399502880496,64.39409053483989,64.42139433851447,9486000
2023-07-11,65.29515838623047,65.31336555346817,64.82187619804579,64.99480956680544,12811300
2023-07-12,66.54208374023438,66.61489851929292,66.05059439758847,66.15981656617629,16111100
2023-07-13,67.60697174072266,67.69798673971462,67.3885343543421,67.41583815963976,12707500
2023-07-14,67.22471618652344,67.61608699936782,67.19741237651112,67.5614793793432,12549100
2023-07-17,67.14279174804688,67.22471011468535,66.81513911349266,66.92435434367744,15876600
2023-07-18,67.57968139648438,67.66159282869312,67.19741415817555,67.26112536456034,11519400
2023-07-19,67.54326629638672,67.76170370136091,67.37033292278221,67.62518466325199,11138700
2023-07-20,67.1974105834961,67.57967780146957,67.08818840236067,67.39764777691087,14843900
2023-07-21,67.33393096923828,67.40673880660127,67.14279043216119,67.3521311925791,10318400
2023-07-24,67.17009735107422,67.31571996149206,67.00626757435455,67.04267496295886,9421100
2023-07-25,67.24291229248047,67.40674208651846,67.04268204998966,67.06088227421607,9151000
2023-07-26,67.4249496459961,67.64338705798093,66.89705286836596,66.93346026103012,12325300
2023-07-27,67.27021789550781,67.98014463399653,67.215603339009,67.98014463399653,12775700
2023-07-28,67.75261688232422,68.02566194212025,67.62519446561923,67.77081710871026,15891100
2023-07-31,67.77081298828125,67.99835399627736,67.6797979738829,67.81632396748067,13797600
2023-08-01,66.92436218261719,67.29753278012484,66.78783618489486,67.10639916091387,16707800
2023-08-02,65.67744445800781,66.19623771463228,65.60462966381466,66.09611910861695,16805400
2023-08-03,65.49539184570312,65.67742878775303,65.10402110029497,65.15862871091029,12745700
2023-08-04,65.67744445800781,66.36006752956636,65.62282989036247,65.83217068766751,14079600
2023-08-07,66.23263549804688,66.25084266786176,65.80486422340678,66.10521308534545,12940600
2023-08-08,65.83216094970703,65.88676856527378,65.34067157760636,65.50450136830658,14144400
2023-08-09,65.81394958496094,66.09610511672962,65.70473436079197,65.92317175312941,12188700
2023-08-10,66.09611511230469,66.90616055272369,66.03240390723805,66.52388637832327,16788900
2023-08-11,65.6501235961914,65.86856794514415,65.50450097422282,65.6319233724453,14863700
2023-08-14,65.35888671875,65.42259793278576,64.81278960644325,64.98572302054096,9959400
2023-08-15,64.54883575439453,64.99482115926794,64.43051692224496,64.9766139887828,13863600
2023-08-16,64.02092742919922,64.59433514859731,64.0027272059801,64.33949035953137,10940100
2023-08-17,63.56584548950195,64.29397941054539,63.48393406898441,64.2211646296411,14730500
2023-08-18,63.56584548950195,63.67506766085838,63.08345971801055,63.092563301623514,13617500
2023-08-21,63.802494049072266,63.87530883453429,63.44753064994505,63.72967926361024,15838400
2023-08-22,63.684165954589844,64.12104071572745,63.62955834544743,64.10284049401301,10563000
2023-08-23,64.37590026855469,64.4669152762105,63.92991492624123,63.93901851020681,12670000
2023-08-24,63.493045806884766,64.25758027256829,63.46574199653901,64.0573430713653,14879000
2023-08-25,63.920814514160156,64.13925190844361,63.34740680616669,63.89350376387511,11617700
2023-08-28,64.59434509277344,64.63984912982636,64.33950026447461,64.35770049049562,12320400
2023-08-29,65.39527893066406,65.4407899061203,64.40320355051728,64.46691474975606,12224400
2023-08-30,65.35888671875,65.66834614692479,65.26787169069912,65.4499086908024,12235800
2023-08-31,65.10403442382812,65.44079762753951,64.90379721859436,65.38618306174801,13375200
2023-09-01,65.067626953125,65.6956423789993,64.89470050298627,65.66833856813531,17069800
2023-09-05,64.5033187866211,64.9219933518443,64.49421520320332,64.90378618500877,12085000
2023-09-06,64.3667984008789,64.62164320671042,64.13925740367219,64.48511721958636,11294600
2023-09-07,64.1574478149414,64.29397378118325,63.96631423980244,64.16655139775729,13543000
2023-09-08,64.06644439697266,64.27578517557579,63.984532968823835,64.06644439697266,11813900
2023-09-11,64.73086547851562,64.7854730958439,64.43050969520976,64.6034430754162,11650900
2023-09-12,64.4669189453125,64.6944599494024,64.3668003479929,64.40320774192733,7947100
2023-09-13,64.26667785644531,64.5124190706116,64.13925545739613,64.3303890559699,10047900
2023-09-14,65.1131362915039,65.17684749657971,64.73996570177374,64.75817287122429,13519800
2023-09-15,64.96749877929688,65.4680917180557,64.94019497245543,65.24965431932443,13678500
2023-09-18,64.73995971679688,64.81277449986649,64.46691469628566,64.6944556853783,9121300
2023-09-19,64.79457092285156,64.96749734369274,64.63074114142339,64.84917853532777,10339900
2023-09-20,64.63984680175781,65.42258842848486,64.60344635102678,65.10403240458443,14523400
2023-09-21,63.56584548950195,64.15745343234978,63.56584548950195,64.03003103776713,17619900
2023-09-22,63.62046813964844,64.1301577828111,63.565853575023446,63.9117203563129,14714800
2023-09-25,63.33831024169922,63.37471763544762,62.946946382904734,63.09256901389797,16853100
2023-09-26,62.519168853759766,63.0288584836776,62.46455429055399,62.837724872458416,17756900
2023-09-27,62.40083312988281,62.801307457488605,61.963958357948584,62.755796486079106,16390400
2023-09-28,62.9105339050293,63.101667498761614,62.373533570638685,62.455451935952404,19507400
2023-09-29,62.72850036621094,63.49304172676495,62.57377415486077,63.48393814256784,20292800
2023-10-02,61.80923843383789,62.37353565014682,61.59989766572329,62.31892803411692,23671400
2023-10-03,61.035587310791016,61.42695805528428,60.82625350792212,61.25403164074025,19913200
2023-10-04,61.14482116699219,61.22673259838559,60.635131520987095,61.19033214710005,19586200
2023-10-05,61.68181228637695,61.77283424314392,61.29044148188023,61.499782260843745,18327200
2023-10-06,62.36442565917969,62.510055212298276,61.19032037115774,61.563483949025354,17758900
2023-10-09,62.27341842651367,62.3462332121536,61.71821783800952,61.781929039444414,11015700
2023-10-10,63.128971099853516,63.38381589066496,62.89232653238586,62.97424489743225,23682800
2023-10-11,63.392921447753906,63.584055046812466,63.03795805750231,63.49304003926077,15393600
2023-10-12,62.86502456665039,63.493039922401195,62.628379992251546,63.474832754524385,16764600
2023-10-13,62.28252029418945,62.82861728343794,62.12779408696904,62.68299466017166,19900300
2023-10-16,62.737606048583984,62.80131725209421,62.309827849015164,62.39174622152853,20119600
2023-10-17,62.77401351928711,63.065265727689756,62.2097093275068,62.218812912019494,12155100
2023-10-18,61.68181228637695,62.2825238698372,61.60900444256389,62.21881266650054,16945900
2023-10-19,61.13571548461914,61.80924185830378,61.02650024650841,61.48158225597082,27204100
2023-10-20,60.58961486816406,61.06289707457184,60.56231106025592,60.91727445106175,28251800
2023-10-23,60.6351318359375,61.01739907242689,60.1345388281533,60.362079841873275,18574700
2023-10-24,60.98098373413086,61.03559134823075,60.662427745215204,60.744339166365044,22138700
2023-10-25,60.544097900390625,61.05379439223227,60.47129006784121,60.81714984044862,17400900
2023-10-26,60.10723114013672,60.51680216081171,59.91609753422171,60.389379756868365,22914700
2023-10-27,59.925193786621094,60.55320916199127,59.7795711590571,60.52590535332303,24116300
2023-10-30,60.68973159790039,60.71703540497087,60.31656105060448,60.580509425618715,23954500
2023-10-31,60.90817642211914,60.953687402116785,60.55321299893948,60.76255378532778,18291300
2023-11-01,61.4815788269043,61.49977905090752,60.88086727479775,61.05380065082843,21115000
2023-11-02,62.737606048583984,62.74670963308555,62.328035018018305,62.51006504404741,19669400
2023-11-03,63.40203094482422,63.71148338816071,63.174489932723645,63.265504948763756,20752900
2023-11-06,63.08346176147461,63.374713950526576,62.956039362764365,63.31100275117146,15938000
2023-11-07,62.70119857788086,62.81951740025501,62.47365757362262,62.591976395996774,15747100
2023-11-08,62.619285583496094,62.8923306153775,62.437248618241625,62.67389320107234,10916500
2023-11-09,62.61017990112305,63.32921026578254,62.582876093249894,63.17448405850138,14557600
2023-11-10,62.892330169677734,62.93784114666887,62.1277957530276,62.564670578541914,12518800
2023-11-13,63.0561637878418,63.147178803341454,62.53737056109312,62.63748916134292,11354700
2023-11-14,64.66716003417969,64.74907146746455,64.12105603627747,64.13015962130939,21166800
2023-11-15,64.56704711914062,64.88560318331429,64.53063971980629,64.69446954481009,12980000
2023-11-16,64.52151489257812,64.72175205099535,64.2939739296493,64.45780370071802,13769700
2023-11-17,65.39527893066406,65.4043825145553,64.99481151144882,65.12223390992638,14314300
2023-11-20,65.64103698730469,65.71384483741522,65.29517018727556,65.29517018727556,10334700
2023-11-21,65.38617706298828,65.66833261902296,65.304265637817,65.60462141811192,12300200
2023-11-22,65.54090118408203,65.56820498870934,65.1950344748051,65.48628663082827,12162900
2023-11-24,66.04148864746094,66.05969581362798,65.7411398456977,65.75023648478192,8083500
2023-11-27,65.81394958496094,65.92317175312941,65.67743055474972,65.84125339100318,10365000
2023-11-28,65.83216094970703,66.0323981321184,65.55000539994558,65.63192376729565,11129900
2023-11-29,65.96868896484375,66.22353377067259,65.80485916909662,66.02329658209274,10462200
2023-11-30,65.91407775878906,66.08701114754716,65.6865367500023,65.97778896348933,19444200
2023-12-01,66.60579681396484,66.66040442779874,65.8503590839306,65.87766289084755,21091900
2023-12-04,66.08700561523438,66.2326282377872,65.83216081776699,65.95047963259115,14778700
2023-12-05,65.8503646850586,66.27814288047617,65.74114944810113,65.87766849429795,17529500
2023-12-06,66.05059814453125,66.64220610594373,66.0323979207339,66.50568012346395,16547400
2023-12-07,66.36915588378906,66.56028948667984,65.92317747704394,66.18712586503598,14513200
2023-12-08,66.56938934326172,66.6695079311698,66.18712215888524,66.20532238214139,13323600
2023-12-11,66.73322296142578,66.76963035402886,66.46017098890272,66.46927457305351,12372000
2023-12-12,66.85154724121094,66.85154724121094,66.40556879738658,66.62400622685146,13210000
2023-12-13,67.82540893554688,67.88912012906124,66.58759245355343,66.90614842112524,16760700
2023-12-14,68.32600402832031,68.56264858779377,68.00744805056729,68.16217424776168,21959600
2023-12-15,67.66159057617188,68.12577617523695,67.61608654112658,67.99835376670936,22420700
2023-12-18,67.82540893554688,67.9983422939427,67.62517871592979,67.94373468350162,14409900
2023-12-19,68.39881896972656,68.4443229986568,68.19858179923483,68.19858179923483,15551800
2023-12-20,67.70854949951172,68.58404853756421,67.66246764230716,68.41816369517377,23019200
2023-12-21,68.80524444580078,68.80524444580078,68.28915427756516,68.43661062023402,15837400
2023-12-22,68.86975860595703,69.09093610095603,68.68543816753638,68.95269752991697,12184500
2023-12-26,69.1830825805664,69.29367482727521,68.94346956158306,68.94346956158306,8915400
2023-12-27,69.55172729492188,69.6070199114076,69.2199575337958,69.22917531357871,13103800
2023-12-28,69.36740112304688,69.72682419382298,69.3581903751309,69.53328598990305,16832000
2023-12-29,69.44113159179688,69.6623090778919,69.25681819190194,69.46877789867057,21346400
2024-01-02,68.66700744628906,68.99877719374501,68.57485074557475,68.6946537533928,18177600
2024-01-03,68.15091705322266,68.34445526455482,67.80993655853527,67.9942499593876,18637700
2024-01-04,68.30758666992188,68.64856714210485,68.1417018076608,68.1417018076608,11977100
2024-01-05,68.3536605834961,68.95268963534369,68.16012941864165,68.22463980692646,20636700
2024-01-08,69.08171081542969,69.1001463728216,68.44581767640427,68.50111731747498,16250100
2024-01-09,68.46424865722656,68.63013350713986,68.36287419166263,68.46424865722656,10218300
2024-01-10,68.90660858154297,69.00798305448042,68.68543110927266,68.75915927706444,12191300
2024-01-11,68.89739227294922,69.18308011120223,68.28914548441823,69.09092342445331,16434300
2024-01-12,69.1830825805664,69.57936267572532,69.05406180829185,69.35818521341248,11329300
2024-01-16,68.02189636230469,68.43661206146547,67.88366482702332,68.34445536090936,19802700
2024-01-17,67.37678527832031,67.40443158244318,66.88834848920337,67.1187437317004,16381400
2024-01-18,67.97581481933594,67.9942433451863,67.51502433092334,67.66247363104084,16391400
2024-01-19,68.13247680664062,68.14169458442943,67.55188336582412,67.7914893394983,15792200
2024-01-22,68.34445190429688,68.54719382282413,68.23385965055958,68.2983700407967,15424800
2024-01-23,68.15091705322266,68.19699891898851,67.84680064492684,67.9942499593876,13575400
2024-01-24,68.66700744628906,69.11858020156305,68.65778966688596,69.05406980795247,16314600
2024-01-25,68.86053466796875,68.86975244684187,68.50111863407378,68.83288836245454,15268800
2024-01-26,69.16465759277344,69.33975320347089,69.10935795103808,69.21995020340367,16478600
2024-01-29,69.57015228271484,69.6438804550141,69.05406913883104,69.13700805933857,13341500
2024-01-30,69.47798919677734,69.56093514076635,69.21072987008698,69.46877141831082,11708400
2024-01-31,69.12779998779297,70.01251699632425,69.0264255047326,69.79133950196787,23907300
2024-02-01,69.80976104736328,69.82818957375557,69.14622159956005,69.29367793511857,17189400
2024-02-02,69.25680541992188,69.30288024584597,68.94346426055861,69.23836986466887,15579800
2024-02-05,68.88818359375,69.04485068502633,68.50112123961831,68.84210172873675,15617900
2024-02-06,69.3121109008789,69.33054645955703,68.82367406249128,68.86053814874202,13886600
2024-02-07,69.2752456665039,69.38583792342324,69.1185785758639,69.2752456665039,10485100
2024-02-08,69.15544891357422,69.21074153147997,68.95269993977843,69.16466669359386,9578500
2024-02-09,69.39505767822266,69.44113251325503,69.0079882835382,69.16466240974397,11001100
2024-02-12,69.51485443115234,69.7268211527648,69.34896957153106,69.36739809766455,6911500
2024-02-13,68.4458236694336,68.86053937380323,68.21542839959677,68.76838267208964,14942500
2024-02-14,69.21073150634766,69.22916706371656,68.84209770112496,68.89739734212662,13248000
2024-02-15,69.99407958984375,70.01251514869864,69.53328905394983,69.54250683337727,14128600
2024-02-16,70.10466766357422,70.39957330769273,69.8558438827357,70.02172874699644,13381600
2024-02-20,70.39035034179688,70.62074557900883,70.20603696446918,70.54702444674054,15285800
2024-02-21,70.4456558227539,70.47330212853562,70.12309683901991,70.24290687221432,11433700
2024-02-22,71.23822021484375,71.25664874273616,70.89723268443629,71.02625347300005,15476000
2024-02-23,71.33036804199219,71.45017103615172,71.2105580167279,71.3119324852878,11400000
2024-02-26,71.22899627685547,71.38566335926515,71.0999754994469,71.38566335926515,15015200
2024-02-27,71.42253112792969,71.47782374078467,71.22899995183181,71.27507478550918,11110900
2024-02-28,71.00782012939453,71.09997682481782,70.88801009734959,70.9433097394877,12196600
2024-02-29,71.19213104248047,71.46860815023304,70.83271502106507,71.34879812235796,17221700
2024-03-01,71.8833236694336,71.91096997663725,71.19213786491981,71.4870435269348,18930500
2024-03-04,71.69900512695312,71.84645443183659,71.5884128749617,71.66214104295598,13961000
2024-03-05,71.56998443603516,72.00312160354477,71.3672354893555,71.74508004635433,12874400
2024-03-06,72.41783905029297,72.62979874984845,72.21509009864494,72.35332865941453,24098100
2024-03-07,73.27490997314453,73.36706667031227,72.8970583743199,72.96156876544785,18279100
2024-03-08,73.03529357910156,73.59745854642594,72.92470132891964,73.523730379638,14926900
2024-03-11,72.62059020996094,72.64823651673439,72.26117415969516,72.54686203782809,10496000
2024-03-12,73.20117950439453,73.21039728315345,72.44548336158003,72.72196047550695,15296000
2024-03-13,73.21039581298828,73.37628067179223,73.09980356341734,73.12744986803384,14166600
2024-03-14,72.6758804321289,73.2380454217094,72.40862109027053,73.1919635578663,25572000
2024-03-15,72.70352935791016,72.90627831635753,72.46391631328093,72.84176792331569,17529100
2024-03-18,72.68509674072266,72.91549199306678,72.6297970990086,72.8878386566572,13472200
2024-03-19,72.81412506103516,73.00765624931597,72.53764791714494,72.6390224011643,13222100
2024-03-20,73.5882339477539,73.63431580550181,72.71273489937815,72.76802750379218,18834900
2024-03-21,73.55138397216797,73.7541329353715,73.5329554441975,73.63432992579926,13021000
2024-03-22,73.39470672607422,73.56980935755493,73.3117678150179,73.52372749734273,12832800
2024-03-25,73.238037109375,73.5052964209001,73.16430894803611,73.16430894803611,9418000
2024-03-26,73.32098388671875,73.61588953262053,73.32098388671875,73.58824322692743,12343100
2024-03-27,73.76333618164062,73.78176470598021,73.39470241491048,73.48685909881695,12337200
2024-03-28,73.59745788574219,73.69883235638933,73.46843711057399,73.47765488911598,17180400
2024-04-01,73.28411102294922,73.60666996700805,73.10901543083358,73.46843142399774,15419500
2024-04-02,72.76803588867188,72.76803588867188,72.51921210903303,72.70352549905402,17414900
2024-04-03,73.17353057861328,73.28411579533953,72.62979414899152,72.63901192742033,15898300
2024-04-04,72.54686737060547,73.68040821827405,72.48235697302357,73.65276190946838,19950400
2024-04-05,72.77725219726562,72.92470150008262,72.30724392177052,72.44548247704614,21091800
2024-04-08,73.13666534423828,73.29333241953647,73.00764457268627,73.19195795173066,12350900
2024-04-09,73.12745666503906,73.54217236614812,72.80490469602464,73.47766197234525,12469100
2024-04-10,72.1597900390625,72.47312418210232,71.88331294605892,72.0768440987196,21567300
2024-04-11,72.35332489013672,72.44548158214708,71.56076468285877,72.40861749912196,11967000
2024-04-12,71.18291473388672,71.96625718055549,71.09075803976775,71.75429748719237,17934600
2024-04-15,70.97095489501953,72.1044955894584,70.86036264364047,72.01233889552837,21610100
2024-04-16,70.27055358886719,70.61154110141435,70.04015833119877,70.39957437067308,24161800
2024-04-17,70.31663513183594,70.7036974754866,70.0032939266626,70.66683339069532,15748000
2024-04-18,70.12309265136719,70.60231869331571,70.01250743484431,70.28897750725632,12884200
2024-04-19,70.15074920654297,70.41800854391524,69.93878247997009,70.20604181734235,16925000
2024-04-22,70.97095489501953,71.21056089301658,70.47330031047134,70.53781069933287,17314200
2024-04-23,71.74507904052734,71.83723573378836,71.15526776633085,71.21056037606647,13466000
2024-04-24,71.6068344116211,71.85566519653631,71.32114657741158,71.85566519653631,8530000
2024-04-25,71.27507019042969,71.37644466153186,70.42721736948873,70.60232000704794,11479600
2024-04-26,71.84645080566406,71.93860749545311,71.56076295798658,71.58840926181281,12676400
2024-04-29,72.12294006347656,72.25196085715046,71.9201910931016,72.03078335815319,10560000
2024-04-30,71.21055603027344,72.08606214058574,71.15526342391219,71.88331320912174,18994300
2024-05-01,71.05389404296875,71.90174687967026,70.87879843325967,71.19213259986913,17900300
2024-05-02,72.01233673095703,72.14135750480192,71.42252547020757,71.8188055701897,14993300
2024-05-03,72.73116302490234,73.00764010766477,72.28880812980762,72.78646266011741,15055600
2024-05-06,73.22883605957031,73.2841286776531,73.03530486517451,73.09059748325728,9411400
2024-05-07,73.42236328125,73.58824815762877,73.31177805106795,73.4684451478963,9065800
2024-05-08,73.33942413330078,73.35785266123928,73.08138255552782,73.09981108346632,6667500
2024-05-09,73.9015884399414,73.91079918826867,73.33020564389999,73.33020564389999,13256000
2024-05-10,74.03981018066406,74.20569503298128,73.94765349184442,74.15040242591043,8022000
2024-05-13,74.03981018066406,74.23334836762136,73.93844274473572,74.10432759705294,6990500
2024-05-14,74.5927734375,74.60198418572764,74.25178591322823,74.32551408568247,15228300
2024-05-15,75.38532257080078,75.38532257080078,74.7955113405587,74.94296063256698,10823700
2024-05-16,74.9798355102539,75.30238747462914,74.95218920346538,75.23787708175409,13042100
2024-05-17,75.23787689208984,75.27474097808344,74.88767862180889,74.9982638486842,10219600
2024-05-20,75.29316711425781,75.50513384421268,75.25631006054024,75.31160267222185,5836800
2024-05-21,75.1733627319336,75.22865534260016,74.97983156349547,75.01669564764155,6222000
2024-05-22,74.46375274658203,74.74022284698111,74.26100378762605,74.66649467443249,10721200
2024-05-23,74.08589172363281,75.1180649148685,73.94765317544251,75.10884713669458,8805800
2024-05-24,74.69414520263672,74.80473042619417,74.42688586053077,74.46374994541834,9289500
2024-05-28,74.66648864746094,74.98904761854833,74.4453111787737,74.9706120613465,13036500
2024-05-29,73.48686981201172,73.8278573263908,73.45922350591982,73.7080543229575,13662100
2024-05-30,74.10433197021484,74.28864535873112,73.9200115505935,73.94765785576043,7456100
2024-05-31,74.81394958496094,74.85081367052838,74.24256680532368,74.6112006298927,19932400
2024-06-03,75.02591705322266,75.24709453768583,74.72179361764488,75.05356335989237,17127700
2024-06-04,74.93375396728516,75.05356400535824,74.62041978085975,74.86003282590039,12565500
2024-06-05,75.45903778076172,75.48669111250405,74.89687289743443,75.30237072307482,8661500
2024-06-06,75.71710205078125,75.71710205078125,75.440624924771,75.4867067894745,13195600
2024-06-07,74.89688110351562,75.30237897358441,74.8231599707706,75.05355520947246,21589700
2024-06-10,74.84159088134766,74.92453682609822,74.2794259185108,74.3900181678099,8995400
2024-06-11,73.99113464355469,74.14115729530528,73.57855983206453,73.97237734095157,17004600
2024-06-12,74.8631591796875,75.37887771553014,74.73188667125758,75.18196895288527,15188900
2024-06-13,73.79421997070312,74.24430224111958,73.49416750836382,74.24430224111958,12784200
2024-06-14,72.97845458984375,73.05346949228976,72.53775098024204,72.81905328750713,17500000
2024-06-17,73.26913452148438,73.28789182557183,72.54713569805723,72.79092342067057,13582700
2024-06-18,73.55980682373047,73.58794277927767,73.2503828508642,73.26913300074703,16057100
2024-06-20,73.60669708251953,73.71921944961169,73.33477339407527,73.40978830547003,10942900
2024-06-21,73.09097290039062,73.18474510934642,72.82842788447076,73.03471529806927,14237600
2024-06-24,73.67232513427734,74.0380138443187,73.6254390314249,73.69107528312938,12193700
2024-06-25,73.8504867553711,73.96300196070636,73.57856308611886,73.66294949012031,8751700
2024-06-26,73.306640625,73.45666328585789,73.08160305680552,73.19411826399511,10509700
2024-06-27,73.36289978027344,73.62544480768923,73.21287711624247,73.43791468919666,14156000
2024-06-28,73.4472885131836,73.67232607134487,73.13785739957747,73.35352346010097,17425000
2024-07-01,73.57856750488281,74.10365757148891,73.39103022836947,73.85049119046543,19845700
2024-07-02,73.75672149658203,73.7848502978384,73.27851041377816,73.34414666798143,10331700
2024-07-03,74.60061645507812,74.65688121314491,74.30994262802538,74.30994262802538,8107900
2024-07-05,75.09757232666016,75.2288519835409,74.56310366308769,75.21947333223196,8408800
2024-07-08,74.72251892089844,75.21948017828053,74.68501146606377,75.14446526861121,6031700
2024-07-09,74.4224624633789,74.61937122538828,74.2349251992163,74.56310646923193,8069800
2024-07-10,75.47264862060547,75.51953472888519,74.9850660020487,75.02257345790933,8189200
2024-07-11,75.68830108642578,76.1196260205007,75.64141498658124,75.9883535255133,8930000
2024-07-12,76.49469757080078,76.7666212264837,76.25090271504803,76.28841016622651,9289700
2024-07-15,75.819580078125,76.32591995381188,75.75394382500717,76.31654130227646,7418700
2024-07-16,76.18526458740234,76.21339338663965,75.5289020924829,75.62266714121215,10902900
2024-07-17,75.7820816040039,76.08213410435027,75.69769519163269,75.81021040812765,11634200
2024-07-18,75.03193664550781,75.98835877947535,74.86315668973795,75.9133438760632,16481500
2024-07-19,74.5724868774414,74.84441055152097,74.4974719700094,74.80690309780495,15570300
2024-07-22,75.3601303100586,75.38825911234423,75.04132052525196,75.2382292950669,13762800
2024-07-23,74.93817138671875,75.08820119312976,74.88191378622209,74.96630018696709,12043000
2024-07-24,73.99113464355469,74.80689846141857,73.95362719216332,74.70375475854604,10698000
2024-07-25,73.52230072021484,74.1786632215313,73.11910456831623,73.36289226662537,17719800
2024-07-26,74.45997619628906,74.59124871536706,74.01927253060619,74.09428028878237,10574700
2024-07-29,74.13178253173828,74.31931979853024,73.90674496540319,74.29119099696526,9305600
2024-07-30,74.30055236816406,74.49746110609654,74.00049993600777,74.42245336341817,8551600
2024-07-31,75.35074615478516,75.67892741384134,75.12570859912019,75.38825360636514,20969400
2024-08-01,73.35352325439453,74.5818619001066,72.99720603833883,74.3943246406523,18129800
2024-08-02,72.20020294189453,72.5377629045775,71.61884808309253,72.35960427043482,25136200
2024-08-05,70.62491607666016,71.10312715228592,69.30281236074958,69.60286482600564,28088800
2024-08-06,70.7468032836914,71.16875671799923,69.9591683190865,70.05293336432788,22307500
2024-08-07,71.08436584472656,72.28457563813828,71.04685839445561,72.05953809032725,24592600
2024-08-08,72.27520751953125,72.35022242357982,71.45943653408682,71.77824629938573,14824700
2024-08-09,72.55650329589844,72.565881947438,71.93764821677345,72.07829937460666,11022700
2024-08-12,72.49087524414062,72.69716267845935,72.25645900583588,72.50963254934189,7988700
2024-08-13,73.73796081542969,73.79421841536539,72.99720474974517,73.03471220097393,11927500
2024-08-14,74.0098876953125,74.07552394936819,73.73796402742029,73.8786151872011,7127600
2024-08-15,74.91004943847656,75.06007925861077,74.60061829981144,74.67563320987854,10364200
2024-08-16,75.32261657714844,75.38825282828223,74.97567801897556,74.99443532147941,10287800
2024-08-19,76.24153137207031,76.32592493376532,75.76332741978885,75.77269891812067,6741000
2024-08-20,76.00711822509766,76.28842057039274,75.86647420626593,76.11026194145147,5177900
2024-08-21,76.71035766601562,76.86038747306326,76.32591880463225,76.49469876065335,10653500
2024-08-22,76.2602767944336,77.0197829622742,76.21339069481763,76.9916541640304,7290700
2024-08-23,77.65740203857422,77.70428814226682,76.7853734481232,76.87913850169335,10779000
2024-08-26,77.31046295166016,77.56363646379485,77.22607655015858,77.41360665603874,6719900
2024-08-27,77.66678619384766,77.79805870891137,77.3948625115541,77.49800622393495,9597100
2024-08-28,77.39485931396484,77.74179789162253,77.07604953782787,77.58238942664643,7883900
2024-08-29,77.68553161621094,78.08872778902858,77.55425910913684,77.76054652134331,9112100
2024-08-30,77.80742645263672,78.06059279510461,77.44173060758271,77.9386989492963,15627600
2024-09-03,76.57908630371094,77.50737965257728,76.39155619591989,77.4136074448667,9886700
2024-09-04,76.24153137207031,76.59784861551398,75.93210738936334,76.01649379724283,10324400
2024-09-05,76.2602767944336,76.47593568351243,75.922716907879,76.33529169229337,12147400
2024-09-06,74.82565307617188,76.26027905973709,74.70375207507509,76.06337031236683,12344400
2024-09-09,75.5757827758789,75.8570850823427,75.38825267411292,75.39763132534567,10635000
2024-09-10,75.20072174072266,75.31324410353099,74.6193740840848,75.30386545150978,9742900
2024-09-11,75.65080261230469,75.67893141402276,74.43183540987627,75.26635657865032,12999100
2024-09-12,76.26966094970703,76.29779690643495,75.37888213967732,75.58516956612182,11685600
2024-09-13,76.44781494140625,76.7291172611171,76.31654243322524,76.37280003564133,7340500
2024-09-16,77.0666732788086,77.1041807297908,76.59784087225312,76.77599232215013,9869500
2024-09-17,76.6353530883789,77.0197919656749,76.38217956696049,76.97290586057808,7307300
2024-09-18,76.39155578613281,77.3198419762045,76.22277582850023,76.71035839843046,8454200
2024-09-19,77.90119934082031,78.05122200046836,77.32922319616817,77.78867698072284,9974100
2024-09-20,77.13231658935547,77.46049787321918,76.86039291020684,77.44174056910386,7892400
2024-09-23,77.42298889160156,77.50738245082493,77.21670147329478,77.25420892697014,6997700
2024-09-24,77.88243865966797,77.93870341418427,77.46049234677787,77.65740110304758,6855800
2024-09-25,77.46049499511719,78.041849786229,77.4417376916988,78.0230924828106,11869000
2024-09-26,79.16704559326172,79.26081064989309,78.62319824945843,78.94200802658338,12875000
2024-09-27,78.68883514404297,79.28894009593952,78.57631993669695,79.01701642182776,10690700
2024-09-30,78.41690826416016,78.73571803084302,77.99496194623154,78.72633937934249,13424400
2024-10-01,77.83555603027344,78.4731683720639,77.42298123446355,78.44503957304315,18430900
2024-10-02,77.67615509033203,77.85431370644321,77.310466360073,77.694912394036,8335200
2024-10-03,76.95415496826172,77.15106373090084,76.67285264802571,77.0010410729061,9890500
2024-10-04,77.40422821044922,77.42297835782819,76.93539583401721,77.01040357734743,8536100
2024-10-07,76.97290802001953,77.27296765495282,76.69161284299274,77.16982394389836,7365100
2024-10-08,76.85100555419922,76.86038420519468,76.59783920783889,76.79474795585573,6339100
2024-10-09,76.86976623535156,76.93540248757586,76.38217651555833,76.43843411637486,5370800
2024-10-10,76.77598571777344,76.8041216689509,76.35403944969583,76.67284202489861,5794400
2024-10-11,77.1698226928711,77.24483044657299,76.72911905347654,76.73849055155469,6914900
2024-10-14,77.39485931396484,77.43236676726421,76.89789807692495,76.99166313326573,6646200
2024-10-15,76.1102523803711,77.13231076298935,76.04461612855634,77.1135534602909,17667300
2024-10-16,76.30716705322266,76.38218196220384,76.15714438907577,76.30716705322266,5931800
2024-10-17,76.31654357910156,76.61659605285128,76.24152867221032,76.58846725122088,8904600
2024-10-18,76.83226013183594,76.86038893273783,76.53220766585726,76.71035912284096,5863100
2024-10-21,75.92272186279297,76.46656917704763,75.79144935987838,76.41030442307361,8009100
2024-10-22,75.49140167236328,75.6039168797905,75.36012916115465,75.42576541675896,5844200
2024-10-23,74.73188781738281,74.98506134024842,74.40370654127487,74.81628137627644,7556000
2024-10-24,75.15383911132812,75.34136921968498,74.8256578447961,75.32261907037532,6522400
2024-10-25,74.90067291259766,75.44452029529991,74.77877904563988,75.33199792700489,9288100
2024-10-28,75.50077056884766,75.60391427464539,75.181967953702,75.2382255554771,6985000
2024-10-29,75.2288589477539,75.40701041622695,75.0600789776425,75.24760909829271,8778400
2024-10-30,74.74125671386719,75.06943794714037,74.55372662451518,74.6099842205579,8828100
2024-10-31,74.28181457519531,74.3755796344986,73.57856589969748,74.3755796344986,19247600
2024-11-01,74.43183135986328,74.8819136243082,74.36619510815412,74.6850048691807,9951300
2024-11-04,74.48810577392578,75.04132465952993,74.44121966498963,74.84441587886663,10280100
2024-11-05,75.2288589477539,75.29449520536303,74.62874682327903,74.68501158252653,9596400
2024-11-06,74.14115905761719,74.22555261370749,73.53167547719627,74.12240890838326,11746200
2024-11-07,75.266357421875,75.33199367789092,74.86316123382991,74.99444089967714,11634100
2024-11-08,74.22554779052734,74.43182803395666,73.86923059390077,74.43182803395666,11540300
2024-11-11,74.24430084228516,74.4974671963767,74.16928593965993,74.45996689887896,5839600
2024-11-12,72.86593627929688,73.53167747936183,72.50024755185015,73.53167747936183,16613700
2024-11-13,72.43460845947266,72.63151721624449,72.01266214550657,72.57525961539967,14828900
2024-11-14,72.58463287353516,73.10972285257749,72.50961797543928,72.95969305638572,19039000
2024-11-15,72.32208251953125,72.50961976941085,72.16268122249454,72.49086246751558,15433500
2024-11-18,72.71591186523438,72.84718437172374,72.21894348630741,72.26582959026007,7772600
2024-11-19,72.62213897705078,72.76279013377616,72.00328390280009,72.10642760747771,13402300
2024-11-20,72.42523193359375,72.42523193359375,71.91889204968543,72.32208822647455,12442000
2024-11-21,72.44398498535156,72.55650018373997,72.05953898068518,72.31271248468859,9161200
2024-11-22,72.72528839111328,72.85656090667868,72.35022814882105,72.35959964720746,16809800
2024-11-25,73.10034942626953,73.3910232348972,72.8753118697131,73.28788668491234,24934100
2024-11-26,72.67840576171875,72.99720838230549,72.45336104314732,72.97845823266546,9360800
2024-11-27,73.07222747802734,73.2128786467448,72.84718990036879,72.98783391527063,7477900
2024-11-29,74.04739379882812,74.0849012510072,73.33476651505578,73.36289531573632,11643900
2024-12-02,74.25367736816406,74.38494986709328,73.6723226201813,74.15053366846044,15721100
2024-12-03,74.67562866210938,74.89129472696426,74.4505910994285,74.74126491596692,13289900
2024-12-04,74.73188781738281,74.90066778135478,74.61937261061168,74.76939527091162,10434400
2024-12-05,75.09757232666016,75.21947333223196,74.9569283261002,75.1069509779691,11910800
2024-12-06,75.08820343017578,75.3788772464883,74.91942346984253,75.3788772464883,7072500
2024-12-09,75.04132080078125,75.60391831000611,75.01319199839233,75.5101532507712,7801100
2024-12-10,74.36619567871094,74.87253554741565,74.34744552971371,74.85378539841842,10662800
2024-12-11,74.83502960205078,74.89129435780501,74.53497713535027,74.76002185073698,11858900
2024-12-12,74.17866516113281,74.7412626275168,74.12240756063889,74.44121016852435,8623800
2024-12-13,73.97238159179688,74.27243406635554,73.77547282603793,74.27243406635554,10116600
2024-12-16,73.72857666015625,73.98175014859663,73.60668281812359,73.68169771498106,25547700
2024-12-17,73.61167907714844,73.85879585656367,73.53564928072926,73.59267344086663,13934900
2024-12-18,71.80584716796875,73.69722343134924,71.6727859585626,73.54514933414676,16470400
2024-12-19,71.5777359008789,72.10998798889365,71.5302181840527,72.04345738430332,17486600
2024-12-20,71.37814331054688,71.97692599663748,70.68432519183779,70.69382438432444,20878200
2024-12-23,71.84386444091797,71.89138941308575,71.22608331049292,71.51121138962156,10491200
2024-12-24,72.10047912597656,72.15750328477162,71.6917890682644,71.8723752395045,5585200
2024-12-26,72.44264221191406,72.56619697925944,72.16701334510464,72.22403750675757,10784900
2024-12-27,72.33809661865234,72.4996699187646,72.07197418286921,72.30958453643166,15819700
2024-12-30,71.86287689208984,72.11949288687008,71.54922948079754,71.89138897469958,16427600
2024-12-31,71.86287689208984,72.21454283062602,71.70130358977295,72.10048724889445,21393500
2025-01-02,71.61576080322266,72.10999441101771,71.41616897167597,71.94841385580045,12756600
2025-01-03,71.92940521240234,71.98642937580671,71.51120867732395,71.78683755259904,12548800
2025-01-06,72.61372375488281,73.07943800631763,72.47115609591108,72.54719314753498,16201800
2025-01-07,72.55668640136719,73.24100530738251,72.45214452805708,73.24100530738251,9393200
2025-01-08,72.44264221191406,72.54719134247253,71.92940300316123,72.13850126427818,7894800
2025-01-10,71.34012603759766,71.91989584629664,71.188059190933,71.90089020969809,12021900
2025-01-13,71.14053344726562,71.17855197134051,70.5607636448845,70.57027008872623,12019700
2025-01-14,71.39715576171875,71.5302169686385,71.05499630069885,71.30210582709726,9963200
2025-01-15,72.30957794189453,72.48065767090894,72.00543700712356,72.42362626037622,12144700
2025-01-16,72.68025207519531,72.88935033493517,72.31907971699297,72.47115381545545,17925700
2025-01-17,72.97489166259766,73.36457612859647,72.87984897008097,73.05092871712806,10667100
2025-01-21,74.44807434082031,74.46707997767432,73.83028599932823,73.94434157432886,13169100
2025-01-22,74.2770004272461,74.60965348296253,74.24848834408365,74.60014703814413,8666700
2025-01-23,74.8852767944336,74.8852767944336,74.3150134197832,74.45757382497663,10977200
2025-01-24,75.303466796875,75.52206423343115,75.16089915273878,75.22742975316348,7578400
2025-01-27,75.303466796875,75.34147806743917,74.91378238632211,74.9327880216042,13559100
2025-01-28,75.20842742919922,75.25595240101644,74.76172605006333,75.1894217912479,9458300
2025-01-29,75.19892120361328,75.42702509416098,74.94229798186666,75.21792683978728,7875400
2025-01-30,76.02580261230469,76.33945000247203,75.6931495854418,75.9212534822489,13792100
2025-01-31,75.3129653930664,76.1968760781684,75.24643479316805,75.90224160023158,14935000
2025-02-03,74.42906188964844,74.89478338516614,73.80177435169263,74.04889113999873,14997600
2025-02-04,75.2939682006836,75.37000525231966,74.80924106061909,74.88527811225516,10608300
2025-02-05,76.02580261230469,76.11134610566494,75.6076133433737,75.75968019081438,7857000
2025-02-06,76.38697814941406,76.54855144757123,76.21589840686752,76.27292257061889,7806500
2025-02-07,75.66463470458984,76.49152127044121,75.54107994241099,76.43448985988093,13110800
2025-02-10,76.17787170410156,76.20638378291692,75.95926701436437,76.01629842328676,7287300
2025-02-11,76.5390396118164,76.61507665899052,76.0638189439161,76.0923310237834,7583700
2025-02-12,76.82417297363281,76.97623981285015,75.9307558201213,76.04481138800311,17271400
2025-02-13,77.75559997558594,77.79361849751749,77.09980041331866,77.17583020589014,17212300
2025-02-14,77.86965942382812,78.26884304707457,77.85065378756057,78.1928059994204,8051800
2025-02-18,78.430419921875,78.53496905435803,78.24033454533802,78.3829022033869,9485900
2025-02-19,77.62254333496094,77.7461053513209,77.34691447323213,77.60353769852435,11042200
2025-02-20,77.98371124267578,78.03122895670407,77.53700267331843,77.85065004132997,9177400
2025-02-21,77.49898529052734,78.06924862629087,77.34691120030148,78.0502429906585,11630000
2025-02-24,77.45146179199219,77.92668245601449,77.30889414252712,77.81263413747592,11135700
2025-02-25,78.15480041503906,78.42092284990525,77.82214012016382,78.42092284990525,10091400
2025-02-26,78.25933074951172,78.87711902573048,78.09775747380122,78.38289275553034,11254600
2025-02-27,77.37543487548828,78.04074092935551,77.32790990680114,78.04074092935551,19003200
2025-02-28,77.53700256347656,77.60353316405522,76.80515870581971,77.29939223979683,20717700
2025-03-03,78.39240264892578,79.25730047266612,77.9646997075074,79.04820222370047,16234700
2025-03-04,78.3733901977539,79.20027675472733,77.18533855047176,77.83163893664492,18408500
2025-03-05,80.24576568603516,80.37882689860545,79.4378919664892,79.4378919664892,17092500
2025-03-06,79.41886901855469,80.30277967654841,79.36184486361681,79.6564793325176,18421000
2025-03-07,80.24576568603516,80.35031481752499,79.39987344128451,79.56144673493526,13184300
2025-03-10,78.35438537597656,79.2097767698728,77.82213330158626,78.924648722338,19368400
2025-03-11,78.08826446533203,78.55397869449448,77.56551882453296,78.43992312251322,18088800
2025-03-12,78.64901733398438,78.82009705751177,78.1072660846962,78.61099881194588,15886300
2025-03-13,78.12628173828125,78.41141706448732,77.8791721902814,78.192812347557,18561400
2025-03-14,79.56144714355469,79.5804600319008,78.74406697568652,78.88663463311325,13971300
2025-03-17,80.45486450195312,80.57841927124832,79.71352138359731,79.77054554615013,12966800
2025-03-18,80.44535827636719,80.56891304599814,79.97964402790495,80.38833411365941,10513400
2025-03-19,80.68296813964844,80.9681034540648,80.10319831794948,80.16022248031585,16362400
2025-03-20,80.00814819335938,80.0746787937001,79.50441546916649,79.52342110442459,11820500
2025-03-21,79.51393127441406,79.66599812825797,79.23830239732375,79.40938213995592,18771200
2025-03-24,79.5044174194336,79.67549714611947,79.21928212452653,79.44738600967712,12201700
2025-03-25,79.94161987304688,80.14121167976165,79.75153450987808,80.04616899817725,10478200
2025-03-26,78.90563201904297,79.62796942352293,78.77257081970343,79.40937198944721,17010400
2025-03-27,79.07671356201172,79.25729973011593,78.7440605559974,78.78207907829784,10331900
2025-03-28,78.3733901977539,78.78208025447064,78.21181691403356,78.68703757294642,14242300
2025-03-31,77.67957305908203,77.82213345748909,76.90971065122453,77.24236366632745,25560500
2025-04-01,77.79362487792969,78.04074166510676,77.3184041917465,77.72709427191573,15154000
2025-04-02,77.97421264648438,78.05974889111843,77.16633891378478,77.22336307687415,14451600
2025-04-03,76.33944702148438,77.40394391717007,76.24440433913377,77.21385130117699,18718400
2025-04-04,71.30210876464844,73.67821220223898,71.25459104667196,73.42159622154779,40904300
2025-04-07,69.58180236816406,72.47114461032406,68.57433697333865,69.08757611352081,63057500
2025-04-08,69.34420776367188,72.15751360344174,68.64088311655263,72.07197735301729,36425000
2025-04-09,74.69518280029297,74.95180602752431,69.15411519742175,69.53429319065465,60645100
2025-04-10,73.22200775146484,73.64970348927324,71.55873526908826,73.37407460775286,36697600
2025-04-11,75.05635070800781,75.22743043225734,73.39307843108428,73.50712674638952,28909900
2025-04-14,75.86422729492188,76.26341091649716,75.246438975079,75.51256138946253,15749900
2025-04-15,76.54855346679688,76.90021940555572,76.37747371973754,76.46300996762089,13679800
2025-04-16,76.25391387939453,77.04277470110259,75.97828501348029,76.55805482604264,16542600
2025-04-17,77.08079528808594,77.54650953888054,76.80516641479744,76.94773407357319,14072500
2025-04-21,76.66260528564453,77.51799672766205,76.1208467371381,77.43246048397721,15883900
2025-04-22,78.24983978271484,78.60149844901392,77.69858204745033,77.71758768429399,14923200
2025-04-23,78.56348419189453,79.48540619529197,78.3448794943869,79.00068633561787,15223500
2025-04-24,79.60897064208984,79.63748272278988,78.78208404532808,78.915145256123,11194200
2025-04-25,79.95112609863281,79.97963817790122,79.34284423660078,79.45689255367444,10485300
2025-04-28,80.48336791992188,80.5689041545439,79.97963520148147,80.05567224422873,10085400
2025-04-29,80.64494323730469,80.81602296216792,80.36931438884217,80.39782646777076,8303800
2025-04-30,80.54989624023438,80.79701299652467,79.70400410465852,80.10318769084888,24147900
2025-05-01,80.29328918457031,80.77800905664357,80.18874005499559,80.76850986398557,10070900
2025-05-02,81.83300018310547,82.02309280712899,81.55737131674047,81.69993897193508,14798400
2025-05-05,81.97557067871094,82.1941753910895,81.95656504129613,82.08962625707703,8119800
2025-05-06,81.87100982666016,82.1561451061183,81.78547359359754,81.93754042502822,8661700
2025-05-07,81.59538269042969,81.91853649730203,81.34826592650279,81.67141973337513,8536600
2025-05-08,81.31025695800781,81.82348888418898,81.26273199199872,81.82348888418898,12228300
2025-05-09,81.70944213867188,81.93754602705893,81.49083744263588,81.93754602705893,9149000
2025-05-12,82.12763977050781,82.13713896298923,81.40530232086225,81.82349158009539,12602500
2025-05-13,82.23218536376953,82.43178443557262,81.9280444109018,82.02309435034796,13242900
2025-05-14,81.83300018310547,82.52682557103006,81.7759760215445,82.50781268298164,10173300
2025-05-15,82.7264175415039,82.78344170317084,82.21317833262495,82.42227659379328,11283200
2025-05-16,82.91649627685547,82.95451479868731,82.4697877094458,82.63136824005403,8372100
2025-05-19,83.70537567138672,83.71488211596022,82.89750191366042,82.91650755151485,9062900
2025-05-20,84.10455322265625,84.14257174689787,83.83843080425697,83.88595577238202,23335500
2025-05-21,83.6103286743164,84.4847329964478,83.57231014927258,84.20910412834921,15278800
2025-05-22,83.56279754638672,83.78140223645393,83.15410749640239,83.28716869860271,12787300
2025-05-23,83.6768569946289,83.8289238393582,82.83096477656346,82.87848249310112,16959600
2025-05-27,84.89341735839844,85.02647856144314,84.70333199727507,84.87441172280279,12435700
2025-05-28,83.91446685791016,84.16158363690501,83.75289357026782,84.06653370178178,16812400
2025-05-29,84.28514099121094,84.3516715970668,83.8764509120129,84.3421651530039,11454200
2025-05-30,84.40869140625,84.49423489582051,83.80040954085099,84.35166724739754,18590200
2025-06-02,85.3116226196289,85.34013470159768,84.27563771657825,84.56077303885081,25710500
2025-06-03,84.66531372070312,84.75084995806957,84.23761077999569,84.45621547208506,11787400
2025-06-04,85.04550170898438,85.30211770259056,84.80789135326685,84.86491551822543,11593300
2025-06-05,84.98846435546875,85.40666087273016,84.80788542861757,85.31161818734131,14543100
2025-06-06,85.29261016845703,85.39715930374061,85.06450626024397,85.17856183999675,10301000
2025-06-09,85.2831039428711,85.53971991203878,85.12152340538873,85.17855481620859,9641600
2025-06-10,85.39715576171875,85.62525966047073,85.20707038797414,85.58724838675558,10254100
2025-06-11,85.25458526611328,85.69179466348933,85.19756110614769,85.5492270122834,12329600
2025-06-12,85.91039276123047,86.02444833331701,85.6822888683494,85.72980658491645,13288000
2025-06-13,84.8078842163086,85.2735984439611,84.60828515316554,84.79837777251798,22177100
2025-06-16,85.1259994506836,85.91885829717704,85.1259994506836,85.48375562145549,17843400
2025-06-17,84.08174133300781,84.84559429220212,83.98505267243667,84.76824041299643,16726300
2025-06-18,84.22677612304688,84.69088463412692,84.02372772734039,84.32346478144923,18504400
2025-06-20,83.47259521484375,84.16876536630002,83.45325305681892,84.1590942872876,16900600
2025-06-23,84.10108184814453,84.13008770806198,82.84410715466166,82.90211887449657,23100600
2025-06-24,85.1259994506836,85.25169397598995,84.6618835366247,84.75857957733811,14900600
2025-06-25,84.66188049316406,84.7779113117257,84.46850317243324,84.67155157226217,14422100
2025-06-26,85.60944366455078,85.67712646180202,85.21301058288525,85.31937031811884,15791500
2025-06-27,86.3829574584961,86.65369601548703,86.01553762502976,86.22825708851552,15987700
2025-06-30,86.43130493164062,86.52799358438112,86.00586600733682,86.17024483155414,28062100
2025-07-01,86.2862777709961,86.43131445452245,86.08322936480806,86.16058324627174,11406100
2025-07-02,86.53767395019531,86.59568567269133,85.89951549525055,86.02521739648812,13133600
2025-07-03,86.5570068359375,86.71171459503402,86.43131231432557,86.47966033326122,5311100
2025-07-07,85.61911010742188,86.15090137792444,85.37738479077402,85.99620101124285,12925000
2025-07-08,86.24759674072266,86.33462169746093,85.66745741099743,85.76414606980633,9061400
2025-07-09,86.89542388916016,86.92442974832888,86.42163693316579,86.6246853242184,8699900
2025-07-10,86.83740997314453,86.90509277419883,86.46999010697432,86.66336743088031,8554400
2025-07-11,86.00587463378906,86.17991717692709,85.87050903100082,86.15091131588277,8468000
2025-07-14,86.00587463378906,86.07355743518318,85.63845476577414,85.71580864647373,7969900
2025-07-15,85.10665893554688,86.02521970196001,85.04864721149615,86.01554862232744,10572000
2025-07-16,85.45474243164062,85.51276153147604,84.81659134842852,85.06798777605617,16776500
2025-07-17,85.67713165283203,85.68680273213148,85.17433880546955,85.23235790439419,9542000
2025-07-18,85.4354019165039,86.08322403569545,85.35804803982893,86.07355295689315,11044700
2025-07-21,85.88984680175781,86.32494944893877,85.67712732913719,85.84149878457251,9324000
2025-07-22,86.3636245727539,86.43130736926825,85.77381418446966,85.9865336526209,12134300
2025-07-23,88.51014709472656,88.53915295382284,87.49489776512739,87.54324578153559,18088200
2025-07-24,87.8526611328125,88.24908686785471,87.8526611328125,88.05570954005933,12025500
2025-07-25,87.74629211425781,87.75596319268696,87.10813372161948,87.20482975216814,9583200
2025-07-28,86.3346176147461,86.88575105845304,86.15090400788662,86.83740304289903,13654000
2025-07-29,86.16057586669922,86.34428947522252,85.9865333367486,86.34428947522252,11888600
2025-07-30,85.54176330566406,86.13157371718232,85.22268409086792,85.88984838055588,14623000
2025-07-31,84.62320709228516,85.22268861461396,84.45883562510333,85.18401167347608,29271500
2025-08-01,84.40081787109375,84.53618346696786,83.8690191895371,84.39114679228226,18658100
2025-08-04,85.52242279052734,85.54176494887724,85.19367986729888,85.30971068678234,14718100
2025-08-05,85.51275634765625,85.70613366372586,85.25168885640335,85.66745672513758,11634100
2025-08-06,86.07355499267578,86.2185916706538,85.83182965500308,85.89951245447655,11499900
2025-08-07,86.84707641601562,87.10813652703906,86.47965656946036,87.04045372959804,11525600
2025-08-08,87.37887573242188,87.53357610904436,87.09847346186744,87.16615625980322,10367200
2025-08-11,87.01144409179688,87.21449247530259,86.90508436088369,87.13714597935137,8516600
2025-08-12,88.07503509521484,88.13305418897305,87.29184740975758,87.3982071419643,12302700
2025-08-13,88.6068344116211,88.6261765686407,88.34577430682823,88.36510908697636,9490500
2025-08-14,88.61650848388672,88.64551434352457,88.18139845870388,88.21041169521347,11790600
2025-08-15,89.13863372802734,89.22565130463707,88.99359705680627,89.16763958689725,11864300
2025-08-18,89.04193878173828,89.0902867983587,88.76154389132901,88.90657318744704,11577800
2025-08-19,89.0516128540039,89.42870379033035,88.97425897555954,89.2740034103135,10721600
2025-08-20,89.37068939208984,89.3996952514194,89.06128126445515,89.21598163983667,15871100
2025-08-21,88.80988311767578,89.02260258442564,88.65518274532138,88.87756591374423,11258900
2025-08-22,90.14421844482422,90.28924774958904,89.1289690502381,89.15797491119106,15827500
2025-08-25,88.95492553710938,89.8734788826677,88.93559075564238,89.71877850031572,11700800
2025-08-26,88.85823059082031,88.90657122950454,88.63584004688421,88.7035228425393,11788900
2025-08-27,88.6455078125,88.68418474812482,88.02669159624533,88.2007341181214,13054200
2025-08-28,88.97425842285156,89.09028923979733,88.79055218377721,88.95492364179651,11136400
2025-08-29,88.45214080810547,88.61651227099229,88.30710412684624,88.50048145061051,18544500
2025-09-02,87.58192443847656,87.73662481565057,87.05979683387974,87.11780855321103,15496100
2025-09-03,87.71729278564453,87.79464666509323,87.37887878414645,87.45622528672318,14418600
2025-09-04,88.35543823242188,88.37478038949051,87.93000667624142,87.98801839370432,10348000
2025-09-05,88.75187683105469,89.33201617240867,88.471474551078,89.07095605070457,15510600
2025-09-08,89.64141845703125,89.67042431567333,89.18697366664811,89.39969313251865,12010700
2025-09-09,89.34168243408203,89.43837108961542,89.09995710681281,89.27399963752151,10893200
2025-09-10,89.32234191894531,89.699432846268,89.21598218284183,89.5834094082436,11838300
2025-09-11,90.26990509033203,90.29891094875374,89.68009471285251,89.70910057127422,11013000
2025-09-12,89.91215515136719,90.04752075124179,89.69943567245798,89.91215515136719,10010500
2025-09-15,90.51163482666016,90.57931762523506,90.23123255345789,90.35692707170507,18108000
2025-09-16,90.26023864746094,90.44395226272879,89.99917853138666,90.42461010487332,25226900
2025-09-17,89.92182159423828,90.6663323551628,89.54473067447668,90.15387584250583,17013600
2025-09-18,90.26990509033203,90.3859359008903,89.74777750812697,90.01850868922484,15791600
2025-09-19,89.92182159423828,90.06685826573234,89.68976734597074,89.96049853176146,21889300
2025-09-22,90.21189880371094,90.25056836601995,89.6607653299092,89.8831485091094,13692200
2025-09-23,90.03785705566406,90.56964837610442,89.9411610184277,90.41494799489571,14688400
2025-09-24,89.51573181152344,89.8444747408556,89.39970098988567,89.6220915538067,14910700
2025-09-25,88.8775634765625,88.97425212874157,88.50047256925426,88.9065693345291,22434600
2025-09-26,89.56407165527344,89.57374273454164,89.17731700700989,89.25466351053936,18138000
2025-09-29,89.91215515136719,89.97983795130449,89.69943567245798,89.84447235142989,13807100
2025-09-30,90.27957916259766,90.36659674074845,89.7864574224615,89.8154632818451,24295000
2025-10-01,91.02409362792969,91.14978814931496,90.75336242687099,90.7726972082872,17167900
2025-10-02,91.16912841796875,91.46886547337519,90.76303162479775,91.41085375345699,15300500
2025-10-03,91.93297576904297,92.11668199656233,91.71058522810307,91.8266160377506,13985500
2025-10-06,92.14569854736328,92.36808171943396,92.00066187430278,92.09735053071924,12812500
2025-10-07,91.34317016601562,91.86529777138723,91.3044932274468,91.81694975395826,9075000
2025-10-08,91.61389923095703,91.78794176203793,91.42052191947673,91.6525761686274,11159400
2025-10-09,90.85972595214844,91.65258480693963,90.63733538380123,91.65258480693963,10567900
2025-10-10,89.18697357177734,90.66633137592143,89.07095013733246,90.588984878582,26137200
2025-10-13,89.9024887084961,89.99917736590587,89.46737868484455,89.5834094998593,11132900
2025-10-14,90.30859375,90.57932496624105,89.28367323253724,89.39003297847086,15119000
2025-10-15,90.74369049072266,91.01442168922452,90.23123395400532,90.75336156977541,15005400
2025-10-16,91.21746826171875,91.60423027049406,90.88872534922636,91.29482213884816,24970300
2025-10-17,91.38184356689453,91.43985528406608,90.81136796617892,90.92739877739349,16789400
2025-10-20,92.13602447509766,92.22304204998372,91.78793942181063,91.80727420171708,12951100
2025-10-21,91.45919799804688,91.85563110476606,91.42052843449233,91.7202655017088,16644300
2025-10-22,91.3238296508789,91.62357408596073,90.93707501197777,91.46886632890276,15028600
2025-10-23,91.749267578125,91.85562731569291,91.48820746210399,91.48820746210399,10584400
2025-10-24,91.89430236816406,92.05867382216877,91.79761371150667,91.93297930620135,8967800
2025-10-27,92.53245544433594,92.5614686811575,92.31974334574714,92.39708984665589,10612600
2025-10-28,92.49378204345703,92.77417692924834,92.31006843557103,92.46476880783963,9187600
2025-10-29,91.97166442871094,92.5808096590442,91.5172195874218,92.49379207337043,17914300
2025-10-30,91.5655517578125,91.93297897942485,91.3721744451851,91.43985724229185,13967800
2025-10-31,91.36250305175781,91.47853386505751,91.01441798873032,91.45919170773844,19459200
2025-11-03,91.40118408203125,91.5075438214337,91.1401239615074,91.43018994243702,10681400
2025-11-04,90.46328735351562,90.91773216534177,90.35692761556177,90.4342814935049,10349000
2025-11-05,91.0434341430664,91.19813452221993,90.56964717289263,90.57931825186218,12451300
2025-11-06,90.84037780761719,91.2368108973281,90.60832355188522,91.14978594088375,16176000
2025-11-07,91.17880249023438,91.19813727188459,90.25057067983929,90.47296124161296,13976900
2025-11-10,92.13602447509766,92.19403619168837,91.45918914843006,91.72025662683102,15682400
2025-11-11,92.81285858154297,92.95789525951199,92.50345044441593,92.50345044441593,12959400
2025-11-12,93.3639907836914,93.489692678758,93.12226544932861,93.12226544932861,9532200
2025-11-13,92.36808013916016,93.26729864450506,92.2713914843979,93.16093891120512,15864800
2025-11-14,92.10702514648438,92.3680852665211,91.64290925024228,91.73959791037176,17396400
2025-11-17,90.90806579589844,91.73960158468553,90.57932286291722,91.46887037473108,18850900
2025-11-18,89.72844696044922,90.06686095278387,89.24499629229351,89.73811066246466,22482300
2025-11-19,89.45770263671875,89.98950128823897,89.09028280822287,89.64141623940233,15425200
2025-11-20,88.22007751464844,90.16355130262048,88.19107165431438,90.04752048441239,26720600
2025-11-21,89.58341217041016,89.82513750957648,88.72287055312783,89.0516134734955,27211400
2025-11-24,89.6607666015625,89.80579590445791,89.28366828341855,89.3900280234565,18550900
2025-11-25,90.73401641845703,90.77269335652024,89.81546311428895,90.04751736579648,19903700
2025-11-26,91.72993469238281,91.86530029265299,91.11111841204144,91.1401242725462,13481200
2025-11-28,92.03934478759766,92.06835064871854,91.60423474016807,91.70092340286172,8136000
2025-12-01,91.58489227294922,92.00066012682727,91.55588641426239,91.77826958210909,21791500
2025-12-02,91.89430236816406,91.9813199460942,91.61390010004749,91.93297930620135,14267600
2025-12-03,92.3874282836914,92.4260978466052,91.9523182437553,91.97166040208418,14439800
2025-12-04,92.6388168334961,92.99657299195484,92.48411645204904,92.89988433144143,13862900
2025-12-05,92.6388168334961,93.0449210106475,92.47444537293612,92.91921911279533,15829800
2025-12-08,92.34874725341797,92.64848430239131,92.20371057986351,92.64848430239131,13589200
2025-12-09,92.22305297851562,92.65816303512112,92.203718196318,92.4357724670509,15966700
2025-12-10,93.24796295166016,93.40266332239139,92.33907337667311,92.39708509358839,21171700
2025-12-11,93.7990951538086,93.93446074273692,93.43166794654199,93.51869289763668,19221400
2025-12-12,93.30597686767578,93.96347005674049,92.96756288290827,93.8474392433038,20514900
2025-12-15,93.87644958496094,94.19552880449388,93.66373748214427,94.08916906464957,22751500
2025-12-16,93.44133758544922,93.7465135229002,93.12632283525832,93.65791163443247,29380500
2025-12-17,92.68333435058594,93.4708674574171,92.66364170435239,93.2543009226557,34926000
2025-12-18,93.3428955078125,93.82526019399788,93.10663632628922,93.47086766644095,29971400
2025-12-19,93.9729232788086,94.23872142488305,93.72681777865127,93.77604188290026,31094700
2025-12-22,94.20918273925781,94.26825316664298,93.9138606445074,93.98276988433688,15861200
2025-12-23,94.79000091552734,94.93766572641321,94.6718675647098,94.78015459198981,16485700
2025-12-24,94.90813446044922,94.957351057149,94.69156040544624,94.82937889307645,5609700
2025-12-26,95.06563568115234,95.09516714053443,94.83921530831617,95.02625789846152,9304200
2025-12-29,94.7801513671875,94.96719395531528,94.56357731999618,94.76046623132648,16705400
2025-12-30,94.93766021728516,95.29205273862854,94.91796757135283,95.12469529037917,15877000
2025-12-31,94.53404235839844,94.88843487511855,94.42575533881487,94.82937195917977,27618000
2026-01-02,95.52831268310547,95.59722192333426,95.00657021986694,95.51846636006024,42922400
2026-01-05,96.62102508544922,96.62102508544922,95.71535860783032,95.74489006745247,25187000
2026-01-06,96.76869201660156,96.94588828876523,96.6013345574983,96.77853082966197,14557900
2026-01-07,96.40444946289062,96.68008642893044,96.31584757492409,96.61117718742048,15468900
2026-01-08,96.41429901123047,96.42413782424384,96.0106823613538,96.04021382148248,14090500
2026-01-09,97.27073669433594,97.34949225790095,96.79821833403366,96.88681271013637,16001700
2026-01-12,97.86139678955078,97.89092824851694,97.57591350197123,97.60544496093739,15313500
2026-01-13,97.3002700805664,97.70388671892488,97.1132350015742,97.68420158291562,17697700
2026-01-14,97.75311279296875,97.82202203620471,97.43809803666947,97.64482576637735,19947400
2026-01-15,97.71372985839844,98.06812237937051,97.6743520771189,98.06812237937051,24662400
2026-01-16,97.97952270507812,97.98936902825618,97.51684315278142,97.87123568175149,18699200
2026-01-20,96.4930419921875,97.15261044605757,96.3355383762717,96.47335685665199,26893300
2026-01-21,97.48731231689453,97.73341782411099,96.36507180483103,96.73914947200419,26150500
2026-01-22,97.8712387084961,98.11734422175054,97.63497951872422,97.84170724859264,16592800
2026-01-23,98.41267395019531,98.44220541013128,97.45778335602996,97.62513330269657,16753500
2026-01-26,98.9048843383789,99.25927687640976,98.89503801494911,98.97379358129912,14959300
2026-01-27,100.49964141845703,100.72606178995319,99.84992678426394,99.88930456672172,19754300
2026-01-28,99.43647003173828,99.78101623555044,98.99347561779926,99.61366629520509,21938700
2026-01-29,100.10588073730469,100.50948987260163,98.99347901328487,100.4307343060164,29236200
2026-01-30,99.17066955566406,99.95821015494703,98.80643822469432,99.77116757274497,27813400
2026-02-02,99.82039642333984,99.96806123154516,99.24942983723614,99.30849275630061,21725500
2026-02-03,99.86961364746094,100.07634888657573,99.07223419289659,99.5644452163154,23625500
2026-02-04,100.19447326660156,101.07060827468688,99.79086413875771,100.87372687240365,25576700
2026-02-05,98.7670669555664,99.57429274330858,98.7079965248721,99.0525502538653,22760200
2026-02-06,101.01154327392578,101.05092105567954,100.05665272039303,100.1058768252212,17343700
2026-02-09,102.37004089355469,102.54723715262026,101.51359856685754,101.62188558687227,20137400
2026-02-10,102.61614990234375,103.03945167400762,102.61614990234375,102.95085729671575,16861700
2026-02-11,103.30525207519531,103.5316649402313,102.53740407977908,103.20680386200313,20493500
2026-02-12,102.52755737304688,103.60057379582364,102.192849972642,103.4529089871316,29385300
2026-02-13,102.61614990234375,102.80319249068528,101.83845560042437,102.26175737208823,22651300
2026-02-17,102.59646606445312,102.71459190233674,101.4151551118081,101.74986251041463,19647200
2026-02-18,102.71459197998047,103.2757197525283,102.49802544018209,102.74413095001782,16099000
2026-02-19,102.42911529541016,102.46848556735817,101.75970801413293,101.92705795681623,15994100
2026-02-20,103.265869140625,103.41353394250285,102.24206936096073,102.24206936096073,25737500
2026-02-23,102.84256744384766,103.47259692240478,102.5669304857969,103.17726731846821,14151800
2026-02-24,103.02960968017578,103.28555399147906,102.45864312011072,102.54723749466713,17358000
2026-02-25,104.0140380859375,104.15185657299214,103.51198073421314,103.6202677612624,14783800
2026-02-26,103.92543029785156,104.07309510004313,103.2363379016827,103.99433953746845,28482700
2026-02-27,103.73838806152344,104.28966949084717,103.62026222780996,103.87620654121841,25575500
2026-03-02,101.6907958984375,102.11409766008398,101.11982933425502,101.1592071156342,38046600
2026-03-03,98.53079986572266,98.99347943319322,96.22725586241509,97.11323721389655,52567300
2026-03-04,99.80070495605469,99.9089919826487,98.83597555072791,99.21989955027243,30766400
2026-03-05,97.61529541015625,98.70799699081103,96.6899362672017,98.22563228270558,34508300
2026-03-06,96.74899291992188,97.15260954482275,95.54799687871143,95.75472459736415,27734400
2026-03-09,97.44793701171875,97.86139998236659,94.48483203709866,95.27236517388492,37484700
2026-03-10,97.67435455322266,99.30849120975901,97.52668974731694,98.18625070174595,44802900
2026-03-11,97.4676284790039,97.8318598277868,96.75884340709406,97.10338961967686,21345300
2026-03-12,95.9417724609375,96.60133343444501,95.49878554095048,96.5127390546653,34724600
2026-03-13,94.79984283447266,96.58164427422177,94.64233170736753,96.14849618522662,27628100
2026-03-16,96.5718002319336,96.78837428154613,95.9319244064086,96.11896699662744,17384000
2026-03-17,96.83760070800781,97.42825244166724,96.70962103350968,97.20183206331659,16411500
2026-03-18,95.18376922607422,96.48320601538215,95.10501366052972,96.28631710152088,26644800
2026-03-19,95.01641082763672,95.59722372957675,93.32321124851697,93.46102973157853,34858300
2026-03-20,92.1320571899414,94.63249012902386,91.6300073458456,94.63249012902386,45493400
2026-03-23,94.34700012207031,95.5086183732226,93.47086514990518,94.04183170787951,40781200
2026-03-24,93.78588104248047,94.31746982605333,92.88021460107953,93.01803308083429,22695800
2026-03-25,95.15423583984375,95.63660052558421,94.65217850784386,95.41018015686458,20476300
2026-03-26,93.18539428710938,94.73093659571799,93.14601650408534,93.98277373934964,19676500
2026-03-27,92.33879089355469,93.3625832118335,92.0631464118936,92.82115559300931,22341100
2026-03-30,92.60457611083984,93.50040372498181,92.21080581353067,93.24445190514929,16136400
2026-03-31,95.61690521240234,95.64644418096758,93.57915199293807,94.0812093109347,39448000
2026-04-01,97.07386016845703,97.77279893145503,96.68993616498692,96.98525827736314,27123200
2026-04-02,96.47335815429688,96.88681360099902,94.8589066390889,95.03610290346752,17276100
2026-04-06,96.95572662353516,97.19199332561742,96.50289337702725,96.60133408095605,11810900
2026-04-07,96.81790161132812,96.96556641254227,95.28220570400603,96.14849435496193,19809700
2026-04-08,100.59809112548828,101.0410780412721,99.93852264769474,100.8934132324961,22300800
2026-04-09,100.36182403564453,100.87372770266478,99.3380317226923,99.51522047987916,14958400
2026-04-10,100.58824157714844,101.09029890667277,100.22400272858468,101.03122847872972,8670300
2026-04-13,101.20842742919922,101.24780521202567,99.6038222093778,99.69241658782923,19346900
2026-04-14,102.02549743652344,102.20269370034472,101.60219566798061,101.73016782664,16581000
2026-04-15,101.70063781738281,101.8384563011478,101.33640647195136,101.77939338254683,8786300
2026-04-16,101.40531158447266,101.96643181996457,101.05091906621,101.94673917420344,13227600
2026-04-17,102.69490814208984,103.49228760066387,102.58662111554963,102.8327266284966,17321500
2026-04-20,102.29129791259766,102.31098304878347,101.5234424115562,102.10425532138375,12896100
2026-04-21,100.04680633544922,101.66125783363515,99.92868050080493,101.5234393528542,18105400
2026-04-22,100.38151550292969,100.78512462935332,100.06650075405854,100.73590803422772,9990800
2026-04-23,99.66288757324219,100.52918379558764,98.58987112943885,100.16494492841564,15773900
2026-04-24,100.18462371826172,100.37166630179051,99.57428688450472,99.83023870766878,14219400
2026-04-27,99.80070495605469,100.47011225202488,99.7613271726983,100.24369938590591,10091700
2026-04-28,99.38724517822266,99.55459511730774,98.99347487231242,99.35771371962457,11008800
2026-04-29,98.373291015625,98.91472612124714,97.95983557708293,98.83597055851232,10986800
2026-04-30,100.72605895996094,100.98201078347321,99.5152165926724,99.74163695780709,16585800
2026-05-01,100.50949096679688,101.26750015997942,100.47995950664198,100.69653356183699,14447200
2026-05-04,99.13129425048828,100.1354089151794,98.69815366955419,99.85977195170935,21026300
2026-05-05,100.45042419433594,100.56855754096956,99.6136669763437,100.08618534179023,12347300
2026-05-06,103.1772689819336,103.28555600441993,102.68505797446623,102.8721005606779,14755500
2026-05-07,101.28718566894531,103.22649833871952,101.21827642481577,103.18712055485345,19257500
2026-05-08,102.34051513671875,102.41927070303387,101.7793948701758,102.15347254435638,12280100
2026-05-11,102.12393951416016,102.37989134547618,101.95658957122217,102.19284875599016,10717500
2026-05-12,101.53328704833984,101.67110553098368,100.75559274739592,101.395468565696,15770900
2026-05-13,102.21253967285156,102.26175626730065,101.32655835678449,101.40531392055577,9578900
2026-05-14,101.84830474853516,102.3109843153431,101.79908815218926,102.17316582870383,8943600
2026-05-15,100.13540649414062,100.5488619293493,99.96805655758622,100.42088977384483,17916800
2026-05-18,101.0607681274414,101.21827174507933,100.1944719435289,100.88357186350875,15944000
2026-05-19,100.33229064941406,100.87372576556817,100.10587779032706,100.48980177794762,13211800
2026-05-20,102.00581359863281,102.29129688900737,100.38151574469539,100.56855833403763,16511800
2026-05-21,102.56693267822266,102.93116401891375,101.00169776077118,101.21827180688155,14357600
2026-05-22,102.3602066040039,102.85241762198508,102.17316401379695,102.59646578968253,12012200
2026-05-26,103.4922866821289,103.81714775886624,103.12805533294838,103.70886073328712,12884900
2026-05-27,103.13789367675781,103.45290842867972,102.89178816711431,103.42337696920957,12599500
2026-05-28,103.05914306640625,103.37415781051759,102.35035801451974,102.49802281875341,13606000
2026-05-29,103.16743469238281,103.87621226535272,103.09852544873806,103.49228826353992,16926000
2026-06-01,102.81304168701172,103.28556006686092,101.98612325645925,102.37004725654081,17412600
2026-06-02,103.38399505615234,103.52182104574707,102.90163037947418,102.96069329605491,8400600
2026-06-03,102.4980239868164,103.00992013537692,102.44879988132959,102.95085721722793,11807100
2026-06-04,103.3150863647461,103.38399560463714,102.8031902270618,102.91147724839684,10158700
2026-06-05,100.66699981689453,102.56693465269579,100.3224536053335,102.51771054652531,16937500
2026-06-08,101.27733612060547,101.88768048527935,101.11983250070053,101.66126011289488,13550300
2026-06-09,101.29702758789062,102.61614949259577,99.76132412606745,102.27160328692979,21878000
2026-06-10,99.98774719238281,101.29703031976752,99.90899162595122,100.63746934962727,22737700
2026-06-11,103.09852600097656,103.21665184183215,100.62762451897511,100.88357635840272,20415000
2026-06-12,103.38399505615234,103.7187024413787,102.56693050479166,103.01976372317945,14219900
2026-06-15,104.08000183105469,104.73999786376953,103.98999786376953,104.69000244140625,14053600
2026-06-16,104.30999755859375,104.80000305175781,104.2300033569336,104.72000122070312,12047000
2026-06-17,103.77999877929688,105.41999816894531,103.58999633789062,105.04000091552734,20717600
2026-06-18,104.41000366210938,104.66000366210938,104.18000030517578,104.58000183105469,15466300
2026-06-22,104.58000183105469,104.83999633789062,104.43000030517578,104.58999633789062,9596200
2026-06-23,102.45999908447266,103.0199966430664,102.31999969482422,102.37999725341797,17425700
2026-06-24,102.26000213623047,102.6500015258789,101.91999816894531,102.23999786376953,12504200
2026-06-25,103.1500015258789,103.7300033569336,102.7300033569336,103.4800033569336,13135400
2026-06-26,102.54000091552734,103.06999969482422,102.30000305175781,102.45999908447266,21219200
2026-06-29,103.44999694824219,103.47000122070312,102.22000122070312,102.87000274658203,10788600
2026-06-30,103.87999725341797,103.88999938964844,103.19000244140625,103.31999969482422,16945900
2026-07-01,103.0199966430664,103.43000030517578,102.87000274658203,103.06999969482422,13487100
2026-07-02,104.37000274658203,105.2699966430664,103.75,104.58999633789062,12686000
2026-07-06,105.45999908447266,105.5199966430664,104.87999725341797,105.0,9803200
2026-07-07,104.16000366210938,105.16000366210938,103.8499984741211,105.0199966430664,10714800
2026-07-08,103.36000061035156,103.41000366210938,102.26000213623047,102.80999755859375,8642800
2026-07-09,103.91999816894531,104.19000244140625,103.55000305175781,103.61000061035156,7586400
2026-07-10,104.33000183105469,104.5999984741211,103.61000061035156,104.18000030517578,8286800
2026-07-13,103.23999786376953,103.9800033569336,103.08999633789062,103.8499984741211,10953700
2026-07-14,103.95999908447266,105.08999633789062,103.91000366210938,104.37999725341797,9932200
2026-07-15,104.6500015258789,104.80999755859375,103.80000305175781,104.27999877929688,7415800
2026-07-16,103.80999755859375,104.22000122070312,103.47000122070312,103.66999816894531,9966800
2026-07-17,103.33000183105469,103.51000213623047,102.51000213623047,102.51000213623047,10969800
2026-07-20,102.56999969482422,103.48999786376953,102.47000122070312,103.33999633789062,14834400
2026-07-21,104.05999755859375,104.19000244140625,103.08999633789062,103.51000213623047,9826900
2026-07-22,104.25,104.63999938964844,104.22000122070312,104.44000244140625,14694400
2026-07-23,102.9000015258789,103.29000091552734,102.54000091552734,102.76000213623047,12596100
2026-07-24,103.41000366210938,104.02999877929688,103.26000213623047,103.5,9032100
2026-07-27,103.91000366210938,104.45999908447266,103.44999694824219,104.36000061035156,9299900
2026-07-28,103.88999938964844,104.18000030517578,103.12000274658203,103.19000244140625,9580400
2026-07-29,103.37000274658203,104.8499984741211,102.9800033569336,103.72000122070312,11646400
2026-07-30,106.23999786376953,106.31999969482422,104.80999755859375,105.01000213623047,13263500
2026-07-31,105.58000183105469,105.83000183105469,104.5999984741211,105.75,14260700
2026-08-03,106.0199966430664,106.08000183105469,105.54000091552734,105.72000122070312,9956800
2026-08-04,107.31999969482422,107.47000122070312,106.61000061035156,106.72000122070312,10410000
2026-08-05,107.43000030517578,108.0,107.4000015258789,107.98999786376953,9007600
2026-08-06,107.36000061035156,107.91000366210938,107.26000213623047,107.66000366210938,8510700
2026-08-07,108.55000305175781,108.76000213623047,108.19000244140625,108.75,9430900
2026-08-10,108.01000213623047,108.30999755859375,107.97000122070312,108.20999908447266,7015400
2026-08-11,108.08999633789062,108.62999725341797,107.87999725341797,108.44000244140625,6368300
2026-08-12,108.5,108.81999969482422,108.31999969482422,108.75,9901400
2026-08-13,108.69000244140625,108.88999938964844,108.51000213623047,108.66999816894531,7237900
2026-08-14,108.63999938964844,108.88999938964844,108.45999908447266,108.76000213623047,5660100
2026-08-17,108.44999694824219,108.87000274658203,108.3499984741211,108.66000366210938,9375500
2026-08-18,107.2699966430664,108.02999877929688,107.18000030517578,107.75,14561300
2026-08-19,107.66000366210938,108.06999969482422,107.41000366210938,107.87000274658203,10829600
2026-08-20,107.3499984741211,107.86000061035156,107.16000366210938,107.29000091552734,10578400
2026-08-21,108.23999786376953,108.37000274658203,108.05000305175781,108.12999725341797,9935600
2026-08-24,108.02999877929688,108.19000244140625,107.77999877929688,107.98999786376953,6095400
2026-08-25,108.80999755859375,108.83000183105469,108.23999786376953,108.51000213623047,6438700
2026-08-26,108.2699966430664,108.81999969482422,108.1500015258789,108.68000030517578,5219100
2026-08-27,108.0199966430664,108.13999938964844,107.61000061035156,108.04000091552734,5371900
2026-08-28,107.72000122070312,108.73999786376953,107.52999877929688,108.5199966430664,13244900
2026-08-31,107.44999694824219,108.06999969482422,107.2699966430664,108.04000091552734,9539200
2026-09-01,106.48999786376953,107.2699966430664,106.29000091552734,107.04000091552734,10129300
2026-09-02,107.05999755859375,107.0999984741211,106.63999938964844,106.7300033569336,6461400
2026-09-03,108.20999908447266,108.41000366210938,107.5999984741211,108.0199966430664,12746200
2026-09-04,108.3499984741211,108.58000183105469,107.8499984741211,107.8499984741211,5730300
2026-09-08,107.76000213623047,108.41000366210938,107.70999908447266,108.33999633789062,8318900
2026-09-09,106.55999755859375,107.31999969482422,106.5,107.2699966430664,15827600
2026-09-10,105.66000366210938,106.33999633789062,105.48999786376953,106.0,12801500
2026-09-11,106.69999694824219,107.02999877929688,106.56999969482422,106.9800033569336,10285500
