Price,Close,High,Low,Open,Volume
Ticker,GDX,GDX,GDX,GDX,GDX
Date,,,,,
2020-01-02,27.2423038482666,27.58573223650958,27.019539057692924,27.49291490155343,40709100
2020-01-03,27.07522964477539,27.72496160770076,26.926719785314248,27.706397432673825,47399500
2020-01-06,27.121639251708984,27.65070763604542,26.9267207183039,27.613579284705082,45483100
2020-01-07,27.381532669067383,27.400096844920004,26.93600307086801,27.11235743033615,39181100
2020-01-08,26.314117431640625,27.316559916161353,26.100634719746687,27.260869158792772,94319100
2020-01-09,26.02638053894043,26.379091039642052,25.989252186036413,26.09135338614515,60554600
2020-01-10,26.40693473815918,26.50903415796884,26.100632937975927,26.128477429570772,38632800
2020-01-13,25.775768280029297,26.286270716290588,25.757204104432862,26.286270716290588,48710300
2020-01-14,26.230579376220703,26.276988043801914,25.692230688543585,25.720075180941436,56949000
2020-01-15,26.72252082824707,26.796775762582286,26.147043759366202,26.35124438619372,50472900
2020-01-16,26.61113739013672,26.64826397190443,26.32339974252217,26.546164544260268,37967100
2020-01-17,26.37908935546875,26.713237428761982,26.267706074245275,26.685391165861816,43853800
2020-01-21,26.871028900146484,26.889591304706123,26.174888273410843,26.23057902784409,48096900
2020-01-22,26.7689266204834,26.908154386096882,26.5925705065052,26.824617372653375,21333700
2020-01-23,26.60185432434082,27.010257331038318,26.536881480852465,26.60185432434082,41346600
2020-01-24,27.121639251708984,27.19589418401243,26.555446056786675,26.555446056786675,44497000
2020-01-27,26.9916934967041,27.53004219718066,26.833901544648356,27.51147802155593,38199300
2020-01-28,26.27698516845703,26.88958871945659,26.24914067910605,26.731796788418706,55735200
2020-01-29,26.787492752075195,26.82461933277572,26.202733615241243,26.26770645925008,37940100
2020-01-30,26.666828155517578,26.991694155368975,26.5461645517668,26.82462011142384,39866800
2020-01-31,26.90815544128418,27.14020231653193,26.694672740946764,26.73179932039028,41986200
2020-02-03,26.509035110473633,26.824619009320227,26.360525248707845,26.741081990779822,42344300
2020-02-04,26.03565788269043,26.24914234674721,25.775766523559387,26.17488741979875,62983500
2020-02-05,26.03565788269043,26.314115186529968,25.905712203124907,26.00781339157045,41433700
2020-02-06,26.36052703857422,26.462628239362264,26.091353559738437,26.23986343158797,37356800
2020-02-07,25.924280166625977,26.611138783886766,25.914998078103583,26.5183196690402,40445600
2020-02-10,26.35124397277832,26.46262725772233,26.007815570757366,26.165607525041313,34717200
2020-02-11,26.38837242126465,26.48119153066196,26.054224335585236,26.28627122388988,24591700
2020-02-12,26.100635528564453,26.369809006168236,26.063507175583347,26.30483615882861,33312700
2020-02-13,26.286270141601562,26.53688119554268,26.184168948430624,26.332680579577985,29937400
2020-02-14,26.27698516845703,26.425495012918926,26.16560367029911,26.30483142818501,22888600
2020-02-18,27.130922317504883,27.14948649384422,26.34196252685617,26.53688283766458,64678400
2020-02-19,27.61357879638672,27.65070714707048,27.10307636712541,27.260868316776993,45467500
2020-02-20,27.61357879638672,27.938444783360826,27.381531915744816,27.530041777725458,52313900
2020-02-21,28.44894790649414,28.504638663500884,28.012700397583043,28.096237418281778,76564200
2020-02-24,28.820220947265625,29.553489916459828,28.458228391544367,29.47923498784067,87112400
2020-02-25,27.817781448364258,28.92232517670198,27.762090688643084,28.29115733193757,91165500
2020-02-26,27.72496223449707,28.105518979266883,27.539324020785212,27.752806727289798,49317800
2020-02-27,26.12847900390625,28.216900977457186,26.119196916022975,28.14264604476824,125123900
2020-02-28,24.33707618713379,25.098191442216503,23.60380896542135,24.875424879026266,166814200
2020-03-02,25.330238342285156,25.497310609241254,24.782607562304765,25.14460012960878,83762400
2020-03-03,26.620418548583984,27.483633231661315,25.48802863298696,25.822176709114242,130291500
2020-03-04,27.038103103637695,27.08451354431001,26.249145086358578,26.945285763047654,55030300
2020-03-05,27.678550720214844,27.697114894940015,26.88030891080386,27.353684744032897,68343800
2020-03-06,27.29799461364746,27.81777912518277,26.406935451015503,27.76208837011257,81228000
2020-03-09,25.348800659179688,26.657544919907195,25.302391991360437,26.34196102168013,87651700
2020-03-10,25.5158748626709,26.017096976204694,24.596969424902813,25.747921744037903,82748700
2020-03-11,23.36248016357422,25.293110152073353,23.241816563833055,25.107471938219177,119428500
2020-03-12,20.707862854003906,23.10258655917495,20.420125221587153,21.33903064411331,106328100
2020-03-13,17.635562896728516,21.71958763452705,15.315094094527396,21.617488211086695,195650900
2020-03-16,20.87493896484375,21.301906182529923,15.01807568959815,15.547142339688364,199906300
2020-03-17,23.668781280517578,23.668781280517578,20.438689201243346,20.522226217981228,119759900
2020-03-18,18.2667293548584,23.241814668521624,18.2667293548584,22.387882141107443,198033900
2020-03-19,19.7425479888916,23.186122666258875,17.904737216004854,19.16707097627825,103179000
2020-03-20,19.07425308227539,21.20908546897766,18.87933455025648,21.20908546897766,68320700
2020-03-23,20.355152130126953,21.617487694902938,19.603320751871685,20.07669481828552,93812100
2020-03-24,23.343917846679688,24.197850511717238,22.08158391125092,23.13971721148408,127861300
2020-03-25,24.42061424255371,25.061064155568317,22.78700392218991,23.56668161532666,102594400
2020-03-26,23.993648529052734,25.25598239358959,23.408889380959238,24.77332621292589,47458000
2020-03-27,22.619930267333984,23.82657331523065,22.025889060500262,23.34391538792112,94471000
2020-03-30,22.211524963378906,23.510986980894234,21.478256061057472,22.638490321406334,63038600
2020-03-31,21.38544273376465,22.675622905904373,21.37616064550167,21.905227283850266,45113700
2020-04-01,22.304346084594727,22.517828783002987,21.348312329877484,21.348312329877484,33900200
2020-04-02,23.241819381713867,23.872985490511933,22.61993359139418,22.824134235089662,39859300
2020-04-03,23.158281326293945,24.02149430710775,22.963361009713353,23.353199872497186,33775700
2020-04-06,24.448461532592773,24.782609635208686,23.705912160532247,24.14215969532064,62383700
2020-04-07,24.216413497924805,24.83829923178004,23.928675851029777,24.699071452339044,31203200
2020-04-08,24.318513870239258,24.62481568276345,23.975083706923186,24.29066760714535,17480200
2020-04-09,26.871028900146484,26.889591304706123,25.144599579321408,25.246700771096663,68549100
2020-04-13,28.56961441040039,28.83878788857575,25.905715271177865,26.59257386939106,59888600
2020-04-14,28.541765213012695,29.952610617538305,27.873470859994995,28.88519536202139,59359900
2020-04-15,27.984853744506836,28.634585725261626,27.260868602361054,27.530042066129372,31917300
2020-04-16,28.699556350708008,28.89447486764038,27.882752164398834,28.23546262043807,37982800
2020-04-17,27.789936065673828,28.235465669961126,27.53932499937074,27.62286202147177,29249500
2020-04-20,28.53248405456543,28.89447661960407,27.82706132933786,27.82706132933786,25488800
2020-04-21,28.36541175842285,28.65315118096034,27.42794209647922,27.548607472479404,22464500
2020-04-22,30.175373077392578,30.29603843984627,29.237905291071037,29.27503363963436,40919900
2020-04-23,31.020029067993164,32.24524000391889,30.63947227920152,30.82511051438753,56325900
2020-04-24,31.493404388427734,31.846116654815837,30.593061316629647,31.576941410973483,40571500
2020-04-27,31.363454818725586,31.75329184857931,30.565213044353715,31.511964669253786,30455600
2020-04-28,31.382022857666016,31.539813044205832,30.611625478899878,31.094283437749525,31629700
2020-04-29,31.58622169494629,31.62335004731685,30.463115591396054,31.047874748591415,36914000
2020-04-30,29.943330764770508,31.40986888931326,29.841233101822308,30.79726520785034,52248800
2020-05-01,30.899364471435547,30.992181810380522,29.0615517720625,29.219343726797124,34003000
2020-05-04,31.549097061157227,31.79042427141699,31.112847770230623,31.335610804200467,34391400
2020-05-05,32.29164505004883,32.40302656234647,30.97361691496804,31.474839031439092,30289700
2020-05-06,31.279922485351562,32.03175216702919,31.20566577860309,31.697607608925054,29078400
2020-05-07,32.514408111572266,32.94137706724796,31.44699457426913,31.641913106199993,35053600
2020-05-08,32.356624603271484,33.00635671778298,32.09673317376896,32.477289998721304,28612000
2020-05-11,31.45627212524414,32.532969425999546,31.14068825050096,32.41230406604518,28732700
2020-05-12,31.409866333007812,32.4401550636074,31.270636786425104,31.873960100610912,20999600
2020-05-13,31.63263511657715,32.19882657850456,31.020027901278052,31.873962334713855,33290200
2020-05-14,32.635074615478516,32.90424985887626,31.558377182642083,31.61406971116545,33736200
2020-05-15,33.943817138671875,34.04591833183771,33.05275797409539,33.37762218802816,38465800
2020-05-18,33.34977722167969,34.52857577381186,33.15485869609006,34.48216710687447,33131200
2020-05-19,34.53785705566406,34.79775197113103,33.76746324887143,33.8881250781283,36737200
2020-05-20,33.98094940185547,34.797755500480534,33.83243952399226,34.6770901182308,30058100
2020-05-21,33.09917068481445,33.61895703135407,32.26380040301056,33.48901132990787,33179400
2020-05-22,32.99706268310547,33.82314893566268,32.9228095293243,33.39618356434723,17987000
2020-05-26,31.63263511657715,32.83927828877009,31.511969737131444,32.83927828877009,36174200
2020-05-27,31.28920555114746,31.335614226563553,30.20322767524006,30.713730186327002,43849100
2020-05-28,31.558380126953125,32.18954801275258,31.149978835276084,31.92037274424151,29917600
2020-05-29,31.855390548706055,32.365892898759874,31.66047204899068,32.18025471489834,32726200
2020-06-01,32.83927536010742,32.885684027830905,32.003905178067214,32.115286688754445,24163900
2020-06-02,31.641910552978516,33.024911421937304,31.502681018117094,33.0063472479055,39294200
2020-06-03,30.472394943237305,31.17781583017891,30.101118555949697,30.91792448353001,40447600
2020-06-04,30.732288360595703,31.16853761393956,30.481677313403765,31.075716740486463,25889300
2020-06-05,30.12896728515625,30.12896728515625,28.978014925595293,29.739130210329222,50291100
2020-06-08,30.425987243652344,30.453835278311782,29.785539098558317,30.231068704809108,21180400
2020-06-09,30.68587875366211,31.066435471269273,30.314602352738657,30.67659489622423,21745400
2020-06-10,32.050315856933594,32.050315856933594,30.110403682026607,31.085003469147345,46916400
2020-06-11,30.472394943237305,32.412303267515234,30.063990209070127,31.948209553782746,50214100
2020-06-12,30.29604148864746,31.354174743906505,30.16609579635313,31.05715500701816,29829000
2020-06-15,31.10356330871582,31.242792857813722,29.070833844564447,29.516363444621412,32180400
2020-06-16,30.29604148864746,31.261357403911855,30.119687126355807,31.05715500701816,39596100
2020-06-17,30.49095916748047,30.806543071621633,30.166094945903293,30.42598632316503,23882500
2020-06-18,30.101119995117188,30.658031061921086,29.980454632366463,30.323883005537063,20130800
2020-06-19,31.14069366455078,31.40986892172636,30.342451751963747,30.518809664270727,37405000
2020-06-22,32.36589813232422,32.80214740382723,31.80898703144098,31.929652401575638,46110300
2020-06-23,32.829994201660156,33.26624350379251,32.597947303207576,32.83927806042088,28979200
2020-06-24,32.2452392578125,33.11773434001723,31.836834441702187,32.61651217883899,37585800
2020-06-25,32.449432373046875,32.449432373046875,31.72544729573906,32.254513858503095,17938800
2020-06-26,32.66291809082031,32.79286731998923,31.632632900925152,32.106006985971334,29048400
2020-06-29,33.00634765625,33.00634765625,32.45871690817632,32.82998977114313,24259500
2020-06-30,34.04591751098633,34.083045860470435,32.69076462160487,32.89496346225891,35818600
2020-07-01,33.93453598022461,34.008789138388074,32.96922013881954,33.94381629721219,30673800
2020-07-02,33.572540283203125,34.417194310038546,33.51685129910713,33.73033399990187,28388800
2020-07-06,34.194427490234375,34.46360271382364,33.702489250453816,34.25012001465935,23654600
2020-07-07,35.02051544189453,35.252562326779135,34.027355057848766,34.055199550993486,30150000
2020-07-08,36.16218185424805,36.3292558769007,35.447477099734805,35.651679469811185,34212500
2020-07-09,36.004390716552734,36.60771041250254,35.10404778998816,36.44992025134388,37060300
2020-07-10,35.64240646362305,36.36639168310521,35.298974490646536,36.28285465464536,21900700
2020-07-13,34.46360397338867,36.36638770135558,34.41719530504888,36.255006189189196,34817400
2020-07-14,35.818756103515625,35.82803642067101,34.222272455458864,34.342937823004966,30430700
2020-07-15,35.893009185791016,35.976546203027134,34.992669711973264,35.61455364192208,21291000
2020-07-16,35.34538269042969,35.93013828247953,35.001950756458854,35.59599020659138,21296600
2020-07-17,36.48705291748047,36.51489741021581,35.58670988432395,35.79091227306158,27743600
2020-07-20,37.4802131652832,37.58231435932065,36.78407252312362,36.923298527102894,28356300
2020-07-21,37.97215270996094,38.63116502382272,37.619440447867575,38.30630079607523,34661400
2020-07-22,38.7518310546875,38.92818541834856,38.14850771777377,38.49193966808076,39311500
2020-07-23,38.018558502197266,39.20664088965948,37.3224178890629,38.70541879842172,43686700
2020-07-24,38.826087951660156,38.900341116448345,38.167072082608975,38.482655999656636,34918700
2020-07-27,40.69173812866211,41.267213358782875,40.199799911039044,40.31118141411793,57601200
2020-07-28,40.431846618652344,40.88665648657729,39.66144933517153,40.097698569950026,37241900
2020-07-29,40.03273010253906,40.59892507568598,39.18807957198917,40.58964121734499,39586600
2020-07-30,38.64044952392578,39.615045764108764,38.018562010939384,38.89106059267362,38073500
2020-07-31,39.85636901855469,39.939906033179504,38.91890122399101,39.31802212267024,29531000
2020-08-03,39.4850959777832,39.81924403480883,38.770391198201544,39.540784960117996,26243100
2020-08-04,41.2857780456543,41.2857780456543,39.09525506028278,39.44796728862756,42405300
2020-08-05,41.332191467285156,42.49242593282318,40.85881736327766,42.13971720464293,37958400
2020-08-06,41.053733825683594,42.1025867208513,40.45041405859491,41.93551268301027,29579900
2020-08-07,39.67074203491211,40.41329145267558,39.21592852485734,40.13483586360864,33217600
2020-08-10,39.34586715698242,41.007323614809465,39.25304982423128,40.125544790656534,28792700
2020-08-11,36.24571990966797,37.82363931308877,36.0972100564492,37.35026526243963,71304400
2020-08-12,36.41279220581055,37.600870975071004,36.3942280324466,37.433800496303526,38295800
2020-08-13,37.71226119995117,38.083534096010794,36.83976263566431,37.15534654472997,36092700
2020-08-14,37.45236587524414,37.795797814869196,36.867610273566946,37.5544670713081,21075500
2020-08-17,39.874935150146484,39.91206350085857,38.844646432789666,39.095257488964656,35736000
2020-08-18,39.59647750854492,40.92378587993818,38.993154234001,40.9052217055633,28185900
2020-08-19,38.064971923828125,39.55007420850568,37.842208882617044,39.225206424003694,36903300
2020-08-20,38.956031799316406,39.076693628972876,37.860770229751445,38.10209742981881,29589700
2020-08-21,37.953590393066406,38.334147167391976,37.53590526496403,38.16707311615102,23938200
2020-08-24,37.73082733154297,38.62188657717713,37.67513480090783,38.584758223420366,17717400
2020-08-25,37.665855407714844,37.69369990333878,36.74694810382239,37.69369990333878,20241500
2020-08-26,38.61259460449219,38.64044263433526,37.19246900888407,37.19246900888407,27676900
2020-08-27,37.74010467529297,39.29946000263672,37.15534554235046,39.29946000263672,31690900
2020-08-28,38.94675064086914,39.19736171643834,38.28773829812496,38.640450575676574,26915500
2020-08-31,39.234493255615234,39.735715447449685,38.909625446498104,39.169520401942805,21174600
2020-09-01,38.67757797241211,40.032734642773484,38.2134841438547,40.032734642773484,24247400
2020-09-02,38.761104583740234,38.79823292982547,37.508052999772254,38.269166390749746,21587400
2020-09-03,38.32486343383789,38.76110915919603,37.34098339096335,38.43624494448738,23533900
2020-09-04,37.92574691772461,38.18563831963993,36.63556668570956,38.01856426390728,31760000
2020-09-08,37.665855407714844,38.39912093826513,36.468492525318695,36.83976544973869,23894000
2020-09-09,39.29945755004883,39.40155873808405,38.03712202662099,38.03712202662099,30373300
2020-09-10,38.59404373168945,39.80996727277534,38.46409448798694,39.689301888286145,24778400
2020-09-11,38.204200744628906,39.29018205707795,37.97215384906125,38.86321307825994,19360900
2020-09-14,39.71714401245117,39.76355267934433,38.7796726537396,38.84464549554088,24207100
2020-09-15,39.71714401245117,40.46897362208149,39.46653296232296,40.17195390506012,21083600
2020-09-16,39.77283477783203,40.35759392098901,39.540787892218646,40.35759392098901,21636100
2020-09-17,39.07669448852539,39.280896882827214,38.399118001051946,38.80752278965559,21293200
2020-09-18,38.389835357666016,39.48509688496774,38.37127118287649,39.19735748686159,24531300
2020-09-21,36.97898864746094,37.860767444982734,36.5427394070466,37.322417017173194,30733600
2020-09-22,37.14606475830078,37.4245203045233,36.589150125101376,37.18319310866495,21529200
2020-09-23,34.92770004272461,36.55202832706684,34.66780510951668,36.53346415035523,53008900
2020-09-24,35.91157531738281,36.11577771303094,34.417196324358734,34.52857783982383,35428400
2020-09-25,35.66096115112305,35.88372770343712,35.0762055902128,35.456762313985564,15107500
2020-09-28,36.07864761352539,36.34782284188714,35.61455385735178,36.12505628099188,17378100
2020-09-29,36.54274368286133,36.77479057563674,36.14362274402725,36.264288119681744,16825400
2020-09-30,36.34782028198242,36.68196832941474,35.790909230097974,36.292127760492335,17573000
2020-10-01,36.72837829589844,37.071806672045724,36.34782157077462,36.70981412141017,21847900
2020-10-02,36.171470642089844,36.72838176634303,35.97654856192211,36.301416335031945,16693900
2020-10-05,36.72837829589844,37.10893502102225,36.26428455595455,36.35710188764163,19579800
2020-10-06,35.37322998046875,37.18319650749134,35.33610162671077,37.006838597518275,26692000
2020-10-07,35.59599304199219,36.022962028945294,35.41035835460484,35.73522259828739,22049800
2020-10-08,36.171470642089844,36.35710532300452,35.7166571760379,35.94870406793582,18446600
2020-10-09,37.85148239135742,37.87004656491118,36.96970716245555,37.0439603159165,29936400
2020-10-12,37.7493782043457,38.06496204814769,37.45235853262075,37.75866206076111,14011300
2020-10-13,37.35954666137695,37.5915935350501,36.62627769078877,37.22031712087134,20018100
2020-10-14,38.018558502197266,38.37127073759654,37.61015728382997,37.832920297210585,19323100
2020-10-15,37.40595245361328,37.74938080884862,37.11821661845152,37.30385127052207,18523900
2020-10-16,36.96971130371094,37.61015942966355,36.96971130371094,37.50805823405781,13548800
2020-10-19,36.34782028198242,37.43380143613745,36.32925610815239,37.42451757884538,15292600
2020-10-20,36.626277923583984,36.85832479873201,36.17146803111627,36.4684877480454,15671900
2020-10-21,37.05324935913086,37.50806286643074,36.830486305528595,36.904739476477715,18089400
2020-10-22,36.37567138671875,36.60771829065719,35.81876023356839,36.51490094538372,19750700
2020-10-23,36.0322380065918,36.35710221114141,35.707373802042184,36.33854157724223,14497700
2020-10-26,35.466041564941406,36.34782034935463,35.428913217212525,35.75378094870904,17881900
2020-10-27,36.04152297973633,36.069367472201115,35.354662659318464,35.521736695615935,14636800
2020-10-28,33.89741134643555,35.159747040374185,33.73033729631104,35.01123716701403,38818900
2020-10-29,34.29652786254883,34.6028278876882,33.424029371158035,33.47044157744801,22332000
2020-10-30,34.797752380371094,34.872005542267466,33.86956484176242,34.649242515823886,27645700
2020-11-02,35.85588455200195,35.911573536595725,34.964821850203705,35.35466244613188,27180400
2020-11-03,36.54274368286133,36.784074434170336,36.05080540321892,36.292132613773326,20418900
2020-11-04,35.70737075805664,36.69124714553574,35.642397922685525,36.589145964022855,24981300
2020-11-05,38.2598876953125,38.52905936394778,37.00683251751054,37.0161163748021,51803600
2020-11-06,38.44552230834961,38.80751838647214,38.04640496411954,38.6497246794822,21921500
2020-11-09,36.08793640136719,36.58915503553178,35.29897478364107,36.579874717072464,43551200
2020-11-10,34.86272430419922,36.25500557534649,34.82559595385424,36.22715754221057,33309900
2020-11-11,34.4821662902832,34.5842639388259,34.09232570758165,34.407909592338434,22360800
2020-11-12,34.797752380371094,35.34538316978039,34.70493150205755,34.807032697825214,21186100
2020-11-13,35.280399322509766,35.5959831605185,35.11332885839099,35.58670284502724,19264300
2020-11-16,35.04835891723633,35.49389203914044,34.76062305441811,35.141179792947334,17150200
2020-11-17,34.28724670410156,34.94626255330262,34.28724670410156,34.723495984138765,20716700
2020-11-18,33.247676849365234,34.315093919003665,33.247676849365234,34.28724588555145,26893300
2020-11-19,32.96921920776367,33.25695859681274,32.67219950198911,32.82998967160189,25927700
2020-11-20,33.32193374633789,33.74889916039573,33.09916718118564,33.37762273206013,25251000
2020-11-23,31.89252471923828,33.01563080265826,31.873960543385742,32.97850245095317,33864200
2020-11-24,31.020029067993164,31.465562248741517,30.862238869575698,30.98290425355983,41128100
2020-11-25,31.595500946044922,31.78113914007272,31.252069047829572,31.32632574174231,31203600
2020-11-27,31.77186393737793,31.82755647298272,31.094287354250536,31.131415711320397,11745600
2020-11-30,32.189544677734375,32.189544677734375,31.242792947124006,31.530532363730092,24406700
2020-12-01,33.377628326416016,33.479729538359,32.56082571238217,33.229118438341224,31692100
2020-12-02,33.38690948486328,33.50757132489259,32.9692243519606,33.38690948486328,23736900
2020-12-03,32.959938049316406,33.54469719202494,32.70933052891008,33.54469719202494,21132500
2020-12-04,32.7743034362793,33.238397208038116,32.54225655039989,32.95065779487604,15779200
2020-12-07,33.878841400146484,34.26867842354512,32.7093267891965,32.76501576925113,26606200
2020-12-08,33.7396125793457,34.11088897771776,33.62823107613575,34.02735196512175,15029700
2020-12-09,32.85784149169922,33.56326248905822,32.49584536409234,33.35906009001145,26711300
2020-12-10,32.70932388305664,33.44258920107495,32.61650302328905,32.978495524498264,17178600
2020-12-11,32.56081771850586,33.01562758999603,32.440152357583216,32.8207090736431,13294100
2020-12-14,31.827552795410156,32.81142935879256,31.799704760448005,32.41230841829625,27931000
2020-12-15,32.829994201660156,33.015632428573156,32.35662008674895,32.49584610136769,24406300
2020-12-16,33.442596435546875,33.45188029390884,32.59794590308837,33.04347550409076,21498600
2020-12-17,34.612117767333984,34.93698202336092,34.12017591295127,34.22227711934683,41042600
2020-12-18,33.953102111816406,34.59355024349951,33.92525407774011,34.59355024349951,21979800
2020-12-21,33.91577911376953,34.34497739093171,33.757165067284795,33.91577911376953,18383700
2020-12-22,32.92676544189453,33.95310125385794,32.68417464756317,33.94377248141827,34660000
2020-12-23,33.51457214355469,33.62653876139336,33.150689533682645,33.150689533682645,25420100
2020-12-24,33.61720657348633,33.78515294171829,33.234662859011635,33.35595824923282,14138500
2020-12-28,33.29997634887695,34.43827876855293,33.290647576576724,34.15836932940486,17137400
2020-12-29,33.34663009643555,33.85979798256438,33.20667360056335,33.49591536438651,19650400
2020-12-30,34.11171340942383,34.11171340942383,33.3746159309938,33.39327703213342,18311400
2020-12-31,33.60787582397461,34.22367795150866,33.40260726171617,34.111714899022815,18772700
2021-01-04,35.931129455566406,36.1737202325802,34.820820533939724,35.16604203743014,54565100
2021-01-05,35.92179870605469,36.39764434362719,35.51126514502662,36.388315572367084,28068400
2021-01-06,35.88447952270508,35.94046283270117,34.96077804283941,35.57658021583036,31826300
2021-01-07,35.800506591796875,36.0710872531723,35.28733870386381,35.75385561275597,18728600
2021-01-08,34.074398040771484,35.00743192942599,33.40261250198286,34.94211984195952,49003500
2021-01-11,33.38394546508789,33.85046232651949,33.34662682119667,33.38394546508789,26242200
2021-01-12,33.62653732299805,33.63586609446483,32.92676200802621,33.486580836307155,20901200
2021-01-13,33.253318786621094,33.8691208545496,33.23465768647284,33.58921147080772,15130300
2021-01-14,33.22533416748047,33.72917327339517,33.085377673868116,33.25332404250635,17274600
2021-01-15,32.19899368286133,33.11336990522695,32.171003808852234,32.9734134166988,26520200
2021-01-19,32.534889221191406,32.82413099484739,32.254979779172984,32.777480014384594,26382600
2021-01-20,33.62653732299805,33.88778563496365,33.02939629036735,33.11336947053363,30193200
2021-01-21,33.318634033203125,33.626536876134836,33.03872462278237,33.58921467228107,19605500
2021-01-22,32.87078094482422,33.16002270941258,32.16167680999157,32.516227097787116,27744200
2021-01-25,32.833457946777344,33.34662938114003,32.478907667524986,33.113370932517526,15905600
2021-01-26,32.74015426635742,33.15068783298025,32.66550985829439,32.75881536837318,13110800
2021-01-27,31.480562210083008,32.34828037597606,31.377927921847938,32.32962283197106,31884800
2021-01-28,32.26430892944336,33.020063992448996,31.80712082380825,32.301627574588856,35106700
2021-01-29,32.19899368286133,33.29064503935345,32.07770185599437,33.10403757439636,21743700
2021-02-01,33.290645599365234,33.85046444441238,32.730826754318095,33.6172059991025,33084900
2021-02-02,32.30162811279297,32.637520839388195,32.143014080368204,32.544218886107906,22560800
2021-02-03,32.292301177978516,32.60953282011385,32.13368357729006,32.3762743644038,16858300
2021-02-04,31.573863983154297,31.695159373929325,31.004712794796266,31.433907489241456,26075900
2021-02-05,32.292301177978516,32.366942033000115,31.62984801797994,31.825784266558408,20322700
2021-02-08,32.8614501953125,33.11336973784497,32.56287967658691,32.90810117150562,18754700
2021-02-09,32.824127197265625,33.104036606899975,32.60019753401339,33.05738563183446,18531700
2021-02-10,32.91743469238281,33.21600525418623,32.65618634061528,33.12270328833836,11694000
2021-02-11,32.478904724121094,33.23465975125311,32.338948243934574,32.964082680395585,19890700
2021-02-12,32.4509162902832,32.76814794288696,31.891097401802064,32.18966795022423,15849300
2021-02-16,31.8071231842041,32.48823744822269,31.79779441203577,31.95640845358843,22539100
2021-02-17,30.99538230895996,31.34060379981674,30.743462769391623,31.303281595604847,27632700
2021-02-18,30.594181060791016,31.200650933000563,30.360922596270026,30.94873136420889,20776400
2021-02-19,30.547529220581055,30.98605270126261,30.38891161836224,30.874089638029194,17823000
2021-02-22,31.919084548950195,32.049708707809586,30.855426616247826,31.02337298027887,27938300
2021-02-23,31.200647354125977,31.601852151821163,30.61283865361179,31.536540073986252,25669700
2021-02-24,31.443239212036133,31.639175452329745,30.463554451326633,30.66881946338791,18766000
2021-02-25,30.16498374938965,31.377926948869543,30.04368836166924,30.79944344388999,36436000
2021-02-26,29.04534149169922,30.006366949033882,28.830744144211717,29.82909002824733,39888800
2021-03-01,28.83074378967285,29.595831213651643,28.662797422531998,29.40922552320015,25851400
2021-03-02,29.81975746154785,30.05301589643338,28.89605427295564,28.961368129604917,27817700
2021-03-03,29.250606536865234,29.48386495936078,28.588151691575217,29.334579711333273,34117000
2021-03-04,29.269268035888672,29.941051661149913,28.737437330483726,29.194625410859643,37821800
2021-03-05,29.651813507080078,29.74511545930053,28.83074280242307,29.29725968200798,27006800
2021-03-08,29.28792953491211,29.670473239079573,29.101323848276174,29.437214796069135,16400600
2021-03-09,30.13698959350586,30.687479651669904,29.950382130540852,30.295607182760573,26861900
2021-03-10,30.258283615112305,30.444891069670206,29.931723239066844,30.211632641283117,14539000
2021-03-11,30.836767196655273,30.864760631682515,30.3422604084868,30.482213346656696,21841600
2021-03-12,30.86475944519043,30.911410422787057,29.93172565629217,30.062349817259292,19710900
2021-03-15,31.368595123291016,31.461900638133567,30.920739329771145,31.004712513508714,21446200
2021-03-16,31.24730110168457,31.471227203121273,31.09801584764637,31.42457622859206,16996000
2021-03-17,31.919084548950195,32.17100409499676,30.790114536818127,31.03270175195109,24753100
2021-03-18,31.368595123291016,31.84444435088438,31.219309858784392,31.265960836584938,18849800
2021-03-19,31.62051010131836,31.6484999721023,31.21930534362415,31.480557188157718,17791400
2021-03-22,31.24730110168457,31.68582453334861,31.24730110168457,31.31261317787371,14935300
2021-03-23,30.454221725463867,31.032701667076783,30.35158744114322,30.958060816179007,17838700
2021-03-24,30.13698959350586,30.575516597587427,30.118328491285226,30.46355354350495,14319300
2021-03-25,30.081008911132812,30.34225721561913,29.773106072924328,30.136988656813475,16091700
2021-03-26,30.575519561767578,30.60350943819138,29.99703957381181,29.99703957381181,15938700
2021-03-29,30.65949058532715,30.72480266519859,29.94105414749988,30.323597854993213,13768300
2021-03-30,29.698463439941406,30.081008905013967,29.530517084451162,29.847748693794824,25441900
2021-03-31,30.32359504699707,30.59417567240352,29.735784602965243,29.763774474820707,29139800
2021-04-01,31.34993553161621,31.368596635484323,30.64083138083617,30.74346567248996,27485600
2021-04-05,31.452571868896484,31.741813658801586,31.13534020098961,31.340608797647548,18197300
2021-04-06,31.984394073486328,32.2736358016001,31.7044846755407,31.797790181016644,21175700
2021-04-07,31.6578369140625,32.02171952423126,31.583192502109185,31.853773156577763,18181900
2021-04-08,32.40426254272461,32.51622559901292,32.133681894056586,32.226987406998,19841100
2021-04-09,32.40426254272461,32.46024585048946,31.704487212250232,31.82578259945338,11232300
2021-04-12,31.685823440551758,32.133679187220494,31.564531622807223,32.10568931531653,15536200
2021-04-13,32.245643615722656,32.46956969431442,32.00305287813393,32.087026047416046,22275900
2021-04-14,31.99372673034668,32.42292138219528,31.91908232520372,32.22698515755672,14033700
2021-04-15,33.318634033203125,33.5518924684273,32.40426139423331,32.46957347135678,31132500
2021-04-16,33.61720657348633,33.71051208874935,33.327968374274654,33.67318988264414,18939300
2021-04-19,33.39328384399414,33.682522072556885,33.206676353773176,33.43993482673892,12133700
2021-04-20,33.77582550048828,33.89712089548818,33.29997625200341,33.30930858351812,22560000
2021-04-21,34.3636360168457,34.372964788631336,33.710511655367036,33.794484838403456,18613600
2021-04-22,33.75716018676758,34.20501594409682,33.5518916299429,34.17702607152661,18554100
2021-04-23,33.64520263671875,34.167699326053594,33.542568341530334,34.05573625823067,10513900
2021-04-26,33.570552825927734,33.757160281817306,33.411938801928365,33.70117697727808,9254200
2021-04-27,32.936092376708984,33.645200056776666,32.88944139863015,33.61720662253618,16330800
2021-04-28,33.0760498046875,33.32796936452051,32.38560320819241,32.54422080923167,20209800
2021-04-29,32.441585540771484,32.76814594594409,32.07770292951016,32.684172761865206,23574800
2021-04-30,32.059043884277344,32.5068997083646,32.01239290329274,32.254980139957695,20959000
2021-05-03,33.290645599365234,33.486581839207595,32.57220916070184,32.63752124064929,31858500
2021-05-04,32.94542694091797,33.897121907046596,32.63752405809324,33.27198736884566,19222300
2021-05-05,33.22533416748047,33.29997502062997,32.78680714278714,33.10403877696586,19052300
2021-05-06,34.29832077026367,34.59689485944552,33.47725359254837,33.505243467467324,33315100
2021-05-07,34.914119720458984,35.06340853093345,34.53157604172102,34.86746874680629,28018400
2021-05-10,34.87679672241211,35.66054508333959,34.82081342547418,35.43661545482858,24645400
2021-05-11,35.119388580322266,35.147378452908505,34.0557307111512,34.17702609109351,19510800
2021-05-12,34.39162826538086,35.231356594467215,34.27966520001768,35.03542034027123,23166300
2021-05-13,34.45693588256836,34.69019431472263,33.990419018259814,34.260999653776665,14635100
2021-05-14,35.30599594116211,35.408630219358116,34.746177135490825,34.820817981934454,19785900
2021-05-17,37.02277755737305,37.2280461106442,35.576576032009015,35.707200180730254,44330800
2021-05-18,36.97612762451172,37.21871482764216,36.416305252359514,37.116080548118866,22379000
2021-05-19,36.425636291503906,37.4426431609904,36.01509918796446,36.65889471515456,34676400
2021-05-20,36.86416244506836,37.13474309081322,36.31367238200598,36.4722899726721,17187800
2021-05-21,36.65890121459961,37.09742470852699,36.30434735120244,37.0787671634592,15441300
2021-05-24,36.78952407836914,37.0041214314411,36.54693329020669,36.74287309887377,11962100
2021-05-25,36.873497009277344,37.03211105030922,36.26702360232137,36.72421174038317,18295900
2021-05-26,36.81751251220703,37.32135161320323,36.58425406462451,37.02278108503691,17944700
2021-05-27,36.584251403808594,36.761530088992146,36.40697627786623,36.630902378083825,15494100
2021-05-28,36.780189514160156,36.79885061667378,36.17371969905334,36.37898826746191,12656400
2021-06-01,36.84550476074219,37.20938735778481,36.54693068294068,36.985457689244015,14270600
2021-06-02,36.892154693603516,37.12541312708471,36.70554723497031,36.929476897178404,11231600
2021-06-03,35.613895416259766,36.04309363287227,35.47394249367756,36.03376130248874,32174200
2021-06-04,36.089744567871094,36.350992870467095,35.884476010550706,35.97778151807869,16937400
2021-06-07,36.0617561340332,36.1177358815423,35.65121900301272,35.96845062278249,13293100
2021-06-08,35.548587799072266,36.00577594569388,35.50193681902719,35.85649067400467,17455800
2021-06-09,35.45528793334961,35.90314377487237,35.44595916048619,35.595244440993774,14511100
2021-06-10,36.3416633605957,36.37898556284823,35.427290760855534,35.52059270724573,22342300
2021-06-11,35.71653366088867,36.27635609110205,35.623231702140565,36.108409717962196,18857300
2021-06-14,35.483272552490234,35.71653099116659,34.89546384967956,35.05407787954365,15826400
2021-06-15,35.07273864746094,35.57657772441758,34.904792288475385,35.511265646950015,17405700
2021-06-16,34.30765151977539,35.38063820001974,34.27032931544307,35.016755605882906,29702900
2021-06-17,32.59086990356445,33.62653795878301,32.46024574511191,33.19734327836998,69043900
2021-06-18,31.84444236755371,32.74948267008939,31.8164489352237,32.50689546509046,34367700
2021-06-21,32.441585540771484,32.60953190892924,31.94707876744112,32.33895125364825,25070600
2021-06-22,32.23631286621094,32.47890361568968,32.105688720756696,32.28296383826731,17989800
2021-06-23,32.03105163574219,32.82412893148081,32.03105163574219,32.66551133678822,22658200
2021-06-24,32.13368225097656,32.404262902650025,31.993729318872013,32.32028971969072,17146600
2021-06-25,32.059043884277344,32.60953400207575,31.928419713823775,32.57221179359138,14417300
2021-06-28,31.704486846923828,32.13368152378463,31.461899634554218,32.02171846878645,19354800
2021-06-29,31.387256622314453,31.695159486317905,31.070024986329763,31.153998171126933,15484500
2021-06-30,31.704486846923828,31.91908418535423,31.25663106768977,31.387255225061203,15159300
2021-07-01,31.685823440551758,32.208323591285826,31.499215989629516,32.161672618365536,12172200
2021-07-02,32.11501693725586,32.273634510599436,31.769795478907074,32.08702706635327,14496600
2021-07-06,32.20832443237305,32.702831164875604,31.881760494920968,32.67484129224072,19947100
2021-07-07,32.245643615722656,32.460240924056784,31.99372410787629,32.413589954286905,14493700
2021-07-08,31.424579620361328,32.366942220832385,31.15399895594945,32.301630137593875,27118300
2021-07-09,32.06837463378906,32.18034126614488,31.499223376660375,31.536545587445648,18204500
2021-07-12,31.62051010131836,32.245644503006915,31.56453035975048,31.909751816635865,20292400
2021-07-13,31.984394073486328,32.581535071567956,31.648501372255136,31.723145776635892,21065700
2021-07-14,32.413597106933594,32.805469610563364,32.26431183518297,32.74015752662507,15714200
2021-07-15,32.62819290161133,32.68417265131359,32.31096126941318,32.506897511854,14196100
2021-07-16,31.648502349853516,32.506895230541794,31.56453273119306,32.506895230541794,28735000
2021-07-19,30.967390060424805,31.45256805600955,30.668819533794412,31.2752929180857,29921500
2021-07-20,31.070024490356445,31.545873716358216,30.836766042892446,31.153997673813144,17990800
2021-07-21,31.368595123291016,31.471229409997093,30.762125293401,30.81810504306507,15417900
2021-07-22,31.172658920288086,31.433907243693707,30.836766184914307,31.433907243693707,15667800
2021-07-23,30.930070877075195,31.088684909425897,30.71546997799627,30.976721853693554,12587700
2021-07-26,31.25663185119629,31.499219069646806,30.799443729694648,30.84609826641794,13565000
2021-07-27,31.424579620361328,31.47123059992575,31.060696996820607,31.396589744470994,14112900
2021-07-28,31.900421142578125,31.900421142578125,31.144666118258957,31.26595793744529,16424400
2021-07-29,32.721492767333984,33.001402175691666,32.376271282334216,32.422922257186954,29054900
2021-07-30,32.581539154052734,32.91743189737147,32.376274134768046,32.46957609269367,12405300
2021-08-02,32.4509162902832,32.64685610456912,32.348281996905264,32.58154046031269,11315800
2021-08-03,32.74015426635742,32.77747647038893,32.32028836910607,32.460244854603616,11237300
2021-08-04,32.4509162902832,33.421272352276084,32.43225518610161,33.21600376552021,16927200
2021-08-05,31.96573829650879,32.50689964068017,31.891097438937177,32.44158755558937,14194100
2021-08-06,31.014041900634766,31.247300326737115,30.668816867349676,31.1446660497735,34008700
2021-08-09,30.258283615112305,30.864756952615192,30.22096141235249,30.60350509253767,29020200
2021-08-10,29.875741958618164,30.295607870003582,29.782438225019106,30.155651379794644,23545600
2021-08-11,30.472881317138672,30.69681097721221,30.220961784271392,30.258283987490515,22827000
2021-08-12,30.006366729736328,30.295608487753334,29.763777729280484,30.295608487753334,17913100
2021-08-13,30.622167587280273,30.752791743642085,30.30493596786959,30.398241479014683,16207000
2021-08-16,30.454221725463867,30.73413114500293,30.276946590245448,30.659490294105154,12143000
2021-08-17,30.090341567993164,30.472885302922016,29.86641187863014,30.351589906215306,20321200
2021-08-18,29.38123321533203,30.164983504431444,29.15730532399821,30.164983504431444,32163200
2021-08-19,28.8867244720459,29.343912582358517,28.821412393321435,29.32525147997419,24668400
2021-08-20,28.78409194946289,29.054670815377037,28.63480668972667,28.78409194946289,18101500
2021-08-23,29.969045639038086,30.18364299294385,29.250610942065716,29.511859275648103,34967700
2021-08-24,29.959714889526367,30.20230210337958,29.847750054222768,30.192973331756573,12994500
2021-08-25,29.558509826660156,29.829088691887364,29.306590284137098,29.810429369183215,20259400
2021-08-26,29.37190055847168,29.735784912971237,29.269268061230754,29.353239457293128,18155600
2021-08-27,30.42622947692871,30.53819252415887,29.194625279673698,29.325249427982396,43782900
2021-08-30,30.015695571899414,30.510205905101795,29.950383490781615,30.42623272091584,17423200
2021-08-31,30.416902542114258,30.444895978318094,30.034358800251336,30.099670885990733,23492700
2021-09-01,30.211633682250977,30.63149957966281,30.192972580228087,30.58484504498494,17135600
2021-09-02,30.32359504699707,30.332923817868533,30.025024549735154,30.239621872189588,14716700
2021-09-03,31.05136489868164,31.275294585211697,30.668821168592412,30.78078779147825,27203900
2021-09-07,30.18364143371582,30.84609812417246,30.06234960467061,30.687480530375883,23521600
2021-09-08,30.03435707092285,30.30493773011604,29.73578831599993,30.1556524628442,18090100
2021-09-09,29.81975746154785,30.31426776378922,29.614490679512016,30.267613229419112,20938800
2021-09-10,29.39056396484375,29.969043909786418,29.39056396484375,29.810429876189797,16890300
2021-09-13,29.959714889526367,30.23962430835434,29.483867453822263,29.558510084151102,24638000
2021-09-14,30.10900115966797,30.435561566042516,29.84775105494759,30.11832993160375,17580100
2021-09-15,30.099668502807617,30.33292695033454,29.829089629079167,29.875742386356986,13130900
2021-09-16,28.84940528869629,29.446546353732764,28.541504204584264,29.41855647857215,54399900
2021-09-17,28.53217315673828,28.672127868969415,28.317575812675823,28.634807442864116,26397400
2021-09-20,28.410879135131836,28.532172742740006,28.056325304362055,28.30824485049521,26368700
2021-09-21,28.42953872680664,28.970698249751536,28.373557198121503,28.681458275320825,23278500
2021-09-22,28.457529067993164,29.14797382199,28.420206864177896,28.644136527828255,26826400
2021-09-23,27.888378143310547,28.298913490504535,27.879047592281065,28.26159306600725,28658400
2021-09-24,27.69244384765625,27.991014383002284,27.56181968334755,27.68311329597409,14285400
2021-09-27,27.69244384765625,28.21494228451181,27.645791089245453,27.832398563647107,16001600
2021-09-28,27.403202056884766,27.533826212579438,27.02998713269316,27.2819066726363,35629500
2021-09-29,26.9740047454834,27.44985215699031,26.899362118950194,27.328558556231574,34065800
2021-09-30,27.496505737304688,27.94436331857197,27.160614775880177,27.319230594749246,29802700
2021-10-01,27.365882873535156,27.701775630538517,27.16994661836376,27.692445078441665,20670200
2021-10-04,27.68311309814453,27.89771044643834,27.272577725167125,27.272577725167125,25250600
2021-10-05,27.78574562072754,27.851057698265084,27.216594465693557,27.561817735047114,21309600
2021-10-06,28.308244705200195,28.308244705200195,27.515165645307505,27.58047772442443,28606900
2021-10-07,28.364227294921875,28.63480795238804,28.037665107491275,28.0749873138814,18266900
2021-10-08,28.616146087646484,29.259939893777208,28.532172905124185,29.045340771986496,28715200
2021-10-11,28.53217315673828,29.008020602020718,28.466861076338464,28.653466766106405,17432600
2021-10-12,29.054670333862305,29.166635166619248,28.504180280350358,28.737438717275058,25183500
2021-10-13,29.99703598022461,30.15565000661338,29.287928349010283,29.325250552598664,36491500
2021-10-14,30.650157928466797,30.724802338521318,30.239624350891045,30.416899485908473,25068100
2021-10-15,30.34225845336914,30.538194689726698,29.745115633854187,29.997036957038016,19730700
2021-10-18,30.062347412109375,30.3515855856127,29.931723261592886,30.230293765413762,15584500
2021-10-19,30.32359504699707,30.68747761808246,30.136987596398104,30.659487746226993,13999700
2021-10-20,30.65949058532715,30.93940000752496,30.416899809312014,30.650158254350423,15369500
2021-10-21,30.53819465637207,30.575516861135036,30.32359731784704,30.53819465637207,13482600
2021-10-22,30.780786514282227,31.67649810475319,30.622168918063,31.07002471329848,29547100
2021-10-25,31.20998191833496,31.452569144905045,31.032703215032253,31.20064958698137,16885100
2021-10-26,31.023372650146484,31.144668036042905,30.808775311555188,30.9580605714118,14855600
2021-10-27,30.88341522216797,31.163328190218344,30.743462297384024,31.004710604373717,14192900
2021-10-28,30.407569885253906,30.948727606429813,30.323596705852662,30.948727606429813,16147300
2021-10-29,29.58650016784668,30.071678158231386,29.577171396157592,29.91306412482711,19838500
2021-11-01,29.726457595825195,29.866410531025803,29.315922223344554,29.64248441100823,13055100
2021-11-02,29.418556213378906,29.53984982376326,29.16663666147979,29.5211887207439,13406500
2021-11-03,29.726457595825195,29.847751207438176,28.88672574765553,29.00802113888926,19631400
2021-11-04,29.623821258544922,30.500871693219082,29.567839732413102,30.127660332593194,20728600
2021-11-05,30.556854248046875,30.556854248046875,29.707793707493693,29.95971323832699,23291800
2021-11-08,30.696813583374023,30.920739703217706,30.47288390428884,30.87408872485373,16769000
2021-11-09,31.088685989379883,31.088685989379883,30.38891063807168,30.818105332656085,15970100
2021-11-10,31.639177322387695,32.189667429493625,31.43390873895244,31.85377467814199,41093000
2021-11-11,32.37627029418945,32.49756567249755,32.01238771850627,32.394931395409245,25332800
2021-11-12,32.441585540771484,32.66551165882085,31.92841766439676,32.14301501054468,16472200
2021-11-15,32.5628776550293,32.665508372586146,32.16167287804149,32.46024337823133,12670000
2021-11-16,31.99372673034668,32.73082421454827,31.97506562906094,32.54421676093202,17878700
2021-11-17,32.245643615722656,32.62818726262103,32.11501591742981,32.366935425276175,15595600
2021-11-18,31.94707489013672,32.357608429563186,31.825779514690314,32.19899085255773,16487300
2021-11-19,31.415246963500977,32.11502232744373,31.405918191381357,31.87243510067653,22133100
2021-11-22,30.790115356445312,31.237971152702812,30.370249435190946,30.808776459527895,29994000
2021-11-23,30.32359504699707,30.612836773387524,29.997034677879686,30.342256147981075,20537700
2021-11-24,30.24895477294922,30.435562249025697,30.015696317664016,30.06235085611431,13253000
2021-11-26,29.969045639038086,30.60350892851669,29.52118982750759,30.60350892851669,21061800
2021-11-29,29.978376388549805,30.006366263030426,29.549179923766317,29.885070874878714,15302700
2021-11-30,29.670475006103516,30.818106186953038,29.521189736055813,30.2302974382136,30280600
2021-12-01,28.765430450439453,30.304935782503648,28.75609989938202,30.043687471377996,30323900
2021-12-02,28.420207977294922,28.812082234600414,28.07498647658574,28.812082234600414,27617300
2021-12-03,28.634807586669922,28.67212801296265,28.03766474939975,28.448200116344108,21055600
2021-12-06,29.036014556884766,29.138647071521618,28.42954112313012,28.51351431304628,16423300
2021-12-07,29.24127769470215,29.474536130824774,29.017349809578903,29.064000784955173,12973000
2021-12-08,29.38123321533203,29.409224869106517,28.99868951185083,29.15730532399821,9604700
2021-12-09,28.625476837158203,29.101324281538428,28.485522125192425,29.091993730124614,19843700
2021-12-10,28.448200225830078,28.877396697382974,28.270923306300357,28.8680661458687,13045500
2021-12-13,28.466861724853516,28.802754465556927,28.326907009434017,28.485522828141654,23841300
2021-12-14,28.093645095825195,28.5041786398585,27.9910108200066,27.9910108200066,16925600
2021-12-15,27.711105346679688,27.99101478265795,26.964677218036332,27.99101478265795,34443000
2021-12-16,29.10132598876953,29.14797696895467,28.102980063992703,28.112308836333074,38341100
2021-12-17,29.04534149169922,29.6424843355011,28.989359961837422,29.250610067227043,25227600
2021-12-20,29.04059600830078,29.08806275027384,28.622881798125373,29.012114876672868,18245700
2021-12-21,29.258943557739258,29.353878844765447,28.85072309104465,29.315904005658975,15176000
2021-12-22,29.581722259521484,29.600709678954267,28.936164484726746,29.344384948831653,19852100
2021-12-23,29.714630126953125,29.80007170237502,29.268436641436537,29.534255077275755,15213500
2021-12-27,29.743114471435547,29.88551650895492,29.467804106996773,29.65767288677589,11629800
2021-12-28,29.515268325805664,30.056397108558784,29.496280906229064,29.74311192850487,15665100
2021-12-29,29.63868522644043,29.94247853096817,29.27793328025268,29.27793328025268,13900900
2021-12-30,30.170320510864258,30.21778725016012,29.638683614902394,29.638683614902394,14496700
2021-12-31,30.407655715942383,30.455126076246636,30.113357951604193,30.388668296116688,12553700
2022-01-03,29.667163848876953,29.932982288829287,29.6291890099952,29.828553292644443,18828900
2022-01-04,29.79058074951172,30.255763507961632,29.72412658708748,29.847543012224026,15468300
2022-01-05,29.287425994873047,30.40765663743698,29.230465544409814,30.103865153979637,26211100
2022-01-06,28.252635955810547,28.841231519681948,28.233648534849504,28.64186903181135,28579300
2022-01-07,28.489971160888672,28.641866895768757,28.119725533460958,28.44250261202615,19982900
2022-01-10,28.96464729309082,28.993128423891175,28.148206317548134,28.35706432193724,24142700
2022-01-11,29.562734603881836,29.581722023162907,28.850722677501327,29.069074377753726,20294700
2022-01-12,30.103864669799805,30.103864669799805,29.496281712657268,29.686152292134334,19838600
2022-01-13,29.657672882080078,30.132347547562937,29.648179171481605,29.961464378270684,15356900
2022-01-14,29.40134620666504,29.733618812935937,29.17350259941243,29.71463139297988,15586500
2022-01-18,29.05008888244629,29.572230272077185,28.936166169954777,29.325399237295645,16739600
2022-01-19,31.129165649414062,31.271565877167493,29.372869012686014,29.448816887265274,52590000
2022-01-20,30.69246482849121,31.508902190331398,30.69246482849121,31.432956128953794,26417600
2022-01-21,30.046903610229492,30.948784317585126,29.885514164172587,30.929800519354917,30274200
2022-01-24,29.857036590576172,29.98994491483661,28.8886998576327,29.98045120442656,32161600
2022-01-25,30.056400299072266,30.20829605032894,29.277934121196765,29.534258880469974,26669500
2022-01-26,29.078567504882812,30.27474780901545,28.841230186064593,29.790579461337476,38945900
2022-01-27,28.176687240600586,29.05958237076106,28.138712399813436,28.357064112859412,32087700
2022-01-28,27.815933227539062,27.891881097640066,27.40771455745869,27.844414357854458,25046400
2022-01-31,28.698829650878906,28.70832336141465,28.015298788966703,28.062765530905278,22555400
2022-02-01,28.98363494873047,29.16401001304228,28.508960295981304,29.00262055867796,16090400
2022-02-02,29.078567504882812,29.467802373625535,28.717815577004735,29.059581895539786,15417300
2022-02-03,28.717815399169922,29.10704845476228,28.423517632664975,28.90768597734474,17862600
2022-02-04,28.860218048095703,29.173503241303614,28.451997563758713,28.537439144700876,20375700
2022-02-07,29.714630126953125,29.85703395981625,28.879203602621224,29.08805978101921,24160500
2022-02-08,30.046903610229492,30.046903610229492,29.57222898191389,29.667164269725014,14835300
2022-02-09,29.989946365356445,30.36019203555535,29.932985910881275,30.151335828652925,19078700
2022-02-10,29.135530471801758,30.265254833044636,29.002620338736648,29.828555024982364,29800100
2022-02-11,30.787395477294922,31.119666255519245,29.173501079891327,29.2114759178255,42381000
2022-02-14,31.41396713256836,31.48042129099561,30.872838344529306,30.891825764291383,29274700
2022-02-15,30.8443603515625,30.967773153101216,30.198800727080737,30.588035605975644,25748600
2022-02-16,31.831682205200195,31.964590533337763,31.015241193520467,31.024736714947625,28483300
2022-02-17,33.018367767333984,33.33165477722725,32.069018459507426,32.30635578646407,45115400
2022-02-18,32.7525520324707,33.08482285087466,32.477239856375824,33.06583905109184,23469300
2022-02-22,32.38230514526367,33.189250600246886,32.1829426617709,32.96140879667805,23123900
2022-02-23,32.98039627075195,33.246212915840424,32.28736809494814,32.33483845712552,24488400
2022-02-24,32.344329833984375,34.24302840303062,31.736746871326396,34.224040982762546,51288800
2022-02-25,32.64812088012695,32.73356245945433,31.76522576757068,31.97408376625541,22922200
2022-02-28,32.63862609863281,33.33165057132027,32.37280586337698,33.30317125455276,25871800
2022-03-01,34.04366683959961,34.04366683959961,32.93292626361365,32.989888525952495,39068400
2022-03-02,33.920249938964844,34.005691520533226,33.179758646358984,33.521524972632506,26242100
2022-03-03,34.195560455322266,34.195560455322266,33.55000267492907,33.825314826872045,23492400
2022-03-04,35.50566864013672,35.69553562098195,34.35695312573214,34.4423947157047,40778000
2022-03-07,36.41703796386719,36.597413018399294,35.31579297405644,35.78097208050029,46921200
2022-03-08,36.616397857666016,38.22079668017338,35.97084012070311,36.863230674346994,80295600
2022-03-09,36.19868850708008,36.36957166458636,34.651248190319876,34.97402708544507,39938300
2022-03-10,36.939178466796875,37.328411507000105,36.42652901243752,36.46450385086709,29088600
2022-03-11,36.3505859375,36.59741516457024,35.70502811718679,35.88540318229658,28285200
2022-03-14,34.869598388671875,35.648064503393016,34.423403071156066,35.4866768651733,38456800
2022-03-15,35.03099060058594,35.429715568070506,33.86328777528359,33.93923745755504,26134300
2022-03-16,35.135414123535156,35.23035122135421,34.20505229378834,34.84111817399605,28941600
2022-03-17,35.79046630859375,36.42652854751098,35.496166746740776,35.51515416571321,26488200
2022-03-18,35.334781646728516,35.96135203174529,35.09744432480579,35.35376906705995,30921100
2022-03-21,36.21767807006836,36.616403046856654,35.55313282060761,35.55313282060761,24683500
2022-03-22,35.8474235534668,36.27463141007506,35.363257063630584,36.27463141007506,17183900
2022-03-23,36.75880813598633,36.80627487937764,35.932871590759916,36.10375476415294,20446300
2022-03-24,36.60690689086914,37.37587743426262,36.50247789819105,37.100568915314746,21581000
2022-03-25,36.75880813598633,36.787287457725036,36.18919635084945,36.35058762415637,10075600
2022-03-28,35.79046630859375,36.23665797926648,35.676545416238994,36.19868676280148,21267700
2022-03-29,36.28413009643555,36.3126094155349,34.80314393810836,35.03098935534334,18139800
2022-03-30,36.692352294921875,36.8917147809472,36.312611122176314,36.32210302182885,14993000
2022-03-31,36.40754318237305,37.129050658108106,36.38855938380956,36.76829692024057,17229800
2022-04-01,37.489803314208984,37.527774531720375,36.1417255018554,36.18919223985462,23745700
2022-04-04,37.15753173828125,37.78410214349087,36.70184450008155,37.70815608119771,18744400
2022-04-05,36.34109115600586,37.86005225532578,36.17020798706387,37.385377590815864,26451000
2022-04-06,36.24615478515625,36.69235009313555,35.88540105484362,36.312608943177,19222700
2022-04-07,36.7682991027832,37.03411575621163,36.23666217444606,36.360078601315095,17500500
2022-04-08,37.66068649291992,37.79359844225788,36.92969068970293,36.95817001096376,21664600
2022-04-11,37.45182800292969,38.33472308020522,37.024620123364116,38.173331827267155,20697500
2022-04-12,37.78410339355469,38.4771279842542,37.45183256975368,37.973973987789705,22313700
2022-04-13,38.6290168762207,38.809395538381374,37.95497982677749,38.1923171220586,22805800
2022-04-14,38.7904167175293,38.87585830762661,38.12587141915917,38.467637779548404,21680800
2022-04-18,38.799903869628906,39.502423926840756,38.75243713015732,39.189136927664094,21406400
2022-04-19,37.68916702270508,38.534087299832095,37.41385486320883,38.19232098066159,23777100
2022-04-20,38.09738540649414,38.1733314613111,37.261957074628235,37.58473595593007,23025900
2022-04-21,36.16071701049805,37.594232940467904,35.80945876380669,37.58474104038668,42409900
2022-04-22,35.06896209716797,35.847428239196674,34.85061219113359,35.17339110037575,33747200
2022-04-25,33.863285064697266,34.337959676457956,33.11330193044009,33.6734181171769,38894700
2022-04-26,33.13228988647461,34.18606449961913,33.11330246711886,34.04366428667092,24442700
2022-04-27,32.94241714477539,33.587974874433996,32.90444230856495,33.179754438871065,15275400
2022-04-28,33.616458892822266,33.7113923751471,32.81900532826093,33.05634265555323,24486000
2022-04-29,33.21773147583008,34.26201419044521,33.20823595540852,33.95822272359426,20033700
2022-05-02,32.80001449584961,32.92343090721907,32.01205653436729,32.35382282955667,29034400
2022-05-03,33.33164978027344,33.67341605929153,32.92342934938845,32.92342934938845,19495900
2022-05-04,33.96771240234375,34.11011622751983,32.875963021419395,33.29367535566701,28204500
2022-05-05,32.87596893310547,34.33796417660483,32.4012942591365,34.2715100119676,35966800
2022-05-06,32.50571823120117,32.96140541304065,32.26838093098395,32.73356001138101,21303700
2022-05-09,30.59752655029297,31.869654717483122,30.559551710321905,31.67029223985513,34739700
2022-05-10,30.08487892150879,31.252576280162017,29.724125184316375,31.015238962281757,25276200
2022-05-11,30.046903610229492,31.176629732627823,30.00893058154905,30.57853868693576,27714300
2022-05-12,28.6513614654541,29.56273590208769,28.157699406907554,29.41084016264876,35862800
2022-05-13,29.315902709960938,29.56273372102364,28.59439890622677,28.59439890622677,27278800
2022-05-16,29.600709915161133,29.686151492550476,29.18299573800657,29.23046428696731,15573500
2022-05-17,29.657672882080078,30.056399673515283,29.429829259937126,29.970958088869157,16582400
2022-05-18,28.907686233520508,29.69564606167075,28.888698813386753,29.54375032208083,18448300
2022-05-19,30.52157974243164,30.72094221516467,29.648176551942225,29.65767026170189,30947600
2022-05-20,30.436140060424805,30.60702322525877,29.94247798662448,30.540565442063162,19963500
2022-05-23,30.61651611328125,31.167140466962444,30.293737193894422,30.986761775214312,16314400
2022-05-24,31.08169937133789,31.28106186606031,30.388671157622174,30.644995917185444,17950400
2022-05-25,30.939292907714844,31.015238966276673,30.483605691903662,30.701955589804015,13881200
2022-05-26,30.74942398071289,31.138657058134058,30.521582171309426,30.74942398071289,12079100
2022-05-27,30.863344192504883,31.08169771871135,30.588035647446638,31.015239935857085,11892200
2022-05-31,30.122854232788086,31.252578647749306,29.951971061250376,30.730437233153125,21929000
2022-06-01,30.36018943786621,30.663980916727606,29.999437509403318,30.39816427809391,14071100
2022-06-02,31.660795211791992,31.822186463245355,30.758916345036933,30.777900142638607,21415300
2022-06-03,30.91081428527832,31.594343313664222,30.825372704045062,31.26207250969053,14528300
2022-06-06,30.58803367614746,31.28105818687123,30.350694555372772,31.176629191019163,12275800
2022-06-07,30.88233184814453,30.977268951887307,30.474111355751113,30.53107361799678,11530600
2022-06-08,30.67347526550293,31.034225369441657,30.502592112487765,30.73992942262217,9693300
2022-06-09,29.515268325805664,30.521579834485493,29.496280906229064,30.474109474804,21702400
2022-06-10,30.920307159423828,31.138657069129362,28.822246024814756,29.088062676372754,35438100
2022-06-13,28.926671981811523,30.008931395011476,28.926671981811523,29.68615249414799,32964400
2022-06-14,28.195674896240234,29.031101482387015,27.910869020180584,29.031101482387015,22331600
2022-06-15,28.660856246948242,29.069076740978506,27.853908969300058,28.90768728544887,25359400
2022-06-16,29.201984405517578,29.420334307848044,27.958337341439634,28.385543435902708,28773200
2022-06-17,28.850725173950195,29.230466349470717,28.61338784461993,29.14502476605261,17456900
2022-06-21,28.95515251159668,29.382360404096573,28.66085474717454,28.812750484343386,15825200
2022-06-22,28.556425094604492,29.410839049289297,28.53743767520839,28.92667071912858,20321600
2022-06-23,27.44568634033203,28.7747749120916,27.189361611357977,28.423516707858987,30743900
2022-06-24,28.157699584960938,28.271622295630543,27.246325142564334,27.559610333480673,21579700
2022-06-27,27.977323532104492,28.081752535709523,27.588090459609507,27.96782982170948,17945700
2022-06-28,27.407716751098633,28.27162452166995,27.360248196773718,28.214662256480047,18484000
2022-06-29,26.999492645263672,27.78745243481554,26.752661627836105,27.683023439935425,17375400
2022-06-30,25.993181228637695,26.961517881837292,25.945714491236522,26.80012843963736,24080100
2022-07-01,26.733673095703125,26.933037367561944,25.47103874306355,25.594453341269574,30977700
2022-07-05,25.59445571899414,26.515325679444366,25.11978107900621,26.277988359450397,29004400
2022-07-06,25.433067321777344,25.793819240691775,24.721055383014125,25.632429795475847,24663600
2022-07-07,25.784326553344727,26.211534457839274,25.50901620102385,25.641924522093234,17608500
2022-07-08,25.689390182495117,26.211533356124118,25.461546579921368,25.888754466459645,13882200
2022-07-11,25.30015754699707,25.79381959931409,25.23370338817363,25.33813238674762,19039300
2022-07-12,24.929912567138672,25.556482953539973,24.815989855638403,25.309651920906116,16844900
2022-07-13,25.471040725708008,25.993182097534834,24.71156203746171,24.740041356558432,30708300
2022-07-14,24.40777015686035,24.57865332424049,23.657785135374336,24.44574499882933,45394400
2022-07-15,24.293848037719727,24.569158385268533,23.86664014063015,24.569158385268533,19211500
2022-07-18,24.40777015686035,25.015354953183085,24.40777015686035,24.68308232891505,16172900
2022-07-19,24.702068328857422,24.967884964388045,24.398276853542406,24.607133040136475,14987700
2022-07-20,23.980562210083008,24.92991145762039,23.95208108079049,24.787509432637776,20189300
2022-07-21,24.436250686645508,24.578652719042562,23.93309490738649,24.08499246078211,19919200
2022-07-22,24.122966766357422,25.19573254265743,24.01853775873348,24.540680986113014,27424800
2022-07-25,23.344497680664062,24.132457468125395,23.14513340103459,24.03752218309898,29327000
2022-07-26,23.82866668701172,23.895120845211263,23.410952507377424,23.410952507377424,21849400
2022-07-27,24.236888885498047,24.36979721137685,23.55335621357247,23.88562883900961,33157200
2022-07-28,24.683080673217773,25.024846985052974,24.36979549094884,24.92991169723875,33677200
2022-07-29,24.939407348632812,25.053328254286644,24.236889061300356,24.853965764022366,25835300
2022-08-01,24.882444381713867,25.157756548951983,24.65460076610651,25.05332754610441,15231000
2022-08-02,24.56915855407715,25.57547009397115,24.559666654734418,25.01535387426752,28314600
2022-08-03,24.246383666992188,24.759031382840007,24.009046325588148,24.74953767189502,29568800
2022-08-04,25.091299057006836,25.42357163135878,24.33181862838242,24.493208061025367,25570800
2022-08-05,24.94890022277832,24.96788583259067,24.160940377252942,24.50270489349642,25529800
2022-08-08,25.63243293762207,25.917237023744004,25.36661446269877,25.414083017545906,23601600
2022-08-09,25.575469970703125,25.831792898742545,25.138768362700336,25.812807289408546,16504700
2022-08-10,25.755844116210938,26.183051999033335,25.50901490695797,25.907741660678884,18701400
2022-08-11,25.271678924560547,26.00267650250902,25.224210373563846,25.898249311796423,18682200
2022-08-12,25.841285705566406,25.879260544387183,25.366611084746552,25.4900275001741,17810000
2022-08-15,25.281169891357422,25.37610517910844,24.986872128995273,25.233703152851916,16144300
2022-08-16,25.3761043548584,25.423572902562068,24.986871317388047,25.15775446764136,11741800
2022-08-17,24.474225997924805,25.186237984330692,24.398278125137782,25.14826314256712,29384000
2022-08-18,24.502704620361328,24.730548232230536,23.781198944072127,24.540679461042895,13036800
2022-08-19,23.9710693359375,24.388783526422436,23.904615176011724,24.388783526422436,15279100
2022-08-22,23.99005699157715,24.103977892356532,23.610317637745748,23.69575740796025,12544800
2022-08-23,24.39827537536621,24.891935587474556,24.047015371601894,24.084990209085564,18062300
2022-08-24,24.597639083862305,24.66409324207947,24.01853545812986,24.265366482036477,14510700
2022-08-25,24.80649757385254,24.891939159712596,24.455239330419126,24.834978706052617,10157500
2022-08-26,23.638795852661133,24.86345724860764,23.439433380245646,24.70206780443035,29536500
2022-08-29,23.363487243652344,23.87613493265165,23.26855194991466,23.534370410232153,22795300
2022-08-30,22.86033058166504,23.36348635174866,22.69894113169407,23.335005221492587,22031900
2022-08-31,22.594511032104492,23.01222520183505,22.594511032104492,22.80336902233975,18461800
2022-09-01,21.89199447631836,22.300214967373723,21.80655289397002,22.167306644049688,33299000
2022-09-02,22.585020065307617,22.98374502150681,22.08186429894096,22.357174646422312,30245300
2022-09-06,22.25274658203125,23.021718955602964,22.214771743464762,22.66096704292116,23844000
2022-09-07,23.088172912597656,23.268549772747935,22.100850658030758,22.243252679943105,26791700
2022-09-08,23.126148223876953,23.278043958455783,22.679952919154147,22.879317202501355,21459400
2022-09-09,23.82866668701172,23.876133425514247,23.439433636922946,23.50588779512249,20847200
2022-09-12,24.160940170288086,24.40776939239509,23.999550718454998,24.341315231770892,20706400
2022-09-13,23.1831111907959,23.85714835988959,23.116657026039075,23.287540198693865,31353100
2022-09-14,23.23057746887207,23.629304260170095,23.183110726636176,23.32551276408401,18318400
2022-09-15,22.537551879882812,23.249563845884445,22.32869568838876,23.0122265238839,34626100
2022-09-16,22.784381866455078,23.069185915489776,21.986928356269953,22.17679892945307,30933800
2022-09-19,23.1831111907959,23.192604901581184,22.32869713826213,22.423632435374813,20269900
2022-09-20,22.547046661376953,22.831850737014076,22.309709328099302,22.831850737014076,20117000
2022-09-21,22.62299346923828,23.249563854698035,22.205279275351756,22.784382920689435,32189400
2022-09-22,22.537551879882812,23.02172023405273,22.36666871832401,22.76539549171453,22426500
2022-09-23,21.30339813232422,21.873008056646476,21.07555452474332,21.835033216679644,43070400
2022-09-26,20.752777099609375,21.407826838827926,20.429998179962485,21.265424800334333,38198700
2022-09-27,20.885684967041016,21.445801208743596,20.84771012521841,21.142009717123237,19460300
2022-09-28,22.385656356811523,22.385656356811523,21.350865477945835,21.360359188207184,40035400
2022-09-29,22.49008560180664,22.528058632521997,21.844527782984652,22.176800402759515,34381400
2022-09-30,22.898305892944336,23.30652457057001,22.31920224100778,22.423631243354397,37430400
2022-10-03,23.77170753479004,23.79069314478222,23.069187453616312,23.25905803945896,35531500
2022-10-04,24.445743560791016,24.78750987544665,24.047016797272786,24.19891253473306,34280800
2022-10-05,24.084989547729492,24.103975155210083,23.4584174216335,23.91410640522512,26009100
2022-10-06,24.350807189941406,24.379288318476895,23.762211686127493,23.933093025120606,25143700
2022-10-07,23.154626846313477,24.1419509021345,23.154626846313477,23.8761324692427,29761500
2022-10-10,22.80337142944336,23.30652541741724,22.70843613392786,22.765396586941097,17472600
2022-10-11,22.604007720947266,23.344500872511535,22.547047266439307,22.850838771468688,25190000
2022-10-12,22.80337142944336,22.955267177972097,22.452111379258064,22.64198197028906,18407700
2022-10-13,22.537551879882812,22.660968301337533,21.350865269880096,21.835033624050013,28872900
2022-10-14,21.5692138671875,22.37616107533883,21.550228258738024,22.347681757294634,22558800
2022-10-17,22.26224136352539,22.56603284372397,22.186293493475745,22.22426652313054,18687100
2022-10-18,22.414138793945312,22.64198242127665,22.138826612540658,22.5755282563142,17248800
2022-10-19,21.73060417175293,22.081864197746356,21.61668327357238,21.94895587962237,20047400
2022-10-20,22.005916595458984,22.585020235573186,21.730604435162054,21.854020855550353,21703000
2022-10-21,23.107160568237305,23.116654277893964,22.015409308081075,22.129330202481047,30203300
2022-10-24,22.717927932739258,22.869823668485296,22.30970746389428,22.81286322026553,24087500
2022-10-25,23.173616409301758,23.325512153367818,22.79387704913661,22.831850079783077,28223900
2022-10-26,23.857147216796875,24.113471963497503,23.420447406038857,23.44892853703007,23852900
2022-10-27,23.562849044799805,24.07549852961337,23.553355334628435,23.98056323863974,21524800
2022-10-28,23.467914581298828,23.48690200231106,23.050202183470528,23.25905838238468,16034900
2022-10-31,22.936279296875,23.28753934001794,22.907798165569318,23.13564359453454,21769400
2022-11-01,23.448928833007812,23.790693355515714,23.325512407894863,23.58183715783088,23337200
2022-11-02,22.072370529174805,23.714744331821816,22.053383109195757,23.610317143417117,43806400
2022-11-03,21.5312442779541,21.929971090906594,21.436308977586318,21.816048368317205,30349500
2022-11-04,23.68626594543457,23.724238976148136,22.547046052185976,22.55653976254939,46797200
2022-11-07,23.876134872436523,23.971070165934783,23.40146021568534,23.82866813105745,28855200
2022-11-08,25.30965232849121,25.58496449611876,23.771707468281072,23.895122081215426,50666500
2022-11-09,24.910924911499023,25.651418002407155,24.83497704146281,25.186237072092837,31653500
2022-11-10,26.78114128112793,26.87607656759455,25.926727324408333,26.37292262757944,46849500
2022-11-11,26.8665828704834,26.904557709383862,26.420389377842856,26.857090971498266,23159900
2022-11-14,26.695703506469727,26.942532734659014,26.467858077657876,26.705195406158445,20061300
2022-11-15,26.439376831054688,27.046959768318082,26.1830521003692,26.999493030371873,29900700
2022-11-16,26.13558578491211,26.572285575444553,26.13558578491211,26.24001297222986,15708600
2022-11-17,25.746353149414062,25.89824888864152,25.480534700395996,25.689390889148736,24647700
2022-11-18,25.983692169189453,26.021665201112008,25.556484242934722,25.670406960182703,28557400
2022-11-21,25.803312301635742,25.879260167431063,25.4045855535253,25.79381859206883,21118100
2022-11-22,26.828611373901367,26.828611373901367,25.983691078271487,26.021664108599754,29686300
2022-11-23,27.255817413330078,27.322273385057912,26.58178028246565,26.81911760641624,34294200
2022-11-25,26.999492645263672,27.236829953089412,26.904557359985382,27.15138837741295,19297900
2022-11-28,25.917236328125,26.933041645706837,25.86976958529209,26.914054224277606,33665500
2022-11-29,26.72418212890625,26.866584160138633,26.30646793464987,26.315961644830704,35118700
2022-11-30,27.578596115112305,27.75897298699001,26.667221667027192,27.084935861102903,36827500
2022-12-01,28.518451690673828,28.73680157863117,27.948841791478195,28.224152126133113,50107700
2022-12-02,28.404529571533203,28.489971148709227,27.68302392579124,27.88238820944862,35815500
2022-12-05,27.37923240661621,28.129217369566373,27.2937908295948,28.129217369566373,42576900
2022-12-06,27.38872718811035,28.043778700660514,27.31277931786831,27.720999799446812,25644000
2022-12-07,27.92036247253418,28.224153955599373,27.588089858904095,27.59758356909239,38808500
2022-12-08,27.92036247253418,28.319089246742266,27.777960441189876,28.13871237464478,18092100
2022-12-09,27.597583770751953,28.575414198410762,27.56910445071903,28.18618113154679,24143000
2022-12-12,27.474170684814453,27.521637427999043,26.990002299222876,27.36974167692014,24168700
2022-12-13,28.271621704101562,28.91717768192212,27.97732212883776,28.508959019852362,27695800
2022-12-14,28.12921905517578,28.442504252780854,27.616571373067522,28.281116609558328,21961300
2022-12-15,26.88557243347168,27.521636549846814,26.85709311276571,27.331767772426552,29060400
2022-12-16,27.151390075683594,27.331766947920595,26.69570285073334,26.89506533262155,23730900
2022-12-19,26.70343589782715,27.359919797318682,26.59723943132501,27.244068939190267,19577300
2022-12-20,27.74608612060547,27.91020709468082,27.13787418220088,27.224761865028235,26872000
2022-12-21,28.07432746887207,28.30602733766516,27.900552106930537,27.977785396528233,21455400
2022-12-22,27.76539421081543,27.794357384830676,27.147527896251738,27.63988896480289,20148800
2022-12-23,27.87158966064453,28.209484138267754,27.398533709198418,27.85228087866983,16348000
2022-12-27,28.576345443725586,28.952857509192068,27.86193703780581,28.07432812884566,19464100
2022-12-28,27.688159942626953,28.373605130939936,27.553002151441135,28.33498940833833,19542300
2022-12-29,27.823318481445312,28.21913931602845,27.74608519277999,28.02605701505857,9649200
2022-12-30,27.668851852416992,27.91986050045701,27.427497595615456,27.87159038565144,12476200
2023-01-03,28.63426971435547,29.01078177669797,28.238448868973123,28.31568215974561,25649100
2023-01-04,29.85069465637207,30.005161233939347,29.107323100962777,29.232828346102973,34447800
2023-01-05,29.590030670166016,29.628648234016595,28.99147316157639,29.30040630683385,22716800
2023-01-06,30.468563079833984,30.584413941737875,29.618996844291033,30.101705393014456,32615400
2023-01-09,30.178937911987305,30.864383149702665,30.16928352029438,30.845076207703745,31134600
2023-01-10,30.73887825012207,30.767841423796597,30.121011942826943,30.294785460713566,16411300
2023-01-11,30.47821617126465,30.970580932306675,30.178937399414753,30.89334580007506,16050800
2023-01-12,31.067119598388672,31.18296860812107,30.45890585243974,30.999540702480303,26636800
2023-01-13,31.520870208740234,31.617410446918928,31.02850541881644,31.06712298719753,22740500
2023-01-17,30.429946899414062,31.202279829292817,30.246517138047754,31.1636622621054,28431300
2023-01-18,30.13066291809082,31.115388674922567,30.13066291809082,30.951269556837357,18027500
2023-01-19,30.912654876708984,31.086430243106648,30.169283294402057,30.372019994274716,31665300
2023-01-20,31.298818588256836,31.31812737093983,30.49752436216808,30.661645332199804,22162100
2023-01-23,31.27951431274414,31.298819413162207,30.61337418233223,30.92230734785486,24634900
2023-01-24,31.598098754882812,31.66567765194369,30.76784136635182,31.134699025276653,19363200
2023-01-25,32.119422912597656,32.1870018056207,31.144349714224937,31.202276058004745,21882900
2023-01-26,31.62706184387207,32.022882698403606,31.289167339799015,32.022882698403606,20056100
2023-01-27,31.192625045776367,31.501558195611082,30.980232124224887,31.472593180907197,18369000
2023-01-30,30.729225158691406,31.250549417176092,30.729225158691406,31.096082833818635,15401300
2023-01-31,30.912654876708984,30.931963659950263,30.43960073561919,30.63268304387121,13269000
2023-02-01,31.607757568359375,31.858764394684826,30.565105329529086,30.893347291815587,27611700
2023-02-02,30.623029708862305,31.80083790641536,30.333405315797663,31.771876571941085,39837600
2023-02-03,29.27144432067871,30.034124665167347,29.16524785717096,29.77346162276843,35462300
2023-02-06,29.16524887084961,29.367987413557515,28.981820952907853,29.223175220987258,19969200
2023-02-07,29.570724487304688,29.927929618771252,29.09767033687764,29.24248437265868,24785700
2023-02-08,29.319717407226562,29.715538261060708,29.24248411480495,29.715538261060708,12449600
2023-02-09,28.730812072753906,29.841041329125567,28.56669109806335,29.638304629359723,22281000
2023-02-10,28.595653533935547,28.9142410834681,28.344644882578557,28.779081445730107,16416400
2023-02-13,28.557035446166992,28.76942652817513,28.306026799400914,28.499110940416923,12356800
2023-02-14,28.614961624145508,28.80804577644515,28.103291750909253,28.325337237082984,17614900
2023-02-15,27.794357299804688,27.9584764278951,27.52403986731657,27.9584764278951,22878800
2023-02-16,27.67850685119629,27.958476837710226,27.16683515264662,27.495077096412537,19613900
2023-02-17,27.42749786376953,27.4854223703799,26.82894033222636,27.311648850548792,23330400
2023-02-21,27.137874603271484,27.572311182762068,26.983408018378796,27.292341188164173,16102000
2023-02-22,26.50069808959961,26.993059152241223,26.307613947922505,26.92548025507029,21109400
2023-02-23,26.36553955078125,26.67447271720798,26.191764184319485,26.53931491724302,15686500
2023-02-24,26.05660629272461,26.114530800879194,25.718709952613516,25.950409826618774,20021000
2023-02-27,26.25934600830078,26.37519502979353,26.017991731906054,26.182112713509948,15404900
2023-02-28,26.558624267578125,26.73239963775039,26.01799121478761,26.278652428659043,25664000
2023-03-01,27.137874603271484,27.359920088881356,26.761360691381984,26.83859398382833,36704800
2023-03-02,27.195798873901367,27.23441459909262,26.877211315179096,27.03167789871796,14676700
2023-03-03,27.639890670776367,27.649545062710665,27.2247628659234,27.52404165033874,15765100
2023-03-06,27.108911514282227,27.5047323695017,26.935136145378664,27.36957456763757,16153000
2023-03-07,25.960063934326172,26.838593304175827,25.80559735334515,26.761360013685316,34513100
2023-03-08,25.882831573486328,26.42346646772514,25.757328162451543,25.989028042245195,23263500
2023-03-09,25.757328033447266,26.3848487682522,25.67044034878645,26.124185714269753,20883200
2023-03-10,26.25934600830078,26.98340883748495,26.211074048189637,26.355886245749073,35754000
2023-03-13,28.093637466430664,28.277067227677055,27.35992026283205,27.514386848706813,56706500
2023-03-14,28.315683364868164,28.46049556105645,27.75574152258966,28.026058972491583,24328900
2023-03-15,28.315683364868164,28.798391913087112,27.939171286501214,28.798391913087112,34832600
2023-03-16,28.151561737060547,28.479803689607657,27.514386615383668,28.431533572451233,31403700
2023-03-17,29.52245330810547,29.956891717053697,28.344645170293553,28.711502838993365,63723800
2023-03-20,30.03412437438965,30.22720667544083,29.69622804581652,29.947236694431222,28656500
2023-03-21,28.962512969970703,29.570724932129814,28.61496222508722,29.56107238156037,35598100
2023-03-22,29.503145217895508,30.101704613012828,29.001129739685584,29.07836303182457,30862300
2023-03-23,30.22720718383789,30.603721083786024,29.590032081017213,29.82173195100774,27957400
2023-03-24,30.458906173706055,30.700260428145523,30.03412401169111,30.30443959817574,28455900
2023-03-27,30.429946899414062,30.45890823341767,29.676920911742066,29.792771771917355,17072000
2023-03-28,31.192625045776367,31.231238927425476,30.343057042344086,30.60372007803718,24621900
2023-03-29,30.931962966918945,31.250548676327515,30.777494545836507,30.91265418411028,17267900
2023-03-30,31.395362854003906,31.501559318565295,30.999542011494775,31.24089627358019,18704200
2023-03-31,31.23124122619629,31.59810074966777,30.98023440452038,31.491904281075453,18460400
2023-04-03,31.935998916625977,32.13873562046483,31.12504841849666,31.37605523999611,32416400
2023-04-04,33.00761032104492,33.09449800998256,31.781530125046768,31.96496173656738,38919700
2023-04-05,33.15242385864258,33.49997460910015,32.66971530140129,33.326199233871364,27676300
2023-04-06,33.23931121826172,33.316542671615736,32.602136076301626,33.01726572605469,16111400
2023-04-10,32.81452560424805,32.86279571791961,32.50558877464811,32.7952168222247,20707900
2023-04-11,33.38412094116211,33.81855563600877,33.05587902060171,33.05587902060171,21024200
2023-04-12,33.71236038208008,34.02129721490364,33.268269439230025,33.915100754053924,20592200
2023-04-13,34.6295051574707,34.85155061526995,34.204723022912155,34.25299313412531,28524900
2023-04-14,33.87648391723633,34.3495398849712,33.191038706013764,34.1467995086427,34145100
2023-04-17,33.11380386352539,33.625477400990626,32.8917583853994,33.47100713853036,25510100
2023-04-18,33.35515594482422,33.973022223195,33.191036825845394,33.2199981567773,25445800
2023-04-19,32.90141677856445,33.191041174147266,32.66006250178311,32.75660273938605,27055300
2023-04-20,32.882102966308594,33.43239033860072,32.795215292642816,33.123457206183154,15975600
2023-04-21,32.44766616821289,32.89175710720726,32.13873302084519,32.57317141019777,23143200
2023-04-24,32.54420852661133,32.71798389373059,32.1966577923728,32.38974194281352,15115500
2023-04-25,32.60213851928711,32.746948886217254,32.090468593806925,32.438015684103824,14439600
2023-04-26,32.17735290527344,33.03657351352174,32.10011777147527,32.98829971351094,14899900
2023-04-27,32.67936706542969,32.708332082453225,31.916690362256755,32.09046573330222,16943200
2023-04-28,32.418704986572266,32.74694323474287,32.15804195175417,32.62144167495069,17740100
2023-05-01,32.254581451416016,33.113801982282006,32.21596388799487,32.96899164361303,13286700
2023-05-02,33.53859329223633,33.577207179190744,32.187007813929725,32.264239270612705,34821200
2023-05-03,33.654441833496094,33.94406623673691,33.32619986108342,33.442048885824924,23335800
2023-05-04,34.45573425292969,35.00602169380441,33.886138028525714,33.91510304520652,35165200
2023-05-05,34.17576599121094,34.35919391000102,33.326197932465625,33.422738167034325,22260200
2023-05-08,34.137149810791016,34.57158824954311,33.94406565103741,34.262655067046964,12247900
2023-05-09,34.030948638916016,34.301264215574484,33.87648206900067,34.05990996990842,9795800
2023-05-10,33.78959655761719,34.127491050083854,33.364814383834265,34.07922093441344,21045500
2023-05-11,32.36077880859375,33.48066239950854,32.36077880859375,33.48066239950854,31069300
2023-05-12,32.43801498413086,32.59248158185437,32.14839057374605,32.341474741593984,17355800
2023-05-15,32.7372932434082,32.98830006538187,32.544209089627124,32.61178799103441,13341900
2023-05-16,31.8684139251709,32.69867314419985,31.675333469114182,32.60213291617149,25027400
2023-05-17,31.598098754882812,31.878070575719978,31.366400731466577,31.858761793306343,19201300
2023-05-18,30.777494430541992,31.105738212899027,30.391327982749704,31.057464414671326,31404600
2023-05-19,31.04781150817871,31.45328857543825,30.642336282306022,30.95127127837933,18823100
2023-05-22,30.76784324645996,31.115392144208577,30.76784324645996,30.970581791418027,13003800
2023-05-23,30.555448532104492,30.835420353761986,30.449253911292033,30.603720488280015,13619000
2023-05-24,29.85069465637207,30.719569615534706,29.754152585045812,30.709915224263394,23978700
2023-05-25,29.21352195739746,29.5996884329592,29.136288662285114,29.590034040896782,21432500
2023-05-26,29.35833168029785,29.73484373205266,29.116977423247466,29.628649111093548,16912800
2023-05-30,29.155595779418945,29.522453449880512,29.06870809721204,29.396950043018816,23317600
2023-05-31,29.841039657592773,30.169281588587552,29.20386457775275,29.26178908281453,35961000
2023-06-01,30.902997970581055,31.17331724729709,29.956891550396207,30.005161666061078,32224600
2023-06-02,30.323749542236328,31.134700015533262,30.130665394732524,30.95127210093024,26595600
2023-06-05,30.468563079833984,30.671301627819048,30.140321119391096,30.178938687154723,12300700
2023-06-06,30.53614044189453,30.603721182072334,30.159628382124083,30.555449224802476,11372900
2023-06-07,29.976198196411133,31.12504682489129,29.860349183402402,30.603720742191406,23061300
2023-06-08,30.449254989624023,30.76784254611757,30.314095348932852,30.458907539814117,18419900
2023-06-09,30.00516128540039,30.45890662760911,29.99550689411252,30.381673338693012,12669100
2023-06-12,30.15962791442871,30.16928230573297,29.715536962754015,29.95689122119988,10282800
2023-06-13,29.821733474731445,30.545796295967488,29.73484578887216,30.343059589887144,17547600
2023-06-14,29.802425384521484,30.391328537636888,29.474183437558253,30.17893744781999,15747200
2023-06-15,29.927928924560547,29.96654649090957,29.474183568281013,29.705883442214407,18198300
2023-06-16,30.304441452026367,30.642337797189533,29.831387305352713,30.12101353322983,19290300
2023-06-20,29.09766960144043,29.792771063182617,29.08801520987324,29.763807888481058,28348000
2023-06-21,29.020437240600586,29.213521395360225,28.595655046348536,28.962512730727482,16163900
2023-06-22,28.817699432373047,28.88527833153629,28.508766269691414,28.576345168854658,18070900
2023-06-23,28.759775161743164,29.29075380930497,28.6728874788495,29.08801526875745,15081200
2023-06-26,29.03009033203125,29.252135811087097,28.62461509830945,28.875623751697887,14255700
2023-06-27,28.62461280822754,29.136284465512855,28.35429723496391,29.078359962868756,23419500
2023-06-28,28.20948600769043,28.557036740719745,28.161215890941655,28.392915765832225,25956600
2023-06-29,28.595653533935547,28.595653533935547,27.76539429032295,27.90055208667407,17501700
2023-06-30,29.068708419799805,29.088015361648008,28.479803420836987,28.69219451226258,20732300
2023-07-03,29.62864875793457,29.705882045614636,29.126631467320728,29.203864755000794,17734800
2023-07-05,28.798391342163086,29.705883910412155,28.779082558684248,29.66726634345448,22271400
2023-07-06,28.064674377441406,28.634270605127917,27.910207791091196,28.6149618214874,29161500
2023-07-07,28.43153190612793,28.78873517147905,28.238447766044686,28.286717880372084,16733400
2023-07-10,29.001129150390625,29.107323774057047,28.24810318629662,28.29637330238255,24983300
2023-07-11,29.194210052490234,29.4162555220288,28.991473365012453,29.194210052490234,14832400
2023-07-12,30.719572067260742,30.845077322417495,29.754154959722,29.76380935176383,44179100
2023-07-13,31.07677459716797,31.14435349840215,30.835422167640303,31.05746581356193,19564800
2023-07-14,30.85472869873047,31.279514566855372,30.796804190071132,30.999542732459204,15326200
2023-07-17,30.864381790161133,30.999541426521535,30.391327666366852,30.6133731413625,9777900
2023-07-18,31.501556396484375,31.781524515625577,30.989882904039902,31.25054592484593,20908700
2023-07-19,31.240896224975586,31.44363292094621,31.115390977709772,31.3181276736804,9273300
2023-07-20,30.304441452026367,31.096083160393995,30.275480118209515,30.970581592005043,22811500
2023-07-21,30.400983810424805,30.478217103632183,29.96654722665342,30.121013813068174,12288100
2023-07-24,30.207901000976562,30.507179777056628,29.937583558505807,30.372020135127787,10810300
2023-07-25,30.680953979492188,30.787148601006304,30.217552404079566,30.314094475681646,14009400
2023-07-26,30.555448532104492,30.729223891562683,30.256169769363634,30.729223891562683,14698500
2023-07-27,29.30040740966797,30.304440169545355,29.28109862701592,30.28513322828017,38582400
2023-07-28,29.657609939575195,29.792769573370133,29.425910077709784,29.657609939575195,18505800
2023-07-31,30.323749542236328,30.651991488160654,29.86034979789148,29.8989655225601,19185800
2023-08-01,29.18455696105957,29.80242512481083,29.145941236605243,29.657611094293152,23841400
2023-08-02,28.267412185668945,29.136287171575056,28.19017889450811,29.078362663551157,23963800
2023-08-03,28.267412185668945,28.547382175606877,28.064673645504936,28.34464547682978,15663200
2023-08-04,28.53772735595703,28.779081617387554,28.34464505164474,28.547381747380676,17468700
2023-08-07,28.315683364868164,28.537728855116004,28.055020306897056,28.49911312877972,11421000
2023-08-08,28.07432746887207,28.20948526532132,27.678506629510522,27.948824063795893,15440700
2023-08-09,28.12259864807129,28.344645975276986,27.929516337467263,28.151561823286016,9574700
2023-08-10,28.161216735839844,28.5860007732438,27.987441364111547,28.383262225765126,16827500
2023-08-11,28.441184997558594,28.479802562865462,27.94882392960407,28.00674843617751,10361000
2023-08-14,27.948823928833008,28.12259744854853,27.514385526077046,28.10329050728249,12180400
2023-08-15,27.234413146972656,27.861935680700512,27.15717985932125,27.842626898440955,20289800
2023-08-16,26.867557525634766,27.263378384996788,26.857903133773867,27.224762658940158,13524200
2023-08-17,26.655166625976562,27.012369920536585,26.500700037833802,26.925482234532907,16121500
2023-08-18,26.50069808959961,26.67447160744479,26.35588406264836,26.67447160744479,18334500
2023-08-21,26.751705169677734,26.790322734963198,26.336577391180207,26.65516493923781,18225600
2023-08-22,26.98340606689453,26.99305861653866,26.57793085052912,26.857900824879128,13706700
2023-08-23,27.74608612060547,27.948824660998273,27.224761865028235,27.282686373117503,30561300
2023-08-24,27.688159942626953,27.968129915995686,27.301993509676905,27.65919676963565,17080700
2023-08-25,27.417844772338867,27.852283195980878,27.050987091231022,27.63023770895805,15352000
2023-08-28,27.997095108032227,28.122598517271776,27.43715327952706,27.553004138460203,18153900
2023-08-29,28.50876808166504,28.50876808166504,27.82332097218566,27.890899875644116,19623200
2023-08-30,28.49911117553711,28.962510908134416,28.392914712963492,28.750119824374032,14524000
2023-08-31,28.248104095458984,28.60530738531996,28.035712999903456,28.499112758235672,16439500
2023-09-01,28.083980560302734,28.817697698212214,28.05501738752416,28.634267953388147,20828500
2023-09-05,27.504730224609375,28.026056290665668,27.38888121529918,27.82331776229262,19547900
2023-09-06,27.485422134399414,27.74608517398841,27.26337665981035,27.35026433967335,14809700
2023-09-07,27.30199432373047,27.47576784269923,27.18614346969777,27.427497727661272,13897200
2023-09-08,27.359920501708984,27.81366587150435,27.30199599184695,27.408190619696185,17249500
2023-09-11,27.775049209594727,27.958477124875603,27.61092823602606,27.76539481804517,13542800
2023-09-12,27.794357299804688,28.035711558366156,27.39853462168796,27.417843404305728,9549600
2023-09-13,27.726776123046875,27.977784768955704,27.591618329629362,27.80400941091214,10508900
2023-09-14,28.103290557861328,28.334990425952554,27.746085443687228,27.755739835031054,15558600
2023-09-15,28.69219207763672,28.85631303843523,28.38325893763641,28.40256771923312,24778900
2023-09-18,28.72115707397461,28.82735353811378,28.344645015862106,28.61496060983544,11024000
2023-09-19,28.38326072692871,28.82735352471502,28.296373045652842,28.808044741901075,13151200
2023-09-20,28.682538986206055,29.088014211171867,28.42187778838913,28.44118472947371,21914100
2023-09-21,27.910207748413086,28.2384497042521,27.794358729521054,28.08398311813809,23901400
2023-09-22,27.87158966064453,28.40256827524114,27.85228087866983,28.14190524274311,15052500
2023-09-25,27.52404022216797,27.79435765814113,27.28268596049486,27.775048875274432,16134800
2023-09-26,26.780668258666992,27.350264455112175,26.780668258666992,27.28268555746391,18917000
2023-09-27,25.979372024536133,26.64551028812053,25.738017768015816,26.60689272321159,33534700
2023-09-28,26.114530563354492,26.143493737861807,25.69940277707102,25.94075704047129,28477300
2023-09-29,25.979372024536133,26.635855896893293,25.738017768015816,26.510350652326096,23094800
2023-10-02,25.091188430786133,25.641475844186512,24.99464635934696,25.641475844186512,28436800
2023-10-03,25.16842269897461,25.371161241024208,24.79191063123712,25.01395611521631,25713100
2023-10-04,25.01395606994629,25.264964728445985,24.733986077911158,25.226347161882835,17971600
2023-10-05,25.40977668762207,25.41943107917446,24.984992666251543,24.99464705780393,15613200
2023-10-06,25.960063934326172,26.162802472730576,25.351852001886755,25.44839407534662,25572500
2023-10-09,26.587587356567383,26.64551186597403,26.317269910358114,26.413811986960493,23042900
2023-10-10,26.848247528076172,26.906173876622656,26.529659976618046,26.713089730908145,18948800
2023-10-11,27.34061050415039,27.35991928704283,26.983407227574727,27.24406843107509,22283500
2023-10-12,26.780668258666992,27.437152135341908,26.635856072079726,27.340610063821444,22359700
2023-10-13,27.948823928833008,28.10329050728249,27.485422352097693,27.69781527850588,34493700
2023-10-16,27.997095108032227,28.180524867431814,27.649544372619733,27.86193730709934,16394500
2023-10-17,28.50876808166504,28.54738380876115,27.832975364306442,27.977787563344137,17620000
2023-10-18,28.43153190612793,29.030089425889688,28.257756548330377,28.943201746990912,23181100
2023-10-19,28.489456176757812,28.566689463877104,27.99709328085227,28.431531671765047,24517100
2023-10-20,28.460494995117188,29.11697890226264,28.45084060337835,28.5763458545963,29715300
2023-10-23,28.22879409790039,28.508765924053073,27.717122402545595,28.24810288068062,16690200
2023-10-24,28.248104095458984,28.36395311434856,27.881244572405762,27.910207747821634,13488300
2023-10-25,27.78470230102539,28.48945627868366,27.765393518829786,28.103289841705624,21062700
2023-10-26,27.533693313598633,27.88124218185532,27.118563708499316,27.717121218011098,37274000
2023-10-27,28.19017791748047,28.209484858561346,27.340609902769085,27.64954305670528,31547300
2023-10-30,27.775049209594727,28.344645421310286,27.707470310134727,28.238448955652057,21899300
2023-10-31,27.041332244873047,27.852282727781343,26.82894115321113,27.630237244491124,30992600
2023-11-01,27.137874603271484,27.350265697152196,26.6551660651351,27.128220211542324,29754900
2023-11-02,27.282684326171875,27.427496506223637,26.93513362093823,27.427496506223637,15682800
2023-11-03,28.45083999633789,28.779081942907094,27.51438611429452,27.55300368042591,44113800
2023-11-06,28.14190673828125,28.528073191363166,28.103291013666507,28.354299668516475,26550900
2023-11-07,27.601272583007812,27.842626836555354,27.13787285812937,27.77504794018393,42313000
2023-11-08,26.732397079467773,27.4564598249683,26.577930507738603,27.35026336638445,25654000
2023-11-09,26.63585662841797,27.273031735819977,26.46208126432889,26.819286383999422,19587000
2023-11-10,26.307615280151367,26.452427473049124,26.08556979494901,26.40415735587885,19074900
2023-11-13,26.10487937927246,26.44277389260489,26.08557059525718,26.201419616574874,13324200
2023-11-14,27.350265502929688,27.533695261707265,26.722744776085985,26.790323676323272,31498100
2023-11-15,27.215106964111328,27.524040123321544,27.031677210310185,27.379227935115114,16306700
2023-11-16,27.620582580566406,28.064673542768794,27.215107343109622,27.273031850921473,34034700
2023-11-17,27.446807861328125,27.86193750008242,27.398535902527076,27.697816522932744,14430300
2023-11-20,27.52404022216797,27.55300339646802,27.002714133088347,27.166835104681535,15284300
2023-11-21,28.199831008911133,28.576344908715388,27.94882419755747,27.94882419755747,28990800
2023-11-22,28.238447189331055,28.38325937074257,28.006747330795264,28.22879279838538,12381600
2023-11-24,28.306026458740234,28.49911059743249,28.170868666487742,28.248101953687282,8156800
2023-11-27,28.759775161743164,28.91424174435703,28.44118576354179,28.682540029049317,19761600
2023-11-28,30.14031982421875,30.149974215744795,29.02043618661436,29.10732386896185,41105000
2023-11-29,30.121013641357422,30.304441560812425,29.879659371286888,30.140320583508984,21026400
2023-11-30,30.236862182617188,30.24651657423408,29.792771216561775,29.995507916355702,18194300
2023-12-01,30.709915161132812,30.80645723226061,30.04377873726339,30.15962774950727,33533000
2023-12-04,29.94723892211914,30.217554531976155,29.67692147087514,30.04378100051964,45796100
2023-12-05,29.42591094970703,29.879658137186453,29.126632182768834,29.628649485713915,28217700
2023-12-06,29.36798667907715,29.898965319017528,29.358332287628993,29.77346191296527,16837000
2023-12-07,29.27144432067871,29.570723087106984,28.952856771542326,29.561070537139795,18815000
2023-12-08,28.65357780456543,29.068707422949984,28.344644648945348,28.65357780456543,27561000
2023-12-11,28.528072357177734,28.60530564553575,28.07432701824775,28.32533566575801,18238400
2023-12-12,27.8619384765625,28.62461703847929,27.726778828569554,28.62461703847929,25652700
2023-12-13,29.638303756713867,29.638303756713867,27.678506509745443,27.871590653597643,44140100
2023-12-14,30.22720718383789,30.82576656235359,29.966545980965346,30.1017037781131,36945300
2023-12-15,29.879655838012695,30.26582225618392,29.821729494246966,30.034122405281185,21266000
2023-12-18,30.15441131591797,30.25253864034055,29.840405375064137,30.144598396313405,20872500
2023-12-19,30.95905303955078,31.25343502263431,30.242726729140134,30.32122821697112,33525900
2023-12-20,30.203475952148438,31.08661812982278,30.19366303253146,31.037553531737903,20212500
2023-12-21,30.762800216674805,30.9688659201105,30.595984321293148,30.713735617078374,19965900
2023-12-22,30.96886444091797,31.744066361283895,30.96886444091797,31.400623538628555,22684400
2023-12-26,31.076807022094727,31.302498571574663,30.88055236155895,31.096432862472934,10339500
2023-12-27,31.381000518798828,31.685195434224816,31.19456064735821,31.25343629772771,18337500
2023-12-28,30.586172103881836,31.37118699922403,30.566546263592496,31.233809860444932,27291700
2023-12-29,30.429168701171875,30.57635875804643,30.105349827398605,30.419355781163823,19129700
2024-01-02,29.98759651184082,30.654860096130648,29.928720863704395,30.458607311801533,21612300
2024-01-03,29.20258140563965,29.4969615156703,28.976889863174613,29.349771460654974,33470600
2024-01-04,29.21239471435547,29.398834579765712,28.88857584036232,29.290896202850075,17862300
2024-01-05,29.21239471435547,29.791343893861868,28.957264408842214,29.251644522791214,19585800
2024-01-08,29.143705368041992,29.310521260593674,28.672694578022313,28.741385016292007,14185500
2024-01-09,28.62363052368164,29.212392580189647,28.525503202326476,29.212392580189647,20971200
2024-01-10,28.564756393432617,28.790447934374924,28.36850174032091,28.594193281263216,19691900
2024-01-11,28.348876953125,28.751197322479197,27.98580826449958,28.594194342810397,22435100
2024-01-12,29.143705368041992,29.653964093826783,29.00632636312568,29.163329335924548,29232800
2024-01-16,27.85824203491211,28.67269568974356,27.799366385735524,28.662882769610274,31802300
2024-01-17,26.994726181030273,27.44610928628475,26.926037610371825,27.42648531725603,37527500
2024-01-18,27.073225021362305,27.26947966542022,26.89659621603478,27.26947966542022,18315100
2024-01-19,27.17135238647461,27.28910367579767,26.81809477525943,27.28910367579767,20568600
2024-01-22,27.083038330078125,27.21060254041356,26.719967794838315,26.818095118277967,11064300
2024-01-23,27.70123863220215,27.72086447216845,27.190978022816935,27.29891827100849,17398100
2024-01-24,27.18116569519043,28.496066965077862,27.171352775669117,28.30962523741898,27261800
2024-01-25,27.720863342285156,27.828803586077143,27.465733047991485,27.61292309849317,17608000
2024-01-26,27.544235229492188,27.92692974479764,27.504985421790053,27.711051123378194,14246500
2024-01-29,27.82880401611328,27.868053823429502,27.34798217884539,27.868053823429502,16190800
2024-01-30,27.62273597717285,28.054495080078414,27.455920087751817,28.005432353858183,15319900
2024-01-31,27.416671752929688,28.231125404620467,27.34798318388469,27.730677709491463,28238900
2024-02-01,28.486255645751953,28.5941940233037,27.72086472470153,27.760116404991717,34102000
2024-02-02,27.49517250061035,27.71105112201921,27.171353632685523,27.681612362526742,37211300
2024-02-05,26.847536087036133,27.15172913028121,26.71996999457572,26.945661546931,22148900
2024-02-06,27.200790405273438,27.24985500421961,26.857347570765615,26.975098864990276,11292700
2024-02-07,26.945661544799805,27.23023061901731,26.867160053916212,27.132103287507025,13055900
2024-02-08,26.78865623474121,26.935848155025283,26.661092025001096,26.78865623474121,12609500
2024-02-09,26.4648380279541,26.680718518131847,26.26858524880159,26.661092678729677,20973700
2024-02-12,26.778844833374023,26.896596122099133,26.347085740928318,26.415774304621795,17511300
2024-02-13,25.405067443847656,26.131206668910963,25.199001741648097,26.12139562067363,48889000
2024-02-14,25.52281951904297,25.611133922386816,25.208813583430622,25.48356784127992,26125900
2024-02-15,26.268585205078125,26.55315238944369,25.8466390167491,25.856451936433853,26932000
2024-02-16,26.356901168823242,26.651281290277147,26.023269366309798,26.101770856805715,19619200
2024-02-20,26.48446273803711,26.729780105234514,26.366711449891223,26.670904461161573,16047500
2024-02-21,26.31764793395996,26.494276745053337,25.944766344025208,26.494276745053337,21673600
2024-02-22,25.67000961303711,26.239145840251883,25.571882290078076,26.199896034042077,27627500
2024-02-23,26.160646438598633,26.25877376936861,25.522821596028535,25.75832606690258,27368400
2024-02-26,25.758325576782227,25.866265825737667,25.532634030441876,25.866265825737667,20293200
2024-02-27,25.54244613647461,25.866265001397924,25.52282029699488,25.777950595362196,20494100
2024-02-28,25.297130584716797,25.45413356864672,25.189190331406273,25.434507727749683,20071400
2024-02-29,25.86626434326172,26.19008319994585,25.787762858963234,25.836825584791153,28381700
2024-03-01,26.818096160888672,26.935849327918767,25.807387871925936,26.209708229208857,41346800
2024-03-04,27.975994110107422,28.044682676729312,27.16154048714788,27.2792917808931,49404900
2024-03-05,28.123184204101562,28.60400604277886,28.093745444810803,28.437190150044035,33710200
2024-03-06,28.613819122314453,28.986702588920526,28.46662906828493,28.505878875935366,28673000
2024-03-07,29.055391311645508,29.163329686979626,28.790448089999497,28.9474510646883,25808800
2024-03-08,29.084829330444336,29.43808697304023,28.888576540264634,29.261458151742286,32729200
2024-03-11,29.565649032592773,29.7717165995899,28.898387348793534,29.04557739857832,28314000
2024-03-12,29.025951385498047,29.06520306340429,28.65306980350379,28.99651262706836,25334200
2024-03-13,29.722654342651367,29.91890712158755,29.173142069734713,29.222206668186054,24676600
2024-03-14,29.33014488220215,29.526399531695272,29.15351607198295,29.39883344803783,22337700
2024-03-15,29.33014488220215,29.516586612058312,29.055390618859434,29.232019429078637,22359900
2024-03-18,29.18295669555664,29.369398437325614,29.104455205068103,29.290896946837073,25774500
2024-03-19,28.51569175720215,28.976889629927037,28.476441949604776,28.957263790316812,28698900
2024-03-20,29.69321632385254,29.948346627290903,28.36850207860928,28.417564806660728,35671400
2024-03-21,29.398834228515625,30.26235246326232,29.398834228515625,29.967972352830504,34092100
2024-03-22,29.045578002929688,29.487148161471804,29.03576508319012,29.212393895256195,21654900
2024-03-25,29.271268844604492,29.820779235565226,29.261455925098744,29.271268844604492,17643300
2024-03-26,29.290895462036133,29.899281514576497,29.26145670273654,29.889468594809966,13428600
2024-03-27,30.380104064941406,30.38991698493777,29.457712044760655,29.477337884753382,26953100
2024-03-28,31.02774429321289,31.184747272994482,30.52729659330039,30.821676712485086,28716300
2024-04-01,31.430063247680664,31.822572574458064,31.11605728355729,31.70482127372339,27020600
2024-04-02,31.832380294799805,31.8814467629514,31.351560350180293,31.636129395177292,34459200
2024-04-03,32.51927185058594,32.61740105021353,31.72444592145666,31.783319697986997,30509300
2024-04-04,32.166015625,32.68609104765295,32.11695289466386,32.51927327261441,29952400
2024-04-05,33.20616149902344,33.35335342783476,32.1758292270829,32.38189493282176,41886600
2024-04-08,32.97065353393555,33.62810604205822,32.6762734340916,33.51035475076986,24472100
2024-04-09,33.539791107177734,33.9421114440238,33.28465894630209,33.58885383250121,29039000
2024-04-10,33.04916000366211,33.42204349498954,32.36227054382097,32.676276512334674,33130300
2024-04-11,33.80473709106445,33.843988771844046,32.911781941183335,33.48091633950225,22445100
2024-04-12,33.127655029296875,35.070571836952894,32.813649104336406,34.403308310600416,71512900
2024-04-15,32.9019660949707,33.5005411063152,32.38189444266963,33.422041490517955,34573800
2024-04-16,32.41133117675781,32.637022718066525,31.82257095971302,32.43095701642546,32547300
2024-04-17,32.92158889770508,33.31409817022075,32.48983169253451,32.69589737614461,27931600
2024-04-18,33.11784362792969,33.45147538754089,32.8332745917107,33.392597873522725,18486400
2024-04-19,33.43185043334961,33.66735675240231,33.06878177875406,33.06878177875406,19785100
2024-04-22,31.920696258544922,32.56833399142231,31.822570803933196,31.98938482542236,41107700
2024-04-23,32.43095397949219,32.529083168641314,31.596876459576592,31.704816696017723,24960500
2024-04-24,32.4996452331543,32.58795963908323,32.17582824024564,32.25432785482351,17527600
2024-04-25,33.68698501586914,33.853799040469795,32.33283200614141,32.52908666227164,46561600
2024-04-26,33.93230056762695,34.29536922874946,33.64773151876925,34.05005185764717,21754300
2024-04-29,34.11874008178711,34.30517993439668,33.4318507009027,33.991174001977406,17947800
2024-04-30,32.50946044921875,33.35335284062092,32.48001981802707,33.19634986616792,41599900
2024-05-01,32.695899963378906,33.55941818529629,32.480019472088024,32.77440332139237,30054800
2024-05-02,32.95103454589844,33.18653715068681,32.31320781670764,32.52908832380233,22145400
2024-05-03,32.81365203857422,33.25522407980014,32.529086717114154,33.088410054918256,23408100
2024-05-06,33.56922912597656,33.82436129545754,33.46128888067662,33.520166398998256,21579800
2024-05-07,33.52997589111328,33.628105083762264,33.284658524359756,33.46128732788197,10059700
2024-05-08,33.520164489746094,33.82435936887895,33.1080331147073,33.206158563074844,17701600
2024-05-09,34.697689056396484,34.7663776198334,33.794919197553405,33.794919197553405,30259000
2024-05-10,34.589752197265625,35.20795307187892,34.57012635675847,35.08038698020556,20642300
2024-05-13,34.295372009277344,34.78600679126058,34.02061398595924,34.45237498978213,17445500
2024-05-14,34.736942291259766,34.79581606641946,34.38368466731705,34.52106180035119,14664200
2024-05-15,35.23738479614258,35.43363942920205,34.40330728469704,35.12944456079758,24490500
2024-05-16,34.992069244384766,35.21776077390098,34.66825226490358,35.00188029208287,19420400
2024-05-17,36.179405212402344,36.199031051480944,35.32570180033645,35.531767495792685,38752300
2024-05-20,36.54248046875,36.76817202087612,35.835965179835995,36.25791139479893,24774500
2024-05-21,36.238285064697266,36.52285413480448,36.04203040451139,36.3265994746186,17236100
2024-05-22,34.786006927490234,35.875216746678014,34.629003946370595,35.76727649529957,37395600
2024-05-23,34.099117279052734,34.982261382139676,34.01080286874404,34.736943991642896,32337700
2024-05-24,34.59955978393555,34.83506610321083,34.48180849592088,34.59955978393555,12299700
2024-05-28,35.423828125,35.55139421052994,35.04113361165633,35.35513955815607,19222000
2024-05-29,34.5308723449707,35.2373875825545,34.51124650578826,35.0018812556112,19201600
2024-05-30,34.893943786621094,35.1785090887543,34.5308713866907,34.648626418517516,16118400
2024-05-31,34.63881301879883,35.276639698783995,34.344432913900334,35.12944777471169,15716500
2024-06-03,34.844879150390625,34.89394562118781,34.47199942640595,34.75656474350032,18190800
2024-06-04,33.539791107177734,34.305180103312686,33.31409957609297,34.305180103312686,32854000
2024-06-05,34.13836669921875,34.21686631249128,33.44166625472353,33.78510908137721,17602600
2024-06-06,35.33551025390625,35.35513609154392,34.12854931353314,34.30517810902636,28039600
2024-06-07,32.911781311035156,34.1579940775793,32.862718582623195,34.08930550915331,50927700
2024-06-10,33.392601013183594,33.451478532737575,32.823466630479935,33.078595062054774,17128500
2024-06-11,33.11784362792969,33.16690635132189,32.715523306920225,33.16690635132189,15358000
2024-06-12,33.363162994384766,34.14817784560343,33.22578586332726,33.853797744302184,24769000
2024-06-13,32.529083251953125,33.42203828764519,32.34263966371518,33.19634676689289,23431300
2024-06-14,32.78421401977539,32.91178010356331,32.34264199377576,32.901965312293264,17444700
2024-06-17,32.578147888183594,32.725336066059164,32.22489027208855,32.58795893607688,13690900
2024-06-18,33.068782806396484,33.20615993709387,32.45058197501219,32.55852221863044,15535100
2024-06-20,33.902862548828125,34.13836889025287,33.235598948578705,33.431853609224945,20773000
2024-06-21,33.353355407714844,33.824364367325785,33.16691178772024,33.765486843656994,24022300
2024-06-24,33.608482360839844,33.932303111731706,33.48091627019338,33.63791924974045,18740000
2024-06-25,33.20616149902344,33.461289933283986,33.17672461055967,33.43185304482022,11218300
2024-06-26,33.1865348815918,33.26503823998461,32.65664844217878,32.72533700914941,13325500
2024-06-27,33.5888557434082,33.78511039911323,33.52016717539838,33.559418855188625,11931000
2024-06-28,33.29447555541992,33.951924345796826,33.0982209001632,33.85379888979156,15818700
2024-07-01,33.255226135253906,33.77529782526136,33.17672651376526,33.45148080384521,9041000
2024-07-02,33.382789611816406,33.70660660782302,33.019720936522276,33.2257866379125,12883000
2024-07-03,34.61918640136719,34.89394440391105,33.87342323616765,33.90286012302212,21553200
2024-07-05,35.59064483642578,35.84577325668954,35.1883244954259,35.20795033440712,22021900
2024-07-08,35.423828125,35.48270564368601,34.844878959282454,35.18832553674827,16419200
2024-07-09,35.43363952636719,35.68876792977206,35.158885285277975,35.45326536405153,8215200
2024-07-10,36.35603713989258,36.473788441220165,35.845776509811195,35.85559130181555,20498400
2024-07-11,37.376556396484375,37.43543391561523,36.336409351316384,37.21955342204828,27454300
2024-07-12,37.455055236816406,37.592436111944814,36.944798387895275,36.944798387895275,16263300
2024-07-15,37.23918151855469,37.85738240553168,36.984049330105464,37.484498914930874,20303000
2024-07-16,38.54426574707031,38.58351742645236,37.386367408023226,37.55318517377383,24694000
2024-07-17,37.71999740600586,38.67182999799045,37.66112363297324,38.426512628365224,23583000
2024-07-18,37.160675048828125,37.96531574222527,36.93498351221635,37.96531574222527,17062500
2024-07-19,36.689666748046875,37.00367269493726,36.10090653343895,36.16959510036834,22858600
2024-07-22,36.7485466003418,36.876112694130896,36.27753765009712,36.611169457759566,15249200
2024-07-23,36.7485466003418,36.856486853298236,36.46397752313781,36.71910596746961,8238400
2024-07-24,36.53266143798828,37.66112281093141,36.5032245521145,37.11161056739674,20726900
2024-07-25,35.512142181396484,35.87521459484584,35.22757686866751,35.58083074756342,31714300
2024-07-26,35.79671096801758,36.07146523061792,35.62989694950911,35.835962646459365,15901400
2024-07-29,35.95371627807617,36.01259379957006,35.38458187662056,35.91446459708025,10107100
2024-07-30,36.257911682128906,36.3364113019379,35.69858832172168,36.17940831907353,12735900
2024-07-31,37.21955108642578,37.2882396494783,36.699479468100705,36.934982043353365,26227500
2024-08-01,36.57191467285156,37.494306654240376,36.10090576257348,37.23917823155703,18198600
2024-08-02,35.79671096801758,37.34711857725342,35.423827509312765,37.052734732186096,27344500
2024-08-05,34.67806625366211,34.92338364262598,33.23559880871576,33.657545017193314,28615600
2024-08-06,34.9626350402832,35.364955405198074,34.26593081639714,34.49162610647406,14294700
2024-08-07,34.05986404418945,35.571019999081216,33.932301702088594,35.42382807420036,17663300
2024-08-08,34.884132385253906,35.090198096104594,34.08930643104516,34.530874741940536,16675700
2024-08-09,35.168701171875,35.21776390121422,34.55050030111114,35.168701171875,9773600
2024-08-12,36.20884704589844,36.41491274820244,35.38458049343623,35.47289490060169,23084600
2024-08-13,36.67985534667969,36.79760663981819,36.06165450702183,36.11071723389236,13088400
2024-08-14,36.414913177490234,36.50322758569681,35.88502672825077,36.40509838588605,11565000
2024-08-15,36.5915412902832,36.797606991054025,35.963529396555266,36.454164156435986,14414800
2024-08-16,37.769065856933594,37.769065856933594,36.954610350271,37.17049084471095,25966100
2024-08-19,38.485389709472656,38.5148265956561,37.445242726454545,37.5041202420674,21162600
2024-08-20,38.76014709472656,39.22134497951528,38.43632634755672,38.91715007246903,21548600
2024-08-21,39.025089263916016,39.17227744598464,38.36763673895513,38.662020589584685,13915600
2024-08-22,38.05363082885742,38.48539181380124,37.81812824002093,38.48539181380124,19744100
2024-08-23,38.60314178466797,38.81902226973818,38.08307015417632,38.5148273810707,15858600
2024-08-26,38.495201110839844,38.9269583328969,38.338198144342186,38.838647673535085,9216600
2024-08-27,38.485389709472656,38.524637643301936,37.93587746015717,38.191005874654316,8482900
2024-08-28,37.641502380371094,38.004571083543034,37.327496408452696,38.004571083543034,16988600
2024-08-29,38.15176010131836,38.40688853026315,37.78868768268093,37.81812831377753,13328500
2024-08-30,37.89662551879883,38.249883123520526,37.62187126768014,38.063443273582266,13171500
2024-09-03,36.57191467285156,37.39618120164972,36.20884600637085,37.29805200581299,25260000
2024-09-04,36.218658447265625,36.66023048739815,36.032218582874656,36.19903260734349,15685100
2024-09-05,36.63079071044922,37.12142544007273,36.581724242890125,36.954607685512855,16260000
2024-09-06,35.63970947265625,36.728919263399675,35.54158401573636,36.47378708621399,19939200
2024-09-09,36.071468353271484,36.18922339879072,35.82615095664268,35.924280161242045,15264700
2024-09-10,36.522850036621094,36.53266108406867,35.76727211279799,36.071463245869225,13942800
2024-09-11,36.689666748046875,36.70929258763329,35.80652642613499,36.208846779541176,10854700
2024-09-12,38.47557830810547,38.69145880779143,37.30786888659184,37.347120567124975,35275900
2024-09-13,39.33909606933594,39.466662157842705,39.02509011550868,39.05452700391554,27456000
2024-09-16,39.14284133911133,39.47647313233404,38.8386501774866,39.25078158739606,12162500
2024-09-17,38.750335693359375,39.329284870370444,38.57370687710202,38.95640139791089,17906900
2024-09-18,38.32838821411133,40.22223865828242,38.28913653553099,39.01527387303672,41241400
2024-09-19,38.97602844238281,39.496100115631805,38.52464159619409,39.34890818311974,22284500
2024-09-20,39.75122833251953,39.918046104643835,39.3096600239619,39.64329182496418,28604400
2024-09-23,39.57460021972656,40.4184888344813,39.54515958970015,39.78066591368135,19153300
2024-09-24,40.63437271118164,40.811001533098825,39.584414571588574,39.97692389657039,27422400
2024-09-25,40.53624725341797,40.90912699459682,40.40868116130608,40.52643246150749,18581100
2024-09-26,40.86006164550781,41.16425654004501,40.447930249598805,40.84043580619127,21027600
2024-09-27,39.60403823852539,40.80118824509357,39.554975511407015,40.614744641499165,25323400
2024-09-30,39.074153900146484,39.42741154356259,38.61295600532587,39.34890818136064,24523200
2024-10-01,39.692352294921875,39.996543446323344,39.21152858960747,39.55497516290236,22975900
2024-10-02,39.61384963989258,40.02598478650347,39.2998436916396,39.74141572613478,13265800
2024-10-03,38.81902313232422,39.123214284505,38.612953690520904,39.10358844513106,17147200
2024-10-04,38.809207916259766,39.437219796368,38.61295326791443,38.90733711205547,15816800
2024-10-07,38.298946380615234,38.563889587841715,38.102695480369825,38.55407854012783,15133300
2024-10-08,38.259700775146484,38.2695118234575,37.66112576052686,37.95550587205806,16180400
2024-10-09,38.063446044921875,38.063446044921875,37.45505623994041,37.71999946277178,16477900
2024-10-10,39.12321472167969,39.14284056127293,38.0438197467743,38.25970023905384,22975000
2024-10-11,39.299842834472656,39.70216318084968,39.240969059988174,39.28021699522913,12060100
2024-10-14,39.40778350830078,39.554975432608806,38.936774591059674,39.182091969408965,7455300
2024-10-15,39.91804122924805,39.91804122924805,39.22134082329692,39.37834378440205,19942200
2024-10-16,40.232051849365234,40.938567128461194,40.12411159914265,40.37924378025899,20379100
2024-10-17,40.71287155151367,41.10537708965371,40.408676671277256,40.58530547357635,22965700
2024-10-18,42.34178161621094,42.49878459090811,41.03669134765315,41.21332016209325,31223500
2024-10-21,42.41046905517578,43.18566911653958,42.27309192387703,42.930540693162776,21060600
2024-10-22,43.2641716003418,43.39173768107893,42.70484829520069,42.70484829520069,21161600
2024-10-23,42.4497184753418,42.979604923098606,42.10627563508066,42.685224810982454,22959800
2024-10-24,41.340885162353516,42.69503437981205,40.62455887516995,42.65578644460384,31946100
2024-10-25,40.78156280517578,41.3703230228572,40.63437087913234,41.12500564161558,21541200
2024-10-28,40.58530807495117,40.85025129538173,40.45774198883731,40.5558711870965,14784900
2024-10-29,41.232948303222656,41.340888556210224,40.70306183032715,41.01706779724751,20281300
2024-10-30,40.73249816894531,41.17407022371812,40.26148922493643,41.16425917505488,18161400
2024-10-31,39.58441162109375,40.124109095281675,39.123213760103276,40.065235321195104,27998400
2024-11-01,39.10358810424805,40.055420717732964,39.10358810424805,39.731603729001094,14358100
2024-11-04,39.15265655517578,39.61385069842,38.956401896461976,39.51572524068624,13299700
2024-11-05,39.35872268676758,39.77085410558891,39.12321634512231,39.613851125574165,16833300
2024-11-06,37.91625213623047,38.259698700431244,36.85648304353719,37.494305960059755,44258400
2024-11-07,38.82883834838867,39.0545299105462,38.004571722434584,38.269514967553384,26922000
2024-11-08,38.28913497924805,38.603140908635595,37.90644048675984,38.49520066855001,22864200
2024-11-11,36.042030334472656,37.02329989024892,35.51214387597437,36.719104980389616,45733600
2024-11-12,35.43363952636719,35.77708232772871,35.001878583803226,35.59064248459614,37430800
2024-11-13,34.893943786621094,35.95371287034063,34.893943786621094,35.72802134087486,24799000
2024-11-14,35.05094909667969,35.29626648119005,34.530873696110284,34.64862873581254,34765200
2024-11-15,34.844879150390625,35.502331677962005,34.73694264707685,35.25701429696075,20360400
2024-11-18,36.326595306396484,36.58172371509153,35.796708907669235,35.865397469365824,33546000
2024-11-19,37.17049026489258,37.21955299197828,36.522852534921334,36.7877957530795,22829200
2024-11-20,37.013484954833984,37.14104728855191,36.80741552489369,37.0232960023331,16236500
2024-11-21,37.42561721801758,37.48449473414975,36.88591975483365,37.405991379306855,21175800
2024-11-22,37.56299591064453,37.84756496893636,37.307867483268296,37.74943951454076,19691300
2024-11-25,36.44435119628906,36.542480399143734,36.091093552504944,36.29716300687657,31492500
2024-11-26,36.5915412902832,36.70929258454565,36.140158209572014,36.41491247726645,9924400
2024-11-27,36.7485466003418,37.2588072322518,36.6209805065527,37.04292672633892,15286800
2024-11-29,36.954612731933594,37.14105260708172,36.79760974674401,37.0134902550971,7275300
2024-12-02,36.140159606933594,36.670042323225644,36.022404564871984,36.47378766303593,16539100
2024-12-03,36.99386215209961,37.4059935593056,36.40509818620307,36.40509818620307,18593800
2024-12-04,36.89573287963867,37.298053237742444,36.84667015172283,37.07236169473264,8149100
2024-12-05,36.82704162597656,37.278428422321085,36.44434713559967,36.934981865466646,9910000
2024-12-06,36.130340576171875,36.70928969702128,36.05184096725368,36.70928969702128,13455700
2024-12-09,37.199928283691406,38.14194614806842,37.199928283691406,37.30786853250994,30314300
2024-12-10,37.26861572265625,37.798502159023656,37.19992715608042,37.68075086535739,13338500
2024-12-11,38.357826232910156,38.436325849140324,37.36674565062122,37.523748626327766,21116900
2024-12-12,36.954612731933594,37.70037597577251,36.91536104982459,37.5924394648424,22705200
2024-12-13,35.963531494140625,36.67985783615692,35.80652851155139,36.54248069429713,19521400
2024-12-16,35.73783493041992,36.20884760473596,35.610272585070305,36.169595924668585,11421200
2024-12-17,35.512142181396484,35.6298972176079,35.119636623763434,35.31589127420302,14782900
2024-12-18,33.883235931396484,35.41401775743622,33.71642190678282,35.306077509393866,32773200
2024-12-19,33.7458610534668,34.29537337880047,33.549606384187165,34.069681819265156,22161700
2024-12-20,34.079490661621094,34.46218518315134,33.7949215967538,33.853799116699314,27872000
2024-12-23,34.16189193725586,34.23138691025295,33.63571463108016,33.98318949606563,14593200
2024-12-24,34.16189193725586,34.33066814824308,33.89383827547051,34.271099405449,5322000
2024-12-26,34.221458435058594,34.5093645383628,34.112250974029664,34.281023386753105,8720800
2024-12-27,34.012969970703125,34.13210744927478,33.586073927659214,33.834271327229175,10587100
2024-12-30,33.52650451660156,33.76477189458716,33.179025891851,33.65556822220559,18268000
2024-12-31,33.665496826171875,33.80448677099888,33.35773067177497,33.40737318394915,8034600
2025-01-02,35.08518600463867,35.144754746386255,34.191673814384544,34.21153006163374,24527000
2025-01-03,34.74763870239258,35.04547484811753,34.7178562239777,34.97597987368811,13694400
2025-01-06,34.330665588378906,34.96605031537032,34.271096850026574,34.74763539527013,13039000
2025-01-07,34.79727554321289,35.601436501567086,34.61857310802307,34.99583422533401,16976300
2025-01-08,35.64114761352539,35.7106425814945,35.00575909793518,35.164605280034806,25009000
2025-01-10,35.71064376831055,36.633938415947014,35.48230261065308,36.395667241282965,19827300
2025-01-13,35.12489700317383,35.402876878439585,34.846913340716306,35.37309440243019,15738500
2025-01-14,36.05812072753906,36.14747194986227,35.253959726630185,35.253959726630185,16157700
2025-01-15,36.45523452758789,36.65378941349732,35.92905347579117,36.52472949509453,17436900
2025-01-16,36.355953216552734,36.901986725972165,36.31624451177421,36.70343184050451,13483600
2025-01-17,36.48501968383789,36.75307334414137,35.859561143129774,36.06804984816046,16420400
2025-01-21,37.33881759643555,37.676366213138984,36.84242279464766,36.84242279464766,26496400
2025-01-22,37.25939178466797,37.775642821550804,37.04098065201148,37.72600409991031,12555800
2025-01-23,37.229610443115234,37.24946668981458,36.57436945080408,36.85234933021129,12871700
2025-01-24,37.676368713378906,37.88485363503905,37.56716124378777,37.71608120908333,13728000
2025-01-27,37.080692291259766,37.318963476057256,36.58429746119101,37.318963476057256,15489400
2025-01-28,37.42816925048828,37.51752046734398,36.94170067267574,37.209754323242834,10986700
2025-01-29,37.62672805786133,37.97420290947653,37.179971972076174,37.3884568830453,11319800
2025-01-30,39.135765075683594,39.4435312218478,38.29189541198333,38.38124662943799,28590100
2025-01-31,38.67908477783203,39.39389455478651,38.52023858153015,39.23504835848463,19903100
2025-02-03,39.274757385253906,39.632158454970174,38.698937607526204,38.93720877452877,20541800
2025-02-04,39.74136734008789,39.89028729820217,39.383962470367116,39.5825211521222,12813100
2025-02-05,40.74408721923828,41.230552015858514,40.05905995249894,40.07891619951086,25371500
2025-02-06,40.833438873291016,40.86322135053102,40.37675276152349,40.7738701316191,12224900
2025-02-07,40.56538391113281,41.448966054609734,40.55545389424442,41.210694882781716,19136200
2025-02-10,41.65745162963867,41.90564903513536,41.49860544160846,41.64752539978322,25509400
2025-02-11,41.14120101928711,41.59788712863478,41.091562295086156,41.41918469175784,15264200
2025-02-12,41.826229095458984,42.17370395875134,40.803653178699264,41.06178060902384,21179300
2025-02-13,42.20348358154297,42.28290856617534,41.41918268785274,41.95528618535438,17219600
2025-02-14,40.78379821777344,42.35240380227686,40.704373232638204,42.29283506342544,26322400
2025-02-18,41.240482330322266,41.419184767526104,40.84336496160442,41.33975977890577,21365800
2025-02-19,41.240482330322266,41.39932852037102,40.81358248446775,41.05184987594493,12767300
2025-02-20,41.9354362487793,42.2630548621146,41.339760189782105,41.40925516191965,16326300
2025-02-21,40.50581741333008,41.726948241956386,40.45617868771607,41.717022011710384,31767300
2025-02-24,40.674591064453125,40.87314595440951,40.03920632733246,40.87314595440951,12704000
2025-02-25,40.088844299316406,40.49588787561353,39.2449708840329,40.36682416980468,20002900
2025-02-26,40.56538391113281,40.81358131265742,39.44353059582787,39.52295558216781,12880600
2025-02-27,39.17547607421875,40.16826565818086,39.135763581934256,39.910142032715065,21976300
2025-02-28,39.4336051940918,39.44353142399681,38.30182562532706,38.579805508969805,15602200
2025-03-03,39.423675537109375,40.56538513339991,39.2251168524686,40.09877279257287,16743500
2025-03-04,39.989566802978516,40.46610539139388,39.20526583984042,40.158343016671154,18770600
2025-03-05,41.39932632446289,41.41918257056476,39.900211934901556,39.91014195154834,18539800
2025-03-06,41.0617790222168,41.63759502873378,40.763942895591335,41.07170525198786,16373000
2025-03-07,41.339759826660156,42.00493085195214,40.62495007701908,41.121344894893845,17132100
2025-03-10,40.2179069519043,41.30004781911434,39.91014458499712,41.08163667196549,20333800
2025-03-11,41.5383186340332,41.73687731920842,40.55545522537143,40.605097737059175,22449300
2025-03-12,41.59788513183594,41.80637003578729,40.922787910972,41.16105529057591,17152200
2025-03-13,42.8984375,43.22605988427059,41.76665796741386,41.8758654288374,30784900
2025-03-14,43.325340270996094,43.55368143893676,42.89844041309207,43.46433021781285,23488100
2025-03-17,44.248634338378906,44.30820308068839,43.45440337687892,43.54375459674717,18558800
2025-03-18,44.526611328125,45.3208460250891,44.36776514617052,45.11235733418058,21782900
2025-03-19,44.903873443603516,44.953512166485815,44.21884997856749,44.54646857934409,17130700
2025-03-20,44.834381103515625,45.013083546125635,44.06000637700027,44.32806004091528,10082900
2025-03-21,44.17913818359375,44.30820189488089,43.52389718449329,44.21885067740392,18163600
2025-03-24,43.93094253540039,44.43726359656255,43.87137379230225,44.238708693952766,14465100
2025-03-25,44.69538879394531,45.29106104636511,44.53654260748725,44.546468837244454,16156900
2025-03-26,44.3479118347168,44.96344414431553,44.238708154489885,44.89394917181115,10123300
2025-03-27,45.430049896240234,45.569043619849396,44.59610649054391,44.89394639680039,16699400
2025-03-28,45.241424560546875,46.60154533605643,45.11236084416959,45.76760186911212,21557400
2025-03-31,45.63854217529297,45.76760210514384,44.17914015381603,45.66832465338286,22217500
2025-04-01,45.469764709472656,45.926447034493734,45.01308238445157,45.59882842295841,17174800
2025-04-02,45.430049896240234,45.67824729332614,44.79466516565098,45.43997991295104,15903800
2025-04-03,45.390342712402344,46.37320231697945,43.2161310172501,43.54375341023704,30543000
2025-04-04,41.37947082519531,44.248632162843855,41.16105590132445,44.159280947368664,59893500
2025-04-07,41.15113067626953,43.384907330488346,39.969708599791005,40.41646468807314,33751700
2025-04-08,41.20077133178711,43.21613315129596,40.88307894015592,42.958009503292644,22508400
2025-04-09,44.66560745239258,45.00315608059174,42.46161324549267,42.958008064186025,47895600
2025-04-10,46.82988357543945,47.31635214540173,44.83437814745327,44.943585609313686,36181600
2025-04-11,49.341644287109375,49.78840036825703,48.50770086469768,48.51762709441572,40991500
2025-04-14,49.65933609008789,49.83803852050051,48.07087046277484,48.59705152440832,20729500
2025-04-15,50.16565704345703,50.37414573675592,49.54020232513563,50.106092091536,14842000
2025-04-16,51.535709381103516,52.429221560193945,50.92018087283671,51.9328267467419,36630500
2025-04-17,50.5528450012207,51.22794223736513,50.00681147447819,51.138591021193314,25661200
2025-04-21,51.287513732910156,52.866049445299744,50.582633982565575,52.28030339385475,36299300
2025-04-22,49.867820739746094,51.57542004947822,49.65933583440207,51.52578132732847,38019600
2025-04-23,48.378639221191406,48.825395321417496,47.425562065503726,47.58440825811834,38934600
2025-04-24,49.40121078491211,49.46077952665885,48.44813364011579,49.25229461133314,22803300
2025-04-25,48.45806121826172,48.54741243278849,47.73332527251868,47.87231520907327,19299600
2025-04-28,49.07359313964844,49.07359313964844,47.96166978215659,48.19001094922774,15128300
2025-04-29,48.13043975830078,48.8551757179326,48.051018558972594,48.42827588336715,13110200
2025-04-30,48.6566162109375,48.67647245722965,47.64397416038021,47.65390038993041,15832300
2025-05-01,46.85967254638672,47.29649863187763,46.55190638946849,47.20714741130086,27130000
2025-05-02,46.740535736083984,47.76310780234276,46.39305710711259,47.50498038799924,14244100
2025-05-05,48.36871337890625,48.547415820429656,47.70354233830423,48.51762955538109,20923200
2025-05-06,50.42378616333008,50.463498657414156,49.014022920880365,49.55013022943977,31155000
2025-05-07,49.460777282714844,49.91745958714525,48.93460000966205,49.18279740822533,22412000
2025-05-08,48.527557373046875,49.689119403103575,48.368711186358986,49.49056072294576,20400400
2025-05-09,50.006813049316406,50.10609428551825,48.755899770708446,49.26222082016616,20695300
2025-05-12,46.283851623535156,47.73332736577709,46.01579796819984,47.713471118656855,42761600
2025-05-13,46.204429626464844,46.41291453684871,45.82716851206177,46.383132060277255,22356300
2025-05-14,45.22156524658203,45.33077270786624,44.77480917187015,45.18185275389837,26797000
2025-05-15,46.15479278564453,46.26399646659127,45.281136827726655,45.7179629130896,23456700
2025-05-16,45.99594497680664,46.015797436505586,44.923730367854375,45.082576555788954,17272000
2025-05-19,46.998661041259766,47.05822978220242,46.31363756278271,46.76038986468104,19577600
2025-05-20,48.45806121826172,48.46798744779059,46.91923432505714,47.08801052458181,26942300
2025-05-21,49.083518981933594,49.34164641202048,48.61691042125525,48.7261178888157,23175400
2025-05-22,48.82539367675781,49.21258102151422,48.34885511496594,48.924671123600845,16934800
2025-05-23,50.16565704345703,50.423784459087365,49.39128237094953,49.98695461331042,24171600
2025-05-27,49.41114044189453,49.94724775213087,48.98424059713506,49.05373556840364,20431100
2025-05-28,49.98695755004883,49.99688756741356,49.421067750402386,49.560057695972816,13211000
2025-05-29,49.91746139526367,50.473424951572646,49.579912769503196,50.22522754401912,11852300
2025-05-30,50.28479766845703,50.35429264150834,49.36150298398454,49.4905629126844,16795500
2025-06-02,53.38229751586914,53.44186625555881,51.28751084334663,51.3470795830363,39386800
2025-06-03,52.70720291137695,52.70720291137695,51.99239314820183,52.478861745294225,24482500
2025-06-04,52.82633590698242,53.114245811898215,52.48878727743782,52.87597463161123,18924400
2025-06-05,52.76676940917969,54.226167563985676,52.429220789506445,53.36244166168925,28630300
2025-06-06,51.247798919677734,52.707200867160964,51.09888274958653,52.707200867160964,31562000
2025-06-09,51.75412368774414,51.94275235119554,51.03931395307894,51.29743758660147,15247300
2025-06-10,51.05916976928711,52.22073179113142,50.75140362785885,52.05195937586521,17301700
2025-06-11,51.56549072265625,51.56549072265625,50.920179751691975,51.13859088951149,13531000
2025-06-12,53.14402770996094,53.37236887051805,52.33987053304063,52.41929173414264,25699500
2025-06-13,54.06732177734375,54.30559295242474,53.46171950340509,53.94818808339918,22541400
2025-06-16,53.163883209228516,53.75955925147826,53.114244485838995,53.31280316658891,18475000
2025-06-17,53.12417221069336,53.62056703294208,52.67741990042307,53.40215588644316,13406500
2025-06-18,52.61785125732422,53.312804767217834,52.518573807564536,52.96532611867505,14897000
2025-06-20,51.91297149658203,53.044751087034605,51.88318523191247,52.31008508265398,18722300
2025-06-23,52.72705841064453,53.35251694454645,51.89311496117262,52.14131237128698,21458300
2025-06-24,51.48606872558594,51.75412236925646,50.334432953070966,51.16837635987089,22159900
2025-06-25,51.54563522338867,51.783906398418296,51.079026677543084,51.21801661831376,12728900
2025-06-26,52.2405891418457,52.2405891418457,51.386789456192545,51.386789456192545,14874300
2025-06-27,50.36421585083008,50.75140318808981,49.957172267147826,50.55284451105637,32657400
2025-06-30,51.684627532958984,51.69455376251655,50.38407180379706,50.56277423336715,19782700
2025-07-01,51.664772033691406,52.66748786994064,51.585347047315494,52.62777537675269,19063300
2025-07-02,52.28030014038086,52.37957758542035,51.4662129720434,51.95268154199714,13096100
2025-07-03,52.528499603271484,52.538425833288585,51.77398114463844,51.81368985189877,11610900
2025-07-07,52.78662109375,52.82633358658545,50.94996185281584,51.555564113385245,22030200
2025-07-08,50.42378616333008,52.56821161037583,49.98695630278898,52.55828159325887,37415300
2025-07-09,51.128665924072266,51.28751211331957,50.19544503564333,50.48335114995965,19712100
2025-07-10,51.52578353881836,51.52578353881836,50.61241510585571,51.30736860735496,13666200
2025-07-11,52.042030334472656,52.21080654009429,51.535709291991495,51.94275288683066,19044800
2025-07-14,52.071815490722656,52.91568513930241,52.00232052141335,52.04202922731025,13297300
2025-07-15,51.247798919677734,52.22073228893594,50.41385549071473,52.081742348640745,20154900
2025-07-16,51.44635772705078,51.99239125978058,50.60248806621308,51.337150263066455,16545300
2025-07-17,50.870540618896484,51.04923926214798,50.08623592830574,50.69183818845323,17442300
2025-07-18,50.76133346557617,51.416574452117196,50.75140344871804,51.31729321949474,12887800
2025-07-21,52.6377067565918,52.965325365895964,51.555565905946814,51.565492135904925,22674100
2025-07-22,54.08717727661133,54.38501340095201,52.83626403950373,53.25323385614233,23906900
2025-07-23,53.4517936706543,54.17652964392143,53.23337874080682,53.779412278233636,22084600
2025-07-24,52.945472717285156,53.412081267491274,52.15123798455872,52.66748904595415,12142200
2025-07-25,53.570926666259766,53.59078291300417,52.46892958869202,52.53842455870153,25492200
2025-07-28,52.21080780029297,52.95540003715556,51.76405170073702,52.76677136720615,20458100
2025-07-29,52.86604690551758,52.975254368925675,52.14131094230871,52.37957832866109,13473500
2025-07-30,51.406646728515625,52.568212585269265,51.1485230865659,52.171095211447586,21662100
2025-07-31,51.26765441894531,51.9427516509859,50.99960077205933,51.644915527954296,16429400
2025-08-01,52.071815490722656,52.67741775515387,51.56549067182138,52.359725384827954,20409400
2025-08-04,54.543861389160156,54.65306885537262,52.776697044098746,52.78662327412174,27343200
2025-08-05,56.05290222167969,56.251460907317174,54.176530406148906,54.21624290071479,32074400
2025-08-06,56.9761962890625,56.9761962890625,56.072757876785374,56.08268789391794,16684000
2025-08-07,57.5222282409668,58.05833553557374,57.1946096412793,57.492445764774786,22573200
2025-08-08,57.6413688659668,58.38596110893843,57.42295392946035,58.00869997875238,18210700
2025-08-11,57.27403259277344,57.58179874254509,55.933768102435785,56.18196551080883,17523500
2025-08-12,57.790283203125,57.81013945010204,56.95633976604854,57.41302587213679,11586200
2025-08-13,57.65129470825195,58.34624822112102,57.452736020690516,58.23704075360263,10707200
2025-08-14,57.28396224975586,58.10797567103348,57.00597857883542,57.23432352583174,11226900
2025-08-15,57.859779357910156,58.137763034085154,56.92655845404423,57.38324078228552,13540600
2025-08-18,57.68107604980469,57.99876842876906,57.28396246969516,57.78035728522599,8505900
2025-08-19,56.191890716552734,57.62151018652615,56.18196448676318,57.42295150600852,15274300
2025-08-20,57.89949035644531,57.90942037347636,56.777637025024305,56.837205765635,15489900
2025-08-21,58.86249923706055,59.25961282460797,57.69100714749051,57.75057210266704,17900200
2025-08-22,59.74607849121094,60.2424732917114,57.95905796684763,58.36610155177034,19540500
2025-08-25,59.82550048828125,60.35168155912367,59.73614927151117,59.95456419854733,8388400
2025-08-26,61.15583801269531,61.15583801269531,60.004202225027406,60.12333970413193,17598200
2025-08-27,61.036705017089844,61.036705017089844,60.033989173267706,60.60980518007469,10691600
2025-08-28,60.88779067993164,61.175696798404765,60.26233214384351,60.95728565203122,15854800
2025-08-29,62.71451950073242,62.77408824229335,60.76865272271174,60.76865272271174,19954400
2025-09-02,64.33277130126953,64.60082116967197,62.74430561484289,63.92572391569924,41939600
2025-09-03,64.7298812866211,65.3553436053819,64.243416485439,65.0078687473947,25768700
2025-09-04,64.10442352294922,64.47175839802512,63.42932629877784,63.89593861797646,24753700
2025-09-05,65.86166381835938,66.38784871190408,64.69017926589426,65.53404898007915,31720200
2025-09-08,66.75517272949219,66.92395272345031,66.01058050555199,66.74525028672932,24932700
2025-09-09,66.36798858642578,67.45013327619634,66.18928614106845,67.16222336009929,24430000
2025-09-10,68.00608825683594,68.0954356859948,66.9735861539375,66.98351617086081,18297300
2025-09-11,69.25700378417969,69.25700378417969,67.58911697325665,67.74795936866751,18762100
2025-09-12,69.24707794189453,69.60448282109373,68.74075310063168,69.45556285903008,13891100
2025-09-15,69.97181701660156,70.24979690333075,68.65140498025411,68.80032494082585,16298200
2025-09-16,68.5223388671875,70.13066084003738,68.13515150649134,70.06116586694792,22742300
2025-09-17,68.1649398803711,69.4257793823455,67.28135013801207,67.74796247771707,28270300
2025-09-18,68.29399871826172,68.30392873526728,66.77503181490967,67.65861396881228,21638900
2025-09-19,71.8382568359375,72.0070292519038,68.39327567491983,68.42305815133935,36429000
2025-09-22,73.79405212402344,73.8337646165933,72.31479017973417,73.23808480242887,30822600
2025-09-23,73.69477844238281,74.73720302162609,73.34729600825119,74.34008565003556,23168400
2025-09-24,71.79854583740234,73.91318502543342,71.74890332608054,73.42672022689162,27972000
2025-09-25,72.60269927978516,72.67219424743008,71.49077979746642,71.7886121269232,23268600
2025-09-26,74.14153289794922,74.38973031558103,72.7119133485871,73.14874322742199,21411900
2025-09-29,75.17403411865234,76.31574374027457,74.81662923580741,76.02783383051704,24062700
2025-09-30,75.84912872314453,76.62350341729613,74.20109431301987,74.42943925907203,21221700
2025-10-01,76.57386016845703,77.39787736557847,76.03775286819914,76.55400770891428,22633000
2025-10-02,76.54407501220703,77.75527951026974,73.56570627574463,77.72549703480647,41791200
2025-10-03,76.52422332763672,77.19932055104088,75.97818602400709,76.76249070813716,15113300
2025-10-06,78.0431900024414,78.91684211180268,77.22910284446874,77.49715270010095,26286300
2025-10-07,76.4150161743164,78.12261548593654,76.13703630021703,78.0928330100521,21615600
2025-10-08,78.57929992675781,78.57929992675781,77.03054296919605,78.11268759352245,25676100
2025-10-09,75.06482696533203,78.75800572063909,74.04225482516149,78.619015773881,40970500
2025-10-10,75.23359680175781,76.0675440279997,74.53864709187604,75.31302178985395,24817200
2025-10-13,78.79771423339844,78.88706166277676,77.39787724473555,77.51701472495697,26089500
2025-10-14,77.88434600830078,78.82750073248698,77.05040632734526,77.46737616782302,20129200
2025-10-15,80.882568359375,81.1506182134613,78.66864426147058,78.93670168994028,31551700
2025-10-16,83.83116149902344,84.47646871993892,81.13077240596851,81.86543463516068,39781800
2025-10-17,78.1623306274414,81.82571919866268,76.62350367660568,81.57752179203652,70598800
2025-10-20,79.78057861328125,80.43581585783744,78.44031407153915,79.60187616942336,29436000
2025-10-21,72.2651596069336,74.44929380943194,71.60991480155374,74.0422539911919,71270200
2025-10-22,72.42400360107422,72.79133850678885,69.77325699254791,69.97181947173857,47998500
2025-10-23,73.25794982910156,74.14153201945057,73.05938735271842,73.98268203834405,25689000
2025-10-24,72.27508544921875,73.47635994863823,71.62977069845397,71.97724554136316,24477100
2025-10-27,69.40592956542969,70.8653240199503,67.63875758780028,69.64419696574554,50661700
2025-10-28,70.50791931152344,70.7263342516949,67.92666767411842,68.14508261428988,28611800
2025-10-29,70.55755615234375,72.47364037200357,70.19022127573498,72.37436292746656,33614500
2025-10-30,72.3743667602539,72.53320916504835,70.00160011056056,70.40863992703326,25166200
2025-10-31,71.54042053222656,72.39422024645074,70.63698587959364,72.38429780339939,20882300
2025-11-03,70.78590393066406,71.91768350742076,70.22001414228572,71.20287375907257,15630000
2025-11-04,67.78767395019531,69.12793842050941,67.70824896285043,68.840028522172,28765500
2025-11-05,70.16043853759766,70.37885345939287,68.97902407557073,69.40592390242952,24340100
2025-11-06,70.24979400634766,72.18573069079386,70.19022147994534,70.75611124727449,22007600
2025-11-07,72.02689361572266,72.02689361572266,69.97181930101428,70.96460897139289,20421900
2025-11-10,75.43215942382812,75.91862422172453,74.0819649210112,74.69748964403578,30851200
2025-11-11,76.15689086914062,76.26609833333129,74.40957901647383,75.98811845153097,17170100
2025-11-12,78.67858123779297,79.39339101109772,75.74985474513034,76.19660706625376,33319500
2025-11-13,76.49444580078125,79.16504481702773,75.8689834717252,78.9168474037538,30345900
2025-11-14,75.6108627319336,76.35545496305454,72.72184123948003,73.00975114443953,28841200
2025-11-17,74.40957641601562,76.41501562071842,73.6649842267651,75.10453367061284,25837000
2025-11-18,75.08467864990234,75.91862589621668,73.84369158496978,75.06482618959235,24323800
2025-11-19,75.83919525146484,77.61628950487015,74.97546559189522,76.39515499129814,21959400
2025-11-20,72.44386291503906,77.17946627442969,72.41408043705296,76.18667661151153,34685000
2025-11-21,73.11895751953125,74.121677163301,71.92760542289034,72.49349520712005,25694900
2025-11-24,77.39788055419922,77.43759304930443,73.53592940422949,73.6153543944399,24487400
2025-11-25,77.2390365600586,77.97369876843969,76.3058118802341,76.7525641858101,14938400
2025-11-26,80.96199798583984,81.2399778725001,77.9836290726791,78.08290652157436,27375300
2025-11-28,82.6298828125,82.67951774851367,81.18040331224165,81.66687567610771,15906800
2025-12-01,82.22283935546875,83.4241139353946,81.5278896230766,83.34468894472579,20533900
2025-12-02,81.02156066894531,82.36182512741796,78.72821909390579,81.87536033940005,25468400
2025-12-03,80.47552490234375,82.32211421822083,80.35639499447024,81.53780950239057,17556100
2025-12-04,80.80314636230469,80.90242380917786,79.45295187655516,79.76071423417712,12264600
2025-12-05,80.44573974609375,83.15605867570423,80.13797739515898,81.40874686604467,17559200
2025-12-08,78.5892333984375,80.66416015945009,78.49987839004272,80.43581520411591,18977000
2025-12-09,81.34918212890625,81.47824204993954,78.71828817787474,78.72821819468763,19287000
2025-12-10,82.71923065185547,83.33476294166762,79.94934670927631,80.96199636108392,22917900
2025-12-11,85.6380386352539,86.81945318618178,82.52067969268505,82.60009710936387,29997000
2025-12-12,85.04236602783203,87.8618850303911,83.63259895216848,87.8618850303911,26735900
2025-12-15,84.23819732666016,86.12449911023364,83.11634778837126,85.88623172343623,21774900
2025-12-16,84.21834564208984,85.67774760162332,83.14613103005908,84.54596803594097,14848800
2025-12-17,85.21113586425781,85.99544058183656,84.00986131942469,85.48911574909407,17984700
2025-12-18,85.05228424072266,86.5712511351551,84.22826704492478,84.71473940835261,18771500
2025-12-19,87.1570053100586,88.05051752047041,84.9430810317262,84.96294106661536,24699800
2025-12-22,90.18000030517578,91.05000305175781,89.06999969482422,89.66000366210938,24707400
2025-12-23,90.2699966430664,90.4800033569336,88.69000244140625,90.3499984741211,18969200
2025-12-24,89.69999694824219,90.2699966430664,88.2699966430664,89.80000305175781,14136200
2025-12-26,91.29000091552734,91.66999816894531,89.61000061035156,90.93000030517578,24708900
2025-12-29,85.8499984741211,87.47000122070312,84.88999938964844,86.93000030517578,39910100
2025-12-30,86.83999633789062,88.4000015258789,86.55999755859375,88.05000305175781,19494800
2025-12-31,85.7699966430664,87.7300033569336,85.66000366210938,86.44999694824219,13174500
2026-01-02,85.7300033569336,87.20999908447266,83.2300033569336,87.12000274658203,24032300
2026-01-05,88.44999694824219,90.66000366210938,87.27999877929688,87.77999877929688,25195000
2026-01-06,92.13999938964844,92.20999908447266,89.06999969482422,89.2699966430664,23581700
2026-01-07,91.05999755859375,91.12999725341797,88.08999633789062,89.45999908447266,18414900
2026-01-08,91.54000091552734,91.55999755859375,88.79000091552734,89.11000061035156,17535800
2026-01-09,92.55999755859375,93.16999816894531,91.2300033569336,91.80999755859375,18108500
2026-01-12,95.72000122070312,96.9800033569336,95.06999969482422,95.19000244140625,27296500
2026-01-13,96.47000122070312,97.97000122070312,96.23999786376953,97.02999877929688,19578600
2026-01-14,96.86000061035156,98.41999816894531,95.37000274658203,98.41000366210938,22672600
2026-01-15,97.11000061035156,97.83000183105469,95.31999969482422,96.08999633789062,13979500
2026-01-16,97.23999786376953,97.33999633789062,94.44000244140625,96.27999877929688,19587300
2026-01-20,102.77999877929688,103.0199966430664,100.9000015258789,101.52999877929688,33061000
2026-01-21,101.29000091552734,105.33000183105469,100.55999755859375,104.9000015258789,34861200
2026-01-22,105.16999816894531,105.83999633789062,101.05000305175781,101.13999938964844,30396700
2026-01-23,107.0199966430664,107.62000274658203,104.8499984741211,105.52999877929688,19623000
2026-01-26,107.4800033569336,112.54000091552734,107.44999694824219,110.69000244140625,38883300
2026-01-27,109.29000091552734,109.37999725341797,103.87999725341797,107.91999816894531,30779100
2026-01-28,112.16000366210938,112.23999786376953,109.01000213623047,110.37999725341797,31375500
2026-01-29,107.9800033569336,113.5,104.6500015258789,113.29000091552734,66962400
2026-01-30,94.19999694824219,101.87999725341797,93.12000274658203,98.91000366210938,102904800
2026-02-02,94.19000244140625,96.87000274658203,92.0,93.97000122070312,35455600
2026-02-03,98.22000122070312,99.98999786376953,95.66000366210938,99.79000091552734,43633800
2026-02-04,98.69999694824219,101.12000274658203,94.94000244140625,101.01000213623047,30256800
2026-02-05,92.44000244140625,97.19999694824219,92.27999877929688,94.54000091552734,39586600
2026-02-06,97.38999938964844,97.93000030517578,94.9800033569336,95.12999725341797,24807700
2026-02-09,102.88999938964844,103.08999633789062,98.51000213623047,98.55000305175781,27057100
2026-02-10,103.01000213623047,103.80000305175781,101.8499984741211,102.2699966430664,15407600
2026-02-11,105.97000122070312,106.47000122070312,102.48999786376953,105.48999786376953,22624300
2026-02-12,98.27999877929688,105.79000091552734,98.12999725341797,104.81999969482422,43435500
2026-02-13,103.94000244140625,104.13999938964844,99.52999877929688,100.91999816894531,31928300
2026-02-17,100.25,101.19000244140625,97.41000366210938,99.86000061035156,26743000
2026-02-18,102.55999755859375,103.69000244140625,101.29000091552734,101.81999969482422,18924100
2026-02-19,104.23999786376953,104.30000305175781,101.11000061035156,102.01000213623047,18466500
2026-02-20,106.26000213623047,106.38999938964844,102.02999877929688,104.33000183105469,23441000
2026-02-23,110.29000091552734,110.54000091552734,107.62000274658203,107.77999877929688,26609300
2026-02-24,110.69999694824219,111.5,106.47000122070312,107.0,15635700
2026-02-25,111.16000366210938,113.16000366210938,110.87000274658203,112.18000030517578,14632600
2026-02-26,113.88999938964844,114.0999984741211,109.12999725341797,110.4000015258789,18622900
2026-02-27,115.83999633789062,115.98999786376953,114.31999969482422,115.19000244140625,18646800
2026-03-02,115.33999633789062,117.18000030517578,111.36000061035156,116.45999908447266,27137300
2026-03-03,105.23999786376953,107.98999786376953,102.54000091552734,107.48999786376953,66618000
2026-03-04,105.87999725341797,108.26000213623047,104.30999755859375,108.16000366210938,20502900
2026-03-05,101.81999969482422,104.19999694824219,99.52999877929688,104.19999694824219,34024100
2026-03-06,101.37999725341797,102.5,98.27999877929688,99.25,25723000
2026-03-09,102.44000244140625,102.56999969482422,95.95999908447266,98.63999938964844,24687000
2026-03-10,103.37000274658203,105.73999786376953,103.0999984741211,104.05999755859375,21592200
2026-03-11,101.36000061035156,102.16000366210938,99.13999938964844,102.05000305175781,19278300
2026-03-12,99.30000305175781,101.11000061035156,98.41000366210938,101.04000091552734,20604300
2026-03-13,93.26000213623047,98.41000366210938,92.88999938964844,98.41000366210938,35725200
2026-03-16,94.37999725341797,95.86000061035156,92.3499984741211,93.3499984741211,21719600
2026-03-17,93.95999908447266,96.12999725341797,93.30999755859375,94.7699966430664,14897800
2026-03-18,88.11000061035156,90.3499984741211,87.7300033569336,89.98999786376953,41331300
2026-03-19,82.9000015258789,83.38999938964844,79.95999908447266,80.86000061035156,63111300
2026-03-20,80.12000274658203,83.38999938964844,78.73999786376953,83.31999969482422,40023300
2026-03-23,83.37999725341797,84.97000122070312,81.12000274658203,81.36000061035156,62217700
2026-03-24,83.5,84.12000274658203,80.77999877929688,81.91000366210938,23529700
2026-03-25,86.31999969482422,88.06999969482422,85.5,87.5199966430664,33509100
2026-03-26,82.38999938964844,86.52999877929688,82.2699966430664,83.47000122070312,41416000
2026-03-27,85.79000091552734,86.91999816894531,82.38999938964844,82.79000091552734,35300800
2026-03-30,85.79000091552734,88.41000366210938,84.7300033569336,87.38999938964844,24114400
2026-03-31,91.7699966430664,91.77999877929688,87.87999725341797,88.05000305175781,36516300
2026-04-01,96.01000213623047,97.70999908447266,93.4800033569336,94.70999908447266,42051300
2026-04-02,94.58999633789062,95.8499984741211,89.98999786376953,90.16000366210938,22726700
2026-04-06,93.81999969482422,95.27999877929688,93.41000366210938,94.26000213623047,11572800
2026-04-07,94.97000122070312,95.2300033569336,91.44000244140625,93.69000244140625,13596700
2026-04-08,98.18000030517578,101.37000274658203,96.62999725341797,100.87999725341797,26188600
2026-04-09,98.3499984741211,99.93000030517578,97.0,98.3499984741211,14310500
2026-04-10,99.38999938964844,100.22000122070312,98.79000091552734,98.9800033569336,17803500
2026-04-13,98.77999877929688,99.2300033569336,97.3499984741211,98.01000213623047,12446100
2026-04-14,100.75,101.56999969482422,99.41999816894531,100.05000305175781,15841100
2026-04-15,97.7699966430664,100.43000030517578,97.68000030517578,99.91999816894531,16644600
2026-04-16,97.66000366210938,99.0999984741211,97.3499984741211,98.20999908447266,13842000
2026-04-17,100.33999633789062,102.38999938964844,99.38999938964844,99.75,21381400
2026-04-20,99.12999725341797,99.55000305175781,98.0999984741211,99.45999908447266,11898000
2026-04-21,92.98999786376953,98.4800033569336,92.69000244140625,97.88999938964844,31531500
2026-04-22,94.4800033569336,95.76000213623047,94.04000091552734,95.04000091552734,14371300
2026-04-23,92.19000244140625,94.0,90.19999694824219,93.33000183105469,27735600
2026-04-24,94.33999633789062,94.51000213623047,92.22000122070312,93.1500015258789,16967400
2026-04-27,92.58999633789062,93.47000122070312,92.12000274658203,93.41999816894531,12010100
2026-04-28,88.54000091552734,90.62999725341797,88.11000061035156,90.13999938964844,25303500
2026-04-29,86.22000122070312,87.6500015258789,85.93000030517578,87.11000061035156,20765700
2026-04-30,88.29000091552734,89.44000244140625,87.41999816894531,88.9000015258789,23142400
2026-05-01,87.11000061035156,89.06999969482422,87.0,87.70999908447266,12337300
2026-05-04,85.6500015258789,87.3499984741211,85.45999908447266,86.13999938964844,15612800
2026-05-05,85.80999755859375,87.69999694824219,85.72000122070312,87.27999877929688,11557600
2026-05-06,92.44000244140625,93.08000183105469,90.44000244140625,90.51000213623047,35115100
2026-05-07,91.72000122070312,96.11000061035156,91.62999725341797,94.80000305175781,26825800
2026-05-08,94.58999633789062,95.30000305175781,92.75,93.12999725341797,19426900
2026-05-11,97.5999984741211,98.73999786376953,95.29000091552734,95.33999633789062,24402800
2026-05-12,97.13999938964844,97.55999755859375,92.8499984741211,95.5999984741211,22283200
2026-05-13,96.2300033569336,97.19999694824219,94.63999938964844,96.08999633789062,12254800
2026-05-14,93.94999694824219,95.91000366210938,93.54000091552734,95.9000015258789,14371600
2026-05-15,87.3499984741211,89.55000305175781,86.83000183105469,89.5,38654700
2026-05-18,87.13999938964844,89.52999877929688,86.38999938964844,88.6500015258789,16998000
2026-05-19,83.77999877929688,85.5999984741211,83.3499984741211,85.55000305175781,21922200
2026-05-20,86.36000061035156,86.94000244140625,83.66999816894531,84.58000183105469,20430700
2026-05-21,85.98999786376953,87.66000366210938,84.11000061035156,84.45999908447266,17092600
2026-05-22,85.0199966430664,86.13999938964844,83.94999694824219,85.61000061035156,14638800
2026-05-26,88.5,88.56999969482422,86.93000030517578,87.04000091552734,21638800
2026-05-27,85.44000244140625,87.3499984741211,85.33999633789062,85.83999633789062,19392200
2026-05-28,87.18000030517578,88.0,83.31999969482422,84.52999877929688,20959900
2026-05-29,89.48999786376953,90.36000061035156,86.6500015258789,87.37999725341797,22277000
2026-06-01,86.68000030517578,87.55000305175781,84.37999725341797,86.44999694824219,26022900
2026-06-02,88.05000305175781,88.29000091552734,85.98999786376953,87.93000030517578,19269000
2026-06-03,85.0,86.93000030517578,84.94000244140625,86.51000213623047,18139600
2026-06-04,86.4000015258789,87.47000122070312,85.62999725341797,86.36000061035156,13420200
2026-06-05,78.83999633789062,83.8499984741211,78.77999877929688,83.80000305175781,44792000
2026-06-08,78.66999816894531,80.30000305175781,78.45999908447266,79.36000061035156,18567600
2026-06-09,77.58999633789062,80.2300033569336,75.02999877929688,79.5,24897100
2026-06-10,73.80999755859375,76.80000305175781,73.62999725341797,74.79000091552734,26414500
2026-06-11,77.72000122070312,78.18000030517578,73.7699966430664,73.98999786376953,34820800
2026-06-12,80.02999877929688,80.6500015258789,77.76000213623047,78.54000091552734,25560200
2026-06-15,85.2699966430664,86.87999725341797,84.70999908447266,85.41999816894531,34324500
2026-06-16,87.23999786376953,87.58999633789062,85.66000366210938,86.1500015258789,21635600
2026-06-17,84.36000061035156,89.98999786376953,84.29000091552734,87.19999694824219,49821500
2026-06-18,82.51000213623047,86.56999969482422,81.47000122070312,84.91000366210938,37180400
2026-06-22,81.44000244140625,81.66999816894531,80.13999938964844,80.41999816894531,17354800
2026-06-23,77.66000366210938,79.22000122070312,77.25,77.77999877929688,26808400
2026-06-24,74.58999633789062,76.4000015258789,73.69999694824219,74.19000244140625,30515800
2026-06-25,75.66999816894531,76.93000030517578,74.52999877929688,76.48999786376953,30958700
2026-06-26,77.0,78.48999786376953,76.19000244140625,76.66000366210938,22781600
2026-06-29,75.68000030517578,76.19999694824219,74.58999633789062,76.12999725341797,18075700
2026-06-30,75.44999694824219,75.93000030517578,73.88999938964844,75.38999938964844,16874800
2026-07-01,75.06999969482422,78.16000366210938,74.9800033569336,75.43000030517578,22382800
2026-07-02,78.43000030517578,79.19999694824219,76.77999877929688,77.70999908447266,29963500
2026-07-06,78.73999786376953,80.18000030517578,77.5,79.5199966430664,13977300
2026-07-07,75.76000213623047,78.79000091552734,75.12999725341797,78.3499984741211,20562000
2026-07-08,73.52999877929688,74.80999755859375,71.88999938964844,74.08999633789062,25642300
2026-07-09,75.77999877929688,76.05000305175781,74.31999969482422,75.1500015258789,16240900
2026-07-10,75.52999877929688,76.04000091552734,74.51000213623047,75.08999633789062,8140100
2026-07-13,73.37000274658203,74.63999938964844,72.83999633789062,74.0999984741211,20251200
2026-07-14,74.87999725341797,76.86000061035156,74.4800033569336,76.0999984741211,18329100
2026-07-15,74.0,75.29000091552734,72.63999938964844,74.44000244140625,14705400
2026-07-16,71.4000015258789,72.9000015258789,71.04000091552734,72.87999725341797,23823100
2026-07-17,71.31999969482422,71.93000030517578,69.73999786376953,70.4000015258789,18182100
2026-07-20,70.73999786376953,71.61000061035156,70.5199966430664,71.13999938964844,12353800
2026-07-21,74.19000244140625,74.2300033569336,72.11000061035156,72.44000244140625,18735200
2026-07-22,76.68000030517578,77.98999786376953,75.91999816894531,75.91999816894531,20428100
2026-07-23,75.0199966430664,75.36000061035156,73.8499984741211,74.44000244140625,16371400
2026-07-24,75.2300033569336,76.4800033569336,74.62000274658203,75.5,10693600
2026-07-27,75.7300033569336,76.55999755859375,74.25,76.20999908447266,11401200
2026-07-28,74.20999908447266,75.1500015258789,73.33000183105469,74.5,14266200
2026-07-29,73.56999969482422,76.02999877929688,72.18000030517578,73.94000244140625,25718800
2026-07-30,76.77999877929688,76.80999755859375,74.30000305175781,75.3499984741211,20321300
2026-07-31,74.0999984741211,75.31999969482422,72.91999816894531,74.87999725341797,17782700
2026-08-03,76.05000305175781,76.12000274658203,73.62000274658203,74.30999755859375,13804000
2026-08-04,77.91999816894531,78.86000061035156,77.01000213623047,77.61000061035156,20255600
2026-08-05,83.68000030517578,84.30999755859375,81.80999755859375,82.19999694824219,40684600
2026-08-06,83.91999816894531,84.4800033569336,82.18000030517578,82.44000244140625,25510600
2026-08-07,89.88999938964844,90.80000305175781,88.44000244140625,89.30999755859375,44624100
2026-08-10,90.48999786376953,90.75,87.43000030517578,88.9000015258789,22709800
2026-08-11,90.12000274658203,90.94000244140625,89.25,90.0,15322200
2026-08-12,90.95999908447266,92.66000366210938,90.37999725341797,92.58999633789062,18593300
2026-08-13,88.2699966430664,89.25,87.5199966430664,89.20999908447266,36716300
2026-08-14,89.97000122070312,91.0199966430664,89.36000061035156,89.63999938964844,15204300
2026-08-17,91.88999938964844,92.5999984741211,90.31999969482422,90.94000244140625,17103700
2026-08-18,88.94999694824219,91.20999908447266,88.77999877929688,90.54000091552734,22466000
2026-08-19,97.33000183105469,97.47000122070312,93.80999755859375,94.02999877929688,44388800
2026-08-20,99.8499984741211,100.33000183105469,96.30000305175781,96.31999969482422,33388100
2026-08-21,102.83000183105469,103.25,101.7699966430664,102.6500015258789,33601600
2026-08-24,103.54000091552734,104.66000366210938,101.52999877929688,103.9800033569336,22815300
2026-08-25,105.5199966430664,105.66999816894531,101.80000305175781,101.94000244140625,26039900
2026-08-26,102.41999816894531,104.16000366210938,102.30999755859375,103.37000274658203,23884500
2026-08-27,103.69000244140625,104.11000061035156,101.69000244140625,102.13999938964844,16851400
2026-08-28,99.6500015258789,104.77999877929688,98.69000244140625,104.23999786376953,41059500
2026-08-31,98.51000213623047,99.63999938964844,96.98999786376953,99.27999877929688,17583100
2026-09-01,94.66999816894531,98.26000213623047,94.48999786376953,95.16000366210938,31351700
2026-09-02,97.62999725341797,98.76000213623047,96.30000305175781,96.95999908447266,22553300
2026-09-03,101.48999786376953,101.70999908447266,99.05999755859375,100.68000030517578,29159600
2026-09-04,99.26000213623047,100.0999984741211,98.01000213623047,98.75,21521700
2026-09-08,98.41000366210938,100.30000305175781,98.37000274658203,98.88999938964844,12532800
2026-09-09,99.47000122070312,101.4800033569336,98.69000244140625,100.45999908447266,15094200
2026-09-10,96.02999877929688,97.44000244140625,95.62000274658203,96.52999877929688,21940300
2026-09-11,97.0999984741211,99.08000183105469,96.2300033569336,98.20999908447266,14303700
