Price,Close,High,Low,Open,Volume
Ticker,GOOGL,GOOGL,GOOGL,GOOGL,GOOGL
Date,,,,,
2020-01-02,67.7889404296875,67.7889404296875,66.68990145950006,66.78499723022476,27278000
2020-01-03,67.4343032836914,68.04004277301541,66.73099674208892,66.76468042543556,23408000
2020-01-06,69.2317123413086,69.25696943800752,66.91327410590613,66.94447138154142,46768000
2020-01-07,69.09798431396484,69.51353233718912,68.92215954793207,69.36296466843042,34330000
2020-01-08,69.58979797363281,69.92708827263827,68.97514818608825,69.08361312830931,35314000
2020-01-09,70.32035827636719,70.76066463148995,69.84586943820742,70.42634437897857,33200000
2020-01-10,70.77452087402344,71.07070603223812,70.310937556679,70.79978552621174,26258000
2020-01-13,71.32281494140625,71.39462611312574,70.59672252569149,71.08606177612984,30730000
2020-01-14,70.85526275634766,71.45158567917265,70.71558541955466,71.3213249618821,26076000
2020-01-15,71.28170776367188,71.35996547159147,70.9082624349284,70.97562225633712,21550000
2020-01-16,71.82453918457031,71.85128510444423,71.32132441350373,71.59125490803231,26080000
2020-01-17,73.27870178222656,73.32971477239424,72.14102896920704,72.43770540506222,52424000
2020-01-21,73.4139175415039,73.7918217589049,72.81758704437881,73.25294322283658,48930000
2020-01-22,73.494140625,74.32176770966639,73.43421737387162,73.78438560666041,28458000
2020-01-23,73.5347671508789,73.97112094934903,73.31832847211646,73.67642456191712,26650000
2020-01-24,72.61750793457031,74.00579453539557,72.46941153544691,73.93744467656354,29786000
2020-01-27,70.91172790527344,71.15194240324553,70.30598833544614,70.90231884282338,34132000
2020-01-28,71.84138488769531,72.05435468204043,70.84387306528185,71.40750994470905,29724000
2020-01-29,72.1484603881836,72.51695556905503,71.58829239250339,72.2356283657092,21566000
2020-01-30,72.02711486816406,72.07663903462614,71.07368586337883,71.2272236271273,27110000
2020-01-31,70.96373748779297,72.7908491074276,70.68043021334437,72.70120227280468,43822000
2020-02-03,73.4312515258789,73.61451286401599,72.14400103298378,72.39362460503492,71636000
2020-02-04,71.58928680419922,72.67544793622372,70.43130693269775,72.0390098106241,95880000
2020-02-05,71.6209716796875,72.5387368823494,70.81019015766002,72.49069398479408,36376000
2020-02-06,73.10287475585938,73.37974302803424,71.84039019914903,71.91468022550302,37822000
2020-02-07,73.25839233398438,73.56249776232856,72.57985157058434,72.67791742804089,28360000
2020-02-10,74.72196197509766,74.73285986028971,73.06473523545293,73.16527994044252,38302000
2020-02-11,74.79131317138672,75.77297698245958,74.56298657133796,74.95029988809617,34852000
2020-02-12,75.21576690673828,75.29847595966785,74.72246000606891,75.07856842840461,31042000
2020-02-13,74.95625305175781,75.57833198696373,74.49117322726306,74.78834849593467,22914000
2020-02-14,75.22073364257812,75.28611341000067,74.56794111331477,75.01271398030723,23198000
2020-02-18,75.25588989257812,75.80664880823156,74.83836179261236,75.00329623708271,25642000
2020-02-19,75.52484130859375,75.81557760794904,75.33217844195833,75.64024404556166,22746000
2020-02-20,75.13455963134766,75.63380684700242,74.5040540802177,75.23460556899279,25962000
2020-02-21,73.47383880615234,74.83538676344855,73.22768413990144,74.51988466489536,42520000
2020-02-24,70.32381439208984,71.14203248501451,69.67647847176895,70.48181106187245,49560000
2020-02-25,68.6626205444336,71.16530235437199,68.37040306531343,70.8755637283308,51580000
2020-02-26,68.8681640625,70.01723343038937,68.17872546475806,69.09154047529304,49776000
2020-02-27,65.12776184082031,67.82460319145274,65.09259688693432,67.31643824425866,62290000
2020-02-28,66.3313217163086,66.48980964727754,62.81280047052396,63.114925882585645,80198000
2020-03-02,68.6626205444336,68.71957370541868,65.63542702644739,66.93258514724356,55430000
2020-03-03,66.25553894042969,69.74582523148922,65.83553196684268,69.22528109605555,56602000
2020-03-04,68.42886352539062,68.48730552549819,66.21987986401248,67.3075298484272,47598000
2020-03-05,65.11835479736328,67.04353972444319,64.46853998461333,66.64334092241998,54380000
2020-03-06,64.17632293701172,64.52351357609537,62.26797984013897,62.898976532107014,64640000
2020-03-09,60.21649932861328,62.046089626823395,59.33736414820625,59.680103417131555,69252000
2020-03-10,63.15751266479492,63.19119257438766,60.15310073180695,62.12830858804805,54872000
2020-03-11,59.97430419921875,62.254112587999046,58.995618063094234,61.825195353351596,54732000
2020-03-12,55.05362319946289,58.877239257863174,54.90107547594972,55.60190700027021,94326000
2020-03-13,60.141212463378906,60.1476514358914,55.09027308239977,58.19572453085053,79400000
2020-03-16,53.14430236816406,56.73364468343474,52.85109101159677,53.96697192726279,96520000
2020-03-17,55.37605667114258,55.7693139034493,51.960559548221276,54.01798135684941,83194000
2020-03-18,54.045223236083984,54.72871792879037,51.36125986645297,52.497451376816,93044000
2020-03-19,55.059566497802734,57.08727222944788,52.2800162642796,53.898117948670354,74064000
2020-03-20,52.90705108642578,56.387432973532285,52.604430705586964,56.01200383327532,82878000
2020-03-23,52.20969009399414,52.84266682638915,49.968020624039184,52.3206338995169,83672000
2020-03-24,55.967926025390625,56.13236167218039,53.80946443254948,54.67869553610549,72468000
2020-03-25,54.561805725097656,56.76830635581519,53.64007662230573,55.69898345564313,90324000
2020-03-26,57.59791946411133,58.02188655429654,54.08683123419366,55.210636119800014,76562000
2020-03-27,54.98973083496094,57.01000753590347,54.67968146820773,55.84212003077031,62794000
2020-03-30,56.775245666503906,57.00753615927192,54.40678424766814,56.09818990150613,58736000
2020-03-31,57.54987335205078,58.116975309708685,56.30026293947802,56.895104627215595,65228000
2020-04-01,54.5855827331543,55.93870800796117,54.15914057313883,55.67026253030741,51970000
2020-04-02,55.325042724609375,55.60933621040078,54.14130715012959,54.48156755049608,56410000
2020-04-03,54.12001037597656,55.41221477032094,53.24731792183612,55.210139089344835,51374000
2020-04-06,58.60186004638672,58.9762953691825,55.71978500169071,56.116016095420854,63320000
2020-04-07,58.570655822753906,60.4636457550222,58.30765931147763,60.27691932785058,61620000
2020-04-08,59.781131744384766,60.172408877801566,58.63949520421444,59.58797014138323,40334000
2020-04-09,59.75983810424805,60.5235705125273,59.059006596297905,60.33486781153998,54028000
2020-04-13,59.95003128051758,60.15359577018456,58.55926611146684,59.50873115752453,38702000
2020-04-14,62.665199279785156,63.18623839971038,60.84798810738659,61.41410381655945,63358000
2020-04-15,62.272438049316406,63.15454334623227,61.11841839764076,61.73802218124415,42236000
2020-04-16,62.27887725830078,63.06787067267617,61.326441990306215,62.75980131332511,57896000
2020-04-17,63.34720230102539,63.89201719578416,62.70332774802166,63.48092811623162,51050000
2020-04-20,62.46311950683594,63.239234907850815,62.229838995215836,62.89600062078531,35292000
2020-04-21,60.036705017089844,61.91086915528325,59.68207786569305,61.54980681039455,49648000
2020-04-22,62.32741928100586,63.39079836936155,61.27691436087398,61.470571022835095,46296000
2020-04-23,62.95939254760742,63.80039263918321,62.43240950578446,62.69045208401483,34202000
2020-04-24,63.22834014892578,63.283317036081904,61.613703473045874,62.1585184165666,37402000
2020-04-27,62.94404983520508,64.09509948830863,62.656782436914014,63.991085881650555,44186000
2020-04-28,61.04857635498047,63.6324860513774,60.93911760496872,63.55522594150271,80700000
2020-04-29,66.47643280029297,67.36646210279096,65.7112152796946,66.61610258783683,108358000
2020-04-30,66.7002944946289,66.86374009954754,65.45216923000982,65.94052598518793,55842000
2020-05-01,65.2451400756836,66.93456924056204,64.8657546120751,65.58045031969519,48872000
2020-05-04,65.52151489257812,65.59928136149354,64.18969042697206,64.78998106117524,30806000
2020-05-05,66.81521606445312,67.90435492472467,66.12231594881456,66.24464889864049,39666000
2020-05-06,66.63739013671875,67.78942954968366,66.62253213317703,67.25996769204086,31732000
2020-05-07,67.81865692138672,68.15149590002073,66.98954845815923,67.42391462370928,30652000
2020-05-08,68.56455993652344,69.17376079965929,67.95387024993067,68.43974816296604,33326000
2020-05-11,69.51798248291016,70.10935526187536,68.12672606272221,68.19061699528928,32718000
2020-05-12,68.11088562011719,70.04993105053738,68.07770072347968,69.74731441852666,33918000
2020-05-13,66.78102111816406,68.61358886479172,65.7745991923848,68.15940704714981,40368000
2020-05-14,67.2035140991211,67.22877119677766,65.54132953853221,66.0475144238828,36660000
2020-05-15,68.0058822631836,68.08116232621015,66.31893170113807,66.77757251881627,41544000
2020-05-18,68.60617065429688,68.98159604195445,67.07176788673299,67.43729297529579,47094000
2020-05-19,68.07225799560547,68.96822761418582,68.04056191972168,68.62103693080456,31586000
2020-05-20,69.79385375976562,69.93600237945327,68.71710196062703,68.80327989195237,38262000
2020-05-21,69.67450714111328,70.1554274195608,69.06232853947765,69.88450685474919,30894000
2020-05-22,69.99594116210938,70.18216501966805,69.13958802109688,69.53334027151953,28544000
2020-05-26,70.39860534667969,71.57442074037448,70.30103828130237,71.41840412552945,44590000
2020-05-27,70.3446273803711,70.59573978291996,69.0727336523979,70.3307594037654,31684000
2020-05-28,70.24359893798828,71.54223872814435,69.29462869018937,69.34019274463026,35170000
2020-05-29,71.00037384033203,71.15936052023724,70.13164166107148,70.35204041308344,37044000
2020-06-01,71.06724548339844,71.39958565996686,70.44367782066597,70.6130711741078,25162000
2020-06-02,71.43572998046875,71.46990489926614,70.41048241654713,71.07367384715906,23442000
2020-06-03,71.2841796875,71.76757874931127,70.90627548214987,71.4550542991904,27732000
2020-06-04,70.04843139648438,71.38670226943195,69.63784110482716,71.16183703101473,26982000
2020-06-05,71.32231140136719,71.63335457099181,69.71757894981374,70.11480005425456,42642000
2020-06-08,71.71953582763672,71.76707993120938,70.55263831946147,70.64179390519453,33878000
2020-06-09,71.91963195800781,72.69822621574482,71.43821292718843,71.58086036140007,33624000
2020-06-10,72.54469299316406,72.9443854607301,72.03256788922275,72.38669630726893,31762000
2020-06-11,69.43428802490234,71.89586510053333,69.26143333989086,71.37234333854855,47144000
2020-06-12,69.98009490966797,71.04941785617385,68.63687377649948,70.6209918779244,36676000
2020-06-15,70.36740112304688,70.57839082578148,68.70620674742224,68.81962939441132,30468000
2020-06-16,71.64178466796875,72.17173786067906,70.77602239457322,71.76708769172896,30648000
2020-06-17,71.94241333007812,72.42086224181243,71.08012003490119,71.96222904130842,30610000
2020-06-18,71.03010559082031,71.96371893186135,70.63981463059542,71.80919113015118,34862000
2020-06-19,70.56057739257812,71.54421373741724,70.28123023294962,71.32133607368311,52784000
2020-06-22,71.84928894042969,71.86365570720903,70.29062700074569,70.5788843487193,29442000
2020-06-23,72.50901794433594,73.06473450881036,71.5689657724206,71.91566513317868,37752000
2020-06-24,70.95976257324219,73.0939492987786,70.8260329822864,72.47434938272832,31592000
2020-06-25,71.37581634521484,71.43623840216229,70.30797457430236,70.88646948000576,23958000
2020-06-26,67.48483276367188,71.17372931513458,67.11138745973759,70.95630062297872,97640000
2020-06-29,69.20000457763672,69.24111726400062,66.94545740923932,67.37586340209062,45074000
2020-06-30,70.23416137695312,70.52885771285644,68.69282865102589,69.18564429876447,40286000
2020-07-01,71.42039489746094,71.74134600155978,70.04250739980611,70.28965970171213,42182000
2020-07-02,72.80370330810547,73.72444598163634,71.86959145579172,71.90773404783084,57218000
2020-07-06,74.27571868896484,74.78834258604863,73.15290382253794,73.70614161941427,44712000
2020-07-07,73.79380798339844,75.34900896864144,73.78291009668904,74.1013823199443,42364000
2020-07-08,74.47135162353516,74.84628574672716,73.91167491016297,74.33267187185562,31766000
2020-07-09,75.2172622680664,75.73632515529542,74.07463920841407,74.78487612661692,41836000
2020-07-10,76.22517395019531,76.3405766810764,74.3287224060496,74.94931249439476,35918000
2020-07-13,74.89878845214844,78.07506115466981,74.61796006227452,76.76651376660473,42954000
2020-07-14,75.32622528076172,75.42231108902422,73.5961894957982,73.93595870830924,38108000
2020-07-15,75.12909698486328,76.09242627991783,74.18557584472208,75.44360151241705,31026000
2020-07-16,75.03202056884766,75.081053498292,73.71207647834652,74.3673402136335,26484000
2020-07-17,75.12760162353516,75.45350280247234,74.19893856976338,75.13057171289171,34264000
2020-07-20,77.45496368408203,77.71102621712684,74.42677974635325,75.03598064140695,30166000
2020-07-21,77.06269073486328,78.60452239445694,76.89924512180716,78.50447647844284,27486000
2020-07-22,77.50499725341797,77.61049212940189,76.43418534115442,77.05230414707529,24482000
2020-07-23,75.12266540527344,77.77740431624677,74.71850645345809,77.55848677338363,33910000
2020-07-24,74.6996841430664,75.05728143638413,73.67840404854456,74.2529388126378,29902000
2020-07-27,75.75066375732422,76.15333377522397,74.903727359247,74.94979019138414,27124000
2020-07-28,74.47384643554688,75.58130462662591,74.31881982215236,75.53128165806655,30910000
2020-07-29,75.45745849609375,75.94382760403128,74.44211877202297,74.54068341099557,22676000
2020-07-30,76.1934585571289,76.31827031988374,74.05381538279661,74.19249511919088,36042000
2020-07-31,73.69623565673828,74.54169101337568,72.01473400683179,74.14694868578218,91468000
2020-08-03,73.43917846679688,74.18062017124197,72.89237966344939,73.84729750950987,45482000
2020-08-04,72.97063446044922,73.9517993959219,72.51150244507616,73.63481601890071,37212000
2020-08-05,73.25740051269531,73.7977603028216,72.8676083882849,73.1449754464307,29134000
2020-08-06,74.53821563720703,74.60359539633092,72.90129570804297,73.11179419733642,33306000
2020-08-07,74.2123031616211,75.28806481600239,73.61300271038478,74.74077492864971,27718000
2020-08-10,74.13554382324219,74.64717003743995,73.17814726696281,73.83737860375646,20546000
2020-08-11,73.3292236328125,74.81013451807152,73.21283088279655,73.99587650416217,31098000
2020-08-12,74.65164947509766,74.87106582359891,73.5501314911912,73.65513513346298,22512000
2020-08-13,75.11770629882812,76.12413598226395,74.69968693523121,74.69968693523121,22388000
2020-08-14,74.52236938476562,75.273227709081,74.24352104005268,74.9671346484646,21942000
2020-08-17,75.09739685058594,75.47084973901934,74.54069773760847,75.08402766795639,19990000
2020-08-18,77.05577087402344,77.13451982287252,75.3663489668669,75.58674777639528,28378000
2020-08-19,76.50253295898438,77.70360557700526,76.27420635249926,76.89281637657025,30472000
2020-08-20,78.06959533691406,78.26374694961733,75.99979101892629,76.27269155355901,26382000
2020-08-21,78.03593444824219,78.84374588387767,77.379181914603,77.84920424259258,34838000
2020-08-24,78.51042938232422,79.68079599033967,78.00969336995657,78.8729768563315,25638000
2020-08-25,79.5356674194336,79.68573629924437,78.15034355310362,78.26029732922122,25150000
2020-08-26,81.4316177368164,81.86054250084388,79.2944607066863,79.55795223867145,52188000
2020-08-27,80.65848541259766,81.62280478029065,80.17755759803542,81.55445492871448,31350000
2020-08-28,81.1988296508789,81.29392541571589,80.51434873048748,80.70553028997895,22418000
2020-08-31,80.70850372314453,81.4499453974178,80.50048409065784,81.40388255781721,26422000
2020-09-01,81.97395324707031,82.17900277714993,80.7084986725955,80.83875938689788,22652000
2020-09-02,85.06008911132812,85.49148515532607,82.22704700647303,82.61436027263139,49522000
2020-09-03,80.70752716064453,84.19880380071199,79.62779739378053,84.17502796518045,63726000
2020-09-04,78.31526947021484,80.9789181114478,76.17364614376099,79.69166780285563,55850000
2020-09-08,75.46192932128906,77.04436739202738,75.11027221808052,75.53126920055102,54032000
2020-09-09,76.6323013305664,77.20137961783531,75.53969369145184,76.71501039797505,39242000
2020-09-10,75.5832748413086,77.9413371691377,75.28362830526697,76.77840721698225,33024000
2020-09-11,75.07362365722656,76.20980761182184,73.94734000116009,75.68728345893592,30706000
2020-09-14,74.73037719726562,77.11617505248893,74.54613341810307,75.86062084569654,42660000
2020-09-15,76.03250122070312,76.81852453848204,75.38764408134462,75.67441267924397,23042000
2020-09-16,74.89185333251953,76.9859252393696,74.8670874705173,76.39703128180564,22128000
2020-09-17,73.65115356445312,74.22667831338956,72.43374183764101,73.59023272087275,40008000
2020-09-18,71.87060546875,74.05532197086009,70.90628605462157,73.71357269652282,63056000
2020-09-21,70.83296966552734,71.32428892547448,69.47291064999759,70.90626965325599,56908000
2020-09-22,72.30298614501953,72.50853448781227,70.8012770688142,71.83246499368731,33950000
2020-09-23,69.80525207519531,71.9691626068808,69.47291945647498,71.92012967764403,37726000
2020-09-24,70.47240447998047,71.22177395957205,69.44666551695688,69.47292020222153,34552000
2020-09-25,71.2747802734375,71.61553195564812,69.7205692871445,70.58088264094437,30326000
2020-09-28,72.24553680419922,72.95528245525625,71.63237575187196,72.90575828659614,30784000
2020-09-29,72.61006927490234,72.90624691880095,72.01472878247793,72.50556444051016,31816000
2020-09-30,72.58927154541016,73.6095616972564,72.10191227440997,72.35846607862854,40924000
2020-10-01,73.6937484741211,74.04887444818279,73.14397960876425,73.4837487839476,32884000
2020-10-02,72.09397888183594,73.25443754193107,71.68536859355801,72.29357949447781,31222000
2020-10-05,73.44264221191406,73.53525912459374,72.31635858239636,72.44315041789427,21602000
2020-10-06,71.86713409423828,73.52634094837055,71.56946764606727,73.0795956580277,26096000
2020-10-07,72.26930236816406,72.75617029736776,70.98601215906616,72.27772140006516,36108000
2020-10-08,73.47236633300781,73.70019413862819,72.58183818176148,72.58183818176148,26076000
2020-10-09,74.81063079833984,74.87997068233433,73.64918207332177,73.93941955614731,32966000
2020-10-12,77.49211120605469,78.67237799092965,75.74423987697185,76.17514472081848,55344000
2020-10-13,77.61493682861328,78.51091381347847,77.19691752122968,78.10725371718881,39072000
2020-10-14,77.43513488769531,78.44601566717203,76.56640272312434,77.9878813147032,33174000
2020-10-15,77.04042053222656,77.82941402552413,76.33018355186162,76.49709052701921,31210000
2020-10-16,77.6461410522461,78.14191926255268,77.14887401848515,77.35540481727263,34194000
2020-10-19,75.77642059326172,78.44998449026,75.42823999179122,78.05375343917586,29734000
2020-10-20,76.82298278808594,77.95025657100902,75.30839568992401,75.4376663929067,41670000
2020-10-21,78.55200958251953,79.99577518358736,77.6183964609002,77.75261728123418,60322000
2020-10-22,79.5757827758789,79.910594254677,78.1305356462578,78.50299093291768,30512000
2020-10-23,80.87939453125,80.93585647440653,79.83581971920754,79.9913451278835,30548000
2020-10-26,78.46782684326172,80.71097762065797,77.65010749864534,79.98885284156889,35826000
2020-10-27,79.1904525756836,79.34498037508608,78.10627156885218,78.69764440121118,25902000
2020-10-28,74.82796478271484,76.95819174187838,74.71306085293473,76.7699878111158,45174000
2020-10-29,77.11024475097656,78.6882238840547,75.11274990801195,75.13602694613932,55406000
2020-10-30,80.04383087158203,83.27360331441317,79.32368610800994,82.58614465419454,99878000
2020-11-02,80.45045471191406,82.13046723044356,79.95120007630521,80.41182087807515,44228000
2020-11-03,81.50740051269531,82.16811321292346,79.84571468441665,80.76942769311421,31432000
2020-11-04,86.46968078613281,87.66728434181076,84.34737426162542,84.47515612599635,71342000
2020-11-05,87.2943344116211,88.74651929237847,86.23095164260569,87.68808667270783,39758000
2020-11-06,87.15714263916016,87.59150879312968,86.0155021766149,86.74159460999942,28622000
2020-11-09,87.2408447265625,89.98820035330125,87.0491719162003,88.95256106744117,53440000
2020-11-10,86.06700897216797,87.13980073118289,84.99718730255921,85.67325673768963,43022000
2020-11-11,86.53803253173828,87.31414035453767,86.331494168355,86.59597572878391,31838000
2020-11-12,86.31961059570312,87.41716831631348,86.0793960905829,86.27899669762176,26474000
2020-11-13,87.77772521972656,88.01892972596343,85.98082873454973,86.57616160127186,29744000
2020-11-16,87.86540222167969,88.87133305076017,87.23638559682094,87.37556415004508,25468000
2020-11-17,87.25272369384766,88.01942997162081,87.14524878033151,87.55979919388194,21314000
2020-11-18,86.21163940429688,87.41816090841624,86.10911462619481,87.00410167631715,20108000
2020-11-19,87.09968566894531,87.34336905613068,85.68564336156041,85.84463006966791,20106000
2020-11-20,86.0006332397461,87.58455989380407,85.932283400735,87.26955661651292,27694000
2020-11-23,85.56379699707031,86.47661206181675,84.70299250728546,86.19083352627514,22530000
2020-11-24,87.36366271972656,87.49144457321789,85.22550834263211,85.56081856712366,27984000
2020-11-25,87.37506103515625,87.6846154040814,86.59399550711878,87.55733233080412,19600000
2020-11-27,88.5087661743164,89.00356188644805,87.39536057046436,87.39536057046436,14790000
2020-11-30,86.89315032958984,88.17792187358639,86.56823916359279,87.94563517843181,32418000
2020-12-01,88.92184448242188,90.22742179874707,87.32058076701112,87.50037321261483,37350000
2020-12-02,90.38838958740234,90.77323158063015,88.41714942363055,88.92184549114057,29424000
2020-12-03,90.23336791992188,91.32249899387762,89.99364466340876,90.16897819276261,24728000
2020-12-04,90.32846069335938,90.61275039832083,89.8247471296678,90.15312716981667,20544000
2020-12-07,89.99513244628906,90.60235326181058,89.30222492676637,89.9218248939155,22288000
2020-12-08,89.71281433105469,89.9426297266843,88.71976907569164,89.57364334514529,19936000
2020-12-09,88.05510711669922,90.55680719153935,87.26958252844135,89.66479013673212,31728000
2020-12-10,87.54940795898438,87.91294541969803,85.85948741239226,87.29928560071609,28688000
2020-12-11,87.9035415649414,88.02786211840036,86.81094150082778,87.17051886332163,18628000
2020-12-14,86.78715515136719,88.64646138219037,86.63212857361042,87.70145902583772,33050000
2020-12-15,87.22400665283203,87.36862659206206,86.26265739646938,87.1635770419372,21352000
2020-12-16,87.03134155273438,87.62172437675173,86.62867898839477,87.62172437675173,24676000
2020-12-17,86.2052001953125,87.50285735113397,85.74161679590512,87.36516761745172,34880000
2020-12-18,85.49742889404297,86.59399654062504,84.94171984684814,86.48553159053134,85256000
2020-12-21,85.9104995727539,86.03135123435776,83.90161560192239,84.6509850821295,33974000
2020-12-22,85.20025634765625,85.81391611478843,84.4850618452266,85.65146053831243,20370000
2020-12-23,85.59698486328125,86.38349935541012,85.2487966486839,85.38401507930502,22974000
2020-12-24,85.89069366455078,86.29930394276053,85.40481570948793,85.6351223589814,9312000
2020-12-28,87.86193084716797,88.50778551934158,86.27008374728062,86.42312271463942,27650000
2020-12-29,87.05956268310547,88.5805885405759,86.92831193871541,88.51917646313515,19726000
2020-12-30,85.99420166015625,87.55485141341681,85.58559141430368,87.41815172364336,21026000
2020-12-31,86.80599212646484,87.0466978810566,85.98628511672274,86.04473467107165,21070000
2021-01-04,85.49298095703125,87.29383777569227,84.55242988583664,87.17051481537992,37324000
2021-01-05,86.18241119384766,86.518212674344,85.03582065494678,85.44146080222832,20360000
2021-01-06,85.33199310302734,86.37655760727593,84.00561776791312,84.21165731528339,46588000
2021-01-07,87.88074493408203,88.05310079724593,85.5241643146122,85.5241643146122,41936000
2021-01-08,89.044189453125,89.11996830738771,87.23093833658534,88.02043050877582,35484000
2021-01-11,86.98676300048828,88.37802708213147,86.78122221235388,88.01349202621859,34796000
2021-01-12,86.05264282226562,87.56178078053122,85.01006585841895,86.44540502976464,29528000
2021-01-13,86.53901672363281,86.99170972857497,85.55190413352405,85.55190413352405,23432000
2021-01-14,85.73021697998047,87.54445807823365,85.49000247726248,86.61925625813795,29212000
2021-01-15,85.5667724609375,86.55734649603514,84.7787766806219,85.63611234109513,31444000
2021-01-19,88.38247680664062,89.34184591188985,85.82481417418919,86.32852017503099,41660000
2021-01-20,93.11741638183594,94.09065343418634,90.11795870459963,90.45772029557415,64152000
2021-01-21,93.31949615478516,95.69340636712899,93.084730602036,93.7900248476181,58634000
2021-01-22,93.73603057861328,94.32195440792064,92.94059830219506,93.68154870879067,32744000
2021-01-25,93.82122039794922,95.18524723091947,92.08177576243477,94.7355242882723,50586000
2021-01-26,94.498291015625,94.88461430682868,92.92229180729993,93.41064108604714,31462000
2021-01-27,90.0897445678711,93.13724583720952,89.01695259706476,92.86186634828559,82512000
2021-01-28,91.78659057617188,93.50968842844524,90.68705283027275,90.68705283027275,55278000
2021-01-29,90.50675964355469,91.50625144946868,89.22892586011437,90.83662096022837,44530000
2021-02-01,93.76129913330078,94.87420605547841,91.36014419942674,91.36014419942674,40252000
2021-02-02,95.05152130126953,96.54976147357345,94.42002583322707,94.75484486792932,66332000
2021-02-03,101.97364807128906,104.33814919011594,99.72850978697359,102.30697827129922,97882000
2021-02-04,101.71363830566406,102.48974622510646,100.7958654111506,102.05983893746082,48596000
2021-02-05,103.45703125,103.80917957809702,101.53383402404027,102.00732524757738,29866000
2021-02-08,103.24356079101562,104.75319758057728,102.19504362216297,104.0102671012824,28828000
2021-02-09,102.7913589477539,103.93646062177366,102.52439855642956,102.76213417611844,21892000
2021-02-10,103.34064483642578,103.95480346885013,101.64478405598078,103.17521915125829,25102000
2021-02-11,103.45307159423828,103.71309424491231,102.46794654227034,103.56451419165847,20480000
2021-02-12,103.76411437988281,103.98550319284138,102.70122286478392,103.00830594107755,18990000
2021-02-16,104.54022216796875,106.24599057738543,103.60165126363361,103.60165126363361,31004000
2021-02-17,104.9324951171875,105.12169662718253,103.43326492153011,103.71210570094998,20294000
2021-02-18,104.29802703857422,105.09940707577803,103.67990832770771,104.25791193608758,22546000
2021-02-19,103.45603942871094,104.93051126685963,103.18957781103883,104.39609920802339,37938000
2021-02-22,101.74482727050781,103.03604540908852,101.43478165155308,101.71214116930174,29466000
2021-02-23,102.03507232666016,102.6482409584717,98.57351192538236,99.75031746108753,34658000
2021-02-24,103.2083969116211,103.43177333989358,100.4209263192636,100.54523930328276,22608000
2021-02-25,99.84738159179688,103.1682817745652,99.37884052135821,101.82753952667834,41548000
2021-02-26,100.14256286621094,101.85675030888427,99.10741493382858,100.54077400518413,40042000
2021-03-01,102.50756072998047,102.83296310784887,100.76216848792156,101.43476901340017,26060000
2021-03-02,102.25100708007812,103.74974598869453,101.86419259805125,102.26883517462322,25564000
2021-03-03,99.62252044677734,102.82108003698221,98.76021959763636,101.63041426269442,33892000
2021-03-04,100.7379150390625,102.75174921117376,99.32634401579678,99.7938950813685,49216000
2021-03-05,103.86516571044922,104.31736002315787,100.43332118715664,102.08609691706783,53100000
2021-03-08,99.4288558959961,104.69078098229744,99.31444321918345,103.22077571333456,36868000
2021-03-09,101.0563735961914,102.22327112991414,100.82061801783814,101.5214533376975,33920000
2021-03-10,100.84983825683594,102.09845476210063,100.01478213556005,102.09845476210063,27100000
2021-03-11,104.03701782226562,104.56845981561914,101.85329909223847,101.94096586019782,27702000
2021-03-12,101.5338363647461,102.90132457610481,100.66312398359679,102.84189255369952,33818000
2021-03-15,101.75374603271484,101.78098319105705,100.43380945781465,101.28520493789203,26168000
2021-03-16,103.21236419677734,104.6878185156379,101.99395487739476,102.32579625344081,31900000
2021-03-17,103.12964630126953,103.96073477582843,101.24260410401793,102.44862669920484,26382000
2021-03-18,100.11434936523438,102.46250383292768,100.0073656743991,101.44369503142143,31700000
2021-03-19,100.39270782470703,100.89195501624025,99.20253305231489,100.52990633386679,46072000
2021-03-22,100.57745361328125,101.45163501973133,99.75081632098231,100.42589588554526,33536000
2021-03-23,101.10442352294922,102.23268729902472,100.44420961042817,101.03607367204845,28510000
2021-03-24,100.6685791015625,102.40554505722855,100.49373679196368,101.6210105719403,25218000
2021-03-25,100.66509246826172,101.31787728222385,98.86372953953217,100.49619792553659,35616000
2021-03-26,100.2822494506836,101.00833433627938,99.24808389518084,100.63191893272102,27978000
2021-03-29,101.32532501220703,101.49471837986127,99.32733878067825,100.15496602638108,26492000
2021-03-30,101.35900115966797,102.16136368838866,100.84786611987286,101.68143348320557,27312000
2021-03-31,102.15393829345703,103.32975373421876,101.38525186813577,101.75176698502271,42570000
2021-04-01,105.48523712158203,105.78092353227542,103.58581563660896,103.62642953491097,39880000
2021-04-05,109.9021987915039,110.39897459955093,106.24945728036417,106.34554307628875,48510000
2021-04-06,109.42178344726562,110.34995542280497,109.05180698622642,109.50400127832772,35240000
2021-04-07,110.89625549316406,111.1671760565172,109.61197503307099,109.61197503307099,24134000
2021-04-08,111.46086120605469,112.5187949217881,111.0933561110182,112.1329629398662,28664000
2021-04-09,112.46333312988281,112.6267787456698,110.8085775812512,111.21372651622714,26146000
2021-04-12,111.1731185913086,111.7808306901955,110.34103246237824,111.64363975188911,25024000
2021-04-13,111.65898132324219,112.10672420770086,111.09534448767921,111.48860550102535,25682000
2021-04-14,111.03887939453125,112.30285272236088,110.74716068665896,112.30285272236088,21002000
2021-04-15,113.18545532226562,113.71789487758596,111.49752247546817,112.03144329679716,29174000
2021-04-16,113.06163787841797,113.6307236741499,112.47571401741611,113.38308017201123,26282000
2021-04-19,113.40882873535156,114.11857430156049,112.4390605316911,112.4390605316911,30290000
2021-04-20,112.87639617919922,113.86647132508118,111.79221529986594,113.79168250896858,22288000
2021-04-21,112.84371185302734,112.92543087903039,111.18300863181327,112.53167863878394,23204000
2021-04-22,111.56439208984375,113.36525649353501,110.96014131648565,112.69760601862724,24146000
2021-04-23,113.91255187988281,114.21913619426638,111.99678345712458,112.28157199753713,29066000
2021-04-26,114.4078369140625,115.13095931495766,113.78327917305963,114.1398864450791,32038000
2021-04-27,113.46926879882812,114.82981927452529,113.23053555894302,114.7892053762967,44386000
2021-04-28,116.84017944335938,120.42308213784266,116.55192206744951,118.49740617928417,81106000
2021-04-29,118.51028442382812,119.07491126211877,117.5736935678294,118.33544969698715,41234000
2021-04-30,116.56578826904297,117.96992255893898,116.2220590002127,117.28494287445501,44856000
2021-05-03,116.0497055053711,117.95507465112739,115.67428013665503,117.13091635921127,28242000
2021-05-04,114.25428771972656,115.1537260493612,111.77042377433652,114.58711912501094,44818000
2021-05-05,114.64755249023438,115.64951562210264,114.32611019629827,115.33402106487281,26636000
2021-05-06,115.76589965820312,115.76589965820312,113.57128322599208,114.22951700606814,25190000
2021-05-07,116.48802947998047,117.44492732898748,116.2022509428102,117.08039985339984,28898000
2021-05-10,113.50739288330078,115.45139575242439,113.1502868665926,115.30973835851137,30914000
2021-05-11,112.43312072753906,112.9393056208691,110.64315426944027,111.0963461132312,34186000
2021-05-12,108.97551727294922,111.3395271618132,108.64714477876392,110.26029638420344,46376000
2021-05-13,110.40145874023438,110.91655390355615,109.2959732405026,110.2568312457659,33204000
2021-05-14,112.8451919555664,113.1592052262054,111.4395687974577,111.86254580663034,31996000
2021-05-17,113.36723327636719,113.40982723364519,111.71247768556474,112.11167889410602,21598000
2021-05-18,112.05719757080078,114.29639577340654,112.04332959493337,114.03240543824316,22204000
2021-05-19,112.50444030761719,112.67729498890604,110.22315452655346,110.37124334606443,23684000
2021-05-20,114.26024627685547,114.51036109068447,113.09978760399687,113.47026285067193,32352000
2021-05-21,113.62527465820312,114.85161180966945,113.38605018885295,114.77830425445694,40632000
2021-05-24,116.93925476074219,117.16262365640644,114.50838357860306,114.6535023204675,31832000
2021-05-25,117.02986907958984,118.0764061145746,116.64007697943309,117.48206328477394,22440000
2021-05-26,117.89366912841797,118.32357639324336,117.20769175980286,117.21066184954667,21572000
2021-05-27,117.02047729492188,118.32654591291701,116.70250387182054,118.32654591291701,35224000
2021-05-28,116.73170471191406,117.683644787833,116.53359295302124,117.60192576559648,21482000
2021-06-01,117.93675231933594,118.16111878960501,116.60442903125066,117.60293086426131,23354000
2021-06-02,117.41223907470703,118.55387193641818,116.50932431972745,118.33148554300686,21158000
2021-06-03,116.27257537841797,116.74012639520443,115.37808723881285,116.18094849891196,18696000
2021-06-04,118.5504150390625,118.82084435735165,117.00710198292333,117.34687118314812,24458000
2021-06-07,118.98280334472656,119.09226589169023,117.92784709001755,118.34586644914862,24120000
2021-06-08,118.79161834716797,119.83568424252671,118.61034462609612,119.4637277374824,24240000
2021-06-09,119.26214599609375,119.50681185923406,118.71534719057304,119.43500068262446,17942000
2021-06-10,120.60884094238281,120.65193369877716,119.05611869317208,119.21163653622413,25904000
2021-06-11,120.36463928222656,120.93520629371287,119.8079326876981,120.85001838752488,21958000
2021-06-14,121.29134368896484,121.2918349252033,119.76040973055932,120.46668652176852,22098000
2021-06-15,120.27499389648438,121.61820737332303,119.91491779298093,121.29577507444863,21562000
2021-06-16,119.63410949707031,120.73711623546001,118.34388884886698,120.42607300575713,26472000
2021-06-17,120.59596252441406,121.36761911411605,119.36418382364185,119.55982433231053,25842000
2021-06-18,118.97882843017578,120.45676156741861,118.88373266538906,120.22298605345948,46116000
2021-06-21,120.66429138183594,120.85002400068946,118.76833135754313,119.36466184351545,27414000
2021-06-22,121.17741394042969,121.24626258391147,119.92285713304612,120.60238795397534,22390000
2021-06-23,120.97582244873047,121.93519155602058,120.68608380354885,120.94263755669144,19148000
2021-06-24,121.34532165527344,121.89558179394285,121.1472098673998,121.54343344314708,21362000
2021-06-25,121.35374450683594,121.47707503129004,120.41914112199983,120.85003843079785,34594000
2021-06-28,121.38097381591797,121.62762727603534,120.26112916843773,121.52212486149851,28526000
2021-06-29,121.11994934082031,121.86139851864952,120.54393338457018,121.51420036275346,23108000
2021-06-30,120.93869018554688,121.10461466323201,120.21061765850376,120.8445844421565,24474000
2021-07-01,121.29034423828125,121.43149529232761,120.38594816360798,120.57762097148523,18110000
2021-07-02,124.07682037353516,124.22193909928588,121.89954069361225,121.98918751815422,25982000
2021-07-06,125.00053405761719,125.2362896391203,123.40818062703144,124.46413437328431,26404000
2021-07-07,125.2818603515625,126.084222906747,124.96388693069338,125.96337879875401,24060000
2021-07-08,123.86534118652344,124.41164120732356,122.85297891324397,122.85693903291997,23790000
2021-07-09,124.33537292480469,124.54933275262546,123.37748495557717,123.84652486211671,18632000
2021-07-12,125.77863311767578,125.87174882862907,124.42699293647514,124.98864973435082,17668000
2021-07-13,126.14116668701172,126.8504134336726,125.48045407151172,125.84102140220094,19240000
2021-07-14,127.02824401855469,128.10748242717386,126.70878177120348,126.75187452354898,23742000
2021-07-15,125.80785369873047,127.48687640049349,125.3373325394716,127.43636220289176,24218000
2021-07-16,125.77317810058594,126.60674543075577,124.96437663114637,126.45964664733984,20424000
2021-07-19,123.40373229980469,125.01539513075979,122.34084076103703,124.9009824416762,27968000
2021-07-20,125.01985931396484,125.84549891921584,123.17838099734327,124.34428103708474,26312000
2021-07-21,126.34672546386719,126.39327953934199,124.83559982340273,124.94456356694099,20746000
2021-07-22,127.21098327636719,127.27191167455243,126.2971857807367,126.63893499506774,14302000
2021-07-23,131.7611846923828,132.1415677244084,128.57699207370425,129.20104334300564,41506000
2021-07-26,132.77159118652344,132.97168302546814,131.05442593897925,132.07175342893328,30572000
2021-07-27,130.65670776367188,133.13216035210118,128.87764673138182,132.98506156052375,54710000
2021-07-28,134.81118774414062,136.9934254206109,134.0023861561487,135.02713519859103,95130000
2021-07-29,134.49765014648438,135.37282138017332,134.26536345852853,134.86663652248504,31716000
2021-07-30,133.4565887451172,134.02914350191762,132.989536422384,133.76218304482657,25576000
2021-08-02,133.5833740234375,134.06082538942997,132.53286916754786,133.84339668549805,21634000
2021-08-03,134.3515625,134.4525908952914,132.0628400817748,133.8612180697714,20762000
2021-08-04,133.851806640625,134.37086945712394,133.21932116971857,134.07369424279747,19676000
2021-08-05,134.96719360351562,135.06477578694478,133.5749394991409,134.40157667568067,17870000
2021-08-06,134.4590301513672,135.18612020781896,133.93552349692666,134.75968182925016,20488000
2021-08-09,135.62245178222656,135.8909085803364,134.0637820295164,134.66111011940453,17760000
2021-08-10,135.51747131347656,136.473870441245,135.07913745799993,136.04741694474782,19414000
2021-08-11,134.9944610595703,136.38472014555214,134.98702449828673,135.88845059956836,15352000
2021-08-12,135.90078735351562,136.00579096148115,134.14896380907842,134.69376732793685,16506000
2021-08-13,136.4292755126953,136.55707249857926,135.7413332281866,135.9562830728058,15948000
2021-08-16,137.0057830810547,137.0582924489466,134.02366211168172,136.22867768916447,22384000
2021-08-17,135.3733367919922,136.96222146374024,134.7993008134567,136.45157763049883,21716000
2021-08-18,134.17227172851562,135.8121693920602,134.04597111672172,135.21335999313266,19258000
2021-08-19,134.40106201171875,135.06722357653223,132.98454856339302,133.16830111355839,21782000
2021-08-20,136.1341094970703,136.25743246754152,133.97514886338655,134.71807944858094,31194000
2021-08-23,138.7214813232422,139.5466221404914,136.31041837397385,136.66900570061048,28454000
2021-08-24,139.92999267578125,140.74077433712029,139.01568864165813,139.2861104216961,19268000
2021-08-25,140.73977661132812,140.84923916395852,140.04341521085385,140.2900611558722,15848000
2021-08-26,140.10728454589844,141.075065164361,140.02456037327326,140.41386126677486,20610000
2021-08-27,142.6466064453125,143.15031244371397,140.16323384722205,140.31727039124934,28780000
2021-08-30,143.22756958007812,144.59456634363275,142.80409381355324,143.03885933468914,24434000
2021-08-31,143.3335723876953,143.80310348475496,142.92100957240294,143.77884397500796,22448000
2021-09-01,143.8467254638672,144.87543469951868,143.51785410887658,143.63325684788538,21936000
2021-09-02,141.93637084960938,144.14782535950548,141.8353273499022,143.84718882858917,32342000
2021-09-03,142.3845977783203,142.79617808623,141.05821486388777,141.73181296972672,19850000
2021-09-07,142.92050170898438,143.20232010806757,142.26523803308976,142.47870659035723,20124000
2021-09-08,142.33656311035156,143.03887971437993,141.65208215880904,142.74171960601453,18344000
2021-09-09,142.18797302246094,142.95022038804444,141.8279044770925,142.48464943117943,15314000
2021-09-10,139.548095703125,143.35437470340688,139.411396021292,142.85313246004708,36840000
2021-09-13,140.9908905029297,141.60256274661324,139.91858982131353,140.61148986566812,22094000
2021-09-14,141.20089721679688,142.01169404093042,140.41389134380583,141.64765016655483,19674000
2021-09-15,143.068115234375,143.08891341943206,140.0151653694078,141.42573878807053,27408000
2021-09-16,142.25631713867188,142.9398155420837,141.05921246042737,142.59360742775047,26190000
2021-09-17,139.47283935546875,142.09785473193486,139.14594808151912,141.6823142083568,53384000
2021-09-20,137.4119110107422,137.68976928147805,135.03701859848303,136.85917211597314,46518000
2021-09-21,137.72247314453125,138.69175012045008,136.97458497311416,138.4322111594274,25332000
2021-09-22,138.961181640625,139.55899341584305,137.24551278316375,137.99092214087034,25056000
2021-09-23,139.8848876953125,140.36085773026602,139.07806633946038,139.65854119567996,20952000
2021-09-24,140.87448120117188,140.9889014490048,138.91908904507557,139.21378542182566,22984000
2021-09-27,139.7422637939453,140.60059702550436,138.74723086445857,139.4772834307907,21882000
2021-09-28,134.54965209960938,137.7853564830618,134.08408116624037,137.34802029105808,45772000
2021-09-29,133.0870819091797,135.85821322958458,132.60319159739623,135.68881987904555,30848000
2021-09-30,132.41598510742188,134.26489260637973,132.2971210461104,132.995976429986,37996000
2021-10-01,135.25595092773438,135.61999474858516,132.80923183052033,133.18019830322703,35360000
2021-10-04,132.3996124267578,134.67891789407685,129.8147127344606,134.67891789407685,51202000
2021-10-05,134.74085998535156,135.9310423000805,132.77754737931195,132.77754737931195,32404000
2021-10-06,136.268310546875,136.45156431285815,133.28173063311934,133.47984240404816,24364000
2021-10-07,137.91268920898438,138.72198960280488,137.34409458009284,137.5828202850403,25110000
2021-10-08,138.46788024902344,139.00822490974625,137.9052259091704,138.26133433756362,26526000
2021-10-11,137.60458374023438,139.3856397178086,137.55009431613644,137.97902659825877,17954000
2021-10-12,135.162841796875,138.19201587064128,134.48032576565427,138.1652623909544,36332000
2021-10-13,136.28514099121094,136.6992001618353,135.23215741372877,136.1073286205011,19654000
2021-10-14,139.8205108642578,140.00524590088978,137.51643176271415,138.1593163407756,31894000
2021-10-15,140.0354766845703,140.3821836681898,139.42826334195342,140.27965888530153,30274000
2021-10-18,141.43215942382812,141.44999507439888,139.73976779407545,139.7467055598483,20396000
2021-10-19,141.88685607910156,142.30835187108826,141.25586693285337,142.03593493574522,20164000
2021-10-20,140.4326934814453,142.1929515962264,140.04389134259256,141.9869044494379,23288000
2021-10-21,140.54856872558594,140.81602790844926,139.17563174016504,140.4326672271855,26292000
2021-10-22,136.26980590820312,139.25786739704128,134.77354570706362,137.8383760818884,50588000
2021-10-25,136.1514129638672,136.69919414742475,134.147471866324,136.25343892863123,34412000
2021-10-26,137.995361328125,138.76255123324276,137.00082734508936,137.95078731803392,49236000
2021-10-27,144.83926391601562,147.24883052188773,138.09097801545303,138.09097801545303,85782000
2021-10-28,144.4742431640625,145.77091036411727,143.2637614743381,145.7476333234458,36206000
2021-10-29,146.65052795410156,146.84467961742357,143.28604362604932,143.71050193740845,43320000
2021-11-01,142.14439392089844,146.650526252916,141.87545343779883,146.650526252916,46924000
2021-11-02,144.0616455078125,145.22705422331256,142.97498573084604,143.21668904679433,33482000
2021-11-03,145.2161865234375,145.28651643687795,143.22810059076318,144.5252514271149,27494000
2021-11-04,146.86993408203125,148.32211896882083,144.92890116234534,145.73770266628088,38412000
2021-11-05,147.4489288330078,148.91051523572824,146.80010405976353,147.7634258058656,38354000
2021-11-08,147.6262664794922,149.19533561844582,147.0314171315212,148.4127735515712,23052000
2021-11-09,147.51478576660156,148.42215184426283,145.8570526859016,147.82632017760048,19530000
2021-11-10,144.51832580566406,146.67432402106124,143.17511957031994,146.10968949123526,29970000
2021-11-11,144.39248657226562,146.1448241518883,144.22805094053797,145.10867864305814,16518000
2021-11-12,147.2765655517578,147.44695650484718,144.04036175488466,145.23350653045176,22360000
2021-11-15,147.0526885986328,148.13984720055237,146.18395628145507,147.49696261340108,23508000
2021-11-16,146.48214721679688,147.36028114763997,145.92395168060682,146.7530677906033,18904000
2021-11-17,146.65150451660156,147.15917066321168,145.85211965055908,146.63218759828888,19594000
2021-11-18,148.4261016845703,149.1611118388051,146.49052556955746,146.8441551156724,35608000
2021-11-19,147.52273559570312,149.54351527153173,147.49549843490428,148.56184386065286,33682000
2021-11-22,144.92294311523438,148.41718888282895,144.7699041651747,147.92487958481476,30594000
2021-11-23,144.40785217285156,145.27758204342976,142.7565731039976,144.77535729221407,27218000
2021-11-24,144.74269104003906,144.87097172353685,143.01216391215584,144.10228521004993,18040000
2021-11-26,140.8427734375,143.19488775564477,140.50548313123517,142.9878581645666,30470000
2021-11-29,144.15872192382812,144.91849043687807,142.53714381167404,142.64264622326615,32596000
2021-11-30,140.5599822998047,144.62380552713375,140.26676719316237,143.64165054932508,42068000
2021-12-01,139.721923828125,144.57474710533424,139.58374288929951,142.64263235493135,34020000
2021-12-02,141.61837768554688,142.50840679638145,138.89280334696554,139.91854965408746,29194000
2021-12-03,140.66299438476562,143.03888475918794,138.97852275278916,142.32666783141497,41230000
2021-12-06,141.8056182861328,142.49653820256228,138.8289386103009,141.69219562959748,30618000
2021-12-07,145.88133239746094,146.14037256639585,143.8585729968473,144.22409805259204,32240000
2021-12-08,146.78968811035156,146.9942539766536,145.0259839079488,146.20525307367103,24270000
2021-12-09,146.2468719482422,147.6945979886129,145.72830788028466,146.19981907592228,23270000
2021-12-10,146.60643005371094,147.57322820089257,145.32115971227452,147.2983475495059,24458000
2021-12-13,144.4519805908203,146.5752701670982,144.14588747022174,146.3885399112158,27070000
2021-12-14,142.55055236816406,143.11814942323684,139.8839254176127,142.6109819864582,38446000
2021-12-15,145.0606689453125,145.33802850868597,140.34256360537262,142.05725030552384,36370000
2021-12-16,143.08346557617188,146.2849953541412,142.25335200656264,145.78326939220364,33650000
2021-12-17,140.3891143798828,142.47872745262327,139.9681173823491,141.1568032286509,50416000
2021-12-20,140.272216796875,140.43814883611964,138.0077689503243,138.68036958927007,27192000
2021-12-21,142.1201171875,142.51287937524026,139.1781115016759,140.71448653862208,28756000
2021-12-22,145.03489685058594,145.1191022977237,141.71896161480515,141.71896161480515,26322000
2021-12-23,145.53164672851562,146.84613411462163,145.07151719504463,145.11906885105606,26384000
2021-12-27,146.51231384277344,146.9456899272966,145.7822613566382,145.8679480552697,15976000
2021-12-28,145.3043212890625,146.90112605445645,144.67779110911528,146.83871638730724,18200000
2021-12-29,145.27261352539062,146.02743941952565,144.27461818483408,145.26221443419607,17788000
2021-12-30,144.8224334716797,145.91157226613814,144.6183814888718,145.31128156264066,15688000
2021-12-31,143.48663330078125,145.31572484803414,143.48663330078125,144.6733390453183,18136000
2022-01-03,143.6248016357422,144.47619703135243,142.35834947327606,143.68769497903742,28646000
2022-01-04,143.03839111328125,145.10422816379875,142.3618304239217,144.025488639684,28400000
2022-01-05,136.476318359375,143.13743534952337,136.39014797936144,143.05868641427153,54618000
2022-01-06,136.4490966796875,138.62093512341903,135.2713087279278,135.7071637287869,37348000
2022-01-07,135.7254638671875,137.14347368557924,134.48674768484292,136.84332084249846,29760000
2022-01-10,137.36239624023438,137.51099140949978,131.90929663777965,133.8047579348391,44408000
2022-01-11,138.4188232421875,138.89430958407158,135.4040239930454,136.70613226103086,28730000
2022-01-12,140.0973663330078,141.26377260922706,139.36831139738393,139.8195080404844,26108000
2022-01-13,137.2806854248047,141.50350289892143,137.10435430356105,140.20583825361632,31436000
2022-01-14,138.16575622558594,139.41537040651573,135.7071568754875,135.78688828807677,29662000
2022-01-18,134.71609497070312,135.8389098452004,134.1618746973883,134.89142851777413,34872000
2022-01-19,133.84291076660156,136.65911532585005,133.74286483474455,135.2366462750776,28648000
2022-01-20,132.05093383789062,136.3287393505402,131.71116467084525,134.96570256305773,29908000
2022-01-21,129.122802734375,133.59424596274727,128.86030124010927,131.34367390126937,55652000
2022-01-24,129.57106018066406,129.966301316712,123.32647997852636,124.79054540817465,76622000
2022-01-25,125.73851776123047,128.17929675546682,125.30811925081203,127.52651182595139,46960000
2022-01-26,128.0148468017578,131.7463372318321,125.94355325697116,129.88307087009878,49130000
2022-01-27,127.78900146484375,131.40211160207753,127.71717517752967,130.06632706054074,31950000
2022-01-28,132.09400939941406,132.09946589896228,127.27387977912171,128.43680947092184,34362000
2022-01-31,134.02813720703125,134.19604930787796,130.96330681145255,132.8974020956584,39986000
2022-02-01,136.3465576171875,136.49415519096547,133.1019351922104,136.29752469047622,68644000
2022-02-02,146.60494995117188,150.1180141843333,144.15080955105117,149.82431540618072,123200000
2022-02-03,141.7412567138672,148.26419438233108,141.32075845539106,144.33211244662755,71518000
2022-02-04,141.94232177734375,143.50941059648488,139.19050728126922,142.0923982148257,57998000
2022-02-07,137.88888549804688,142.89028927583428,137.59071270904863,142.89028927583428,54974000
2022-02-08,138.08506774902344,138.68040084272027,135.72255350462564,137.71608124374688,54284000
2022-02-09,140.25733947753906,141.18105994739093,138.8655843121402,139.63476944444088,40144000
2022-02-10,137.31336975097656,140.15087104730347,136.65662471919973,138.38666797793726,39330000
2022-02-11,133.01675415039062,137.8448048052889,132.1425653416151,137.29356222530336,39958000
2022-02-14,134.24855041503906,135.015256846753,132.00044170307171,132.00044170307171,34302000
2022-02-15,135.32083129882812,136.8066922748942,134.54124703407226,136.27375391882413,26680000
2022-02-16,136.43968200683594,136.7843937626377,133.6521963761595,135.35846364202985,25022000
2022-02-17,131.28968811035156,135.82106231860794,131.22975729540616,134.95876898649715,38950000
2022-02-18,129.17381286621094,132.80625486592996,128.96926212956205,132.20892681142413,45620000
2022-02-22,128.5898895263672,130.93456750573523,127.01486532309565,128.61414903757367,44990000
2022-02-23,126.38536071777344,130.80629021138148,126.32542989882369,130.40758777953872,32786000
2022-02-24,131.44024658203125,131.74633962573986,123.77568492964569,123.77568492964569,54456000
2022-02-25,133.1920928955078,133.9964355070235,130.50961066397696,132.29314574757424,36406000
2022-02-28,133.78395080566406,134.47189303756042,131.34267336042723,131.79586516819953,38864000
2022-03-01,132.79782104492188,134.97114050786368,131.96278003223856,133.60712128280522,26496000
2022-03-02,133.3030548095703,133.98753587900154,131.81719355199346,133.35902551510424,23520000
2022-03-03,132.63735961914062,135.15341075297445,131.7715899019404,134.72795489655672,24604000
2022-03-04,130.66314697265625,132.58982070864644,129.1089360838298,131.67453429885822,30430000
2022-03-07,125.187255859375,130.49326412434095,125.10453924382728,130.24859827584922,45112000
2022-03-08,125.90640258789062,130.0128269531504,124.4898815805019,125.05995735493514,40428000
2022-03-09,132.16236877441406,132.47490076693822,128.6760431854183,130.01282521138089,37026000
2022-03-10,131.1812286376953,132.01578605372748,129.67852951814072,130.0286978025834,27102000
2022-03-11,128.64633178710938,132.53433753192874,128.4095861869589,132.23022456027405,31526000
2022-03-14,124.76377868652344,129.17975763176182,124.09415576058076,129.022259756083,38812000
2022-03-15,127.98017883300781,128.63049998049246,124.53545681107937,125.77912326489948,30920000
2022-03-16,132.024169921875,132.07616537133512,127.52101635463538,129.50068263300437,35576000
2022-03-17,132.57745361328125,132.8166781087835,130.93903713264967,131.89395505470344,28264000
2022-03-18,134.84237670898438,134.9597594793248,131.01182292044092,132.16683250009095,44566000
2022-03-21,134.818603515625,135.75816449036662,132.82853776609664,134.8800155945873,26832000
2022-03-22,138.5496063232422,139.72047161209517,134.81861439453007,134.81861439453007,35496000
2022-03-23,136.97210693359375,138.27273404848066,136.5357682945328,137.3950839488176,25154000
2022-03-24,140.237548828125,140.28410290416335,136.45206761789734,137.88789810464644,26396000
2022-03-25,140.33761596679688,140.69620332619124,138.42035860706088,140.5783217372553,24126000
2022-03-28,140.1221466064453,140.66398768557863,138.49363060700367,139.5723701734137,35050000
2022-03-29,141.16224670410156,142.4381156620189,140.6996533281546,141.30292164446877,34318000
2022-03-30,140.60060119628906,141.37522780253792,140.26529091446844,141.11718519835287,19884000
2022-03-31,137.75665283203125,140.7684898968639,137.71405887609035,140.71400046777697,37524000
2022-04-01,138.82945251464844,139.1469271597936,137.00382215545176,138.18508660352754,25942000
2022-04-04,141.6238555908203,142.35738462904985,138.98794249570614,139.03549416177395,25942000
2022-04-05,139.26577758789062,141.6426500916848,139.05924680061253,141.5223047954093,21418000
2022-04-06,135.2609405517578,138.04693070715277,134.2396526675362,137.44218099948486,32468000
2022-04-07,134.6076202392578,135.87159364235194,132.96226616904812,134.72796554964043,26234000
2022-04-08,132.03115844726562,134.39119350670921,131.71218740313546,134.3055067868507,25142000
2022-04-11,127.60921478271484,130.84739849692966,127.45567701767428,130.58093686472841,36884000
2022-04-12,126.51066589355469,130.35954686473357,125.59389066736169,130.35954686473357,32710000
2022-04-13,128.66961669921875,129.10547167871107,126.53691099276196,126.79347231964165,27928000
2022-04-14,125.53544616699219,129.24960742552614,125.40765674024802,129.24960742552614,31598000
2022-04-18,126.4730224609375,127.00396566233613,124.99261037205467,125.80290070747127,20808000
2022-04-19,128.7835235595703,129.10445946368372,125.8023852699178,126.48786373209683,26490000
2022-04-20,126.83308410644531,130.16043076840108,126.29818081475312,129.65820601853372,31696000
2022-04-21,123.63800048828125,128.87219024780205,123.35271317406067,128.03169266207186,36446000
2022-04-22,118.50782012939453,124.21996776137067,117.80402222276324,123.8217565690258,56884000
2022-04-25,121.91390991210938,122.11549058545957,117.39392450746956,117.97835957782225,46128000
2022-04-26,117.53160095214844,121.35521701263318,117.39391123323827,121.14174844683173,73054000
2022-04-27,113.2171630859375,116.13687453033563,111.67385011306806,113.39050900268353,91820000
2022-04-28,117.40531158447266,118.52168744721978,113.03935526290716,115.31767859411205,48884000
2022-04-29,113.03390502929688,116.80848848076448,112.74168750254856,115.63416187311658,42676000
2022-05-02,115.48406982421875,115.64503656124093,111.53861253844039,112.33602477955124,35534000
2022-05-03,116.22801208496094,117.32556979563245,114.94076162538525,115.33302506917498,24968000
2022-05-04,121.10856628417969,121.69647018478724,114.03091100326057,115.92835986523224,49916000
2022-05-05,115.4073257446289,119.8980938644429,113.92146466993306,119.07096543975983,45840000
2022-05-06,114.65547180175781,116.46327388916288,112.94079298131821,114.09877271953016,39710000
2022-05-09,111.45047760009766,113.99229246586657,110.94479148642294,112.18251024510543,40802000
2022-05-10,113.31670379638672,115.15422180073458,111.83629181263385,114.41872033983715,39900000
2022-05-11,112.53167724609375,115.26764350397949,112.16912984325442,112.16912984325442,37534000
2022-05-12,111.78033447265625,113.21765378291165,108.7892955470922,110.32765836329241,53836000
2022-05-13,114.95661163330078,116.76391499760273,112.53416717091297,113.45341371338583,35038000
2022-05-16,113.3662338256836,115.07497235412629,112.81597375263632,113.87191988539708,25990000
2022-05-17,115.3751220703125,115.798099091998,113.78723513362914,115.73915830811926,23054000
2022-05-18,110.84473419189453,114.31224201290831,110.50397497987214,113.91601089828785,35126000
2022-05-19,109.34351348876953,111.94476004054836,108.96313044588939,110.38114026738668,34144000
2022-05-20,107.88142395019531,111.12605391287045,104.79925712239785,110.89573972784942,48962000
2022-05-23,110.43711853027344,111.0904022364091,107.71600998566917,108.55453508974904,37184000
2022-05-24,104.97112274169922,105.4550205953626,100.92413026723496,104.77499103421867,76780000
2022-05-25,104.80767059326172,105.49611914358974,102.87753579922828,103.99589154298525,40258000
2022-05-26,106.77644348144531,107.6253600174525,104.23314008398944,104.68088294574915,37948000
2022-05-27,111.25779724121094,111.25928606467275,108.1097518272752,108.45100981416809,37914000
2022-05-31,112.6896743774414,114.64407635149765,111.02204096124585,111.68374363227105,50012000
2022-06-01,112.81844329833984,115.99769344115636,112.18249653404207,113.77237100226573,36606000
2022-06-02,116.51378631591797,116.78817573341432,111.88186743338352,112.92543446799303,37992000
2022-06-03,113.4613265991211,115.22504574352156,112.44846568294494,114.9684844405739,26136000
2022-06-06,115.7193603515625,118.22204263439792,115.06904672687631,115.60444886318548,33542000
2022-06-07,116.04525756835938,116.58165730848161,113.96753234076662,114.3919906788559,31590000
2022-06-08,116.0893325805664,117.45286068913215,115.50092985611303,115.66090659386595,26108000
2022-06-09,113.7530517578125,117.18390542976788,113.69411097831355,115.23098481308054,25798000
2022-06-10,110.11368560791016,112.21122625756998,109.3256823347158,111.38508794278529,41452000
2022-06-13,105.38964080810547,107.76602221273737,105.11872028376786,105.77992416332314,47252000
2022-06-14,105.7095947265625,106.90719827486238,104.80272741507743,105.53079987627487,33706000
2022-06-15,108.72986602783203,110.37322494977526,106.65461223598331,107.52185574417723,39698000
2022-06-16,105.03402709960938,107.62437594926033,104.14696791638478,106.21033370451282,51684000
2022-06-17,106.13357543945312,107.67490846942401,104.05584267457326,105.03403760367898,51376000
2022-06-21,110.49259185791016,111.42918283752849,107.57634157870834,107.90273403913129,47416000
2022-06-22,110.4366226196289,112.27809328975262,109.34203501668972,109.51439846102454,30774000
2022-06-23,111.18401336669922,111.67979920345891,109.45893530681374,111.17361427351027,28362000
2022-06-24,116.86298370361328,116.96600728452793,111.88782594771898,111.92992867433838,41164000
2022-06-27,114.74165344238281,117.46176417834405,114.0938111747087,117.15815754971578,36420000
2022-06-28,110.95169830322266,116.20372270077651,110.79370165593127,114.71092418585843,35792000
2022-06-29,110.64859008789062,112.09383704075803,109.82740196939903,110.50050128547349,24716000
2022-06-30,107.9359130859375,109.84277107418012,105.74377534571843,108.9631408714663,43170000
2022-07-01,107.7125473022461,108.22021347289117,105.72446146275112,106.91562613688178,35476000
2022-07-05,112.19538116455078,112.30830502629904,104.73487148190064,106.09097052516007,39342000
2022-07-06,113.49205780029297,114.4999687910837,110.4252396296056,112.2340319808336,37432000
2022-07-07,117.6633529663086,118.06602306558507,113.75108733780583,113.99526196361097,40936000
2022-07-08,118.22848510742188,118.5568576373647,115.79959399060274,116.14481214469383,38238000
2022-07-11,114.58612823486328,116.88574836577106,114.24338897628644,116.88574836577106,31196000
2022-07-12,112.94573974609375,115.87139882340728,112.61835728538988,115.1195505184911,29960000
2022-07-13,110.30388641357422,113.11959190510474,110.15331873670166,110.64810696160987,43722000
2022-07-14,109.32718658447266,110.04585008459887,107.35148734064299,109.1716687492419,37004000
2022-07-15,110.723876953125,112.0740357874239,109.85465344414168,110.94478208000046,46770000
2022-07-18,108.00228118896484,112.60845176541036,107.34850628382924,111.57825390635203,43164600
2022-07-19,112.73722076416016,112.94524039032943,108.52728140447425,109.80512272878235,36530900
2022-07-20,112.82638549804688,114.31224656898476,111.41977216468759,112.10326311823246,35600400
2022-07-21,113.26223754882812,113.47026475780743,110.06268747806259,113.20280552196577,32676200
2022-07-22,106.8829345703125,111.28107792780779,105.49612947881336,109.95371241453788,48901200
2022-07-25,106.4966049194336,108.83435998981076,105.29801137565637,107.38812296448917,34690900
2022-07-26,104.03009033203125,106.18954220710675,103.08904794486875,105.59519924903145,47991000
2022-07-27,111.99429321289062,112.83628715279444,106.99189908350105,108.23011657455983,59858500
2022-07-28,113.14337921142578,113.26224327115584,110.40939247542086,111.31081856827197,32816600
2022-07-29,115.22356414794922,115.60988739252207,111.99429088237237,112.01410659400565,37223400
2022-08-01,113.77732849121094,115.61979670741562,113.26222578696031,114.21318346288767,26034300
2022-08-02,114.04478454589844,115.25328606314042,112.64807910337518,112.92543862061498,20236000
2022-08-03,116.96697998046875,117.50189084849441,114.39148908653323,114.61931687482497,28499000
2022-08-04,117.07593536376953,117.66037035567156,115.78818623003248,116.37262877941384,21602900
2022-08-05,116.36273193359375,116.996698705037,114.90658690755124,115.13442225860744,19159500
2022-08-08,116.19434356689453,119.01747820672087,115.77829670617234,117.27406569542369,19138300
2022-08-09,115.5306396484375,116.21413810759837,114.6193134078761,116.03583449031639,19086500
2022-08-10,118.57170867919922,119.78021020816774,117.29387482772803,117.66038238300267,30930400
2022-08-11,117.71981048583984,120.34483309629736,117.44245097514634,120.13681346327724,24293700
2022-08-12,120.53305053710938,120.53305053710938,118.33397493999934,119.12643720187907,19096300
2022-08-15,120.92927551269531,121.14720300149365,119.47313052616087,119.98822567992796,19494800
2022-08-16,120.55284881591797,121.27597113744898,119.50284282881232,120.37454519947742,19041200
2022-08-17,118.42312622070312,120.1467228864073,118.25472289488862,118.98775310554484,22847000
2022-08-18,119.03726959228516,119.6811441703863,117.60094038977294,118.30424698639806,17987700
2022-08-19,116.10517120361328,118.02688707558907,115.65941595128955,117.93773149063666,21809500
2022-08-22,113.16316986083984,114.54006709454625,112.77684661152537,114.11411997895853,21456600
2022-08-23,112.78677368164062,113.9259354692531,112.36082649348921,112.41035822413885,15870400
2022-08-24,112.61836242675781,113.6980844778473,111.80609203500424,112.43015094510808,17734600
2022-08-25,115.55046081542969,115.61980069445303,113.03440190054245,113.1631738023058,16956800
2022-08-26,109.29991912841797,114.03486865935139,109.15133909126358,113.63863759282202,37245700
2022-08-29,108.38859558105469,109.90417245643232,107.77444459271976,108.9532224083028,21191200
2022-08-30,107.91313934326172,109.45843244169193,106.7838855317196,109.13154119164547,27513300
2022-08-31,107.19991302490234,109.80511976711223,107.11075744038901,109.60700800205056,28627000
2022-09-01,108.70558166503906,109.4088882529894,106.34801841708669,107.25934462478465,28360900
2022-09-02,106.83341217041016,109.6961706343394,106.24897709542937,109.54758301202008,24160700
2022-09-06,105.80320739746094,107.01170889666186,104.7829173782116,106.28859410286454,25068300
2022-09-07,108.41832733154297,108.94333792914485,105.8923680249707,106.05085594393181,23167000
2022-09-08,107.3583984375,108.56689982581639,106.14990460666283,107.0216069332042,24238300
2022-09-09,109.60701751708984,109.94380905842759,107.99237701749992,108.0419087418049,23197700
2022-09-12,109.8150405883789,110.56787898796314,108.89380641286198,109.94381249512503,22966800
2022-09-13,103.336669921875,107.27915740640867,103.10883459743195,106.78387045172992,38172900
2022-09-14,104.0102767944336,104.28763632335523,102.68291117531426,103.58432964430956,26395100
2022-09-15,101.93997192382812,104.2777195640779,101.38524535586336,103.04940994479824,34188300
2022-09-16,101.83100891113281,102.15789258323697,99.98854069027041,101.10788657515745,42797200
2022-09-19,102.09847259521484,102.35602397834498,100.59280328245238,100.79091508025668,23036800
2022-09-20,100.18665313720703,101.40506247498007,99.57249454030391,101.11779510985505,26517100
2022-09-21,98.34417724609375,101.91024183491061,98.33426939083203,100.71164830253635,31487300
2022-09-22,99.19608306884766,100.28571299374859,97.8588096356747,97.88852564747053,34298600
2022-09-23,97.80927276611328,98.72060657230172,96.55124713555664,98.6908830045893,31625400
2022-09-26,97.24465942382812,98.93854025999183,96.87815183667855,97.1753195378149,27072700
2022-09-27,96.58096313476562,99.0573980869391,95.95690424751061,98.49277122014274,30072800
2022-09-28,99.10691833496094,99.75078530199916,96.1946287499791,96.72953954461732,32466300
2022-09-29,96.50171661376953,97.71021809479579,95.05547949044494,97.71021809479579,31047200
2022-09-30,94.7484130859375,97.96777887388245,94.65925748807376,96.13521832147143,32941500
2022-10-03,97.7102279663086,98.35410263850108,95.61020816765206,95.84795139144903,27982000
2022-10-04,100.68193817138672,100.88004994331021,99.43381284732565,99.49325242488644,28850800
2022-10-05,100.47392272949219,100.96920973741486,97.86871578851174,98.88900581563564,22176900
2022-10-06,100.4640121459961,101.95978098541211,99.6418339213685,99.73098951026391,22324000
2022-10-07,97.74984741210938,99.58240789041014,97.37343199435752,98.90881723510454,27502800
2022-10-10,96.93756866455078,98.16587826309313,96.09558230714255,98.0668223782474,18225100
2022-10-11,96.26397705078125,98.31446483110562,95.40217499101496,96.51162053902081,26507100
2022-10-12,96.64039611816406,97.81918158553775,95.82812574805676,96.3828523219572,21876400
2022-10-13,98.12626647949219,98.83948103016371,93.4903794576078,94.2531257355406,34574500
2022-10-14,95.64981842041016,99.74089368039773,95.46161450854994,99.04748737926585,25410700
2022-10-17,99.0276870727539,99.97863723546732,97.89843328218922,97.92814929391774,28419200
2022-10-18,99.82014465332031,102.49469914853343,99.02768994018629,102.15790003840424,24060700
2022-10-19,98.69088745117188,100.06778474217612,97.98758079988396,99.06731041769221,23811100
2022-10-20,99.0276870727539,101.35553453374322,98.45315232106869,99.05740308448243,25323200
2022-10-21,100.17674255371094,100.35504617005535,96.79888925641042,96.92766115141708,32458700
2022-10-24,101.55364990234375,101.78148526277319,99.03759842574941,100.84044292323848,27176400
2022-10-25,103.49517059326172,103.83196211183454,101.75175830879428,101.930061923768,40611400
2022-10-26,94.03519439697266,97.38333194848032,93.79745874225998,95.52105546451727,88114100
2022-10-27,91.35073852539062,94.53048026417704,90.93469924535803,93.62905426662633,60710900
2022-10-28,95.38237762451172,95.63992899750288,91.26158588657455,91.40026565107432,43697300
2022-10-31,93.6191635131836,95.1248328714554,93.09416043140119,94.52058204516372,31675000
2022-11-01,89.61723327636719,95.12482243853582,89.5181773853351,94.55028769007764,47161400
2022-11-02,86.15021514892578,90.32053045090788,86.06105956611515,90.0827948258783,57038300
2022-11-03,82.64359283447266,85.70446300437007,82.55443724057845,85.50635121846325,61288000
2022-11-04,85.7638931274414,85.8233251451628,82.92094321259124,84.5950155815513,51124900
2022-11-07,87.65589141845703,88.06203038731945,86.03135065796711,86.45729778160043,34078900
2022-11-08,88.06204223632812,89.46865569620269,86.76438497857373,88.06204223632812,30429000
2022-11-09,86.4969253540039,88.59694505123552,86.4573014852848,87.616271304768,31769100
2022-11-10,93.05453491210938,93.50029024149276,90.74649540712433,91.38046223701573,51620100
2022-11-11,95.5012435913086,96.01633874938153,93.03470887381417,93.79745509098437,33090500
2022-11-14,94.79792785644531,95.87765743584981,93.61914994697848,94.19367711771467,30179500
2022-11-15,97.51212310791016,99.19609616346483,95.79842647915582,97.3338194561177,41640800
2022-11-16,97.9182357788086,98.7007901248497,96.71964217765083,96.97719352688098,29105200
2022-11-17,97.43286895751953,98.34419531457297,95.87766792478331,96.0559715648573,26052600
2022-11-18,96.51162719726562,97.96777221776902,95.46162115308442,97.8389927582132,28342300
2022-11-21,94.69888305664062,97.47249357744444,94.46114738720851,96.37295571478498,21647400
2022-11-22,96.13520812988281,96.30360389329707,93.16348617912884,95.0455707019559,23438500
2022-11-23,97.53192138671875,97.82909662876517,96.17483219901126,96.17483219901126,18868100
2022-11-25,96.54133605957031,97.71021362044154,96.48190404108719,97.31398252976868,9701400
2022-11-28,95.14463806152344,96.66021510957758,94.70878307241713,96.12530422953257,26237500
2022-11-29,94.29275512695312,95.21398938259789,93.22293323830483,94.82766607127728,20061700
2022-11-30,100.03805541992188,100.08758713760406,93.52998523987996,93.92621630890034,43647500
2022-12-01,100.03805541992188,101.2861806422184,99.30503285459555,100.06777142753957,28687100
2022-12-02,99.49325561523438,99.82013929364201,97.96777073857241,98.11635835101946,21480700
2022-12-05,98.54230499267578,100.42438954950684,98.0668261466735,98.46305725876209,24405100
2022-12-06,96.06587982177734,98.83948277532939,95.51115318508242,98.36401143814018,24910700
2022-12-07,94.04508209228516,95.96679018858364,93.82715463990071,95.50122683550975,31045400
2022-12-08,92.8266830444336,94.67905903360328,92.56913170384522,94.48093971104322,32213300
2022-12-09,91.95498657226562,93.37150769977879,91.87573883817876,92.88612099660666,28225400
2022-12-12,92.43045043945312,92.67809392047832,90.74647779147345,91.83610759648849,29420000
2022-12-13,94.72857666015625,98.59181627251274,94.13423384844269,96.8385038443359,40593700
2022-12-14,94.17388916015625,95.95692574823158,92.71774387280828,94.30266108583002,28733600
2022-12-15,90.00354766845703,92.75734197805329,89.16156134147303,92.25214715887117,40107000
2022-12-16,89.4092025756836,90.4691163492958,88.67617244628515,89.90448952704405,58011800
2022-12-19,87.60637664794922,89.706388922951,87.37854127751075,89.40922122463904,29493000
2022-12-20,88.180908203125,88.33940369596581,86.61580677746778,87.27948964940632,23453800
2022-12-21,88.73561096191406,89.369577647501,87.4874857432677,88.24032401645682,24745600
2022-12-22,86.93276977539062,87.70541622770546,85.50634090497599,87.32900085689239,27658300
2022-12-23,88.388916015625,88.70589937421238,86.24927267705067,86.28889654155903,23003000
2022-12-27,86.56625366210938,88.101646250422,86.18983829581997,87.96296650718489,20097300
2022-12-28,85.20918273925781,87.2101467000031,85.12994255309941,86.16014054796655,19523200
2022-12-29,87.61625671386719,88.01248777759298,85.79360440119908,85.80351225609894,23333500
2022-12-30,87.39834594726562,87.46768582385727,85.75398950597845,86.16012846707217,23986300
2023-01-03,88.27996063232422,90.19176882027702,87.68561016592967,88.7455240800291,28131200
2023-01-04,87.24976348876953,89.79553847603304,86.44739337515158,89.49836324025155,34854800
2023-01-05,85.3874740600586,86.74456313346334,85.09030640052188,86.64550724695111,27194400
2023-01-06,86.5167236328125,86.86343055515435,84.06010451251869,85.97191250445123,41381500
2023-01-09,87.19031524658203,89.20118670166892,87.03182734539318,87.52711431751243,29003900
2023-01-10,87.58655548095703,87.83419899287388,85.02097232508895,85.16955994373511,30467800
2023-01-11,90.6573257446289,90.73657347544317,88.17099053953802,88.33938629940864,26862000
2023-01-12,90.27100372314453,91.00403390685888,88.9040143567913,90.61771066077036,30258100
2023-01-13,91.25167846679688,91.32101834363606,89.28043078990615,89.9936452702405,26329200
2023-01-17,90.42951202392578,91.38046226909674,89.20120223526506,91.19225076852265,32602400
2023-01-18,90.26109313964844,91.9252575322005,89.78561435999978,91.27147515486845,29116700
2023-01-19,92.17292785644531,92.72764696311032,89.77573266518364,89.86488826874395,37000400
2023-01-20,97.0960464477539,97.37341347688135,94.12432486726897,94.20357258987681,63191100
2023-01-23,98.84938049316406,99.09702399348039,96.58096512336888,97.02672040094633,40005100
2023-01-24,96.77908325195312,98.67108334612655,96.28379621881625,97.17531438995869,33078500
2023-01-25,94.32245635986328,95.25359832710816,92.87621924407682,94.66915574421624,42330000
2023-01-26,96.60077667236328,96.6503083971589,94.48094883976952,95.59039448086202,30114000
2023-01-27,98.43335723876953,99.3743996700608,96.39276932513033,96.39276932513033,33879800
2023-01-30,96.0262451171875,97.36351849369827,95.49133425508724,96.56115597928776,27226200
2023-01-31,97.90833282470703,97.94795669253232,95.9073766231504,95.95690834730202,29870700
2023-02-01,99.48335266113281,100.23619105914219,96.66021811544799,97.77956407707593,35531100
2023-02-02,106.72443389892578,106.83339763663767,104.61451413296538,104.80272559946398,69883800
2023-02-03,103.79234313964844,106.79378116863643,101.61308334943693,101.9597827400415,65309300
2023-02-06,101.9300537109375,103.3762906680943,100.91966412167028,101.43476677119288,31999600
2023-02-07,106.62537384033203,107.16028465247165,102.14798314396651,102.24703902233036,49010200
2023-02-08,98.43335723876953,102.16781850574058,97.11589178897687,101.08809629631125,94743500
2023-02-09,94.11444854736328,99.08712726696145,92.74745143528722,99.05741125278253,119455000
2023-02-10,93.6785888671875,95.8380406275546,93.36160546921987,94.5502913222284,54980700
2023-02-13,93.71820831298828,94.30264335517856,92.95546208803488,93.84698021445055,50076100
2023-02-14,93.78752899169922,93.95592472624827,91.3903421761283,93.53988553825234,54726100
2023-02-15,96.0262451171875,96.20454873788759,93.26254277507603,93.5993343044652,50169000
2023-02-16,94.60973358154297,96.759277545991,93.84698729900944,94.47105381335152,42462600
2023-02-17,93.46065521240234,94.65924884324633,92.33140145912851,93.95594221146911,34284100
2023-02-21,90.92478942871094,92.22243896547124,90.85544955020039,92.12338307581045,33629300
2023-02-22,90.7861099243164,91.24177306400797,89.75591204252156,90.83563409054463,30884000
2023-02-23,90.03327178955078,91.07337753026592,88.9139258711701,91.05356181773953,41206400
2023-02-24,88.28984832763672,89.04268660211446,87.74503722118865,88.59693137343157,36585100
2023-02-27,89.02288055419922,89.31014789674506,88.49787003042141,89.02288055419922,27502300
2023-02-28,89.2110824584961,90.37005965794255,88.47805989316787,88.48796774820013,30142000
2023-03-01,89.50827026367188,90.17195305226244,88.82477176222423,89.13185485166831,31111200
2023-03-02,91.13280487060547,91.41016437188449,88.74551798499179,88.81486541779114,32204400
2023-03-03,92.76726531982422,92.8465130610586,91.57857187375025,91.60829544482357,35160100
2023-03-06,94.23331451416016,95.06540071543964,93.11396846500796,93.1337766223685,32639300
2023-03-07,92.97527313232422,94.76820959391353,92.64838190947148,94.08471869587915,27835500
2023-03-08,93.3615951538086,95.05547570805707,93.11395166533696,93.23282326049596,34103300
2023-03-09,91.44978332519531,94.62952467830927,91.03374409562433,93.1634795195889,28813500
2023-03-10,89.77571105957031,91.91535434031455,89.54788329165427,91.3011957932537,35941000
2023-03-13,90.2511978149414,91.69743494917104,88.57712533524305,89.24080810196517,37335600
2023-03-14,93.08423614501953,93.47055938446682,91.56865919680635,91.68752323511042,36050200
2023-03-15,95.2040786743164,96.01634914526834,91.76678529050788,92.34132009026139,50622100
2023-03-16,99.3743896484375,100.2361918035118,94.59982296945131,95.29322179021432,65492000
2023-03-17,100.66214752197266,101.8706416328262,99.1564705865955,99.31496607767983,61028500
2023-03-20,100.26591491699219,100.79091799810479,98.92864134939803,99.17628488256291,32960400
2023-03-21,103.93102264404297,104.10932626699038,100.26590185371047,100.29561786462173,42110300
2023-03-22,102.3956298828125,105.58527158969119,102.35600601870802,103.28714037398593,43427400
2023-03-23,104.6046142578125,105.29802060137733,103.47536048762859,104.06970338391277,40797800
2023-03-24,104.44612121582031,104.49564537954834,102.86119682693183,104.00035839739058,30393300
2023-03-27,101.49420928955078,103.77253247115901,100.96920628828376,103.6338527182764,31120900
2023-03-28,100.07770538330078,101.48431886556935,98.79986382011955,101.4744185654341,32057900
2023-03-29,100.43429565429688,101.52392552543023,99.70127302207695,101.31590589564402,28779600
2023-03-30,99.93902587890625,100.20648513290698,98.8394879624167,99.95884159419278,33086200
2023-03-31,102.75222778320312,102.91071566776778,100.08758173430977,100.34513304889079,36863400
2023-04-03,103.37628936767578,103.54468511127568,100.96919456849777,101.42485764043334,25035400
2023-04-04,103.73290252685547,104.58479670606407,103.0593119562598,103.3465793011073,24420100
2023-04-05,103.48526763916016,105.09990054860849,102.68290511251428,104.7829171689168,28290500
2023-04-06,107.39802551269531,108.14095597289517,103.34658169732893,104.26781577027593,48711500
2023-04-10,105.43669891357422,106.57585296689001,104.12914153667725,105.97160978014296,27067400
2023-04-11,104.35696411132812,105.72396099898825,103.69328137868473,105.5456573857056,26311800
2023-04-12,103.6536636352539,105.74377539759396,103.35648840973943,105.57537962995973,24370300
2023-04-13,106.41737365722656,106.4768056835996,104.84235694101693,104.84235694101693,24843600
2023-04-14,107.84380340576172,107.91314328944536,105.83293166397492,105.8824633912406,26578000
2023-04-17,104.97112274169922,105.15933421068411,103.53478597901366,103.67347328496217,37571200
2023-04-18,103.51497650146484,105.53574824150101,103.08902940590605,105.4862165216186,26596400
2023-04-19,103.19799041748047,103.99045256978819,102.09845277095613,102.60364758198928,20905700
2023-04-20,104.29753112792969,105.24848120414728,102.89091794586696,102.93054181039429,27820800
2023-04-21,104.4164047241211,105.0008397327794,103.79233829269596,104.47583674331223,25800100
2023-04-24,104.97112274169922,105.62489761912755,103.71308959239947,104.49564392017723,23542800
2023-04-25,102.87109375,105.68432743956781,102.86118589531551,104.83243331619352,46664100
2023-04-26,102.73241424560547,105.34752863476484,101.66259266163696,103.93100771084694,53347600
2023-04-27,106.57586669921875,107.34852086658351,102.56404601924885,103.46546454495318,50089200
2023-04-28,106.32820892333984,106.33811677937744,104.09941743610682,106.03104125953,36139800
2023-05-01,106.18952178955078,106.9720760975855,105.81310641855707,105.83291457177599,26681700
2023-05-02,104.32725524902344,106.18953168173442,102.7324304758186,106.13009965906194,30997200
2023-05-03,104.4164047241211,106.47679281670248,103.97064190774891,104.53526876250336,21795400
2023-05-04,103.70320129394531,104.60461976329854,102.98998675787486,104.49565601153888,23419500
2023-05-05,104.57490539550781,104.88198094212609,103.12866814460686,103.83197483499484,26639300
2023-05-08,106.75415802001953,106.94236950082018,104.16876679983567,104.18857495479786,26511400
2023-05-09,106.338134765625,109.11174544186326,106.17964682961541,107.36833280087117,36360100
2023-05-10,110.69664001464844,111.87542544527842,106.91264779027239,106.95227165556445,63153400
2023-05-11,115.47119903564453,116.80847228700557,113.33156334496269,114.3122293882969,78900000
2023-05-12,116.40233612060547,116.91743120125767,115.01553120849431,115.58015800501715,41102300
2023-05-15,115.41177368164062,117.3632055833455,114.91648670384667,115.01554258790955,36266800
2023-05-16,118.38349914550781,119.61180877166494,115.33252945579774,115.39196147654542,45035600
2023-05-17,119.70095825195312,120.52313648382196,117.76934197947081,118.48255646699654,33323600
2023-05-18,121.67219543457031,122.14766668018034,119.6910476104105,119.8099116430734,35234200
2023-05-19,121.60285949707031,124.78260095081902,120.99860878655475,122.38541381982782,41353400
2023-05-22,123.87128448486328,125.23827391464934,121.5830533547579,121.78117269366314,35253000
2023-05-23,121.40475463867188,123.45524264502252,121.05805522841555,122.98967918409565,34046300
2023-05-24,119.7603988647461,120.76088072713313,118.73020099136893,119.97832635531356,34182600
2023-05-25,122.31607818603516,124.1387306788188,120.81040150658113,123.34626847305567,42317000
2023-05-26,123.43541717529297,124.07929173687269,121.29577387357804,122.00898830748302,35635900
2023-05-30,122.50428771972656,124.47553546863793,120.85003091363836,124.45571975597146,35076700
2023-05-31,121.71183013916016,122.89060806044641,121.34531503835157,121.59295853842984,37325800
2023-06-01,122.5538101196289,123.2472088605985,121.46418028775692,121.66229205446838,30772700
2023-06-02,123.4948501586914,124.96090290179959,122.59343181140923,122.82125958334106,26980100
2023-06-05,124.82222747802734,126.22884069489605,122.67267622973692,122.84107954751497,32305500
2023-06-06,126.10997009277344,127.08072835419054,124.17835386828453,124.82222846227405,26638300
2023-06-07,121.34532165527344,127.8236693200009,120.96890623532141,125.77318888731985,52539000
2023-06-08,120.98870086669922,122.06843039511246,120.09718280596337,121.07785645151252,29389200
2023-06-09,121.07786560058594,122.59344263961952,120.76088221698073,121.09767375566376,23778300
2023-06-12,122.47457122802734,122.88071020381717,120.51323890061894,121.63258482252455,28306400
2023-06-13,122.66278076171875,123.9802460011841,122.01890614745163,123.80194237811752,22278300
2023-06-14,122.50428771972656,122.88071068558905,120.3052121775111,121.93966082841287,30592300
2023-06-15,123.91090393066406,124.27741904880322,121.2462648829115,121.97928756170958,35246300
2023-06-16,122.36560821533203,124.9212910160558,122.1179647088467,124.74298738908716,45535600
2023-06-20,121.93966674804688,123.39581184304008,120.98871654585305,121.77127096960723,26097500
2023-06-21,119.4136962890625,121.50380799105953,118.96793346366026,121.24625664021467,30306300
2023-06-22,121.98919677734375,122.07834481499013,117.70991714827096,118.86888698255561,26952200
2023-06-23,121.18682098388672,121.63258382371362,119.91888745789723,120.2358708393946,34913600
2023-06-26,117.22451782226562,120.85002211325339,117.15517794794245,119.62171252918014,33969900
2023-06-27,117.2146224975586,117.95755299289218,115.00563916614229,115.97640500533596,39535900
2023-06-28,119.04718017578125,119.25519980286133,115.74856703748377,115.98630267450676,27091400
2023-06-29,117.97735595703125,118.92830604232336,117.1849013313609,118.11603570546055,24090900
2023-06-30,118.57170867919922,119.93870568097417,118.56180838025891,119.03727968371793,29532200
2023-07-03,118.76982116699219,119.05708852676793,117.6999994597197,118.11603871561022,14467900
2023-07-05,120.60237884521484,121.45427304986976,118.10613580754944,118.11603610569972,27584800
2023-07-06,118.97783660888672,119.16604807599226,117.28395607737501,118.67076110569717,24745200
2023-07-07,118.3537826538086,119.90898350271272,118.27453492148081,118.96793368564964,21709500
2023-07-10,115.35233306884766,117.19480121428604,115.04525756376775,117.18490091620437,35315200
2023-07-11,116.03583526611328,116.60046213170129,114.2627069372542,115.19384889567219,23078800
2023-07-12,117.80896759033203,119.19577271910916,117.2938724292045,117.68019568942015,30404400
2023-07-13,123.36607360839844,123.6533409444226,119.31462245392977,119.79010124811987,44297900
2023-07-14,124.23778533935547,125.58496654137278,122.3259772774838,123.62363431555437,33283100
2023-07-17,123.47505187988281,125.90195518182102,123.02928904081584,124.75289325990691,25716200
2023-07-18,122.59342956542969,123.50475575141967,121.8009674121902,123.42550802459988,26193600
2023-07-19,120.87975311279297,124.00006295924167,120.65192530782674,123.42552818218525,37224000
2023-07-20,118.07643127441406,122.92033808352632,117.10567287563465,120.27550701498885,37906800
2023-07-21,118.8886947631836,119.84955280579004,117.61086088273697,119.48304524220468,72937900
2023-07-24,120.38446044921875,121.84060548000588,119.83964926814579,120.51323990968405,29686100
2023-07-25,121.05804443359375,121.98918638737764,119.87925898635496,120.21605806734303,52509600
2023-07-26,128.05152893066406,129.74540232003605,127.11048647935046,128.84399130044065,61682100
2023-07-27,128.18028259277344,131.98409862707467,127.57603178670944,130.42889003369507,44952100
2023-07-28,131.330322265625,132.47939190410833,129.33927367089592,129.54728577745465,36591200
2023-07-31,131.468994140625,132.27135673334078,130.53785207970907,131.47889444011693,28055500
2023-08-01,130.30999755859375,131.37981916789192,129.44818800071138,129.5472514351671,23166800
2023-08-02,127.16989135742188,128.86376438510172,126.35761344523159,128.22979764764366,26273300
2023-08-03,127.23925018310547,128.1703923291268,126.2189599886257,126.76377880969801,20089500
2023-08-04,126.90245056152344,130.27039650877546,126.70433876138416,128.0614204630477,26147200
2023-08-07,130.2902069091797,130.36945464899543,127.80387142167389,127.94255118761124,22746300
2023-08-08,130.16139221191406,130.2703559352975,128.31892432603962,129.38874585154318,23535200
2023-08-09,128.4378204345703,130.79537612894666,127.78403800787017,130.4189683106613,24912900
2023-08-10,128.46755981445312,130.80531533812552,128.22981658468657,130.08220046399103,20857800
2023-08-11,128.33876037597656,128.70526790592254,126.96186317041614,127.44724985423152,19591100
2023-08-14,130.09205627441406,130.1316725750129,127.74440125380522,128.17034072380753,24695600
2023-08-15,128.55670166015625,130.18124253117608,128.06141462490677,129.86426668839604,19770700
2023-08-16,127.48686981201172,129.05197853395998,126.66469914191973,127.48686981201172,25216100
2023-08-17,128.69537353515625,130.74586899055504,128.07130707221577,128.57650949077134,33446300
2023-08-18,126.25856018066406,128.03168853418597,125.18873845493916,127.29865833833011,30504800
2023-08-21,127.15998077392578,127.51658802197558,125.36704423496647,125.98120284160333,25248700
2023-08-22,127.86328887939453,129.05197461127347,127.11045810936166,127.29865446565053,22054900
2023-08-23,131.12228393554688,132.15248942586146,128.64584877704544,128.95292431830592,27819700
2023-08-24,128.55670166015625,132.9845689644834,128.34868956972952,132.68739372034156,28500700
2023-08-25,128.65576171875,129.52745659961704,126.05054714528603,128.31895505629643,26762900
2023-08-28,129.7751007080078,131.29067779366306,128.9133061222322,130.07227594567678,20543300
2023-08-29,133.3015594482422,135.28270758219568,130.99352005839108,130.99352005839108,43075600
2023-08-30,134.59918212890625,134.99540563044192,132.80624584477715,133.5095448272466,28315800
2023-08-31,134.886474609375,136.69922704264897,134.51005161116558,134.7279791243435,30053800
2023-09-01,134.38125610351562,136.16429210938105,133.57889367961565,136.16429210938105,21543700
2023-09-05,134.49024963378906,135.1341167520606,133.31146403775733,134.16335836737144,19403100
2023-09-06,133.19259643554688,135.24307690579013,132.4100344539137,134.73788957021387,18684500
2023-09-07,133.9850311279297,134.30202205679186,131.69680765193374,132.33077439469866,18844300
2023-09-08,135.094482421875,135.3718419233677,133.57890546194733,133.63833748155875,23558300
2023-09-11,135.62939453125,136.18411357030033,134.51004103926334,135.2529715626258,20763400
2023-09-12,134.06430053710938,135.57987776275795,133.91572046203083,134.9756269325021,18405500
2023-09-13,135.42137145996094,135.60956781404116,132.88548944943147,133.81663138154605,20749500
2023-09-14,136.7982635498047,137.3925988291446,134.95579546543004,136.30297659287558,24751000
2023-09-15,136.1048583984375,137.21431153088753,135.19353215336167,136.67939311891212,38919600
2023-09-18,136.9072265625,137.84826875270798,135.32230226270676,135.32230226270676,21861300
2023-09-19,136.73883056640625,137.10535323062862,135.3322172769841,136.1246795130563,20353700
2023-09-20,132.4793701171875,136.77845758196287,132.36049096088513,136.77845758196287,29927500
2023-09-21,129.21046447753906,130.98358514285636,128.843956964112,130.20103839703572,31503900
2023-09-22,129.0222625732422,130.78548307138033,128.37839552385094,129.52744986822796,26397300
2023-09-25,129.87417602539062,129.93360805536258,127.74444767159882,128.60624233611597,20094600
2023-09-26,127.35812377929688,129.131244830185,126.02084265119693,128.54680971818473,25718700
2023-09-27,129.3095245361328,129.6661317841142,127.35810764338333,127.35810764338333,22746500
2023-09-28,131.06285095214844,132.04352470913275,128.56660009843606,128.61613182423616,22513100
2023-09-29,129.6265106201172,132.78644401015598,129.1312236339659,132.02369781929437,30859800
2023-10-02,132.90533447265625,133.15297801496536,129.93361196494698,129.9732433960953,22288000
2023-10-03,131.1817169189453,132.99446928200175,130.59728184486156,132.6774934391783,22989400
2023-10-04,133.9652099609375,134.29210113802318,131.2807482360589,131.5382919899944,26752300
2023-10-05,133.7968292236328,134.21286846430397,132.19208916394834,133.7968292236328,19832600
2023-10-06,136.28317260742188,136.85770734068427,132.74681617552042,132.74681617552042,27597600
2023-10-09,137.11524963378906,137.63035233984527,134.3317391453215,135.6492043634317,19278100
2023-10-10,136.75863647460938,138.40299285145625,136.03552172670302,137.19449142895036,27786600
2023-10-11,139.22518920898438,139.77990827237048,137.27375707281203,137.27375707281203,25884300
2023-10-12,137.66009521484375,139.8888871232607,136.95678089538202,139.72049132619804,24765500
2023-10-13,136.06524658203125,138.68036136313773,135.33221637344056,138.06621031388815,23420500
2023-10-16,137.78883361816406,138.31383656866015,136.6892959998697,136.86759204420815,28501900
2023-10-17,138.4029998779297,138.58129594196157,135.88693346466465,137.3232778502887,23515800
2023-10-18,136.6596221923828,139.39360152118593,136.08508734717063,138.1355680650323,23375000
2023-10-19,136.45156860351562,138.34356857254127,136.08506106002469,137.19449910407923,26066000
2023-10-20,134.3218536376953,136.57044595575792,133.8067508749185,136.0355425938075,26335700
2023-10-23,135.21336364746094,136.36243322253188,132.68739668819748,133.76711882160117,26317900
2023-10-24,137.50157165527344,138.04639036690818,136.12467442857437,136.5308133876984,44814300
2023-10-25,124.4260025024414,127.10054931723444,123.8910916279868,126.95196926111923,84366200
2023-10-26,121.12738800048828,123.15806773168971,120.12690614034925,122.10805414835848,57061100
2023-10-27,121.01841735839844,122.14767105400718,119.07689332809781,121.72172395426145,44566500
2023-10-30,123.2868423461914,124.21798434885228,121.59296166894325,122.04862481392111,28940100
2023-10-31,122.9104232788086,124.1882646409759,121.53352602850394,123.88118156302635,26292300
2023-11-01,125.25808715820312,125.29771102759383,122.55382420024057,122.9005236105588,30082400
2023-11-02,126.28828430175781,127.76423752931852,125.73356524871063,127.20951847627134,27124600
2023-11-03,127.88311004638672,128.30904961320581,126.65479283923435,126.81328830756881,26393100
2023-11-06,129.0222625732422,129.1114106050115,127.45715385068908,127.83357680477238,19052700
2023-11-07,129.73545837402344,130.6666002116343,128.6557365048608,129.4779146143479,29757300
2023-11-08,130.5972442626953,130.96376684152867,129.54723846837823,129.73544990603062,26425800
2023-11-09,129.01235961914062,131.30058307721072,128.84396385761158,130.71614806102886,23747800
2023-11-10,131.3402099609375,131.54823716249373,128.19019172994675,128.87369024439658,26913300
2023-11-13,130.84494018554688,131.3402272769737,130.0128614995408,130.53786460725624,18324800
2023-11-14,132.36048889160156,134.42088456077047,132.06332879289005,132.92512330907195,32395200
2023-11-15,133.35108947753906,133.7572285134562,132.31099869452711,133.59873301920138,23861500
2023-11-16,135.63929748535156,135.92657242438622,133.0539137238025,133.91570831098554,28013200
2023-11-17,134.03456115722656,134.77749163303557,132.3902047431791,134.71805961336432,37240600
2023-11-20,134.9656982421875,135.37183718191923,132.360483964102,132.42983139452585,27815500
2023-11-21,135.67892456054688,135.88693664011163,134.67845024297165,135.005326368002,22635300
2023-11-22,137.1846160888672,138.1058427704475,136.1742262486165,136.1742262486165,17813900
2023-11-24,135.4015655517578,136.82799456252866,134.7081667590109,136.72893111429622,12514300
2023-11-27,135.1242218017578,137.1152703778928,134.71808277755815,134.74779879250332,23436500
2023-11-28,135.90675354003906,135.95628526440245,134.14353298041522,134.7973154661077,18730000
2023-11-29,133.71759033203125,136.98647245548034,133.5689951623546,136.27327307787965,23967200
2023-11-30,131.28077697753906,134.27231482569374,130.04255942126184,133.77702780318285,38988300
2023-12-01,130.6171112060547,130.86475474958849,129.43832552043992,130.6171112060547,31442300
2023-12-04,128.05152893066406,128.80435986872246,126.69443957860305,128.65577978718542,36669900
2023-12-05,129.7553253173828,130.89447964896365,127.04114645466437,127.73454540062502,27384800
2023-12-06,128.79441833496094,130.5972549119392,128.6557385982703,130.20103141138242,23576200
2023-12-07,135.63929748535156,137.25393802452018,133.43032158483481,133.76711313442814,56767100
2023-12-08,133.71759033203125,135.11428819124905,132.76663263696403,132.93502840396306,32260100
2023-12-11,132.0336151123047,132.08314684028716,130.1218143548642,131.13220416885352,31138000
2023-12-12,131.2708740234375,131.7463453232423,130.02274107837968,130.56755981511444,29032800
2023-12-13,131.3204345703125,132.2416613605632,130.3298603279113,132.12279728826334,30104800
2023-12-14,130.69638061523438,132.45960172823195,128.46758835403315,132.12281008079754,38722400
2023-12-15,131.35009765625,132.2515083662078,129.9434694977227,130.37932440713033,50847100
2023-12-18,134.5199432373047,135.85720897900194,131.18169880212074,131.379825680854,32258000
2023-12-19,135.3619384765625,136.17421645628426,134.79731912538074,135.5501499652766,25476800
2023-12-20,137.03599548339844,140.3643245325025,136.76855140187814,137.66006190353008,49107200
2023-12-21,139.09640502929688,139.36386425256705,137.8680877770193,138.17517842630895,27488300
2023-12-22,140.15631103515625,140.65159800099755,139.3836645776405,139.44309659514806,26532200
2023-12-26,140.18605041503906,141.335104879987,139.85915914929106,140.25538274203709,16780300
2023-12-27,139.04685974121094,140.74074783674814,138.57138848007864,140.25536116259798,19628600
2023-12-28,138.90818786621094,139.80961383431003,138.4327165781313,139.45300658951038,16045700
2023-12-29,138.373291015625,139.03697381318452,137.4718650054482,138.3138589912108,18733000
2024-01-02,136.86758422851562,138.13551752126708,135.19351203801926,137.24400712056772,23711200
2024-01-03,137.6105499267578,138.31386417693605,135.78789723990403,135.95629302037804,24212100
2024-01-04,135.10435485839844,137.8482484126222,135.0647385584804,137.1152183870118,27137700
2024-01-05,134.4506072998047,135.8671360060493,133.87607255527527,135.4609970308709,22513900
2024-01-08,137.53128051757812,137.69967627152062,134.97559796988412,135.00531397852347,21404000
2024-01-09,139.62139892578125,140.15631733731945,136.84778876936215,137.19449570702432,24759600
2024-01-10,140.93885803222656,141.65207247345745,139.58177658028163,139.67092460669582,21320200
2024-01-11,140.7407684326172,143.85117046866557,139.31433932551914,142.1374815262308,24008700
2024-01-12,141.30540466308594,141.85022350023897,140.48324137197477,141.32522037942684,18785500
2024-01-16,141.1468963623047,142.98936462858398,140.1166909258045,140.66150965520748,22670500
2024-01-17,140.13648986816406,140.50299737183,137.59070770767883,140.01762583777685,20968600
2024-01-18,142.12754821777344,142.85067809474862,140.65160268399825,140.71103470348461,25746400
2024-01-19,145.0001983642578,145.06953067080715,143.0190507549195,143.37565792919867,34271900
2024-01-22,144.61390686035156,146.99127846629932,144.46531168812982,145.7134446289684,32200400
2024-01-23,145.65399169921875,145.79267145213515,144.1285144171384,144.5148376656169,21636100
2024-01-24,147.29835510253906,148.43752430496747,146.70401975406176,147.13985963029438,25233500
2024-01-25,150.4384765625,151.60736180458775,148.13043720567228,148.6554553594219,29149100
2024-01-26,150.75543212890625,151.10212389703491,149.58654716118195,149.6757102923757,26115500
2024-01-29,152.06301879882812,152.33047802772649,150.00262293630868,150.62668943208467,27784300
2024-01-30,150.03236389160156,152.1719925180601,149.76490464518363,151.3597295938864,36331800
2024-01-31,138.7794189453125,142.64265137404246,138.55157604993053,142.2662284294629,71910000
2024-02-01,139.8294219970703,141.71150645053427,139.46289935847955,140.78036452188786,40466500
2024-02-02,141.0379180908203,141.2756461555597,135.21333866537148,137.947317214583,62499600
2024-02-05,142.32566833496094,144.0988043000788,141.43415776046106,141.4737891857491,38505400
2024-02-06,142.7417449951172,143.9898630171305,141.84031886618192,143.28654870066302,29128200
2024-02-07,144.16815185546875,144.24739959945848,142.5733269057092,143.39550524527087,25208900
2024-02-08,144.53466796875,144.95070726949984,143.7323053805209,144.45542022837463,22563800
2024-02-09,147.5955047607422,148.03135967641543,144.80207922754047,145.2973661562678,26829500
2024-02-12,146.1393585205078,147.93229476618814,145.98086307730932,147.02096864023295,21564100
2024-02-13,143.77191162109375,145.28748865156425,142.3355823254468,143.553984129069,27837700
2024-02-14,144.56434631347656,145.13888094527297,142.7317786928336,144.70302604425797,22704200
2024-02-15,141.4242706298828,142.16720121612832,139.1360468426405,141.79077821564292,37590700
2024-02-16,139.19546508789062,141.8402958992358,138.81904212467896,141.6421841188465,31468900
2024-02-20,139.78981018066406,140.7407679538146,138.1751846986445,138.34358047947055,25144700
2024-02-21,141.20631408691406,141.3449938299057,139.35393059450502,140.11667673843814,23223300
2024-02-22,142.73179626464844,143.63322218318132,141.4539625247731,143.56387475177468,27191900
2024-02-23,142.6030731201172,143.3162726615451,142.07805487127754,142.3157981283957,19493800
2024-02-26,136.27328491210938,141.09737589700708,136.0949737160045,140.8002006468063,53641800
2024-02-27,137.57093811035156,137.93744569659972,135.79780197777268,136.71904376572382,33099200
2024-02-28,135.094482421875,136.70910770950192,134.13362446493272,136.60014396856127,37328600
2024-02-29,137.1548614501953,137.55108494285057,135.11426662964436,135.98597645143477,42133000
2024-03-01,135.8473358154297,137.56102483106488,135.62940829726085,137.1251697947272,31151100
2024-03-04,132.09303283691406,134.38125607946606,130.666604032477,134.38125607946606,55999400
2024-03-05,131.41944885253906,131.98408327949778,129.43830088138756,130.6369020545164,40194800
2024-03-06,130.16139221191406,132.32085097125182,129.61658870995373,131.8651803693875,35318600
2024-03-07,133.1133575439453,133.66807664300944,130.36946294861545,131.5383331766489,37738200
2024-03-08,134.1336669921875,136.78839880957784,132.73695362865286,132.9449808782073,39370400
2024-03-11,136.37232971191406,137.7888584846141,134.84685230242854,134.84685230242854,32437800
2024-03-12,137.19448852539062,138.0661984156239,135.73834364736848,135.73834364736848,27563400
2024-03-13,138.47232055664062,139.7600696656856,137.67987351872839,137.68977381646687,23347200
2024-03-14,141.75112915039062,142.2365006810185,139.13601469562042,139.85912940030303,42753400
2024-03-15,139.84922790527344,141.83037587468064,138.7100738688481,141.15679282026272,49475400
2024-03-18,146.28794860839844,150.7158152205623,145.78276135280063,147.20919020973375,69273700
2024-03-19,145.6441192626953,147.38752436358277,144.70307682252857,146.76347291355683,24070400
2024-03-20,147.33798217773438,147.45684622092818,145.3568341780524,146.60495197646654,21311500
2024-03-21,146.20870971679688,148.9525884625378,145.5152959136547,148.06107802272328,24755600
2024-03-22,149.34884643554688,150.1512089583533,147.57571050851763,147.71439026412665,29211800
2024-03-25,148.6554412841797,148.9625167930801,146.42664987640165,148.52666183272117,19229300
2024-03-26,149.24978637695312,150.82479544746644,148.56628788202391,148.80403108916107,22149100
2024-03-27,149.44789123535156,150.21063743065775,147.49645928934754,149.75496675016123,22879200
2024-03-28,149.50733947753906,150.00262652031626,148.7545086139037,149.4281068518604,24485400
2024-04-01,154.02435302734375,154.27199652143653,149.19034718586528,149.2695949177701,31730800
2024-04-02,153.1031036376953,153.24178338278546,150.7158168476106,152.05309769416158,24586000
2024-04-03,153.459716796875,153.61821225881653,151.29035739579777,152.15216702325534,24705000
2024-04-04,149.111083984375,153.3111226498397,149.03183626069176,152.05308959817475,34724700
2024-04-05,151.06253051757812,151.97385675674153,148.18987204880133,148.6158116009819,23459200
2024-04-08,153.39036560058594,153.80640480075897,151.17147475137236,151.33987049085022,20702000
2024-04-09,155.12388610839844,157.06540257966853,153.7271732158785,154.6186837219778,31079500
2024-04-10,154.66822814941406,155.13379915183737,153.22198341774504,154.73757558656484,22838600
2024-04-11,157.9074249267578,158.1748690577912,154.98523428039098,155.4309896137416,27166400
2024-04-12,156.24322509765625,158.70975967764107,155.65879009401198,156.47106798921303,25353700
2024-04-15,153.40028381347656,157.73900258836812,153.13282461250074,157.36257964736208,27136500
2024-04-16,152.9446258544922,154.18284340549994,151.98376782571336,152.7366137703007,20779500
2024-04-17,154.00454711914062,155.59937192721887,153.1229368286477,154.15312717907076,21763100
2024-04-18,154.53941345214844,155.46065494804532,153.162516471579,153.87573081841637,19883000
2024-04-19,152.6375274658203,154.88613443395536,150.86440684884911,154.7276389835674,32615600
2024-04-22,154.80691528320312,156.15409663024886,152.6078396267761,152.85548314560833,26446200
2024-04-23,156.76824951171875,157.47156376382256,154.8069170523424,155.48051529104362,21151600
2024-04-24,157.6300506591797,158.0659056519581,155.68851890451947,156.00550985016204,22779100
2024-04-25,154.52955627441406,155.01494301435423,149.44790641398717,149.90357714076376,57109700
2024-04-26,170.32919311523438,173.06318697805824,168.05086993453432,172.72638033694088,64665300
2024-04-29,164.5838623046875,167.95182293786596,163.65273545115042,167.46643624163954,45610000
2024-04-30,161.24560546875,166.51546545477268,161.06730943604367,164.0489311976363,33562900
2024-05-01,162.31546020507812,165.54472608248636,161.55271397427848,162.7513151941065,33493200
2024-05-02,165.04945373535156,165.15841749229028,162.34519064127778,163.236701296259,24294500
2024-05-03,165.66358947753906,166.37680391626236,161.51308229287275,165.98056527532796,34662400
2024-05-06,166.5155029296875,166.5551192408857,164.46500740235146,165.88153614579352,21871300
2024-05-07,169.63580322265625,170.14099053831322,166.8027608824853,166.91172463075958,28039700
2024-05-08,167.78341674804688,168.54614778977586,167.14945003877577,167.40699381865014,19569100
2024-05-09,168.3579864501953,169.08110133576147,166.59475058606787,167.79335193868405,15346700
2024-05-10,167.06028747558594,168.24898828516856,164.62348406885067,166.44613647493796,29799900
2024-05-13,167.54568481445312,167.6843645690759,162.45413508764602,162.71167888481415,31327600
2024-05-14,168.734375,169.63580098611519,167.20889765923283,168.1697556681758,25127100
2024-05-15,170.88394165039062,171.02262142717785,168.9027933448805,169.02167252138528,26948400
2024-05-16,172.5381622314453,173.4693041567708,171.0622167291373,171.65655202628884,27867900
2024-05-17,174.4004669189453,174.60849412252608,172.05281122904015,172.53818284579418,24479300
2024-05-20,175.25234985351562,177.0849177951841,174.42027132306535,174.52923506740714,22554400
2024-05-21,176.173583984375,176.47074407897802,174.1528046513203,175.23252663493534,16989400
2024-05-22,174.7174530029297,175.48018412655318,173.5584831966184,174.97499681045656,17880000
2024-05-23,171.91409301757812,176.5697870442816,171.31974266737882,175.40091716783556,21024900
2024-05-24,173.3405303955078,174.1131768202572,172.013149895976,173.33061498303792,16579400
2024-05-28,174.73724365234375,175.5990532912732,172.7263796864407,172.80562741846637,20572200
2024-05-29,174.24197387695312,175.17311592654391,173.07310372275933,173.77640285215773,23388700
2024-05-30,170.48768615722656,173.56837180086202,170.17069523243458,173.54855608932272,22931500
2024-05-31,170.8740234375,171.42874248649764,167.84286926621976,170.24005665079406,37638900
2024-06-03,171.53770446777344,172.884885765003,169.54665609137342,170.91363798660555,27459100
2024-06-04,172.15184020996094,172.21128734355756,170.2697557499601,171.64665293658192,26879600
2024-06-05,173.75660705566406,174.98490926995618,172.29054650027606,173.54857984342613,22068500
2024-06-06,175.06414794921875,175.48018723719562,174.093389610606,174.24196967239757,23251000
2024-06-07,172.81556701660156,176.19341326652375,172.6570715303695,175.381150350767,19661400
2024-06-10,173.55931091308594,175.59232118793005,171.32796149412926,173.51964913718612,23726700
2024-06-11,175.1559600830078,175.37413767386394,172.32959332705445,174.75928180816368,21540600
2024-06-12,176.31626892089844,178.9145616902939,174.65020192278865,176.77246257931822,27864700
2024-06-13,173.7080841064453,175.2749891373828,173.43040626625967,174.6502064308114,20913300
2024-06-14,175.32456970214844,175.59233589189165,172.70645343662588,172.77588046564773,18063600
2024-06-17,175.77084350585938,176.88155485978157,173.36097817553005,174.00559933310134,19618500
2024-06-18,173.6386260986328,175.91956377801446,172.65684217183323,175.67163609834915,21869900
2024-06-20,174.83865356445312,175.82043777672718,173.53951456642366,173.9163544591219,20160100
2024-06-21,178.14102172851562,179.35091015505034,175.1460507765767,175.53281739605538,57759000
2024-06-24,177.7344207763672,179.39057608957674,177.18897677924866,178.6666314019322,18298000
2024-06-25,182.50454711914062,182.76238649336386,177.93275948021235,178.13109862440768,23130200
2024-06-26,182.3557891845703,182.9805567069559,180.96738496662277,181.11615066799544,19839000
2024-06-27,183.8730926513672,184.50778692214723,182.49461532269,182.65327754115623,18848900
2024-06-28,180.64013671875,183.5954461342398,180.45172435645102,182.7921627160181,29156600
2024-07-01,181.47317504882812,182.3557971056762,179.79718128044868,181.51283682486664,16006100
2024-07-02,183.70452880859375,184.0317952147811,180.05502490239206,180.54096868108974,17372500
2024-07-03,184.27972412109375,184.54747516508317,182.47480304485995,183.31776335097922,10242100
2024-07-05,189.0200958251953,189.2779352009688,184.25988067435352,184.3193809047392,20967500
2024-07-08,187.4630889892578,188.59363868194907,186.22345050462678,188.32587253222317,21035900
2024-07-09,187.41348266601562,189.77375895945517,187.15564333327268,188.73245970456688,15121400
2024-07-10,189.5952606201172,190.16054303109576,187.4630884852071,187.58208893707388,15952500
2024-07-11,184.0317840576172,189.2779276351132,183.54584030838046,188.27630515494232,25625800
2024-07-12,183.53594970703125,185.55903335294278,182.96075554978484,183.54586136873434,22898400
2024-07-15,184.9838409423828,186.67967331271745,183.38718571924736,183.38718571924736,16474000
2024-07-16,182.3954620361328,187.11600034630766,181.8500180292527,185.80694986210247,18290700
2024-07-17,179.51951599121094,182.028543422423,178.40878946455692,181.45334926969147,20734100
2024-07-18,176.2171173095703,180.98724445457364,175.00722876619346,180.4219619618105,25315700
2024-07-19,176.18736267089844,178.79555205599942,175.66175710285674,177.39725118322656,18881900
2024-07-22,180.1641082763672,181.18556924112812,178.73604223141416,179.09305874265243,24100300
2024-07-23,180.2831268310547,182.08804802244904,180.03519909370766,180.54098136257284,36352700
2024-07-24,171.1990509033203,174.72953914992098,170.3957675264856,172.16101164978593,49585200
2024-07-25,165.89341735839844,171.982522384464,165.8041669988135,171.08998852399645,44852000
2024-07-26,165.61570739746094,166.69666856249324,162.70007515743842,165.7644579679493,41336900
2024-07-29,168.12474060058594,169.01727432015218,166.5975125369865,167.43054602622254,20293800
2024-07-30,168.87844848632812,169.81065918652655,167.04379233570876,168.82887504541765,18959700
2024-07-31,170.11807250976562,172.80561557083252,168.600756120216,171.80399306020445,25729100
2024-08-01,169.34454345703125,172.60728070774732,167.48013730321483,168.83877635874134,24531400
2024-08-02,165.27853393554688,167.1131899291379,163.3050238959055,165.06035633790583,29130100
2024-08-05,157.92996215820312,163.06701740006122,153.64576377052947,154.21104625180902,53630700
2024-08-06,156.97792053222656,159.23903543312898,155.11351422532948,158.00930840033058,49004600
2024-08-07,157.62252807617188,161.62903333217733,157.15642275675472,159.91337776437143,25138600
2024-08-08,160.6869354248047,162.33317935042268,158.88202923647776,159.1795304367503,25578800
2024-08-09,162.31333923339844,162.43233971229074,157.74155087080686,158.68367330409217,28602300
2024-08-12,160.9447479248047,163.53311386044192,160.4984810667238,162.98768499629125,15895300
2024-08-13,162.7992401123047,163.3645073701746,161.61910190037165,162.05545705089867,18551700
2024-08-14,159.04066467285156,161.8670466571722,156.4027253040999,161.05383649410487,40591100
2024-08-15,159.9629669189453,160.30014498417518,158.28697312159332,159.1695951936991,31524300
2024-08-16,161.6092071533203,163.69179086382167,159.79437447768626,160.1315525357236,24208600
2024-08-19,165.2884521484375,165.30829060327488,162.89842527282462,163.90997461723012,22416200
2024-08-20,165.7942352294922,167.24213992598882,165.437233801864,165.51655736424223,18341500
2024-08-21,164.47523498535156,165.466945741652,163.3050084241183,163.78102535009705,22902000
2024-08-22,162.4422149658203,166.20079184393225,161.95627127734653,165.87352549850758,22493300
2024-08-23,164.24716186523438,164.80251757325382,162.4720059319359,163.3546280676757,13955700
2024-08-26,164.78268432617188,166.1611618513878,163.09677884769525,165.00086193151313,14190400
2024-08-27,163.31492614746094,165.0603468280275,163.0967636946959,164.46531429923328,11821900
2024-08-28,161.50013732910156,164.22734249342142,160.19107158671994,163.6719716397299,16407400
2024-08-29,160.43896484375,164.59423533122902,158.92164859814,162.9479918450426,19699800
2024-08-30,162.02574157714844,162.30341943551804,160.34974763264805,161.27203156245238,22123800
2024-09-03,156.05563354492188,160.50842109663853,155.18292307861995,160.3794938325781,38945300
2024-09-04,155.15318298339844,157.6820490608359,154.6672542778887,155.36144895169474,19353800
2024-09-05,155.93663024902344,158.12830290448517,154.6870648072252,155.00441956460497,18688700
2024-09-06,149.6689910888672,156.52171630140364,149.3020629377333,155.99611079160965,37912100
2024-09-09,147.67303466796875,152.33031802848637,146.1934191551348,151.44652470733544,39260500
2024-09-10,147.6233673095703,150.21516785637962,147.30559146131813,149.4008786095233,31118800
2024-09-11,150.10592651367188,150.44355197063078,146.49130976548943,148.87456789416893,29607700
2024-09-12,153.611328125,153.74042646617514,151.58554483567272,152.72753482151148,29621500
2024-09-13,156.3620147705078,157.27559765598852,154.12770435368589,154.3461563209122,29591200
2024-09-16,156.9578094482422,157.14648695965292,155.50799884377685,156.2130393678647,18379800
2024-09-17,158.2090301513672,159.43044881944618,157.27558257568288,157.91111909387857,20715600
2024-09-18,158.6956024169922,159.38079329854523,157.49404853540457,158.74525678494552,23677300
2024-09-19,161.0093536376953,162.64784168369965,160.2149292220262,162.56841287927963,26587700
2024-09-20,162.44924926757812,162.5882724123634,160.9299194880009,162.3598804928704,40896400
2024-09-23,160.7213897705078,164.33600662936618,160.5426370715715,163.20395671072333,24150900
2024-09-24,161.15829467773438,162.0818173776698,159.56946106689367,161.8931398823935,23332100
2024-09-25,160.36392211914062,161.67470976901416,160.17524458071915,160.34405733815197,18869200
2024-09-26,161.59524536132812,162.93583758934093,161.1483863361193,162.49890337717716,20319300
2024-09-27,162.80674743652344,164.54454440704646,161.4959598865702,161.6746974446782,21101300
2024-09-30,164.69349670410156,164.9913926147097,162.12154584089137,162.1811401753991,20413900
2024-10-01,165.8255615234375,167.98042800067057,163.4323631439142,166.52067729796633,28338100
2024-10-02,164.7034454345703,166.35187375711521,163.58132016704218,165.25953808497383,17760200
2024-10-03,164.7034454345703,165.4780052194021,162.77697078682365,163.26355943212087,15073100
2024-10-04,165.89505004882812,167.05688955338184,164.32606593132192,166.88807682048628,19047400
2024-10-07,161.843505859375,167.30515333490106,161.6151139348849,166.55045841132394,22463100
2024-10-08,163.2337646484375,163.58131496769886,161.73428435048646,162.79683039346867,23072700
2024-10-09,160.7313232421875,163.69053895167258,158.62611121223813,162.31023226464953,31181800
2024-10-10,160.94979858398438,161.9329006503817,159.2815055457696,159.74822939172097,14144100
2024-10-11,162.10169982910156,162.7570859994371,160.11564623470997,160.99943947811877,15344300
2024-10-14,163.80970764160156,165.07084076824168,162.26057310515668,162.49890499208357,19016100
2024-10-15,164.30624389648438,166.51074975955862,163.48202971931687,164.63392945205794,20247200
2024-10-16,164.00830078125,164.6438372917239,162.59820462214802,163.38268908336363,16406000
2024-10-17,161.79383850097656,165.20985289039217,161.62502577447916,164.57431638671383,21453400
2024-10-18,162.28042602539062,163.56143898948267,161.942800574539,162.0520341206834,19757700
2024-10-21,162.92591857910156,163.35291284104187,161.48601755980903,161.8137182306033,20946500
2024-10-22,163.9884490966797,164.61406084451548,161.84350752043144,161.84350752043144,16568100
2024-10-23,161.6448974609375,164.66370734673023,160.80081863998697,163.61108623567196,18280500
2024-10-24,161.5853271484375,162.1910741214277,159.88724460042005,161.69456070594023,22412500
2024-10-25,164.1175537109375,164.43531442750802,162.28044795544452,162.52870467092262,19828900
2024-10-28,165.55743408203125,167.57327733196706,162.80674552404707,167.57327733196706,32138600
2024-10-29,168.49679565429688,169.19192660016526,165.92485964222502,166.56039624660548,42169000
2024-10-30,173.2434539794922,180.75073380709983,172.84623418689728,179.42006644238907,68890800
2024-10-31,169.91683959960938,175.58703007037118,169.80760603057018,171.92275825269778,44769000
2024-11-01,170.0955352783203,171.11836671050878,167.702352468204,168.8840566551811,31796500
2024-11-04,168.0598602294922,169.53946045641658,166.83842636200512,168.7450359899921,21492700
2024-11-05,168.55638122558594,169.34086576189884,167.66264797842342,168.2485301772737,18242100
2024-11-06,175.27914428710938,175.70615366421993,172.29013925687767,172.5880503091246,33695500
2024-11-07,179.48959350585938,179.81729416706102,175.95442053394322,176.172887641411,25352900
2024-11-08,177.10633850097656,179.63854475709948,176.83821701828134,179.39028805337082,22006200
2024-11-11,179.0924072265625,179.29100957580835,177.22551180839807,177.33474537334146,17450400
2024-11-12,180.35353088378906,181.2174745432505,178.13908526034365,178.56609468327508,25134900
2024-11-13,177.63265991210938,179.69815771950462,177.29501924422846,179.2016442605843,23184000
2024-11-14,174.35565185546875,177.57306422524127,173.10444351008397,177.03682125408577,31007500
2024-11-15,171.28720092773438,172.92568911299827,170.02605262888574,172.51854448191054,32504600
2024-11-18,174.07760620117188,174.21662935117394,171.69433271949634,172.21071091338408,20135300
2024-11-19,176.87794494628906,177.6227151144133,172.34974474847573,172.50863268758198,23434900
2024-11-20,174.7528533935547,176.4409959363333,172.56819744687726,176.1033704582549,18997100
2024-11-21,166.46107482910156,172.91574854426113,162.55847191900318,172.6873414876996,59734400
2024-11-22,163.61106872558594,165.2992261868159,162.75706518312745,164.69347931190484,38604600
2024-11-25,166.48092651367188,167.4541036263309,164.45515863582298,164.9318072272488,33135300
2024-11-26,167.940673828125,168.63580465316602,166.41141934828232,166.46107371469742,20486700
2024-11-27,168.0499267578125,168.29818346613916,166.8483727748482,167.82153482882035,19266500
2024-11-29,167.7718963623047,168.24854504481223,165.99438482921897,167.3250372754296,14257200
2024-12-02,170.294189453125,170.88007169070767,167.39455270779308,167.59315505838524,23789100
2024-12-03,170.14517211914062,171.4758241118009,169.65859878806606,170.29413519891747,22248700
2024-12-04,173.154052734375,173.6902956126384,169.86713693543717,169.95650569768634,31615100
2024-12-05,171.43614196777344,174.83229172271828,171.12830609165766,174.1371760101365,21356200
2024-12-06,173.49169921875,173.8591142443165,170.66156709877058,170.83037981733855,21462400
2024-12-09,174.3466796875,175.23148577080642,172.63671498294693,172.94491881984126,25389600
2024-12-10,184.0895233154297,185.2725820417294,179.99356854584033,181.78306850285867,54813000
2024-12-11,194.2598114013672,194.46859270076922,183.77138405763577,184.22869140717978,67894100
2024-12-12,190.8398895263672,194.04108635776814,190.59134831615194,193.86214396789393,34817500
2024-12-13,188.71237182617188,191.60537989902093,188.53341427180683,189.8954152094274,25143500
2024-12-16,195.51246643066406,197.8388085792474,191.49603187198403,191.74457308879215,44934900
2024-12-17,194.27969360351562,200.2446827169294,193.84225864137167,196.09901710347702,43504000
2024-12-18,187.3006591796875,195.8504833002915,186.64452188139882,194.08087100994013,34166100
2024-12-19,187.4100341796875,191.90366411909912,187.28080304822961,190.5118392204889,32265200
2024-12-20,190.29310607910156,191.76446587529261,184.13922295556452,184.69595286927182,63462900
2024-12-23,193.49432373046875,193.96158245764806,189.04045395521715,191.49604252749893,25675000
2024-12-24,194.96568298339844,194.96568298339844,192.64927690043314,193.70308928801546,10403300
2024-12-26,194.4586639404297,195.6019475277096,193.24578152744004,194.01127759173056,12046600
2024-12-27,191.6352081298828,194.1802828500262,189.53751972128225,193.8124315456521,18891400
2024-12-30,190.12408447265625,191.42643795171404,188.0164447517429,188.69248471347018,14264700
2024-12-31,188.19541931152344,190.83990159620672,187.41002054250913,189.96503162659658,17466900
2025-01-02,188.32464599609375,190.87965701997763,186.4059150585719,189.53752836365504,20370800
2025-01-03,190.67088317871094,192.08261071335764,188.87144710211905,190.2533357330172,18596200
2025-01-06,195.7212371826172,197.06336585299624,192.71887013485082,192.8481012552134,29563600
2025-01-07,194.34930419921875,199.82714740579908,193.46449803391354,195.9598465030939,26487200
2025-01-08,192.8182830810547,195.14462535167834,191.2574520458894,191.44634580773328,24864800
2025-01-10,190.91941833496094,195.37328795351274,189.19951732698908,193.16624068951896,26665200
2025-01-13,189.8954620361328,190.06446827541632,186.26676564675535,188.96095962534537,21823700
2025-01-14,188.5533447265625,190.85979972619006,187.21121585751197,190.12412730679594,17174900
2025-01-15,194.40895080566406,195.21422195403466,190.7404798677513,191.963298457138,21776000
2025-01-16,191.78436279296875,194.33935880818177,191.6849402307685,193.00718142531574,17815400
2025-01-17,194.85633850097656,196.07915719403834,192.61946726818474,195.38324473334276,27735100
2025-01-21,196.89437866210938,201.10962849733662,196.71542107622028,197.9084311961374,29971300
2025-01-22,197.21249389648438,199.31018252245178,196.3773989893062,197.89847013086398,26200600
2025-01-23,196.8247833251953,199.1312534169042,194.06100582652098,196.9838533666416,26951400
2025-01-24,199.04176330566406,199.72772435097139,196.8446521798743,196.9440747387753,23877500
2025-01-27,190.69076538085938,195.73118866143682,189.61706547784135,191.28727038356462,41728900
2025-01-28,194.16041564941406,194.33935805697908,189.56736331512153,191.6252920206379,24157900
2025-01-29,194.26976013183594,195.64169733166847,192.30130277467072,194.41887879385513,18218300
2025-01-30,199.69789123535156,200.2247973993167,196.51656670676422,196.84464293202117,24354700
2025-01-31,202.8295135498047,204.28098571145065,200.62246640616354,200.82129633888542,32001100
2025-02-03,200.05580139160156,202.5611012223486,198.93240535424198,199.5189590127464,27838300
2025-02-04,205.17576599121094,205.84185468330165,201.62658985975028,202.20320734762427,43856400
2025-02-05,190.21356201171875,191.62527427419866,186.93281498241248,189.9550846125892,70373900
2025-02-06,190.48199462890625,190.97907706252056,187.61879495696715,188.39424233982533,29297400
2025-02-07,184.25852966308594,190.0644493766904,182.17079235327273,189.93521824759102,49315000
2025-02-10,185.38192749023438,187.10182849533746,184.77548630303588,186.2567974441607,23105600
2025-02-11,184.23863220214844,185.84917436040885,183.2046922916037,183.95031590853927,21239500
2025-02-12,182.5386199951172,184.02986736226762,180.76900766634557,182.1508962864482,22072600
2025-02-13,185.05384826660156,185.1930307415901,182.0713536570594,183.24447609175039,21402500
2025-02-14,184.14915466308594,185.31232574087161,183.24447616019845,183.980148455519,20448400
2025-02-18,182.69769287109375,184.87491648825042,180.679539282988,184.51701650776232,29916700
2025-02-19,184.18893432617188,184.3778280833638,182.51872941446393,182.99593948623902,19549400
2025-02-20,183.48306274414062,184.22868638349084,181.65380305634184,183.72166776984332,20441500
2025-02-21,178.61167907714844,184.25852872808807,178.03506158410121,184.06963495987821,35199200
2025-02-24,178.2040557861328,182.05146903999804,177.8461558204417,180.92807303443473,29854200
2025-02-25,174.39639282226562,177.69702734245087,173.6706567432134,177.00109982499515,41913400
2025-02-26,171.7220916748047,175.05255001700533,170.57880815600546,174.04844897153603,35431300
2025-02-27,167.51678466796875,173.5414214994902,166.96005475439284,172.97475539808346,39991000
2025-02-28,169.28639221191406,169.61446843814767,165.79687899247813,167.6957223580091,48130600
2025-03-03,166.03546142578125,172.35835029914594,164.96176159787956,170.92675052861034,40770500
2025-03-04,169.9226837158203,172.27884996330545,164.8325636582221,165.2699986950009,45388000
2025-03-05,172.01039123535156,172.76595099277537,168.073492106195,169.52497933227934,30954900
2025-03-06,171.3443145751953,173.78995156274516,169.50510357118512,169.5349273025149,28302000
2025-03-07,172.8455047607422,173.94902837231132,169.2764565211612,170.26067003299855,27385800
2025-03-10,165.09205627441406,167.66992058295483,162.922287876859,167.47084644350338,43604000
2025-03-11,163.27061462402344,165.96791089272386,160.61313925258565,164.13654448642717,39587400
2025-03-12,166.32623291015625,166.85374592604674,162.76302175465403,165.79871989426576,28372400
2025-03-13,161.99664306640625,165.35084794741115,161.34969766951576,165.26125850902773,31756200
2025-03-14,164.71383666992188,165.70914654485404,161.68808614528302,162.50424753259463,31995900
2025-03-17,163.5194549560547,165.52003755245735,162.90236768488202,164.2559897412009,31184300
2025-03-18,159.91644287109375,163.47965420375513,155.98497172829607,162.9123202600298,42074800
2025-03-19,163.121337890625,165.0920472279654,160.24489290497496,161.0013229568774,34275600
2025-03-20,162.03648376464844,164.11667818310383,160.20511686573727,160.81225662091424,28138500
2025-03-21,163.22085571289062,163.46968315701145,160.13538933090373,160.45389574924488,36625800
2025-03-24,166.89353942871094,167.5305522783625,164.36545922735073,166.28641503242847,30879100
2025-03-25,169.7600555419922,169.82973452544573,167.53057106706197,168.1874640642974,24174400
2025-03-26,164.2858428955078,168.81450579137277,164.0668735115514,168.20736616989782,28901600
2025-03-27,161.47906494140625,164.6441427669695,161.24018512567199,163.85785471941338,24508300
2025-03-28,153.60617065429688,161.06104688273138,152.90945679818688,159.73728296251087,48669300
2025-03-31,153.91473388671875,154.81050678909716,149.9534044396659,152.39191084034044,54603500
2025-04-01,156.3333282470703,157.35849619606978,152.89949705290155,152.89949705290155,30672900
2025-04-02,156.30345153808594,157.6670363544579,153.97443014331054,154.42231653657922,25041700
2025-04-03,150.0131072998047,152.06344323592336,149.68465321481136,150.40127754802887,46883400
2025-04-04,144.91714477539062,150.3614917918229,144.69817535633214,147.31583037779836,62259500
2025-04-07,146.06173706054688,152.13313390933345,139.87090787612016,140.88612829073566,76794100
2025-04-08,144.02133178710938,151.52597653644034,142.3591661655056,150.5107562403341,52200200
2025-04-09,157.9656524658203,158.8017091980402,143.23506183090237,143.74266444963052,70406200
2025-04-10,152.103271484375,156.9802840886705,149.22681119385487,155.80581046857128,48022000
2025-04-11,156.4029998779297,156.9305129193936,152.10326893032627,152.18288035899425,33636200
2025-04-14,158.32395935058594,160.96152461511218,156.82103162226488,159.24959030436233,30333000
2025-04-15,155.576904296875,158.9012360653349,154.48207240479906,158.38368579805189,27551500
2025-04-16,152.61087036132812,155.1588613016161,150.7993990348029,152.381953334393,28187400
2025-04-17,150.4510498046875,153.9545297569088,147.8035217962651,153.56635949907425,33046600
2025-04-21,146.97740173339844,148.25139710913984,145.41477318745027,148.18173331794077,26049100
2025-04-22,150.75958251953125,151.47620681854735,147.84331679407512,148.191681312594,26971800
2025-04-23,154.62139892578125,156.79116721631257,153.08861317606707,154.8801740321897,31128800
2025-04-24,158.53294372558594,158.8414873336237,155.05930705626122,155.41761919174232,45894000
2025-04-25,161.2003936767578,165.32097594255075,160.2846952290497,164.29580798857202,56034000
2025-04-28,159.85671997070312,162.38480037619334,157.85615258510526,161.66817604969367,29745800
2025-04-29,159.40884399414062,159.98612558310694,156.7812263541152,159.56809722983294,26809000
2025-04-30,158.0552215576172,158.5230184445377,154.67115864825115,157.23906011670073,34981100
2025-05-01,160.54348754882812,161.19043289943403,158.16469753026496,159.69746807136784,30203200
2025-05-02,163.26068115234375,164.19627488526416,161.11080813038504,162.64359387625743,25715000
2025-05-05,163.43984985351562,164.61430827792813,161.95683259435438,162.23551815903613,21341800
2025-05-06,162.4644317626953,164.02707560554774,160.43400623609975,161.40940569190968,21277200
2025-05-07,150.6699981689453,164.22611240580434,147.14659307066745,163.3104292378871,127490100
2025-05-08,153.556396484375,155.19865159825923,152.18286408476257,154.27302076354474,57498700
2025-05-09,152.03359985351562,154.32281585111178,151.4861763255997,153.44693820644628,32435300
2025-05-12,157.716796875,158.3537945366218,155.5171555445994,156.75134515840134,44138800
2025-05-13,158.7817840576172,159.81691483841985,155.42759461947415,158.0452492784777,42382100
2025-05-14,164.59437561035156,166.21673543287093,158.86139667000703,159.20976117244982,48755900
2025-05-15,163.19100952148438,165.43045668169412,161.60845531931332,165.06218171025907,33146700
2025-05-16,165.41055297851562,168.55573587450803,164.8432190515902,166.94332352608356,42846900
2025-05-19,165.75889587402344,165.85843293399518,163.44978491746534,163.73841809182645,30426100
2025-05-20,163.21090698242188,167.70971181285083,162.13597050857302,165.6494131078347,46607700
2025-05-21,167.76943969726562,172.32796100800184,162.79289003758296,162.9222851886465,73416000
2025-05-22,170.06861877441406,175.94095702259852,169.90938071302153,171.0440335317813,74864400
2025-05-23,167.6798553466797,169.1628725233235,167.10257379846712,168.26708452621156,35211400
2025-05-27,172.08908081054688,172.35781874405163,169.20268808863054,169.36194132235366,37995700
2025-05-28,171.55162048339844,174.44797603039132,171.10373405145273,172.34787146642654,34784000
2025-05-29,171.05393981933594,173.60193043245226,169.82971303934468,173.18390214628994,29317300
2025-05-30,170.9345245361328,171.4023213954702,166.65468900773928,170.5463542897915,52639900
2025-06-02,168.23721313476562,169.0732697161459,166.60490568135657,167.05279205086583,38612300
2025-06-03,165.4005889892578,167.68980475652552,164.50481616986866,166.70445769264217,45084900
2025-06-04,167.26182556152344,167.4310264158141,165.57974946262576,165.95797207058334,26900800
2025-06-05,167.4210662841797,170.12829493792012,166.80396388771035,169.54106580736408,36379100
2025-06-06,172.86541748046875,173.68157889465496,170.0287933558417,170.0287933558417,35731800
2025-06-09,175.47628784179688,175.85496833236684,173.76228116584014,173.93168685751374,28935900
2025-06-10,177.9775390625,180.478785591731,174.30039723040252,175.58589455754145,61766100
2025-06-11,176.73191833496094,179.74138229531295,176.1340033305199,179.1434824964821,31646800
2025-06-12,175.08763122558594,176.1040804857289,174.140945293723,175.56595402805004,20941900
2025-06-13,174.0612335205078,176.51266655178486,171.7891810552309,171.83900983498697,27663100
2025-06-16,176.1539306640625,176.32333636040028,174.04130888575864,174.12103189678987,27389200
2025-06-17,175.3367919921875,176.74188163753837,173.97157145760983,175.08766326949169,24973000
2025-06-18,172.71595764160156,175.94465595934807,172.596365522182,175.39656976170295,28707500
2025-06-20,166.05921936035156,173.73237998796506,164.88333923967906,173.34373983894176,75659900
2025-06-23,164.61428833007812,166.7567891470348,161.43540356766906,165.69052617853575,57671000
2025-06-24,166.18878173828125,167.63372519441324,165.55101285806253,166.3382528798913,40524300
2025-06-25,170.08514404296875,171.75929686583365,166.96606296199934,167.04578597314622,35479000
2025-06-26,172.9351806640625,173.08466701517526,169.34773632150527,171.8290485705118,31796700
2025-06-27,177.90777587890625,178.0572470081361,171.1314725843347,172.93516183654683,108140200
2025-06-30,175.6157989501953,180.59837295030215,173.9715556124037,180.14994433141436,63378900
2025-07-01,175.2271728515625,175.47630157156493,172.9252259116377,175.12753048692775,35904500
2025-07-02,178.0174102783203,178.2366447594077,174.45986020905642,174.92820819435067,29128900
2025-07-03,178.904296875,179.0438083356934,176.43294448317042,177.8778878701253,21689700
2025-07-07,176.17384338378906,178.67510524325024,175.0677113564662,178.43593621915562,34175600
2025-07-08,173.75233459472656,177.32981935448504,172.20773349396308,177.23017699013243,40442500
2025-07-09,176.0044403076172,178.81461936142807,172.16786742488128,174.63921988812407,43025600
2025-07-10,177.00096130371094,177.80813589252995,173.77226294843484,175.0179065004666,29252400
2025-07-11,179.56201171875,180.797680390592,175.86493496639972,176.17385213436023,34282900
2025-07-14,180.92723083496094,183.02987774300456,179.05377808117527,180.37914463511837,32536600
2025-07-15,181.3656768798828,183.57794074838276,180.96707707887342,182.17285136057185,33448300
2025-07-16,182.3323211669922,183.68758195520638,181.39559478616047,182.60138443088442,33104200
2025-07-17,182.94020080566406,183.41852368346133,179.85099864083438,181.50521696666215,31992600
2025-07-18,184.41502380371094,185.7702845204503,183.069737966418,184.75383518149354,34014500
2025-07-21,189.4374542236328,189.62677924759166,185.5012089178604,185.60086647203485,45803100
2025-07-22,190.6731414794922,190.98205863993607,186.80667432845317,190.8325874995953,44660200
2025-07-23,189.5670166015625,191.85900380909362,188.520672962732,190.8325947249331,58681900
2025-07-24,191.50025939941406,197.26011409114668,190.33433883436888,196.3433222418533,74881700
2025-07-25,192.50672912597656,193.65273031316045,190.59342246149265,191.31091436137532,39785900
2025-07-28,191.90882873535156,193.37370675914636,190.17488744855515,192.97509170180885,38139500
2025-07-29,195.06777954101562,195.23718523880464,191.41057191018163,191.7593429801203,41389200
2025-07-30,195.84506225585938,196.91134044406198,194.0114785811888,194.91831074404357,32445400
2025-07-31,191.23117065429688,195.30692745731486,190.42399615568507,195.02790454929124,51329200
2025-08-01,188.47084045410156,190.16491249625656,187.165408558121,188.37118289637132,34832200
2025-08-04,194.36024475097656,194.5894541087341,189.45739363731957,189.62679933287328,31547400
2025-08-05,193.99154663085938,197.1704314779613,193.21426625386638,194.03141574053652,31602300
2025-08-06,195.40658569335938,195.94471220658852,192.99502167474958,193.82213079278006,21562900
2025-08-07,195.83509826660156,196.85153244317704,193.65272836026733,196.37320958328212,26321800
2025-08-08,200.718017578125,201.9038726725722,196.48282950116197,196.53265828436582,39161800
2025-08-11,200.29946899414062,200.77779182670545,198.3762027845806,200.2396805407711,25832400
2025-08-12,202.63133239746094,203.78729330959044,199.89091647275984,200.6681968640444,30397900
2025-08-13,201.25613403320312,203.81716914109546,196.82163104540848,203.41856930663727,28342900
2025-08-14,202.23272705078125,203.7274993328687,200.5286799587332,200.7977432270797,25230400
2025-08-15,203.18936157226562,205.7205176785909,200.57849766290207,203.13954799676898,34931400
2025-08-18,202.79075622558594,204.5545916306713,201.7842817792717,203.4883135252893,18526600
2025-08-19,200.8674774169922,202.73095505911667,199.26308812547938,202.3223803786228,24240200
2025-08-20,198.62533569335938,200.57849617106174,195.9148142419443,200.03040999419306,28955500
2025-08-21,199.05384826660156,201.77432964491462,198.73495620472804,199.05384826660156,19774600
2025-08-22,205.37173461914062,207.81319287530533,200.59843534470966,202.02344423178036,42827000
2025-08-25,207.7633819580078,209.78630584234324,204.56456266974786,205.71054863967242,29928900
2025-08-26,206.41807556152344,207.12560776169755,204.98309181316571,206.7867811726176,28464100
2025-08-27,206.75689697265625,208.1819211161226,204.9332729711404,204.98310175479907,23022900
2025-08-28,210.9023895263672,211.4803699291827,206.17890394821848,206.5276902069273,32339300
2025-08-29,212.16796875,213.90189476250458,209.46740696384475,209.77632411753885,39728400
2025-09-02,210.6134033203125,210.9422398144114,205.48134311686184,207.71354168202492,47523000
2025-09-03,229.8561248779297,230.50385346488952,224.00657221776532,225.42163672219405,103336100
2025-09-04,231.4904022216797,231.5601503541196,225.32197287992437,228.84962875122605,51684200
2025-09-05,234.1809844970703,234.9383302920627,231.09178244912047,231.3907399385365,46588900
2025-09-08,233.4329071044922,237.512309448077,233.0638717332001,234.85920568133895,32474700
2025-09-09,239.00840759277344,239.84622499047865,232.62499998265747,233.56256406927383,38061000
2025-09-10,238.54962158203125,241.03316831731985,237.23305340830441,238.280317666347,35141100
2025-09-11,239.7465057373047,241.62163412512044,235.63719736660352,239.25778647565335,30599300
2025-09-12,240.17538452148438,241.4520630725996,237.38264448371655,239.7464919977143,26771600
2025-09-15,250.9573516845703,251.7552796155814,244.0253822711298,244.0253822711298,58383800
2025-09-16,250.50851440429688,252.38362748338088,248.82289569604956,251.42612617048883,34109700
2025-09-17,248.8827362060547,250.94737408261642,245.6411664684413,250.56835490468708,34108000
2025-09-18,251.37625122070312,253.33117381914667,249.15203994052993,251.02715300766394,31239500
2025-09-19,254.0592803955078,255.33595897283527,251.1568250217611,252.59309222605677,55571400
2025-09-22,251.8749542236328,255.11652395864965,249.65074294375358,253.7700196733437,32290500
2025-09-23,251.00721740722656,253.7002107757565,249.8302703204236,252.38362744671002,26628000
2025-09-24,246.4989471435547,251.69543970951247,245.80076590550527,251.00722705371746,28201000
2025-09-25,245.15245056152344,245.85064704089316,240.11556168659334,243.76605662377412,31020400
2025-09-26,245.90048217773438,248.77301648715127,245.33196864020064,246.42912138871642,18503200
2025-09-29,243.41696166992188,250.49853584610034,242.14028307987255,247.2071078925349,32505800
2025-09-30,242.4694366455078,242.6589310263489,238.6294169517045,242.18018034462705,34724300
2025-10-01,244.26473999023438,245.66111761710096,237.9910625183314,240.12551089529904,31658200
2025-10-02,245.05270385742188,246.16979380429245,241.67149783253905,244.51409604788847,25483300
2025-10-03,244.71359252929688,245.66112527970623,241.0331615881319,243.85582267520638,30249600
2025-10-06,249.78038024902344,250.66808621003318,243.9455642110704,244.14504236960414,28894700
2025-10-07,245.1225128173828,249.7903811872092,244.88314509840285,247.62601181924765,23181300
2025-10-08,243.9854736328125,245.37186749350337,243.18756093367097,244.3246032710778,21307100
2025-10-09,240.9034881591797,244.12510552114733,238.52965682972516,243.83586445575082,27892100
2025-10-10,235.95635986328125,243.45684250665406,235.22824247873842,240.80373872383117,33180300
2025-10-13,243.51669311523438,243.8657913377574,239.08822281740842,239.5869258671789,24995000
2025-10-14,244.8133087158203,246.4789749711557,239.88612045840952,240.60425402252167,22111600
2025-10-15,250.37884521484375,251.45604559967558,245.3519253048375,246.60865147753682,27007700
2025-10-16,250.8077392578125,256.29345747170413,249.45126638195018,251.1169327071502,27997200
2025-10-17,252.64297485351562,253.5605866634714,247.1672097408255,250.10955476977685,29671600
2025-10-20,255.88453674316406,256.6625123260812,253.5705623788801,254.0293759063695,22350200
2025-10-21,249.81033325195312,254.2188662949897,243.51668810909678,254.07923005269296,47312100
2025-10-22,251.03713989257812,255.69500926260113,248.64335615777878,253.710180894347,35029400
2025-10-23,252.4235382080078,254.3784456458486,251.19673296350098,252.3237915100895,19901400
2025-10-24,259.24578857421875,261.00120248797276,254.65771475094738,255.91442564996356,28655100
2025-10-27,268.5715026855469,269.43927147389144,263.5944564854066,264.13306424820985,35235200
2025-10-28,266.7762145996094,270.0277682724026,265.80872945123696,268.99045739081123,29738600
2025-10-29,273.8578186035156,274.6258103943446,266.97572213826885,267.0555012387311,43580300
2025-10-30,280.7498779296875,290.8336389163956,279.3335478851562,290.8336389163956,74876000
2025-10-31,280.4606018066406,285.25812233816373,276.3113891018392,282.47535101357687,39267900
2025-11-03,282.98406982421875,284.7893724933962,279.0742243823285,281.4480558536455,29786000
2025-11-04,276.8200988769531,280.5404041676455,275.5434202802167,276.03213953132416,30078400
2025-11-05,283.5725402832031,285.6770830892533,276.6206181949745,278.1466483880774,31010300
2025-11-06,284.0113830566406,287.60205105478576,280.41076169575746,284.58986519375543,37173600
2025-11-07,278.1067199707031,283.04389217242976,274.47617771869056,282.47536340962876,34479600
2025-11-10,289.3475036621094,290.0456696400176,282.12626310035637,283.6822445549795,29557300
2025-11-11,290.5543212890625,291.16275473906126,286.5746813377572,287.0035585857678,19842100
2025-11-12,285.9662780761719,291.2525483673142,282.9541227840324,290.9233873275988,24829900
2025-11-13,277.8474426269531,282.1063559927165,276.5208753822851,281.60765291032834,29494000
2025-11-14,275.6930236816406,277.8374407083971,269.99784337488455,270.7059931829425,31647200
2025-11-17,284.2806701660156,293.1875295999499,282.83444961203753,285.0387085276487,52670200
2025-11-18,283.5426025390625,288.05086711584505,277.4783868942568,287.1731753233953,49158700
2025-11-19,292.05047607421875,303.0219431129204,285.88651371587775,286.41513772838755,68198900
2025-11-20,288.6991882324219,305.625169818548,287.92121274474346,303.7500416076266,62025200
2025-11-21,298.8827209472656,303.1316807498811,293.0877938372482,295.65113486551246,74137700
2025-11-24,317.75360107421875,318.651290855991,308.79691436510495,310.3229443803346,85165100
2025-11-25,322.60101318359375,327.9770159307299,316.82602366827604,325.3638169665917,88632100
2025-11-26,319.1200866699219,323.6582721471574,315.9682798124272,319.8481736259059,51373400
2025-11-28,319.3494873046875,326.0021995827445,315.9682963529555,322.5312152935296,26018600
2025-12-01,314.0732421875,319.02036824755595,313.07583602161014,316.87595107857686,41183000
2025-12-02,314.9908447265625,317.5541859262309,313.095779063488,315.9184251730286,35854700
2025-12-03,318.8009033203125,320.74582687116515,313.2852490348319,315.07061440214585,41838300
2025-12-04,316.7961120605469,321.52380710663783,313.8837033726762,321.39416988540876,31240900
2025-12-05,320.4366760253906,322.3217883368267,318.34214737502344,318.66129422294387,28851700
2025-12-08,313.11090087890625,319.81785493964355,310.6157547321785,319.4285975207571,33909400
2025-12-09,316.4643859863281,317.3726229056239,311.2944500995635,311.7635388280278,30194000
2025-12-10,319.58831787109375,320.6861883612462,314.069055340672,315.2168165746965,33428900
2025-12-11,311.82342529296875,320.49655652430846,308.0008744502611,319.45856710455377,42353700
2025-12-12,308.68951416015625,314.25866704717134,304.96674508462553,313.0909556884665,35940200
2025-12-15,307.62158203125,310.81538131016634,304.288070405232,310.7155693717638,29151900
2025-12-16,305.97479248046875,310.16661977978157,302.00250880457793,304.3579426322819,30585000
2025-12-17,296.1439208984375,307.4918412298865,295.54507970361715,307.4120099511304,43930400
2025-12-18,301.872802734375,303.36989066961956,298.64909287381425,301.13424909965397,33518000
2025-12-19,306.56365966796875,306.65348128006514,300.3856749721532,301.1442091965169,59943200
2025-12-22,309.17852783203125,309.5278543613218,304.70721526542786,309.2783397630178,26429900
2025-12-23,313.73968505859375,314.328535898872,308.7194521900694,309.02884787804055,25478700
2025-12-24,313.4801940917969,314.4682622711062,311.3144241794057,314.15886656933606,10097400
2025-12-26,312.9013366699219,314.4782557314601,311.67371372407564,313.8694546536391,10899000
2025-12-29,312.95123291015625,313.41033130955566,310.0169383701615,310.76548227407176,19621800
2025-12-30,313.24066162109375,316.3346490163796,311.85334570689247,311.8932765746258,17380900
2025-12-31,312.3923034667969,313.9692224596297,310.83533467851674,312.2426007868329,16377700
2026-01-02,314.5381164550781,321.87385220157,309.7274673850438,316.28471875384633,32009400
2026-01-05,315.9254455566406,318.4006111389099,314.01915017003046,317.0432662013207,30195600
2026-01-06,313.7297058105469,320.3168980142969,311.17467848252585,315.7857038876524,31212100
2026-01-07,321.3548889160156,325.51677583182123,313.58000462136766,313.74965751082357,35104400
2026-01-08,324.80816650390625,329.67869694461876,320.8758135066914,328.3313118537803,31896100
2026-01-09,327.9320983886719,330.1876899539591,325.16745676828174,326.45496079982934,26214200
2026-01-12,331.2156982421875,333.39148904567276,324.36903115835116,325.1674658209474,33923900
2026-01-13,335.31768798828125,339.82890107364614,332.97224461379506,334.2996793666924,33517600
2026-01-14,335.1879577636719,335.8666302231012,329.83837890700147,334.40947336413166,28525600
2026-01-15,332.1339111328125,337.03438209247,330.097863235539,336.99445122357054,28442400
2026-01-16,329.35931396484375,334.00028002450074,327.0637915356931,333.7607557246461,40341600
2026-01-20,321.3748474121094,327.0937337673917,319.80788820634325,320.2470363972373,35361000
2026-01-21,327.7424621582031,331.83450818795274,318.729994927537,320.2969541162656,35386600
2026-01-22,329.8982849121094,334.49932025317224,328.1117515615861,333.8006975362521,26253600
2026-01-23,327.2933044433594,333.0421309365838,326.8142558744754,331.8444485977197,27280000
2026-01-26,332.61297607421875,335.1879535299186,326.3651202937951,327.1735452193246,26042100
2026-01-27,333.90045166015625,337.2539439848537,332.8325522369338,334.71886692218493,21636200
2026-01-28,335.3576354980469,336.8846637353836,331.2955302242731,335.40752623810386,27434400
2026-01-29,337.5932922363281,341.62545715973704,325.9060355700189,339.6393000059441,39785600
2026-01-30,337.34375,339.33986686390534,331.6448448818816,339.33986686390534,31024000
2026-02-02,343.0227355957031,344.160506471566,334.9783863513143,335.56723722383623,32006100
2026-02-03,339.0504455566406,348.322417578686,336.81480425638233,346.66563680855586,36506700
2026-02-04,332.3934326171875,342.6434831024425,327.8821884154679,342.2941565134455,70618400
2026-02-05,330.6069030761719,332.0441098613053,305.8650224655501,311.6138496060838,88205800
2026-02-06,322.233154296875,329.7385737476322,319.2988903139048,326.54477434837446,56380500
2026-02-09,323.6903076171875,327.0637498827195,316.64401774943576,320.3068750209908,39640100
2026-02-10,317.9614562988281,321.0454837970353,313.9991629255859,320.3468306795893,39170000
2026-02-11,310.35626220703125,320.43665913490463,309.0587983421378,318.3507205277581,45406400
2026-02-12,308.40008544921875,315.62601945223736,306.60359228041904,311.4840826487114,47761300
2026-02-13,305.12646484375,308.03081891465297,303.1203573871305,307.1325723003695,38499700
2026-02-17,301.4336242675781,303.8489392958333,295.67483755264817,299.4574878846074,39247600
2026-02-18,302.7410888671875,304.7871271852118,300.66514046909924,301.5035060024616,28482100
2026-02-19,302.26202392578125,304.87693233204385,299.4574819671566,301.23402488534225,25834400
2026-02-20,314.36846923828125,315.885507154404,303.30996428502766,303.72916224594877,53210800
2026-02-23,310.88525390625,318.8996629968606,309.2684038978283,318.43057425110476,31423000
2026-02-24,310.29638671875,311.6637220131571,305.33603467292323,309.91711960911005,25615600
2026-02-25,312.29248046875,313.03106442763067,308.83920678711326,311.45411503231185,29963600
2026-02-26,306.783203125,312.53202939170336,301.762970472535,312.0330001798944,36431200
2026-02-27,311.1547546386719,311.7635557563691,303.21018636103327,303.549553083736,44640600
2026-03-02,305.92486572265625,307.8910420913047,300.71499938521333,302.6412753457796,34790200
2026-03-03,302.9906005859375,303.34991750153205,296.13394323483243,298.01029817831704,35497000
2026-03-04,302.54144287109375,304.87689583508586,300.1660590434034,302.30191860555345,29536200
2026-03-05,300.29583740234375,302.711121843687,297.4114338033223,302.4516473530844,35752300
2026-03-06,297.9404296875,299.94653713519574,294.60691775969326,295.5151547022239,25576900
2026-03-09,305.98040771484375,306.4198649966507,293.71562375842984,293.99527562141907,29312100
2026-03-10,306.65960693359375,309.1265479913924,305.1914269440574,305.79068968096857,23239700
2026-03-11,308.31756591796875,311.0341973481569,305.54101125974313,306.3699695674413,24125700
2026-03-12,303.1739196777344,308.5572566363961,300.65705267874506,306.43988798140623,24928300
2026-03-13,301.9054870605469,307.3087879643589,300.0677703977713,306.6296377698095,23693100
2026-03-16,305.1814270019531,306.11026747244654,302.64456537566065,303.97293465389924,23519700
2026-03-17,310.5347900390625,311.03417054952814,305.1214918945171,305.48103123176395,21955200
2026-03-18,307.30877685546875,312.08285325242963,306.5497087361953,308.88680583632095,20009800
2026-03-19,306.7494812011719,307.67832164750223,301.9754046785898,303.63335165234247,25075800
2026-03-20,300.6270751953125,305.62088043111504,297.9004465638477,305.0815409313132,44364100
2026-03-23,301.6857604980469,305.60091722739566,300.55715563413514,301.7356863586682,29326900
2026-03-24,290.0801696777344,299.5484356615691,289.97029010977093,298.82932646685043,36864300
2026-03-25,290.5695495605469,295.6332754793409,288.8816409209488,293.07644958925243,29460700
2026-03-26,280.5719909667969,287.59328051443134,278.1549756132059,287.553321534765,39080600
2026-03-27,274.0000915527344,279.02385820883654,273.6105906087015,276.9364513575891,35890600
2026-03-30,273.1611633300781,276.74671205405957,271.772870758184,276.07755917965534,35141200
2026-03-31,287.2037353515625,287.72308014338427,276.74670556560056,277.6955407888773,43875400
2026-04-01,297.0215759277344,300.14767254424095,290.05021252939383,290.47967248402244,37684500
2026-04-02,295.4035339355469,297.7106694379238,289.0913874960174,290.3298413990028,21666500
2026-04-06,299.61834716796875,300.24757156825143,294.81430848233833,295.5034561131459,16945500
2026-04-07,305.08154296875,305.2513457589993,297.3511421656273,302.3549447988444,23205400
2026-04-08,316.9268798828125,321.68096199730417,314.6297110626625,320.0530070056894,33547100
2026-04-09,318.09539794921875,319.1441153425082,310.6746106421415,315.51860784412145,23739200
2026-04-10,316.8469543457031,321.4312640320202,315.9281112234418,319.62350892085055,19152600
2026-04-13,320.91192626953125,321.2315371363443,315.0791651091577,316.74710955552524,18866400
2026-04-14,332.49755859375,332.8770926852431,323.3489033390031,324.38762340838895,27721400
2026-04-15,336.70233154296875,337.0619013824557,330.49003638532656,332.4775916674409,24918800
2026-04-16,335.6036682128906,339.458901613874,334.105526677332,338.33029678032364,20541500
2026-04-17,341.2566833496094,341.89590508018404,335.8234205588037,337.2316773591919,25581900
2026-04-20,337.0019836425781,340.97703331198585,336.1929591105031,340.3378420577138,18784200
2026-04-21,331.8783264160156,338.9195798085849,330.9394885663705,337.2716301294484,23123800
2026-04-22,338.8996276855469,339.3990082413208,334.7547751685775,336.60245884112476,20293000
2026-04-23,338.47015380859375,341.53632713037314,335.7634893621326,340.7572947145818,18650300
2026-04-24,343.97332763671875,344.84224494447176,334.9745105669949,338.31036908905986,26426100
2026-04-27,349.9059753417969,352.7424533316474,342.30541767036533,345.55139138660655,28576900
2026-04-28,349.3466796875,351.9834237980171,345.6912101596132,348.1181924796765,27824100
2026-04-29,349.5064392089844,355.34919736274225,343.7835275027263,347.13938043155986,35376300
2026-04-30,384.3232421875,385.3619622201579,365.3667768501622,373.6065555628184,72040000
2026-05-01,385.2121887207031,386.2808704617397,378.5804000830116,381.1572209075714,30105200
2026-05-04,382.7751770019531,386.90006506467324,379.31947226185457,385.15223320621686,26298600
2026-05-05,387.9487609863281,392.33333678038815,383.5442209432822,385.7515048868787,23878600
2026-05-06,397.546875,399.3546301445318,392.2734176347804,393.7615619135972,31308500
2026-05-07,397.4969177246094,399.6043194807176,392.1934987581594,399.42454979908837,24433500
2026-05-08,400.3034362792969,401.5019617899809,395.86893456144384,396.5081562950806,21461800
2026-05-11,388.1585388183594,396.94762453931395,387.9887360157618,393.16231133568834,30753700
2026-05-12,386.8701171875,388.0386506028281,382.2957742925754,386.8601198229993,26017500
2026-05-13,402.1211853027344,403.1998643489371,384.5230197682841,385.1222825184223,28144600
2026-05-14,400.5731201171875,402.43080112559403,395.349588612008,396.7878070287349,21136700
2026-05-15,396.2884216308594,399.0450119758119,392.69287563304505,395.82900006662373,20309700
2026-05-18,396.4482421875,408.10376741205215,394.04122422601415,395.1997907850553,26837200
2026-05-19,387.1797180175781,396.65795076850566,385.63162007935824,396.4681837278221,39545700
2026-05-20,388.4281921386719,393.37204141137994,382.42562803382646,387.2196997137571,31744400
2026-05-21,387.1797180175781,392.01371791338363,382.5454520468608,385.22215486500835,24852800
2026-05-22,382.49554443359375,388.258385079403,381.29701890681014,386.87012298265273,20442100
2026-05-26,388.3982238769531,388.777757974093,382.1260053488666,384.03364271938483,27747400
2026-05-27,388.3482666015625,393.3920284639016,385.42190388240675,386.1909694394293,23087300
2026-05-28,389.64666748046875,391.38450201712897,384.68282366229704,387.5193014898567,24357500
2026-05-29,379.8687744140625,384.7626974671623,377.9910987617443,384.7626974671623,44415800
2026-06-01,375.9037170410156,378.09100632744554,373.05724175924524,376.05352511273605,28672100
2026-06-02,361.4017028808594,373.07722234401785,357.99592394061045,366.13582064636165,50412300
2026-06-03,358.54522705078125,365.9960065843375,357.6363508187865,361.5814692403301,55441600
2026-06-04,371.7288818359375,372.7875661225121,357.7661912265356,358.4553387971999,44055500
2026-06-05,368.07342529296875,371.6190149899659,363.6688852043904,365.88613605551615,37471200
2026-06-08,363.0766296386719,365.9647879200631,360.2984165590168,364.9454235864071,27942500
2026-06-09,364.0260314941406,371.84098522768176,357.0704802123837,366.85420025674074,29535100
2026-06-10,356.1510925292969,368.3232616719084,354.97185779418805,362.95671584537644,32357100
2026-06-11,357.5401611328125,358.5694982511428,346.13748714351743,355.70134679025995,35538200
2026-06-12,359.4489440917969,366.33453278338226,354.7119986974298,362.3870579560934,24704600
2026-06-15,369.1127624511719,372.7504085202595,366.3145426692825,367.69366113705985,27727500
2026-06-16,373.01025390625,375.7584875251172,366.8242274297617,369.3626044753487,24876100
2026-06-17,363.55633544921875,372.0908279957741,361.78745285393074,368.8929017493238,24543600
2026-06-18,367.7935791015625,369.2426598317581,358.4396065335441,365.51504497617543,44470100
2026-06-22,349.45538330078125,358.68946892539066,341.50050477393233,357.72009076397745,52814800
2026-06-23,345.90765380859375,349.0656275102868,339.98147051143604,340.47114598010614,34007700
2026-06-24,345.0682067871094,353.25294826847323,341.7103492701006,348.8157979233392,44997300
2026-06-25,343.48919677734375,345.34801779729577,335.6242572392167,336.51370015420923,44491400
2026-06-26,337.17327880859375,346.1374872957393,329.98789515004995,342.32993723999033,114706300
2026-06-29,353.4228210449219,354.122383587675,340.4511784786947,341.6104064955248,34213900
2026-06-30,357.14044189453125,358.3896389689017,350.1749177879227,353.64269008629407,35237200
2026-07-01,360.97796630859375,362.7368455226467,356.20103798676814,358.1397942573561,26736400
2026-07-02,359.6788024902344,363.97602803095486,353.19298133516355,359.2490860357571,25974800
2026-07-06,366.2245788574219,367.693635754559,357.15042523629825,361.31772936423556,26915800
2026-07-07,366.7942199707031,372.9202869594668,365.26520405735874,368.8329180211536,24045600
2026-07-08,361.6875305175781,367.6037106679975,357.79001132287857,364.525702555654,22094800
2026-07-09,358.65948486328125,359.41897594546776,350.8544734886641,354.08240970637695,24729100
2026-07-10,356.9505615234375,357.5901650645865,352.52341441108456,357.30034280387986,18146100
2026-07-13,352.2835693359375,357.8999543595846,351.52404777471276,355.96119810970276,15901700
2026-07-14,359.2790832519531,359.92865963343,350.86447830880365,350.97442351070157,18259400
2026-07-15,370.6817626953125,373.40998963278184,357.5302120160503,357.74006858863044,28284600
2026-07-16,354.2322998046875,375.02892981037553,352.07368364698067,372.8203579699616,41158500
2026-07-17,346.5472412109375,348.2961170979314,341.1407126662452,345.77774679993126,29959300
2026-07-20,351.7638854980469,359.4489481797366,350.2948285491913,350.6546131580819,24736600
2026-07-21,346.927001953125,351.09433677099497,346.77710440528256,351.09433677099497,23369800
2026-07-22,341.8702392578125,349.7152025525983,341.51048515922605,347.93634723653764,39334100
2026-07-23,317.4859313964844,324.2815511558238,314.69771503877246,320.92372412122546,69419700
2026-07-24,319.53460693359375,323.97175736278774,317.11617848672984,318.2154780071113,31806600
2026-07-27,326.3502197265625,330.2077559724587,324.2415898017393,324.83120713377,28471600
2026-07-28,333.4956359863281,335.66425552638333,324.2316014627561,327.68937042492354,29511900
2026-07-29,336.49371337890625,342.2800028423013,331.40698648547414,334.455045685483,27501600
2026-07-30,333.4456787109375,336.29385412629074,330.12780397797883,333.98534038388266,30168000
2026-07-31,355.9012451171875,358.3496530632621,339.78160132747564,340.611054758666,46498000
2026-08-03,373.27008056640625,376.4480305309448,363.1166033198653,365.2152604560987,38669700
2026-08-04,377.40740966796875,380.2755612380555,367.263935640354,367.9834743668337,35705700
2026-08-05,362.1971740722656,384.2330278418686,356.54080629618977,383.0937455186354,46926300
2026-08-06,357.52020263671875,363.8961093831237,356.65076635274994,360.5382517887205,25235900
2026-08-07,354.0723876953125,358.6694387836589,353.5527327193329,356.49084652154687,19859900
2026-08-10,357.29034423828125,357.38028276908574,352.4834362714388,354.951850943437,18991400
2026-08-11,343.5791320800781,356.5807842683805,343.1694223006263,355.6613923515014,29081800
2026-08-12,343.3193359375,346.25744987105145,340.66104092628797,346.0875456512855,25012000
2026-08-13,346.13751220703125,347.7065110877775,343.5392066313974,345.5478948342235,17866100
2026-08-14,345.67779541015625,350.22489088982945,344.27870083870846,346.5772111705174,17808600
2026-08-17,343.7790222167969,347.0269344906474,341.7103446182459,346.04755304110785,18291300
2026-08-18,343.9789123535156,344.6484648943574,339.97147845233087,342.19005363605754,19248800
2026-08-19,344.4985656738281,346.5072842825429,340.44117610948047,342.2400076559886,19733800
2026-08-20,340.451171875,343.6790774504127,338.3525147854226,342.83962071417653,18570400
2026-08-21,344.5985107421875,345.97762917305914,340.1813365286692,342.359928876986,20849800
2026-08-24,347.83642578125,351.3741604480826,342.2699962782288,343.39927531721605,26338200
2026-08-25,346.73712158203125,349.9350782600912,345.37800981753963,349.41542326154587,20649700
2026-08-26,341.7803039550781,346.65717399060424,339.96146577825954,346.3973312516375,20420300
2026-08-27,340.4311828613281,341.4705233735174,338.3025461528343,339.45183186724313,23391400
2026-08-28,346.36737060546875,348.91575095848634,340.0514228221321,340.49114263603377,25347200
2026-08-31,339.13201904296875,344.3686432833908,336.94342338566804,343.60912172254496,33493600
2026-09-01,334.8047790527344,336.9834018439635,332.8360433203593,335.7841605001305,23342700
2026-09-02,336.9034423828125,339.78159726283246,332.6062167342666,333.84541044728496,22582300
2026-09-03,342.260009765625,344.4585782378343,339.841550898423,340.34122971001256,20726900
2026-09-04,338.4599914550781,343.5299987792969,337.0899963378906,342.4700012207031,23189300
2026-09-08,338.3599853515625,339.67999267578125,333.2200012207031,335.4200134277344,22915800
2026-09-09,330.6499938964844,331.8500061035156,327.8999938964844,331.6499938964844,33081300
