Price,Close,High,Low,Open,Volume
Ticker,IEF,IEF,IEF,IEF,IEF
Date,,,,,
2020-01-02,93.72173309326172,93.9079353873264,93.63708805526622,93.68787636956547,4022300
2020-01-03,94.34806060791016,94.3649857399755,93.9841089221663,94.0772132922991,3839600
2020-01-06,94.2464599609375,94.51730718894866,94.1702872050159,94.50884785440667,2714300
2020-01-07,94.111083984375,94.3142178868604,94.111083984375,94.22957929895068,2038800
2020-01-08,93.89102172851562,94.3057553438365,93.77252640985252,94.19572582150948,5081100
2020-01-09,93.95873260498047,93.98412353578121,93.63709692814344,93.67941945115159,3680600
2020-01-10,94.16182708740234,94.2210747203031,94.02640023648195,94.02640023648195,2600000
2020-01-13,94.05184173583984,94.06876687139099,93.93334641444972,94.04337593930893,2672600
2020-01-14,94.23802185058594,94.25495343965801,94.08567629399239,94.10260142555528,2376300
2020-01-15,94.47502136230469,94.47502136230469,94.31420354946607,94.41577371402352,2734800
2020-01-16,94.28034210205078,94.38191226151692,94.20416932558294,94.33112395302933,2200500
2020-01-17,94.20416259765625,94.20416259765625,94.02641321690786,94.0602699343119,2627000
2020-01-21,94.57661437988281,94.61047111189461,94.40733717733521,94.41580297471599,2355600
2020-01-22,94.59354400634766,94.644325874553,94.52583054373305,94.5766124119384,1787600
2020-01-23,94.8305435180664,94.99982073288953,94.78822098560471,94.8220777200717,1891300
2020-01-24,95.16907501220703,95.31296124611853,94.9320844016446,94.94900953489484,7932600
2020-01-27,95.81233978271484,95.82080557865922,95.6684535392119,95.80388044428074,3824600
2020-01-28,95.4906997680664,95.74462195759308,95.45684304562887,95.7192245726328,1923600
2020-01-29,95.94776153564453,95.9900840555835,95.61766654415229,95.61766654415229,2429500
2020-01-30,96.04085540771484,96.34555943691649,95.98160776078726,96.10856884920614,4405500
2020-01-31,96.5232925415039,96.59100597609488,96.2270543370541,96.25244526064857,9764500
2020-02-03,96.44107818603516,96.48345108697802,96.04273541330761,96.28852151703703,5722100
2020-02-04,95.88175964355469,95.98346630654143,95.73768005396408,95.97498913474567,2569600
2020-02-05,95.46642303466797,95.66135909549357,95.44947516538001,95.52575027645238,9027500
2020-02-06,95.53423309326172,95.60203750679169,95.3986242662018,95.44100364120422,1697100
2020-02-07,95.99191284179688,96.07666513414276,95.84782683200491,95.92410842144601,6177900
2020-02-10,96.1783676147461,96.29702211214769,96.0851381573327,96.19531548600983,1909100
2020-02-11,95.94950866699219,96.08511747264953,95.89018143106304,96.0512152712352,1657100
2020-02-12,95.70377349853516,95.7631007660436,95.62749835439021,95.74615288940713,1473800
2020-02-13,95.78850555419922,95.89021219106803,95.72070759580582,95.75460980809544,1868000
2020-02-14,96.02578735351562,96.08511458766345,95.94950578607781,96.00035585358064,2043600
2020-02-18,96.1783676147461,96.32244715213587,96.0681838198838,96.15293610857277,8356600
2020-02-19,96.16142272949219,96.20380211109493,96.02582034749781,96.07667043247248,1681800
2020-02-20,96.44107818603516,96.56820982123087,96.29699868369903,96.30546938417746,3452900
2020-02-21,96.83097076416016,97.06827976732949,96.68689122169097,96.6953619245289,5381000
2020-02-24,97.58528137207031,97.71241304817529,97.48357473794918,97.63613145603804,6803600
2020-02-25,97.85649871826172,98.0683827029625,97.53443738934354,97.55986243291785,10014300
2020-02-26,97.80563354492188,98.13617199277574,97.54289304741324,97.64459967220868,19649400
2020-02-27,98.28025817871094,98.60231947974556,97.95819687767631,98.43281489313482,8629700
2020-02-28,99.38204193115234,99.54306932352877,98.95827406435795,99.06845138189809,13437000
2020-03-02,99.31417846679688,100.07787388257219,99.25478029412075,99.74694028138876,19402100
2020-03-03,100.46819305419922,101.22340107231545,99.30567870745487,99.41599420995544,11462300
2020-03-04,100.24759674072266,100.9009832160324,100.17123042418623,100.61247313664573,7627100
2020-03-05,101.13854217529297,101.24885119809838,100.90943035434788,100.97731581788081,5284200
2020-03-06,102.1652603149414,102.93743623179878,101.90220582716387,102.65742009319612,11614800
2020-03-09,103.0816879272461,104.7193870024846,103.05622603087573,104.58361611749116,24791700
2020-03-10,101.1894302368164,103.31928923940217,101.1894302368164,102.57256225661463,15072900
2020-03-11,100.17964172363281,102.32646856178685,99.78931015977861,102.05493327937037,13316100
2020-03-12,100.2306137084961,102.47926345783827,97.07401028250932,101.95316720278402,10671600
2020-03-13,99.57718658447266,100.96032508008342,99.28868313993586,99.95903737589879,8697200
2020-03-16,102.20771026611328,102.40287935753139,100.9773169765529,101.85132128934721,6971700
2020-03-17,99.64509582519531,102.07194615422522,99.63660852364927,101.74949990853212,5680300
2020-03-18,98.26197814941406,99.95907617290021,97.87163990696689,98.94081347445942,13256300
2020-03-19,98.58441925048828,99.81481266314063,98.36379470635987,98.5504765149366,6702900
2020-03-20,101.09611511230469,101.7240394836473,99.62812914528209,99.82329176628046,9641600
2020-03-23,102.29257202148438,102.72532729730696,101.35916305657847,101.35916305657847,12234700
2020-03-24,101.59675598144531,101.80040589139121,101.1979369887789,101.4185550270895,5235500
2020-03-25,101.65614318847656,102.0464748379467,101.31672239252893,101.62220046149048,5527600
2020-03-26,101.90223693847656,102.25014510398569,101.74950434747004,101.98709700981065,3384400
2020-03-27,102.65748596191406,103.00538777051864,102.40291861012209,102.51322767647639,5282300
2020-03-30,102.8950424194336,103.59933309305373,102.82715695303918,103.34477230494632,4649400
2020-03-31,103.0816879272461,103.36170404819882,102.93742974346254,103.05622603087573,6356500
2020-04-01,103.50139617919922,103.8667054730864,103.41644188607137,103.7562590585828,9256400
2020-04-02,103.51837158203125,103.83270955730161,103.36545128076409,103.79022917521773,4789400
2020-04-03,103.59483337402344,103.89217659923094,103.49288434755394,103.67978765528326,3441100
2020-04-06,103.12757873535156,103.30598467675692,103.03412707819689,103.2465160296218,4697500
2020-04-07,102.66883850097656,102.70282151784062,102.17609447884423,102.41397559689267,9340600
2020-04-08,102.54141235351562,102.68584180762348,102.33752071693748,102.45645804507458,3341000
2020-04-09,102.76226806640625,102.88970273182795,102.39695881571544,102.49041047158492,4543600
2020-04-13,102.54141235351562,102.8132700294859,102.51592670914314,102.66884705697632,2103100
2020-04-14,102.67733764648438,102.83875535897324,102.62636636110804,102.66034289696037,2180100
2020-04-15,103.59483337402344,103.67129028267843,103.20403849495128,103.23801502217826,3137400
2020-04-16,103.70526885986328,103.8581891522347,103.63730284512134,103.73925186723426,1901600
2020-04-17,103.4334716796875,103.90073020188655,103.3400199752477,103.62037508856712,2375000
2020-04-20,103.70526885986328,103.713766232105,103.46739428986238,103.62881195447554,4230700
2020-04-21,103.994140625,104.23201523947516,103.9006889576566,104.13006619830132,3287700
2020-04-22,103.67131042480469,103.85821376884716,103.48440708076221,103.75626472257014,3168700
2020-04-23,103.73931121826172,103.76479686797174,103.53541953898188,103.62037386521517,2345900
2020-04-24,103.7647476196289,103.77324499269913,103.54386129097868,103.55235866404892,2373500
2020-04-27,103.2125244140625,103.5438506321327,103.18703877907186,103.51836499714204,2508100
2020-04-28,103.66283416748047,103.72230283619027,103.42495949264126,103.43345686862803,2847600
2020-04-29,103.6118392944336,103.82422827457508,103.3994503142921,103.67130794960931,2600100
2020-04-30,103.365478515625,103.86671993357805,103.365478515625,103.68831394869247,5371500
2020-05-01,103.50834655761719,103.67844057857567,103.38928398715798,103.57638416600058,8357700
2020-05-04,103.52533721923828,103.60187464609848,103.3722558770958,103.48281210092345,3580500
2020-05-05,103.44881439208984,103.48283319599206,103.21919557627916,103.28722669566018,3487600
2020-05-06,103.0661392211914,103.14267668223252,102.77698256204444,102.89604516039172,3279500
2020-05-07,103.69544982910156,103.73797495771534,103.12564944084954,103.15966824605583,3252800
2020-05-08,103.35527038574219,103.73797708584615,103.27873293877566,103.43181432113249,3486800
2020-05-11,103.0661392211914,103.39781452921956,102.98108894657908,103.33828323004592,4569400
2020-05-12,103.40631103515625,103.44032984622041,102.99809827923578,103.01510444055548,4267700
2020-05-13,103.618896484375,103.74646537020655,103.4573152848499,103.533852723295,2615800
2020-05-14,103.78046417236328,103.9335455081756,103.73794554422875,103.79747681435455,2257600
2020-05-15,103.71247100830078,103.95060267923368,103.63593355181938,103.92508370531529,1828900
2020-05-18,103.07461547851562,103.47432831942515,102.95555290740515,103.46582848464833,3091200
2020-05-19,103.36381530761719,103.38082147270785,103.04914610181721,103.04914610181721,1941700
2020-05-20,103.3892822265625,103.50834479499423,103.14265076669014,103.21919469692386,2366700
2020-05-21,103.45730590820312,103.6273934149476,103.41478078730576,103.49132470723652,2063800
2020-05-22,103.65291595458984,103.65291595458984,103.49133475402327,103.50834091097965,1352400
2020-05-26,103.38075256347656,103.44028383425216,103.23617754708181,103.32972761378944,3484800
2020-05-27,103.46578979492188,103.61886462474622,103.31270847667645,103.32120830827486,2542900
2020-05-28,103.37227630615234,103.42330126747635,103.219194933757,103.27872621810944,3873900
2020-05-29,103.70394134521484,103.74645997933396,103.4402972646163,103.5423536656631,2993800
2020-06-01,103.6630859375,103.6630859375,103.42472231492616,103.5353957789223,8531700
2020-06-02,103.49282836914062,103.63754821257149,103.42472262108318,103.5439044327229,4711800
2020-06-03,102.8798828125,103.16932897511268,102.79475388052728,103.15229929176542,4226600
2020-06-04,102.47127532958984,102.72666216037129,102.42019276749589,102.71815381245736,4744100
2020-06-05,101.96051025390625,101.99456313753407,101.60296471819925,101.81579036968057,10611700
2020-06-08,102.07115173339844,102.16479551027142,101.86684099063982,101.87534933768544,3314700
2020-06-09,102.43720245361328,102.60746030756025,102.36909671406617,102.47125532338684,3238600
2020-06-10,103.203369140625,103.203369140625,102.62448338159247,102.67555943550346,4944600
2020-06-11,103.5694580078125,103.73120105492765,103.50986060186428,103.58648119885329,6365800
2020-06-12,103.339599609375,103.56945489851931,103.28852354286383,103.38216732808232,3051000
2020-06-15,103.25445556640625,103.63753899905996,103.25445556640625,103.56943975197824,2658000
2020-06-16,103.04164123535156,103.23743714631891,102.77773957495134,102.87137686176936,5252000
2020-06-17,103.203369140625,103.2374155132854,102.98202874881011,103.14377824608873,2308300
2020-06-18,103.4332275390625,103.4843035977441,103.36512179753969,103.44174238048309,1694600
2020-06-19,103.46728515625,103.52687605908586,103.20338351439422,103.20338351439422,2033200
2020-06-22,103.37364959716797,103.61201322745643,103.32257353208381,103.56945200486024,2284900
2020-06-23,103.339599609375,103.37365248535646,103.21190294817507,103.27149385741211,2010600
2020-06-24,103.53536987304688,103.56942273845434,103.25443860462532,103.25443860462532,2310700
2020-06-25,103.55240631103516,103.71415581869147,103.52686828244117,103.68861779009748,1650900
2020-06-26,103.83332824707031,103.91845716634312,103.67157875400781,103.68860843481451,3413900
2020-06-29,103.93550109863281,103.9780688142262,103.79078125748971,103.7992960995927,28632400
2020-06-30,103.74817657470703,104.0205929535883,103.68007085625702,103.9865400943633,4126700
2020-07-01,103.58634185791016,103.66303168062277,103.39888506993518,103.55225821457013,8416500
2020-07-02,103.71414184570312,103.73118041499846,103.39887305702864,103.47556287083141,3054100
2020-07-06,103.56074523925781,103.5777838046901,103.34772741701994,103.4499783119778,2821900
2020-07-07,103.89305877685547,103.90158131047873,103.58631257430197,103.63743477446475,2920400
2020-07-08,103.7311782836914,103.84195173459834,103.62041133357383,103.71413971474615,2096700
2020-07-09,104.06346130371094,104.15718966296859,103.74819909601506,103.75671512810186,2769400
2020-07-10,103.85897827148438,104.19980811800865,103.82489463675309,104.16572448327736,1939000
2020-07-13,103.9697494506836,103.98679451913897,103.6800482948309,103.70560939672508,2051100
2020-07-14,103.96119689941406,104.14865358184319,103.94415183694599,104.10604742645963,1721500
2020-07-15,103.9271240234375,104.02936840567365,103.79931204485506,103.80783457697049,2085400
2020-07-16,104.0038070678711,104.16570267375093,104.0038070678711,104.08901938725243,1907100
2020-07-17,103.97826385498047,104.08051475535125,103.92714165518926,104.05495365545565,2405200
2020-07-20,104.04645538330078,104.14018377196568,103.96976556494317,104.1231387008685,2695900
2020-07-21,104.1572265625,104.1913102052855,104.05498213493367,104.08906577771916,3228400
2020-07-22,104.19132995605469,104.28505836628466,104.1572463068082,104.28505836628466,2431500
2020-07-23,104.29352569580078,104.33612535921512,104.1997973351861,104.31908679400698,2006500
2020-07-24,104.2424087524414,104.31909855649509,104.18276401630574,104.20833161818275,3395600
2020-07-27,104.08049774169922,104.34463773182696,104.054936645982,104.32759916827791,1976500
2020-07-28,104.32762908935547,104.3531901924036,104.17425597027753,104.20833960793809,1870300
2020-07-29,104.46395874023438,104.46395874023438,104.21685723900006,104.33614672224569,1874200
2020-07-30,104.60879516601562,104.61731769960498,104.52358933248725,104.59175659962531,28331800
2020-07-31,104.63436889648438,104.71105220091566,104.45542818456717,104.4980343542215,4039200
2020-08-03,104.58321380615234,104.59174328721167,104.42971567752335,104.48087955170377,6595900
2020-08-04,104.94136047363281,104.96694240744085,104.71111656327346,104.7452279770465,3842000
2020-08-05,104.59173583984375,104.7025930613704,104.5576244241231,104.67701112610173,2423700
2020-08-06,104.71113586425781,104.94137981705711,104.65997198721088,104.7964111613654,2286500
2020-08-07,104.48942565917969,104.80495144770363,104.45531423560233,104.74525808296546,2363400
2020-08-10,104.37853240966797,104.65141719807404,104.37853240966797,104.63435823912498,1994900
2020-08-11,104.02037811279297,104.07154198030415,103.7730752430108,104.00331915289797,7166500
2020-08-12,103.71336364746094,103.83275032137252,103.58544749510261,103.73894557671545,5538100
2020-08-13,103.50019073486328,103.79012799303662,103.39785649346196,103.69632323160714,5748400
2020-08-14,103.55135345458984,103.68779260219216,103.54282397471255,103.59399434788942,2722800
2020-08-17,103.72188568115234,103.89244271811519,103.69630375212934,103.77305604528405,3357700
2020-08-18,103.90096282958984,103.96918564249654,103.77305318799671,103.83274652276869,1853600
2020-08-19,103.7645492553711,104.01185213347652,103.73896732075453,103.95215878400882,4493800
2020-08-20,104.06300354003906,104.10564443001806,103.99478071850719,104.0800624984652,2880300
2020-08-21,104.13975524902344,104.16533718043094,103.96919819616295,104.13122576985883,2103700
2020-08-24,103.99482727050781,104.21654828669388,103.97777481053471,104.1142140085874,1974900
2020-08-25,103.74749755859375,103.79866142820052,103.51724713318895,103.66221576779957,3562800
2020-08-26,103.7048568725586,103.75602074226865,103.50871786185806,103.64516352253446,3337400
2020-08-27,103.33816528320312,103.92657579777884,103.33816528320312,103.92657579777884,4672900
2020-08-28,103.50870513916016,103.63662130379977,103.4063774123176,103.5342935769572,2277200
2020-08-31,103.61957550048828,103.79012606022751,103.50871178117966,103.52577074080565,3273300
2020-09-01,103.95924377441406,103.95924377441406,103.51548693716369,103.6008240392345,4622900
2020-09-02,104.10431671142578,104.14698851754014,103.85683455973023,103.87390588649737,3013400
2020-09-03,104.24080657958984,104.44561681769217,104.12986254623436,104.18106998886,5750500
2020-09-04,103.66056060791016,104.0445808224311,103.58375265852385,103.96777938384834,7512800
2020-09-08,103.88243103027344,104.0445695533214,103.8568240427158,103.89096018198981,3442700
2020-09-09,103.83123016357422,103.96777472934652,103.72029258698669,103.90803810952195,3964300
2020-09-10,103.95924377441406,103.9763085905068,103.63496018222354,103.69469680475346,3164200
2020-09-11,104.12134552001953,104.12134552001953,103.97626534495663,104.01040147374786,4905000
2020-09-14,104.02749633789062,104.19817050967426,103.96775972668611,104.12989823663987,1797100
2020-09-15,103.97622680664062,104.02743423624807,103.90796108516139,103.96769766070473,2897600
2020-09-16,103.91657257080078,104.11285376642549,103.82270631554084,104.11285376642549,4015700
2020-09-17,103.95069885253906,104.15551569223116,103.91656271259039,104.15551569223116,3426800
2020-09-18,103.85681915283203,104.01042851693124,103.85681915283203,103.9848280413818,5606900
2020-09-21,104.04456329345703,104.24084445477253,104.02749848024816,104.12137122990308,5838100
2020-09-22,104.04456329345703,104.13843604311195,104.01042715623683,104.04456329345703,3387900
2020-09-23,104.04456329345703,104.07869943067722,103.90802525537869,104.04456329345703,3172000
2020-09-24,104.09577941894531,104.12990904820379,104.0360428015385,104.0872437562292,2866900
2020-09-25,104.18109893798828,104.21523507229087,104.11282666938311,104.16402761543604,2187400
2020-09-28,104.16400909423828,104.1810804137551,104.1128081572893,104.1469442855222,4167200
2020-09-29,104.24080657958984,104.3005431703197,104.1895991369642,104.22373526178127,2577100
2020-09-30,103.95924377441406,104.13845364200384,103.82270571326146,104.13845364200384,4276400
2020-10-01,104.0181655883789,104.09502338133777,103.69367155651467,103.77906403700224,8733800
2020-10-02,103.91565704345703,104.1206002204008,103.83879928021179,104.10352433691638,7509700
2020-10-05,103.25812530517578,103.63385990588121,103.25812530517578,103.62531870631254,6132200
2020-10-06,103.49727630615234,103.668067804134,103.21548173578421,103.28379181994738,8516400
2020-10-07,103.19837188720703,103.41185631664479,103.13859650756557,103.30084675874714,7116700
2020-10-08,103.38622283935547,103.40329872439152,103.2752132990544,103.31790626915786,3499000
2020-10-09,103.33496856689453,103.43743688723049,103.1385600945415,103.30081028844072,4358500
2020-10-12,103.44600677490234,103.44600677490234,103.31791482393243,103.37769019904809,3287900
2020-10-13,103.67655944824219,103.69363533236299,103.55700219929113,103.55700219929113,6583300
2020-10-14,103.7107162475586,103.79611521738445,103.66802327767236,103.73633984752236,5200600
2020-10-15,103.59967803955078,103.83877945283459,103.5740609617025,103.82170357261069,3839200
2020-10-16,103.53992462158203,103.71925071953584,103.50576633887279,103.59969998756664,2726200
2020-10-19,103.36913299560547,103.43744304155194,103.24104107253885,103.34350939897148,3635800
2020-10-20,103.14714050292969,103.30939075850618,103.11298221149106,103.24107417562894,6129700
2020-10-21,103.010498046875,103.12151411279523,102.95072267100541,103.01903924772132,6425300
2020-10-22,102.65184783935547,102.95926592568217,102.64330663833876,102.92510763664282,6749000
2020-10-23,102.79698944091797,102.89092308304126,102.62620455434427,102.6347457531807,5049900
2020-10-26,103.07024383544922,103.18125986950123,102.9763101981862,103.01900967513319,4817800
2020-10-27,103.30085754394531,103.335015838025,103.17276556990358,103.2154650662603,3620100
2020-10-28,103.29227447509766,103.4801417588751,103.22395791462843,103.4545246774556,5586600
2020-10-29,102.85677337646484,103.27520745899335,102.7884633251568,103.25812505989657,7504800
2020-10-30,102.52374267578125,102.85677780722472,102.52374267578125,102.8140848376964,7246800
2020-11-02,102.69979858398438,102.89632503721374,102.64852542818761,102.82796517558822,7674300
2020-11-03,102.46907806396484,102.56307123692436,102.39217811471873,102.5459845323657,9203500
2020-11-04,103.33210754394531,103.4431874259986,103.20393443748075,103.33210754394531,14922300
2020-11-05,103.31500244140625,103.40898908231208,103.19536944929534,103.37481567788478,6250700
2020-11-06,102.96466064453125,103.04156058137904,102.84503417444334,102.99029395681384,10402200
2020-11-09,102.20416259765625,102.22124929733802,101.84528323196307,102.18706937882159,11195800
2020-11-10,101.9136734008789,102.11020637362465,101.86240676414316,101.87095337665086,4810500
2020-11-11,102.07598876953125,102.11871529714543,101.90509569738018,101.92218239693416,1699900
2020-11-12,102.65706634521484,102.66561295723267,102.3494535041217,102.38363343303814,6324000
2020-11-13,102.52035522460938,102.64852181169768,102.50326200022761,102.61434188208914,6766000
2020-11-16,102.44343566894531,102.53742883357509,102.43488905784602,102.4519822800446,3911400
2020-11-17,102.70832824707031,102.7510547860361,102.61433507666922,102.63997491154143,4707900
2020-11-18,102.6740951538086,102.77662835707602,102.52882891726179,102.77662835707602,7931200
2020-11-19,102.78524780273438,102.88778759781763,102.75106787103995,102.78524780273438,9323000
2020-11-20,102.96466064453125,102.98174734633508,102.81940086216075,102.83648756396458,16772200
2020-11-23,102.75955963134766,102.8450061553952,102.70828650159761,102.82791293909455,2511900
2020-11-24,102.59722137451172,102.69976112955393,102.54595475656704,102.68266791080381,4349300
2020-11-25,102.63140106201172,102.81938735292319,102.62285445265589,102.67412758963809,2125500
2020-11-27,102.93903350830078,102.93903350830078,102.7937737172151,102.80231380905256,2988100
2020-11-30,102.87065887451172,102.97319863421127,102.83647895461186,102.89629218464832,2390900
2020-12-01,102.32345581054688,102.61417513413872,102.20374977244722,102.57997247704027,13902200
2020-12-02,102.15242004394531,102.24647569338794,102.00706368516599,102.22937110795039,5578500
2020-12-03,102.4260482788086,102.52010394072074,102.26358731305326,102.30634225882746,4484900
2020-12-04,102.0241470336914,102.12675496105518,101.92153910632763,102.101104610086,4709100
2020-12-07,102.34051513671875,102.40036812929623,102.25500527004785,102.2721098527768,4441600
2020-12-08,102.44314575195312,102.63980936849534,102.43459998163866,102.52865564300814,4735700
2020-12-09,102.29776763916016,102.40892134103012,102.1524112928331,102.25501270271694,3444100
2020-12-10,102.5286636352539,102.562859766155,102.29779734899111,102.38330072322243,3557600
2020-12-11,102.73385620117188,102.8364576240385,102.6483528409536,102.67400319667026,4336600
2020-12-14,102.67403411865234,102.74243943682364,102.41751743725507,102.46881816413844,2870600
2020-12-15,102.5714111328125,102.63126414658194,102.46880317056947,102.54576077312404,2889200
2020-12-16,102.48589324951172,102.60559926010276,102.2977819404434,102.34053688286377,5058400
2020-12-17,102.41146087646484,102.72802330563646,102.3430204147896,102.65957631649705,3233200
2020-12-18,102.3259048461914,102.53979679048841,102.30879636273187,102.48846481264565,3189500
2020-12-21,102.39435577392578,102.52269225093373,102.3088002984086,102.48846875523398,2850500
2020-12-22,102.5654525756836,102.58256758490457,102.4200076346226,102.52267810755808,3688500
2020-12-23,102.3515625,102.37723501429483,102.1718940647177,102.36867750952989,3047100
2020-12-24,102.49700164794922,102.49700164794922,102.41999716925014,102.44566315299556,1529300
2020-12-28,102.50557708740234,102.50557708740234,102.27457665110197,102.33446613662164,3677500
2020-12-29,102.48847961425781,102.52270311358366,102.36014312365215,102.36014312365215,2157300
2020-12-30,102.55690002441406,102.55690002441406,102.43712107155953,102.4456720485753,2549100
2020-12-31,102.62537384033203,102.66815484917205,102.53981835011749,102.53981835011749,2626200
2021-01-04,102.65100860595703,102.71944905647622,102.3686697173774,102.39433570225499,5499000
2021-01-05,102.41146087646484,102.57402084380489,102.3087969202199,102.55691236025211,5004400
2021-01-06,101.81256103515625,101.91523151381818,101.61577758292019,101.91523151381818,10039300
2021-01-07,101.45321655273438,101.52166353338268,101.36766109065566,101.45321655273438,7751700
2021-01-08,101.16230773925781,101.32486766649069,101.06819478427694,101.25642069423868,8378700
2021-01-11,100.96556091308594,101.09389739240147,100.94844590119614,101.08533988645657,6061000
2021-01-12,100.94844055175781,100.99122155175078,100.58910365068782,100.76021459573138,6516600
2021-01-13,101.29924011230469,101.42757660209686,101.07679063182925,101.10245662429469,7562900
2021-01-14,101.0682144165039,101.35911084134949,100.98265894830126,101.29066385580185,8113000
2021-01-15,101.3420181274414,101.41046512804805,101.13668365308673,101.2821286337769,5978400
2021-01-19,101.40190887451172,101.40190887451172,101.15379991731002,101.19657439761896,4035700
2021-01-20,101.44465637207031,101.44465637207031,101.26498794820586,101.29065393340603,4277700
2021-01-21,101.29924011230469,101.36768711052252,101.21368462826491,101.27357411983927,4254500
2021-01-22,101.45321655273438,101.47032503416477,101.33343760033151,101.38476957208606,4706200
2021-01-25,101.86390686035156,101.86390686035156,101.564459416204,101.5986829137444,5689200
2021-01-26,101.82966613769531,101.86388962944659,101.74411067204892,101.76122568165637,4257100
2021-01-27,101.9494400024414,102.10343590657442,101.91521651459088,102.00077197048574,5764700
2021-01-28,101.68421936035156,101.82111332488898,101.57299790976253,101.81255582023952,5394200
2021-01-29,101.50460815429688,101.63294468653909,101.35916313057373,101.39338664100279,7952100
2021-02-01,101.63126373291016,101.68262947924829,101.4771599621376,101.51140597028241,3640700
2021-02-02,101.37444305419922,101.41724567171961,101.28026815119159,101.31450763250426,3609800
2021-02-03,101.12615203857422,101.28881241615022,101.10902576824517,101.23744666867974,3844200
2021-02-04,101.09190368652344,101.13470629783731,100.92923678095947,101.00629193213751,2146000
2021-02-05,100.8779067993164,101.17755131178035,100.8779067993164,101.06625664479674,5498000
2021-02-08,100.9206771850586,101.05766122228633,100.80081941836353,100.86074830171106,2861300
2021-02-09,100.99776458740234,101.13474213660844,100.95495542916017,101.03201060764398,4458500
2021-02-10,101.25456237792969,101.25456237792969,101.10045860989229,101.10902174471605,6726800
2021-02-11,101.17752838134766,101.28882302310792,101.13471923280039,101.25457701062192,5949900
2021-02-12,100.8436050415039,101.04051138439301,100.80935904018473,100.92921677892338,8802400
2021-02-16,100.11590576171875,100.49259875141732,100.04741375204354,100.39842387105328,8909000
2021-02-17,100.18441009521484,100.31283100458641,100.06455232160371,100.18441009521484,4789700
2021-02-18,100.17587280273438,100.25292144415519,99.94471381495185,100.0217689881327,4469900
2021-02-19,99.77344512939453,99.97035147847073,99.62790451803262,99.87618313658021,5851800
2021-02-22,99.61080932617188,99.88477089904339,99.53376069556384,99.69642109298938,3828000
2021-02-23,99.68782806396484,99.80768580006679,99.45666919308482,99.54228092862097,7344900
2021-02-24,99.5508804321289,99.60224618586548,99.13137820250897,99.19130709245468,7133700
2021-02-25,98.223876953125,99.07144450746586,97.68451043801451,98.97726960901035,35760600
2021-02-26,99.10566711425781,99.14846971960107,98.20672748920492,98.57486386029473,28188400
2021-03-01,98.99430084228516,99.10566933269708,98.72874189261277,98.91720561265493,9616500
2021-03-02,99.17420196533203,99.18277028102149,98.86581449332054,98.90864300034801,6271000
2021-03-03,98.64310455322266,98.72019980333394,98.45464078311339,98.70306970410186,8377300
2021-03-04,98.1548080444336,98.74589119369489,98.00917933633376,98.63452921733223,12327900
2021-03-05,98.01773834228516,98.1462369487336,97.67507757032621,97.7607476650989,8634600
2021-03-08,97.63225555419922,97.81215100091137,97.59798882115247,97.78645258505406,7416400
2021-03-09,98.09486389160156,98.18052747142237,97.9064000945685,98.0605971525308,7035000
2021-03-10,98.30046844482422,98.39470035355428,98.04347114179441,98.09487452382812,5683100
2021-03-11,98.26614379882812,98.40321068920095,98.12051512958878,98.29184220684576,7576500
2021-03-12,97.55516815185547,97.64940004769731,97.45237447327311,97.6408382649568,7332600
2021-03-15,97.67508697509766,97.76931885985236,97.58942340778734,97.6151218244093,4465500
2021-03-16,97.65794372558594,97.86353756658828,97.54658175664935,97.78644232710379,5479400
2021-03-17,97.49514770507812,97.70074801707192,97.1096585575793,97.28955392879263,8975900
2021-03-18,96.88694763183594,96.99831612381536,96.62138867842584,96.71562053977323,8281400
2021-03-19,96.82699584960938,96.97262455151753,96.65566873391867,96.68136714770122,8748100
2021-03-22,97.14397430419922,97.19537114028317,96.9983455781536,97.07544083227954,4679800
2021-03-23,97.62366485595703,97.64080148640721,97.28957245498354,97.35810590536518,7544000
2021-03-24,97.752197265625,97.76932736629297,97.40096811266933,97.42667306723902,14634800
2021-03-25,97.62366485595703,97.86352539658316,97.47803617567824,97.80356026142663,10573800
2021-03-26,97.29815673828125,97.56371573245528,97.28958842164997,97.35812188327895,6409700
2021-03-29,96.96405792236328,97.39238222588362,96.87838783309105,97.38381390981436,6298000
2021-03-30,96.87837219238281,96.93834385947521,96.6128132585011,96.69847679823303,5784900
2021-03-31,96.74134826660156,96.96407878234724,96.62141795867196,96.85271025661861,8620000
2021-04-01,97.16993713378906,97.2213658473154,96.97278283232943,97.04135881020801,8535300
2021-04-05,96.8956527709961,96.97279585164263,96.68993134950591,96.83565041723787,9944500
2021-04-06,97.3670883178711,97.38423558282607,97.06707657881357,97.10136456895806,8765200
2021-04-07,97.30703735351562,97.54705316461038,97.27275592026426,97.34989895472309,6316800
2021-04-08,97.6413803100586,97.64994740172399,97.46136674885113,97.47851401171118,6334700
2021-04-09,97.38421630859375,97.56422331640137,97.23849728414436,97.32421397265787,5887400
2021-04-12,97.32421112060547,97.34992547242956,97.22134717354517,97.30706385954679,5466000
2021-04-13,97.72709655761719,97.72709655761719,97.32422089919058,97.3499352535983,7663800
2021-04-14,97.60710906982422,97.64139706166223,97.47853073537307,97.56424744508526,4876900
2021-04-15,98.23281860351562,98.3785376219736,97.9156662150793,97.9156662150793,9958500
2021-04-16,97.96710968017578,98.12140235231125,97.91568096938558,97.94139532478069,7334900
2021-04-19,97.86421966552734,98.02708592602471,97.752788641892,97.80421733899091,5738600
2021-04-20,98.15567779541016,98.2242472211125,97.83851885995126,97.83851885995126,6468300
2021-04-21,98.20710754394531,98.25853624870996,98.00995327607403,98.14710520846519,7976500
2021-04-22,98.28426361083984,98.30997796491492,97.96710465112999,98.19854037757023,7681300
2021-04-23,98.15567779541016,98.27568246509428,98.00138514299286,98.26710883446998,5509900
2021-04-26,98.05281066894531,98.18996259543242,98.05281066894531,98.11281300184247,7145300
2021-04-27,97.66710662841797,98.00140635772858,97.66710662841797,97.91568965222221,7720500
2021-04-28,97.79563903808594,97.8127862961419,97.42705800679916,97.6756343907454,8692900
2021-04-29,97.62422180175781,97.63279543220024,97.23849344877915,97.33278376435418,5547800
2021-04-30,97.70994567871094,97.74423366324048,97.52136503368064,97.66709060287228,5160000
2021-05-03,97.87637329101562,98.08222834646834,97.71340116077452,97.74771142735234,8593300
2021-05-04,98.00501251220703,98.26232963607042,97.95354385222419,98.0736264854963,11171000
2021-05-05,98.12508392333984,98.15081497838216,97.90207053961981,97.90207053961981,6810000
2021-05-06,98.16796112060547,98.27947107798187,98.0393058528813,98.05645770724067,6546200
2021-05-07,98.2022705078125,98.59682859471613,98.11649814874849,98.39955282327007,10657600
2021-05-10,98.00501251220703,98.32237095270648,97.96212305289012,98.24517777875127,5906800
2021-05-11,97.84202575683594,97.92779811860306,97.79913630394651,97.85917761158467,6591300
2021-05-12,97.37026977539062,97.55040024569169,97.32738686570949,97.48177973738765,14509800
2021-05-13,97.6961898803711,97.73050012608131,97.4302871121194,97.49033495011997,8242700
2021-05-14,97.91065216064453,97.94496241622011,97.73910088276666,97.84203164949338,7943100
2021-05-17,97.81629943847656,97.88491994881721,97.77340998351065,97.8420304938513,6711100
2021-05-18,97.81629943847656,97.85918234943044,97.71336867296559,97.80772023868097,4319600
2021-05-19,97.52466583251953,97.99642366250403,97.43889346634381,97.79914133068904,13156500
2021-05-20,97.92778015136719,97.93635934917336,97.6704631132769,97.69619416268488,8412700
2021-05-21,97.96211242675781,98.04788479207505,97.8506090062466,98.02215373688108,6648700
2021-05-24,98.05645751953125,98.15080907835608,97.97068515987547,98.01356806769758,4826000
2021-05-25,98.41673278808594,98.43389119120658,98.15941563739686,98.15941563739686,5748200
2021-05-26,98.30522155761719,98.47676631115608,98.26233209722602,98.34811101800834,4501600
2021-05-27,98.13365936279297,98.13365936279297,97.95352889637495,98.09076991002453,5998100
2021-05-28,98.12508392333984,98.33093890769034,98.09077366861277,98.09077366861277,5575700
2021-06-01,98.10706329345703,98.12422700189617,97.89248092102912,98.012646525706,9498100
2021-06-02,98.21863555908203,98.28730348416691,98.16713788953524,98.21005043131298,4269900
2021-06-03,97.9697265625,98.13281125962911,97.92680746898152,98.13281125962911,3591200
2021-06-04,98.51048278808594,98.51906791745594,98.20149016465065,98.21865387485568,6326000
2021-06-07,98.4332275390625,98.46756150496236,98.36455960726278,98.39030844455408,3068500
2021-06-08,98.71649169921875,98.76798938102802,98.67357259868749,98.74224054012338,4760500
2021-06-09,99.02547454833984,99.17997411681112,98.89672381652473,99.06838709325538,5679300
2021-06-10,99.37735748291016,99.38594260882351,98.76794451370917,98.81086359474358,6494800
2021-06-11,99.23149108886719,99.32590787399168,99.14565943380914,99.30873761385877,3914200
2021-06-14,98.9224853515625,99.13706774928822,98.87956625260331,99.12848261978938,3730900
2021-06-15,98.93966674804688,98.95683701011387,98.81950110772299,98.8710053453877,4212700
2021-06-16,98.26155853271484,99.0340498005807,98.11563754900918,98.98255212899872,13529000
2021-06-17,98.61346435546875,98.9310485913059,98.34738433669366,98.41605226042066,8838100
2021-06-18,99.1714096069336,99.20574357912487,98.54482607437998,98.74224477734596,13435000
2021-06-21,98.85379791259766,99.00829747042478,98.77655140795099,98.93105096577811,6460000
2021-06-22,99.0340347290039,99.05979010940932,98.71645707120045,98.74220590307284,5459700
2021-06-23,98.836669921875,99.02550351062798,98.79375081587253,98.92250158534377,5429800
2021-06-24,98.81945037841797,98.94820108368073,98.77653784235231,98.83662063167054,3631700
2021-06-25,98.61346435546875,98.92246346370662,98.44180109468488,98.88812950184311,6716800
2021-06-28,98.9224853515625,99.01690213044462,98.79373460322005,98.80231973271889,4968900
2021-06-29,98.97398376464844,98.98256889421089,98.78515020548538,98.79373533504783,3373200
2021-06-30,99.12846374511719,99.2743847246731,99.10271491005845,99.11988516578684,6572800
2021-07-01,99.05718994140625,99.16025400909521,98.91976244728285,99.10013111864212,11966200
2021-07-02,99.41792297363281,99.41792297363281,99.15166540644242,99.17743142224752,5071900
2021-07-06,99.94186401367188,100.01057776477339,99.53817891708042,99.53817891708042,9095300
2021-07-07,100.23385620117188,100.41423137948813,100.03631241981893,100.13079215973622,7456400
2021-07-08,100.49154663085938,100.6547401283,100.33694398931117,100.42283288952616,7368000
2021-07-09,99.98477935791016,100.09643425260337,99.97618850357934,100.07925254394173,5531200
2021-07-12,99.9332504272461,100.11361906818567,99.85595238951592,100.07067789819195,3867700
2021-07-13,99.62406158447266,100.08786954597768,99.53817267743177,99.98480547869006,6926500
2021-07-14,100.05355834960938,100.07932437819413,99.81306667894283,99.89895562519423,6029200
2021-07-15,100.47440338134766,100.52593542726196,100.08789337827503,100.31120983207887,5704500
2021-07-16,100.45716857910156,100.47435028726368,100.1995019327848,100.2080862339642,3577900
2021-07-19,101.31610107421875,101.44493771269948,101.07560951060331,101.12714154483416,20557500
2021-07-20,101.18728637695312,101.79710627489666,101.1013974503099,101.75416508802758,8729000
2021-07-21,100.60319519042969,100.84369326990293,100.50871544029086,100.77497953291056,7438300
2021-07-22,100.83511352539062,101.04124820617865,100.59462197232068,100.60320627571365,6363500
2021-07-23,100.68049621582031,100.70626222805393,100.46577071000357,100.47436156504891,6804600
2021-07-26,100.61180877685547,100.85230035775999,100.59463361517834,100.83512519608286,6179600
2021-07-27,101.04125213623047,101.10137502683646,100.92959721164894,101.02407697587316,8621200
2021-07-28,101.12712097167969,101.135711826605,100.71485167589717,100.85227259019058,11533500
2021-07-29,100.81791687011719,100.94675348385302,100.7320279785941,100.75779399076079,6203800
2021-07-30,101.1014175415039,101.16154045739249,100.98117170972674,100.98976256996977,5656400
2021-08-02,101.54486846923828,101.74253995125113,101.16670520676084,101.2612460223802,19495800
2021-08-03,101.57062530517578,101.73392422828721,101.51905998509274,101.57062530517578,6627300
2021-08-04,101.54486846923828,101.95740424908823,101.22686694786971,101.87145984138098,7545000
2021-08-05,101.17529296875,101.38156084104837,101.10653482560473,101.32999551225814,5164600
2021-08-06,100.5822525024414,100.77133409316532,100.55646984136753,100.67679329780337,7807600
2021-08-09,100.36737823486328,100.82288935407675,100.36737823486328,100.72834856814913,10842500
2021-08-10,100.1783218383789,100.45334786006502,100.16973198814385,100.44475800982997,7192400
2021-08-11,100.29006958007812,100.5479028233127,100.07520526548005,100.24709409430311,7254300
2021-08-12,100.1869125366211,100.29863959754829,100.06658906881113,100.1869125366211,6932200
2021-08-13,100.76276397705078,100.76276397705078,100.3244455101602,100.34163176964799,6896500
2021-08-16,100.9862060546875,101.26123205569989,100.9862060546875,101.02918153118263,6928100
2021-08-17,100.93464660644531,101.15810073724879,100.9174537919912,100.96902567821603,7785500
2021-08-18,100.88304901123047,100.97758979522285,100.66818478527247,100.89164541626681,7025800
2021-08-19,101.10652923583984,101.17528737518376,101.01198843352623,101.09793282913759,6242600
2021-08-20,101.01202392578125,101.16672651509384,100.90889323766577,101.10656476131335,6510200
2021-08-23,101.03776550292969,101.0549583153824,100.90025578899163,100.986200179845,3958500
2021-08-24,100.76276397705078,100.99482110153478,100.73698130924996,100.90887668981928,3649700
2021-08-25,100.36737823486328,100.76272763186243,100.31581291786128,100.72834856814913,5874700
2021-08-26,100.36737823486328,100.4103537037889,100.20407932150904,100.31581291786128,6850600
2021-08-27,100.69400024414062,100.69400024414062,100.23848245839453,100.36740233899673,6360700
2021-08-30,100.89165496826172,100.90025137411193,100.64241165569685,100.67679072196128,6546200
2021-08-31,100.70258331298828,100.9776093130886,100.65961439377274,100.84009959160697,7418400
2021-09-01,100.7455825805664,100.87459052995504,100.6595794681796,100.84018797267694,11908600
2021-09-02,100.86602783203125,100.86602783203125,100.7456221151168,100.8574255489318,2976200
2021-09-03,100.62516021728516,100.66816504715254,100.52195256257293,100.63376249558179,4988900
2021-09-07,100.22953796386719,100.34994361025,100.14353486811028,100.27253623093785,7098600
2021-09-08,100.50475311279297,100.5735582149385,100.30694008452848,100.36714290850189,6046200
2021-09-09,100.7885971069336,100.90040050762302,100.46177606218102,100.54778574445328,7009500
2021-09-10,100.47036743164062,100.65097593388676,100.37576204070929,100.56497282257195,8147100
2021-09-13,100.59078216552734,100.67678528459317,100.54778388680313,100.56498188596933,4269300
2021-09-14,100.96920013427734,101.07240124880008,100.71118422473623,100.76279134361474,6991000
2021-09-15,100.79715728759766,100.92616520390395,100.62515110693275,100.90896721048352,5108900
2021-09-16,100.47898864746094,100.63379690164936,100.34998067536758,100.44458608412816,5682700
2021-09-17,100.18658447265625,100.25538960916506,100.09197905036139,100.229589323379,7611700
2021-09-20,100.69398498535156,100.80578837857917,100.4703716372793,100.54777903383462,8781600
2021-09-21,100.63375091552734,100.75415655136183,100.5735480976101,100.72835628105658,4867900
2021-09-22,100.7283935546875,100.81439667473465,100.44457735307616,100.63378815415038,10966400
2021-09-23,99.81675720214844,100.28978427635663,99.81675720214844,100.26398399260317,10650100
2021-09-24,99.51571655273438,99.6877293348174,99.4555137194095,99.67912705530907,10528000
2021-09-27,99.24911499023438,99.42112122811413,99.22331471071415,99.24911499023438,6742100
2021-09-28,98.87067413330078,99.09428744827929,98.6728676544328,98.8878786907078,10295500
2021-09-29,98.97389221191406,99.2147035480338,98.79328370982428,99.07709332075578,8364000
2021-09-30,99.09431457519531,99.1287171378109,98.83629863638741,98.87930348006137,7307900
2021-10-01,99.49882507324219,99.54185980097952,99.19760167761358,99.28366456691067,19830100
2021-10-04,99.37833404541016,99.5504598211126,99.19760001106937,99.32669762593493,7691800
2021-10-05,99.06851196289062,99.24924601468425,98.96523254778937,99.22342780245346,6861900
2021-10-06,99.09430694580078,99.19758633669166,99.01685232726503,99.1029152032525,7473500
2021-10-07,98.69842529296875,98.89637584303007,98.68981703439806,98.87055106731802,8160200
2021-10-08,98.48324584960938,98.64676990011304,98.37136477441938,98.64676990011304,9455100
2021-10-11,98.24227905273438,98.38858660708156,98.22506253682474,98.31113198401903,2261300
2021-10-12,98.6897964477539,98.7242229086779,98.35414666146502,98.41439132653801,7938400
2021-10-13,98.87913513183594,99.01684097056298,98.69840114313854,98.75003754957328,11662400
2021-10-14,99.11154174804688,99.15456991089158,98.88777297625006,98.99104582001955,9518200
2021-10-15,98.62094116210938,98.77585694946622,98.56930475504905,98.75003874593605,8689700
2021-10-18,98.48324584960938,98.56070046331565,98.17341426243198,98.32833005602068,8703300
2021-10-19,98.13037872314453,98.38857389902452,98.1131687756347,98.34553918098584,7445200
2021-10-20,98.08736419677734,98.29391642646824,98.0615459888381,98.13039235461709,6230000
2021-10-21,97.82917022705078,98.07014892577908,97.79474376063573,98.02712076739306,7103900
2021-10-22,98.07875061035156,98.15621179613798,97.8291636702034,97.92383480495535,10204600
2021-10-25,98.19920349121094,98.30248284518733,98.09593070340875,98.09593070340875,4835000
2021-10-26,98.31971740722656,98.31971740722656,98.02710234695002,98.21644459356465,5603100
2021-10-27,98.87052154541016,99.02543732253892,98.38856426819868,98.6639693646303,16140300
2021-10-28,98.6123275756836,98.89634091260537,98.5090482078461,98.76724334435228,9940400
2021-10-29,98.65541076660156,98.8533613571945,98.27673267226099,98.34557905639097,11254300
2021-11-01,98.64759063720703,98.72509999488226,98.34615440599721,98.37199085855562,14479000
2021-11-02,98.8887710571289,99.0093455879413,98.75097440940866,98.75958218245302,12191100
2021-11-03,98.57874298095703,98.940466656303,98.41510326413929,98.90601584377187,17031100
2021-11-04,99.11270904541016,99.19021843636064,98.75098541266819,98.75098541266819,12665400
2021-11-05,99.65526580810547,99.74138951908803,99.23325502471839,99.33660084957027,12955100
2021-11-08,99.22465515136719,99.49164066559045,99.18159657500607,99.49164066559045,7404300
2021-11-09,99.6811294555664,99.88783430329151,99.60362006578431,99.64667864761223,12345400
2021-11-10,98.82849884033203,99.53472401583537,98.64763701657363,99.5088875511299,19425100
2021-11-11,98.50980377197266,98.87153388013029,98.50980377197266,98.82846873819163,3746100
2021-11-12,98.7165298461914,98.99212972987601,98.63039954374909,98.87155519144021,10613400
2021-11-15,98.32896423339844,98.68208007883673,98.29451342622254,98.6562436161597,8021400
2021-11-16,98.24282836914062,98.52704256513032,98.22560625308918,98.33756643447052,6573700
2021-11-17,98.595947265625,98.60455503851149,98.22560933611666,98.24283145270866,10006200
2021-11-18,98.65623474121094,98.68207120156376,98.43230780012148,98.44952991675035,10183400
2021-11-19,98.92324829101562,99.13856094939398,98.86296100950253,98.97492122636375,10731600
2021-11-22,98.19976806640625,98.56149822951643,98.1394808010244,98.46676015951365,10876200
2021-11-23,97.79496002197266,98.07916758596654,97.79496002197266,98.02749467811627,11543700
2021-11-24,98.096435546875,98.11365766611502,97.75193402469445,97.81222129826455,8322900
2021-11-26,99.36247253417969,99.37969465301613,98.97490586675141,99.02658536490044,13878500
2021-11-29,99.13856506347656,99.21607446971527,98.75100489064079,98.77684135938702,13908200
2021-11-30,99.73279571533203,100.03423203139668,99.2332689225284,99.75001783161335,19416800
2021-12-01,99.92070007324219,99.92070007324219,99.2570357635147,99.37770200164697,24991000
2021-12-02,99.70520782470703,99.93791936808438,99.4724962813297,99.89482804751155,11448900
2021-12-03,100.29132080078125,100.53265327973443,99.45527144453852,99.54146067619082,19790900
2021-12-06,99.79136657714844,100.22231910620907,99.67932128688562,100.14475080736875,9863200
2021-12-07,99.41217803955078,99.7224645481941,99.34323059659894,99.51560906770428,7678400
2021-12-08,99.09326171875,99.29149627194855,98.96397459772443,99.26564016290666,11126500
2021-12-09,99.34323120117188,99.49837445643769,99.20532316279461,99.334610304819,9198400
2021-12-10,99.41217803955078,99.68799411462676,99.36046581338262,99.4983738509206,5051500
2021-12-13,99.88623809814453,99.97242734180763,99.64490558556075,99.66214080396625,5706900
2021-12-14,99.7138442993164,99.81726874550372,99.48974703954926,99.6793672919817,4749500
2021-12-15,99.56732177734375,99.74832772144556,99.36046629584949,99.47251822084749,8428000
2021-12-16,99.85718536376953,99.99522005358497,99.69327081507777,99.71052844223283,9085400
2021-12-17,100.08148956298828,100.36617459566774,100.02110103098278,100.17638676783355,7933100
2021-12-20,99.99520874023438,100.37479093056878,99.96932230243053,100.2453850689717,13772100
2021-12-21,99.59834289550781,99.67598903004726,99.40855512832589,99.63285155731931,7672800
2021-12-22,99.69325256347656,99.76226989574876,99.50345819065555,99.75364108375096,5538200
2021-12-23,99.48624420166016,99.6329011509689,99.36546711612854,99.62427891761487,7209700
2021-12-27,99.52072143554688,99.57248114674685,99.42582424377662,99.4517040993766,3471800
2021-12-28,99.50347900390625,99.71053104403214,99.451719284803,99.68465118448051,8314500
2021-12-29,98.99449920654297,99.27056203473792,98.92548185402998,99.18429363502518,11879900
2021-12-30,99.32232666015625,99.33095547511049,99.02901277028532,99.19292734512926,10296000
2021-12-31,99.2101821899414,99.47761622704161,99.2101821899414,99.34821690706252,7584500
2022-01-03,98.28706359863281,98.70116102989864,98.28706359863281,98.66665236213855,27744600
2022-01-04,98.23538208007812,98.25263313676177,97.98519897607135,98.06283860393864,15911800
2022-01-05,97.82120513916016,98.26118241985644,97.75218780456952,98.25255360756879,13715700
2022-01-06,97.57965850830078,97.66592689220525,97.46751026741057,97.59690955233935,10957400
2022-01-07,97.26044464111328,97.48474767336961,97.02751937897182,97.45023900826442,13318200
2022-01-10,97.23458862304688,97.26909729661125,96.94989700253319,97.01028553580672,8430700
2022-01-11,97.46748352050781,97.4761057492331,97.10514587657204,97.19142081865684,8086500
2022-01-12,97.48477935791016,97.85573940104197,97.46752831067805,97.63143629588257,7996500
2022-01-13,97.79533386230469,97.82984253262696,97.46751136702697,97.54515093886017,8431100
2022-01-14,97.12246704101562,97.56243794060401,97.09658717419964,97.54518689001279,10595700
2022-01-18,96.38912963867188,96.79459166177112,96.35462097209542,96.70832328625757,11594100
2022-01-19,96.6220932006836,96.81188765113932,96.4840584796766,96.54445360651049,10349700
2022-01-20,96.82913970947266,96.82913970947266,96.64797407265623,96.77737997948448,8297300
2022-01-21,97.3898696899414,97.52790437757535,97.18282424034668,97.37261864491525,13250000
2022-01-24,97.30359649658203,97.73494500135531,97.28633887055182,97.69180751813565,22377400
2022-01-25,97.1742172241211,97.56242835192315,97.1138286801995,97.38989153553504,13534000
2022-01-26,96.4840316772461,97.27771793884156,96.4840316772461,97.1914495531057,12694700
2022-01-27,96.88951873779297,97.07068435681381,96.6997243040024,96.71698193354183,11609400
2022-01-28,97.11381530761719,97.19146147160029,96.72560423327184,96.75148409398062,6713500
2022-01-31,97.11381530761719,97.1828326574118,96.87226116519281,96.9326497007989,8258600
2022-02-01,96.98258209228516,97.18119592836574,96.82714718218965,97.1466541052135,16338700
2022-02-02,97.18116760253906,97.41431660563578,97.06027455083303,97.06027455083303,5997100
2022-02-03,96.76667785644531,96.8530356880838,96.64578479796451,96.74941024302416,8032600
2022-02-04,96.02401733398438,96.23989867384331,95.9290290173924,96.21399396716835,8616400
2022-02-07,96.0499267578125,96.1535455824939,95.92902714872498,96.0499267578125,10294700
2022-02-08,95.73908233642578,95.84270118841266,95.68726632225508,95.79089176241922,8111500
2022-02-09,95.86860656738281,96.17084578958348,95.83407134193212,95.96359490781548,10113400
2022-02-10,94.98779296875,95.57499049790204,94.95325116254389,95.51454398408532,16633900
2022-02-11,95.97219848632812,96.04991918688854,94.91869659727027,95.39363813354225,18315600
2022-02-14,95.30732727050781,95.70454827437634,95.16916000576512,95.45412504816358,11090000
2022-02-15,95.02233123779297,95.19503367421885,94.95324762795236,95.03096833606696,8490500
2022-02-16,95.22095489501953,95.28140141706939,94.93599648431412,95.26413380570233,9007700
2022-02-17,95.73043823242188,95.76498004328286,95.43683613419195,95.44547323395139,8749500
2022-02-18,96.04135131835938,96.04998842201971,95.82546984410958,95.88591639337233,8486800
2022-02-22,96.03271484375,96.0413519474669,95.7132078880227,95.825470471803,8392500
2022-02-23,95.53181457519531,95.76497012732068,95.42819574151834,95.67861890319784,7941800
2022-02-24,95.75635528564453,96.3262853560443,95.61819461256975,96.30037405342624,19162100
2022-02-25,95.73043823242188,95.74770584376398,95.40230091150775,95.60954518849685,8101900
2022-02-28,96.81848907470703,96.8357566872724,96.35218447731519,96.38672629062317,12291800
2022-03-01,97.76143646240234,98.08986964377843,97.27742828056036,97.32063952872943,28285600
2022-03-02,96.29212951660156,97.28607402412908,96.2748397407163,97.19964492705505,12303800
2022-03-03,96.70700073242188,96.88850383123933,96.36127771814755,96.53414252234373,12247400
2022-03-04,97.66635131835938,97.92564515419618,97.46755849833568,97.56263246520143,20102300
2022-03-07,97.25149536132812,97.73551014595989,97.18235604419533,97.20828411238476,13633200
2022-03-08,96.62053680419922,96.86254084873472,96.49953478193147,96.6896827009567,10819400
2022-03-09,96.024169921875,96.30939181507878,95.92045766552162,96.22296273674563,7932300
2022-03-10,95.58340454101562,95.790842310297,95.3846182547687,95.69576831457258,11100100
2022-03-11,95.55743408203125,95.67843609671351,95.37593106000787,95.47964989864205,5567600
2022-03-14,94.34744262695312,94.84873401417659,94.34744262695312,94.78823298843665,8622500
2022-03-15,94.30425262451172,94.90062476438807,94.2351066906468,94.84876201692978,9294400
2022-03-16,94.17457580566406,94.31286762957296,93.56092067383183,94.20914876164129,12847300
2022-03-17,93.99307250976562,94.41657967977868,93.820214324406,94.23507660691595,7215900
2022-03-18,94.26962280273438,94.39926970201012,94.14862078850776,94.14862078850776,7509200
2022-03-21,93.04235076904297,93.73379018981493,92.9732048487304,93.58686005473915,11003600
2022-03-22,92.5323715209961,92.68794648356138,92.4545873367711,92.6533735369785,7710300
2022-03-23,93.1546859741211,93.1546859741211,92.55831409178143,92.75710691726677,11222700
2022-03-24,92.63610076904297,92.91267777866598,92.57559975425406,92.61017270472145,11112300
2022-03-25,91.68535614013672,92.22122031946633,91.59028218687851,92.21258202852665,9055600
2022-03-28,91.89281463623047,92.22124783102771,91.71995644825658,91.83231361102789,12858500
2022-03-29,92.35087585449219,92.46323958836723,91.91872387895023,92.1175166891105,7539900
2022-03-30,92.71390533447266,92.73983999860899,92.10025016559636,92.16075119367945,6430100
2022-03-31,92.88677978515625,93.01642674285134,92.71391497685674,92.85220682349635,9147200
2022-04-01,92.28191375732422,92.59341441181775,91.8925346384332,91.98771576072556,10237000
2022-04-04,92.22135925292969,92.39441226565687,92.04829963865323,92.37710960500387,7372100
2022-04-05,91.12247467041016,91.97045048599607,91.02729350942957,91.95314121951728,9675600
2022-04-06,90.80229949951172,91.13110285010356,90.55136802081702,90.55136802081702,9054400
2022-04-07,90.57732391357422,90.8282553883963,90.38696164980927,90.57732391357422,5518900
2022-04-08,90.11873626708984,90.35235850341267,89.98894320177737,90.05816705015063,8091800
2022-04-11,89.68611907958984,89.90243870756689,89.57362864804905,89.7986029095795,7356400
2022-04-12,90.11873626708984,90.49945423004368,90.01490049452997,90.15334819127648,12211000
2022-04-13,90.31777954101562,90.77638275269513,90.25721030197145,90.36970074701915,6346100
2022-04-14,89.50440216064453,90.22257823433975,89.40056637335765,90.1879729067946,6158700
2022-04-18,89.24481201171875,89.59957931795881,89.21885471644268,89.58227005340798,4591500
2022-04-19,88.65641021728516,89.06309205798016,88.59584100281245,88.89868707517599,7004900
2022-04-20,89.3486328125,89.48707389794212,88.91599369297614,89.01982285667047,7479300
2022-04-21,88.85543823242188,89.10636975276816,88.4920162985979,89.09771512060448,9137500
2022-04-22,88.898681640625,89.14095848370496,88.58718095622251,88.6304475074363,5451600
2022-04-25,89.46977233886719,89.97163530806262,89.41785115483202,89.5995653966314,8617400
2022-04-26,90.06683349609375,90.22258388600525,89.78129661588173,90.07548812929741,9575400
2022-04-27,89.56497192382812,90.10144032415455,89.52170536181124,90.01491380167131,7908900
2022-04-28,89.43515014648438,89.46110743474661,89.08903756604172,89.26209715703725,6943500
2022-04-29,88.9592514038086,89.30536401102161,88.7342838204367,88.77754377037026,10012500
2022-05-02,88.2965316772461,88.5564338499178,88.20989982288447,88.49579089090598,11327000
2022-05-03,88.4004898071289,88.88563345693605,88.38315947130064,88.81632533279603,8129100
2022-05-04,88.97225952148438,89.04156764111733,88.2012248669296,88.36582999866133,11934700
2022-05-05,88.07989501953125,88.39177479269739,87.62940568583726,88.27048894864198,11675700
2022-05-06,87.57743072509766,88.02792671676812,87.49079891426364,87.62941509926486,12538400
2022-05-09,88.2271957397461,88.27051495806562,87.57744712246152,87.62076634078106,7301200
2022-05-10,88.52175903320312,88.86829297899499,88.4697812546892,88.63437975651175,8054600
2022-05-11,89.06752014160156,89.10217418725878,88.18386511088428,88.30515096589286,7167900
2022-05-12,89.36211395263672,89.72597167127934,89.24082804642251,89.3361250598174,8132400
2022-05-13,88.8942642211914,89.18015516543426,88.84228645299596,89.11951223267826,6016900
2022-05-16,89.26683044433594,89.51806746224226,89.11955562302136,89.21485265083365,3315600
2022-05-17,88.5910415649414,88.928910246898,88.56505268318834,88.66900821020062,4286800
2022-05-18,89.22346496582031,89.31876194424052,88.53040384318136,88.59104677403207,4465500
2022-05-19,89.54402160644531,90.03783028182853,89.47471350228302,90.01184139516383,5137600
2022-05-20,89.95985412597656,90.08980516471534,89.4660454664367,89.49204096185197,5908800
2022-05-23,89.41407012939453,89.89921363700574,89.40540496402016,89.7259499870259,5720600
2022-05-24,90.18511962890625,90.50566470530046,89.84725082846252,89.87323971932963,6786600
2022-05-25,90.36701965332031,90.50563583984949,90.15910198311009,90.50563583984949,4274500
2022-05-26,90.32374572753906,90.45369680565746,89.99453544836095,90.41904274418678,3478900
2022-05-27,90.45365905761719,90.60959235478164,90.28905398672097,90.48830649504242,2508200
2022-05-31,89.50938415527344,89.77794484673029,89.36210936380263,89.7692862892926,6773200
2022-06-01,89.00538635253906,89.66462310686693,88.84057550949554,89.57787637820427,5555900
2022-06-02,89.1355209350586,89.27430382165949,88.92733667838553,89.26563444101731,3014300
2022-06-03,88.96205139160156,89.0401221575305,88.76254971238703,88.7885710950803,2687800
2022-06-06,88.29415893554688,88.8319585283833,88.24211616192889,88.74521174855312,4800600
2022-06-07,88.64978790283203,88.8492962141623,88.51100497926063,88.52835036301346,3230000
2022-06-08,88.32012939453125,88.62372309532591,88.31145339798103,88.48494023975393,2917900
2022-06-09,88.24209594726562,88.42425223105003,88.05126366391569,88.20739856685212,4178600
2022-06-10,87.37467193603516,87.87776735354733,87.2619038073022,87.79102722072439,4443400
2022-06-13,85.82200622558594,86.56798334216533,85.37094690875497,86.44654582252204,9200800
2022-06-14,85.13672637939453,86.13425428283347,84.99793689606359,86.0128167938423,7829800
2022-06-15,86.32511138916016,86.35980877265135,85.35361112280377,85.83068525564686,10256200
2022-06-16,86.8889389038086,86.93231229093655,85.3796390052218,85.48373116361907,9168800
2022-06-17,86.91494750976562,87.14047717754168,86.35113326709865,86.96699689023626,7029700
2022-06-21,86.46388244628906,86.69808146249608,86.3511209374261,86.44653706717469,10342000
2022-06-22,87.55681610107422,87.7129509657188,87.35730786708785,87.47006936239066,9501900
2022-06-23,88.05123901367188,88.6237290856025,87.95582289870897,88.0946057636616,9247200
2022-06-24,87.73900604248047,88.26812958603138,87.66961127201651,87.93850773525239,5127000
2022-06-27,87.24456024169922,87.62621815762441,87.13179211062182,87.23588424288218,5439400
2022-06-28,87.3572998046875,87.38332117675219,87.02768472879075,87.14912221032357,3763300
2022-06-29,88.05992126464844,88.05992126464844,87.42671235589883,87.50477648799902,3559600
2022-06-30,88.73653411865234,88.9447118116287,88.48498303979154,88.56304719296409,5409500
2022-07-01,89.68775939941406,90.32193575346454,89.46189417995677,89.58351595286132,63222900
2022-07-05,90.01787567138672,90.36536264193914,89.86150388348248,90.13080827402734,6651400
2022-07-06,89.2533950805664,90.35668684074598,89.23602338189986,90.3479976774679,4754700
2022-07-07,88.70614624023438,89.27950540433218,88.63664615128516,89.27950540433218,4058100
2022-07-08,88.16748046875,88.47153490052352,88.06323702236452,88.46285236525108,3664900
2022-07-11,88.86248016357422,89.01016281857999,88.5931757188119,88.63660828493042,2765700
2022-07-12,89.07097625732422,89.50534169825754,89.00147619608113,89.33159817304046,3669200
2022-07-13,89.45320892333984,89.5227089760032,88.41941718061433,88.53235642316474,6809400
2022-07-14,88.95804595947266,89.16653952077392,88.54974137383503,88.78429580181259,5370400
2022-07-15,89.26209259033203,89.47058613327391,88.99278815453668,89.01884901891813,3834000
2022-07-18,89.00147247314453,89.13178342555175,88.63660710871663,88.97541160824116,3150700
2022-07-19,88.59314727783203,88.96670169155976,88.50626891770459,88.88851249302272,2996100
2022-07-20,88.50628662109375,89.03621291000525,88.43679319813509,89.02753037456645,53057500
2022-07-21,89.51405334472656,89.51405334472656,88.77563323526066,88.8625050196874,5344300
2022-07-22,90.53911590576172,90.74760942092632,90.19162229522779,90.34799408857359,7747100
2022-07-25,90.21768951416016,90.26112870399675,89.95707425881007,89.9831351215561,2994500
2022-07-26,90.25245666503906,90.95612660425608,90.21770663215426,90.82582226580188,4736300
2022-07-27,90.43488311767578,90.87793772147803,90.36538305670864,90.46963314815935,7475300
2022-07-28,91.32965850830078,91.49471946656892,90.99954321965393,91.30359764707727,5768100
2022-07-29,91.36441040039062,91.72059318543212,91.051666803536,91.14722771523545,5961100
2022-08-01,91.89876556396484,91.9596830415894,91.48974536869696,91.62898911155713,9672400
2022-08-02,90.6281967163086,92.02930534779972,90.56727923839624,91.86395506224886,9269700
2022-08-03,91.00239562988281,91.01110002273971,90.01030730840081,90.48894932293439,7829500
2022-08-04,91.46363067626953,91.48973721585263,90.96758650567114,91.09812584309313,9873200
2022-08-05,90.14086151123047,90.30620516574531,89.94070027954517,90.27140086758979,10047200
2022-08-08,90.67169952392578,90.71520820813609,90.42802964592813,90.50634926121043,6681300
2022-08-09,90.40193939208984,90.57599409158648,90.31491536209546,90.41934818179345,3814700
2022-08-10,90.4541244506836,91.12421652825306,90.44542005916817,90.81092482875152,7260300
2022-08-11,89.85365295410156,90.75871718011359,89.75792456022971,90.66298878624174,8309300
2022-08-12,90.21046447753906,90.24526876839924,89.91457488917884,90.20176008507097,4128600
2022-08-15,90.49765014648438,90.7935397580997,90.46283921338218,90.65429602569094,3441100
2022-08-16,90.39323425292969,90.42804518998547,89.9755096477677,90.32361237881813,3241800
2022-08-17,89.7840347290039,89.94938498683642,89.6012823259024,89.9058696644049,6366700
2022-08-18,89.95809936523438,90.27139113090206,89.87977310406407,90.02771459354416,3709200
2022-08-19,89.18355560302734,89.36630798801139,89.07912282324845,89.30539052635004,6678000
2022-08-22,88.7919692993164,89.15747419953138,88.7484606052,89.11396550541497,4125800
2022-08-23,88.57438659667969,89.19226569026995,88.5134691265935,88.64400845949427,7755000
2022-08-24,88.27851867675781,88.45256672393616,88.14797932162035,88.36554270034698,3504600
2022-08-25,88.84416198730469,88.87897291830903,88.2349872934942,88.34811783962867,6645300
2022-08-26,88.7397232055664,88.96599090514219,88.4351359020059,88.64399481880379,5535900
2022-08-29,88.23501586914062,88.40036618508478,88.11318089092124,88.40036618508478,4416900
2022-08-30,88.2088851928711,88.52217694816555,87.9129955842012,88.23499173256121,4474200
2022-08-31,87.84336853027344,88.27849517187057,87.69542042610612,88.0783339953534,5797600
2022-09-01,87.14507293701172,87.4502014167484,86.9445627865999,87.2584044719705,10324200
2022-09-02,87.63324737548828,87.86863687002861,87.37171162203191,87.49376297057148,5741900
2022-09-06,86.65687561035156,87.1276481601301,86.61328297282844,87.10149523813729,6769400
2022-09-07,87.22355651855469,87.32816821837183,86.95329410765248,86.99688675011188,7169700
2022-09-08,86.90096282958984,87.40660806842678,86.90096282958984,87.21481113981267,5773600
2022-09-09,86.90970611572266,87.25842064215647,86.80508776701058,87.09278323749137,5780600
2022-09-12,86.70044708251953,87.22353204001952,86.54352292552984,87.15378649217931,4034200
2022-09-13,86.21224212646484,86.26454796204382,86.00301213284732,86.09891059894318,5100500
2022-09-14,86.25584411621094,86.46507413253106,86.03789424258098,86.0814802265256,3866600
2022-09-15,85.95943450927734,86.125078552598,85.87225588432537,86.020460211874,4622600
2022-09-16,86.02919006347656,86.29944582761316,85.82867321662123,85.88969892630702,4718200
2022-09-19,85.78506469726562,85.9681417782463,85.64557359672695,85.70659929038717,3879000
2022-09-20,85.25328826904297,85.47123818076935,85.0353383573166,85.17482284214368,4869100
2022-09-21,85.59326934814453,85.6804479619482,84.8260882348495,85.4014724069953,5414900
2022-09-22,84.30298614501953,84.75632548690275,84.20708769390194,84.70401965949335,6662400
2022-09-23,84.40760040283203,84.53837161638408,83.93682802482476,84.26811598599667,7630600
2022-09-26,83.00401306152344,83.95427778589737,82.88196168794161,83.94555793026981,8015500
2022-09-27,82.43733978271484,83.12606202873255,82.3937538084408,83.03016357350852,8668400
2022-09-28,84.2942886352539,84.39018710422589,83.27427825176109,83.60556629050134,8471700
2022-09-29,83.90196990966797,84.19838515556924,83.59684145896179,83.6753068613156,6056500
2022-09-30,83.68402099609375,84.45992191564113,83.39633225440308,84.26813163828118,8847200
2022-10-03,84.67719268798828,85.29737762475393,84.28411322263491,84.48502139349785,10579900
2022-10-04,84.85189819335938,85.34105668758302,84.69466772531825,85.01786553859297,7361400
2022-10-05,84.04827117919922,84.37146229902706,83.83863279548872,84.34525833409874,8603700
2022-10-06,83.58534240722656,84.02209306181248,83.4717829718911,83.90853362647704,11298400
2022-10-07,83.17477416992188,83.445557373017,83.04374767464591,83.14857020372357,5085300
2022-10-10,82.68562316894531,83.1048999945798,82.3886293085263,83.05249205744674,3829100
2022-10-11,82.895263671875,83.35821823298325,82.66815149809702,82.96514536600439,5498500
2022-10-12,83.1660385131836,83.27959125647031,82.72928796537929,82.78169589854477,5847400
2022-10-13,82.8166275024414,83.19223319821911,82.08288986284796,82.09162673882895,6220100
2022-10-14,82.35368347167969,83.27086230163688,82.31001241481027,83.26212542454917,5886200
2022-10-17,82.44105529785156,83.0787142178342,82.39738422877298,82.94768768202556,3215200
2022-10-18,82.65067291259766,82.80790337038042,82.17024466262693,82.65940312493586,4006600
2022-10-19,81.78592681884766,82.17026953516287,81.7247819925508,82.00430215052018,5762600
2022-10-20,81.17446899414062,81.80339094156102,81.11332417504617,81.59375251384938,5738400
2022-10-21,81.35791015625,81.52387753502062,80.78140276646077,80.8862186568119,7528500
2022-10-24,81.2530746459961,81.61121331902073,80.96482432920534,81.3316932155099,6210800
2022-10-25,82.26632690429688,82.49343903708134,82.07415561227032,82.14403729378614,6301500
2022-10-26,82.68562316894531,82.82537988939515,82.45851100089372,82.46724787851089,6692700
2022-10-27,83.27085876464844,83.39314838154378,82.69434485846956,82.94766096897686,7238100
2022-10-28,82.84284210205078,83.14857282208366,82.61573661165754,82.73802623395684,5659800
2022-10-31,82.46724700927734,82.598266850729,82.1178452154081,82.4847141000426,4586900
2022-11-01,82.45235443115234,83.1526570577398,82.31228989864815,83.12639662755639,6066400
2022-11-02,82.31231689453125,83.04764257405326,82.1022267055164,82.55742322815635,7581400
2022-11-03,81.95340728759766,82.10222088265205,81.56823640284867,81.57699210804194,8403900
2022-11-04,81.7782974243164,82.24224945447469,81.76079269881625,81.97088279803732,5287000
2022-11-07,81.48944854736328,81.92714030669894,81.4719438155942,81.88337513795311,4289300
2022-11-08,82.03214263916016,82.18095615084046,81.69074379300301,81.71700421522395,4679200
2022-11-09,82.31231689453125,82.3648377721233,81.88338081068733,81.9446573940936,3658100
2022-11-10,84.15936279296875,84.19437893175893,83.53784135639546,83.53784135639546,9608300
2022-11-11,83.9842758178711,84.08931753938687,83.7304138598004,83.77417901755044,2840200
2022-11-14,83.78294372558594,83.90549686628944,83.62537444773211,83.89674116234053,4130800
2022-11-15,84.40446472167969,84.46574129173278,83.9842844352142,84.19437457844694,6841600
2022-11-16,85.02595520019531,85.11349885012542,84.59701936583757,84.79836041057689,6140100
2022-11-17,84.44823455810547,84.58829242405447,84.26440485230954,84.50075542300571,5986800
2022-11-18,84.15058135986328,84.55325681486546,84.13307663514298,84.44821510925662,3102100
2022-11-21,84.09809112548828,84.5707990087622,84.07183068952517,84.50952243196627,4477700
2022-11-22,84.57953643798828,84.66707343183262,84.36943963838841,84.45698331087729,5532800
2022-11-23,85.03473663330078,85.0697527681405,84.60580066914262,84.69333766691952,5236500
2022-11-25,85.00846099853516,85.01721670034038,84.78085950210465,84.7983709057151,1345400
2022-11-28,85.04348754882812,85.21856153452546,84.9209344231111,85.10476411168663,4218400
2022-11-29,84.6845932006836,84.98222704699305,84.6583327657304,84.70210460974953,3356600
2022-11-30,85.44615173339844,85.44615173339844,84.38693889944052,84.53575243542323,7127100
2022-12-01,86.37940979003906,86.39694937337558,85.58122156339084,85.60753428436723,17629100
2022-12-02,86.55484771728516,86.5636208564785,85.61632258193212,85.88822966942537,5783700
2022-12-05,85.67772674560547,86.07243103970248,85.63386773873029,86.03734517259132,6295800
2022-12-06,86.20398712158203,86.31801784383384,85.82682247740156,85.89699420002673,5745500
2022-12-07,86.95832824707031,87.05481270582781,86.5022253718078,86.55485082496836,5386200
2022-12-08,86.46717071533203,86.73030476805562,86.3531399363994,86.5022565940846,5325800
2022-12-09,85.82684326171875,86.28295287729256,85.82684326171875,86.21278113767421,4343100
2022-12-12,85.70405578613281,86.30050225666228,85.59003171527651,86.22156405959551,5192200
2022-12-13,86.47591400146484,87.06359394821266,86.39697581437734,86.95833634015067,7856600
2022-12-14,86.71275329589844,86.82677736726383,86.14261955517911,86.52855747664073,6533200
2022-12-15,86.8814926147461,87.01331899935451,86.60905633686555,86.83754825155381,4344200
2022-12-16,86.6617660522461,86.81995633964011,86.18719519006402,86.27507719306803,4432800
2022-12-19,85.95870971679688,86.1784181102699,85.88840812666123,86.16963460210798,3951100
2022-12-20,85.3347396850586,85.51929393314492,85.23806745439887,85.31716596356053,4199800
2022-12-21,85.44020080566406,85.7214272800545,85.32594815030767,85.68627313263468,4406600
2022-12-22,85.413818359375,85.66868084420555,85.36987400838241,85.45775600540101,2143100
2022-12-23,85.02713775634766,85.20290176739714,84.97440989402625,85.0095640372296,3164900
2022-12-27,84.3153076171875,84.72836053042084,84.2801534644688,84.56137998124932,4780800
2022-12-28,84.1131591796875,84.50863830446461,84.09558545868245,84.43833001050851,3161200
2022-12-29,84.52618408203125,84.60527585785903,84.29768555469703,84.34162990013405,4021800
2022-12-30,84.17467498779297,84.6053015429525,84.03406510864544,84.24498327985063,5043800
2023-01-03,84.83378601074219,85.246838776578,84.6668055211575,85.16774698991156,6808300
2023-01-04,85.48413848876953,85.6159648653943,85.23806616171957,85.54565657053202,7800100
2023-01-05,85.361083984375,85.4401824753418,84.86893943601835,84.9831853618964,3177900
2023-01-06,86.45964813232422,86.50359249480867,85.31716846238038,85.39626026889037,6807700
2023-01-09,86.67933654785156,86.83752682936358,86.30143791451546,86.35417247833065,4988000
2023-01-10,86.13446044921875,86.41568685934868,85.97627017446027,86.31901465227591,4026900
2023-01-11,86.6881332397461,86.70571366398765,86.33659850955497,86.38933307731239,7118700
2023-01-12,87.46150970458984,87.46150970458984,86.54752873638257,86.9693650747909,5768000
2023-01-13,86.99569702148438,87.44390383309452,86.88145111870601,87.23298574144015,5573500
2023-01-17,86.72330474853516,87.02210497079993,86.68815059798013,86.70573102574195,3709000
2023-01-18,87.90093231201172,87.9360864600441,87.48788615880972,87.76911263810052,7926400
2023-01-19,87.73396301269531,87.86578939837023,87.55819226347259,87.72517279899205,4234100
2023-01-20,87.15392303466797,87.39999536008102,87.05725080611741,87.28574941041582,8822700
2023-01-23,86.8726806640625,87.12754315587618,86.83752652329854,86.86389045262982,4334900
2023-01-24,87.37361145019531,87.39119187225864,86.69691271001918,86.986929329366,3540300
2023-01-25,87.47027587890625,87.64604655907797,87.18904949559736,87.43512174287191,2924700
2023-01-26,87.15392303466797,87.47030365447561,87.03088687196144,87.30332313153046,2875400
2023-01-27,87.02207946777344,87.02207946777344,86.80237111991957,86.82874175383404,5524100
2023-01-30,86.74962615966797,86.96054425463532,86.70568852173933,86.77599008341822,2584600
2023-01-31,87.18907928466797,87.2242334327131,86.77602642634787,87.14514162833767,4856400
2023-02-01,87.81615447998047,87.86899526748691,87.04112714613562,87.36698762819469,20159100
2023-02-02,87.78089904785156,88.25648615252177,87.75447866192405,88.08914808254752,5823000
2023-02-03,86.83856964111328,87.19085727700715,86.72407901516208,87.02351913810881,5267000
2023-02-06,86.0899429321289,86.34535124177611,86.04590446796254,86.22205160530177,5500400
2023-02-07,85.87858581542969,86.42462522379876,85.83454734473601,86.0018854701793,5678900
2023-02-08,86.19564056396484,86.20444288229189,85.78170314547667,85.96665262024919,6137600
2023-02-09,85.8081283569336,86.43343567893818,85.71124909528089,86.4158243219683,7358300
2023-02-10,85.39417266845703,85.76407155973183,85.33252285324457,85.73765117025876,5290000
2023-02-13,85.59674072265625,85.6407724656118,85.38536416689618,85.40298223953916,17262300
2023-02-14,85.209228515625,85.53509568446135,84.98024059375821,85.33252815370874,7133600
2023-02-15,84.95381164550781,85.25325839306764,84.83932105576986,85.05949991864522,4964700
2023-02-16,84.6719741821289,84.92738244287588,84.5927130249962,84.75124205858657,27126400
2023-02-17,84.9097671508789,84.93618753536343,84.4606004566679,84.48702084115244,4540500
2023-02-21,83.98503112792969,84.39896849053738,83.96741305500005,84.32850963747094,11382100
2023-02-22,84.1347427368164,84.38134197856026,84.09071099754809,84.23162197026227,30136400
2023-02-23,84.46062469482422,84.5486949081549,84.11714615930596,84.16117790630803,7059800
2023-02-24,83.94979095458984,84.06428153667177,83.76484152846126,83.92337056790365,10757200
2023-02-27,84.2052230834961,84.337331773684,84.0643053554751,84.24926155333443,3693200
2023-02-28,84.33731842041016,84.36373881039913,83.84411316975384,83.94980144903576,4690000
2023-03-01,83.6630630493164,84.10432391617334,83.61893426938812,83.963117206888,8328600
2023-03-02,83.31887817382812,83.38947479372223,83.14236979132703,83.21297314432746,12952800
2023-03-03,83.98959350585938,83.98959350585938,83.51303095189756,83.76014269821995,5696900
2023-03-06,83.83956146240234,84.21021896029063,83.7777852127543,84.1837443865995,3766400
2023-03-07,83.8484115600586,84.09551662641924,83.64542855091487,83.98961156950406,5053300
2023-03-08,83.82194519042969,84.33380284955848,83.7160401231399,84.17494861517817,5163500
2023-03-09,84.34259796142578,84.47497756204527,83.9101642169679,83.96311336397322,12498800
2023-03-10,85.8958511352539,85.9752748678825,85.31338349688198,85.4369360141535,11041300
2023-03-13,86.93720245361328,87.74029358763548,86.6106670461375,87.32550736906241,23930600
2023-03-14,86.11649322509766,86.64600504680449,85.93998479578997,86.566574570339,47886700
2023-03-15,87.3608169555664,88.05800987268408,86.94603069941105,87.59910157353501,25157400
2023-03-16,86.57538604736328,88.04037544718543,86.46948774200249,87.83739247339905,13961000
2023-03-17,87.5990982055664,87.92562689696825,87.16665776235511,87.24608820965938,12293700
2023-03-20,87.2461166381836,87.74915385800287,87.04313363613716,87.74032675362488,7982400
2023-03-21,86.48711395263672,86.89307306729891,86.3635614713528,86.64596810473108,9851600
2023-03-22,87.6255874633789,87.69619082101485,86.26650312786731,86.33710648550327,10705200
2023-03-23,88.12859344482422,88.19919677749763,87.35197698472983,87.48434981711199,7118800
2023-03-24,88.15510559082031,88.76404781178097,88.04038017614816,88.64049529348566,9135800
2023-03-27,87.06961059570312,87.49321732115553,87.04312928389328,87.31671564106827,8284400
2023-03-28,87.01667022705078,87.14904987728359,86.80486682654352,86.88429057681797,13324800
2023-03-29,86.86662292480469,87.03430422503081,86.65481957348712,86.69012125422456,13404700
2023-03-30,86.9990005493164,87.07842427932405,86.76071589307949,86.78719046974871,4157500
2023-03-31,87.47557067871094,87.53734694064002,86.99900805821191,87.14020805700372,6330100
2023-04-03,87.88763427734375,88.0379586257876,87.31285716961685,87.37475582759065,7226600
2023-04-04,88.45357513427734,88.55084542690243,87.49856139565752,87.51625058328847,6763200
2023-04-05,88.82494354248047,89.10790975143932,88.69230840269239,88.7807340780333,6257100
2023-04-06,88.85148620605469,89.06370919739409,88.83379702134884,88.86032405196036,4264700
2023-04-10,87.9760513305664,88.21480809248756,87.86994321099884,88.15290944059079,6025100
2023-04-11,87.94070434570312,88.05566383603737,87.73732589525618,88.04681924144651,5459000
2023-04-12,88.19711303710938,88.38280898043816,87.79919412232576,88.34744410723455,5857200
2023-04-13,87.90531158447266,88.48892645986801,87.83456834307721,88.33860213173782,39858200
2023-04-14,87.47203063964844,87.63119958931411,87.35707791073081,87.61351714888374,4968500
2023-04-17,86.91490936279297,87.18903093626837,86.88838233909476,87.13597688887197,5681000
2023-04-18,87.05641174316406,87.25095229620845,86.9237765901313,86.94145902838657,5061300
2023-04-19,86.87071990966797,86.93261856617313,86.64081446919029,86.8530374705726,4648100
2023-04-20,87.37474822998047,87.44549147478416,87.2597955170098,87.34822119979087,4608000
2023-04-21,87.16253662109375,87.63119887281967,87.09179336705452,87.56045561878042,5948100
2023-04-24,87.58699798583984,87.60468042785921,87.33939657242786,87.40129523916868,5143700
2023-04-25,88.45357513427734,88.48894676309087,88.06449396377704,88.08218315140799,13076800
2023-04-26,88.10870361328125,88.54199422763764,87.97606170173808,88.43588609556139,5903000
2023-04-27,87.53392028808594,87.79035949983516,87.43665000961391,87.74615003008712,5065800
2023-04-28,88.1882553100586,88.1970931531437,87.86991755142205,88.06445129597095,8525900
2023-05-01,87.15032196044922,87.90375606251872,87.03509309018361,87.85057454741991,17442000
2023-05-02,88.28488159179688,88.3114723419846,87.39848718472531,87.4516754477534,8540700
2023-05-03,88.86103820800781,88.8876289578661,88.36465951024631,88.52421077204859,9534800
2023-05-04,88.84330749511719,89.34855199739513,88.60397723671325,88.62170891056279,12014100
2023-05-05,88.36466979980469,88.4001263912953,88.14307117497833,88.32921320831407,11254400
2023-05-08,87.823974609375,88.0101166554174,87.77965217632278,87.81510877023379,7022400
2023-05-09,87.71761322021484,87.9037552840668,87.69988830289037,87.81511717213554,7317200
2023-05-10,88.37353515625,88.44444834427092,88.1076208451523,88.11648668431836,9930800
2023-05-11,88.70153045654297,89.00290821562623,88.60402648413272,88.89653840136346,5979600
2023-05-12,88.169677734375,88.7015131767713,88.14308697665336,88.63059998107725,5107300
2023-05-15,87.97466278076172,87.97466278076172,87.85943391897963,87.9214812695783,4459100
2023-05-16,87.69100952148438,87.75305686694476,87.44282013964282,87.63782801470504,7194000
2023-05-17,87.4073486328125,87.7707668048819,87.30097887475075,87.74417605602953,5542600
2023-05-18,86.86664581298828,87.09711023623882,86.8311892276688,87.0882443992459,9448900
2023-05-19,86.5386734008789,86.95527980547467,86.38798799234694,86.5564050740308,12923500
2023-05-22,86.3791275024414,86.77800902122698,86.33481184212229,86.55641043167464,7034700
2023-05-23,86.5209732055664,86.62734298690741,86.1841457086339,86.25505213354079,8264200
2023-05-24,86.29936981201172,86.66278804359453,86.25504738156467,86.62733821442099,7415400
2023-05-25,85.7586669921875,86.21073007607683,85.68775380988069,86.13981689377002,11647700
2023-05-26,85.9182357788086,85.9182357788086,85.43958184468111,85.62572391417713,7408900
2023-05-30,86.59190368652344,86.59190368652344,86.11324971887692,86.17529707972062,7883000
2023-05-31,86.91985321044922,87.05281375435447,86.52984418102245,86.64507304565811,10817900
2023-06-01,87.16151428222656,87.41029224328972,87.04601216564468,87.17928801012596,18161600
2023-06-02,86.46849822998047,87.03713557343032,86.39741686737628,87.01048175712671,7585400
2023-06-05,86.44186401367188,86.68175519348961,86.02426938705085,86.11311772110581,6243100
2023-06-06,86.4951400756836,86.52179388829842,86.23747525592212,86.47737312683734,3986200
2023-06-07,85.86432647705078,86.46850454593394,85.77547815665167,86.37965622553483,8226600
2023-06-08,86.44186401367188,86.45963096900552,85.97984183067668,86.01538252003733,5841900
2023-06-09,86.13087463378906,86.25526363291154,85.97982503883287,86.14864158565283,6421900
2023-06-12,86.27299499511719,86.29076871834091,85.89094129007809,86.26410813350532,5261700
2023-06-13,85.65995025634766,86.46847854112006,85.52667442648465,86.40628405767603,9173500
2023-06-14,85.77544403076172,86.03310880249143,85.45558478162758,85.91759993110487,7704400
2023-06-15,86.44186401367188,86.50405852537969,86.16643214449348,86.2819343008956,5959100
2023-06-16,86.06868743896484,86.22861713408028,85.81990264091323,86.01537302146461,6538100
2023-06-20,86.32634735107422,86.53069780719244,86.22861216642907,86.22861216642907,5477300
2023-06-21,86.40628814697266,86.47736949675566,85.96203987886483,86.0953157150353,5119600
2023-06-22,85.91763305664062,86.29968693048005,85.85543855525711,86.14864410979038,4102100
2023-06-23,86.27299499511719,86.62839489400994,86.16637977053183,86.60174108786362,4112100
2023-06-26,86.48626708984375,86.56623531921115,86.32634418849294,86.49515395503835,2976600
2023-06-27,86.18416595458984,86.62841423270629,86.06866384260825,86.46848458143674,4752500
2023-06-28,86.53068542480469,86.56622610310733,86.13974474216703,86.3085612694317,5257300
2023-06-29,85.64217376708984,85.81099026471536,85.49113099484074,85.74879578327807,8268700
2023-06-30,85.82877349853516,85.88208790609141,85.57110866120254,85.6688438332491,7450600
2023-07-03,85.45648956298828,86.0532206243124,85.45648956298828,85.78602720610692,4687100
2023-07-05,85.04680633544922,85.5010324730656,84.93993439366528,85.4564979673146,10181200
2023-07-06,84.35209655761719,84.4856932561394,84.04037545773893,84.39663105546138,9285100
2023-07-07,84.2452163696289,84.56584572248275,84.20068866757212,84.23631490622368,6577600
2023-07-10,84.68163299560547,84.80632143382073,84.36991190006734,84.37881336350395,6622700
2023-07-11,84.85975646972656,84.98444490658304,84.7261597745203,84.84194674803715,6327100
2023-07-12,85.68801879882812,85.8037989381138,85.29613710431065,85.42083229393629,8255100
2023-07-13,86.40058135986328,86.45401733376825,86.01760769184982,86.10666991336208,9742600
2023-07-14,85.97305297851562,86.3204003172895,85.93742673928108,86.21352839459621,7491100
2023-07-17,86.11556243896484,86.19571638517655,85.92852976946016,86.03540169774243,3182400
2023-07-18,86.21351623535156,86.49851931402176,86.16007348653196,86.39164061139192,3626500
2023-07-19,86.5074234008789,86.56086615131993,86.20461059342135,86.37383351230034,5059300
2023-07-20,85.82164764404297,86.09774250784155,85.67024122163797,86.06211626815617,9486600
2023-07-21,85.89289855957031,86.08883947676716,85.86618057904535,86.00867874018195,4560100
2023-07-24,85.68801879882812,86.1333364353224,85.65239257250764,86.04427426702513,7451100
2023-07-25,85.52774810791016,85.58118407733352,85.34071541991702,85.3496236798247,4079300
2023-07-26,85.82164764404297,85.86618214240228,85.47430030087364,85.72367718366081,4880100
2023-07-27,84.886474609375,85.59007753010813,84.77069443065064,85.49210707310667,8522800
2023-07-28,85.16260528564453,85.26947724242879,85.00229055545563,85.08244452304382,5794100
2023-07-31,85.26943969726562,85.42085289439513,85.11803329514564,85.12694155262609,6347000
2023-08-01,84.7712173461914,84.98550964184186,84.62835127427161,84.86050523502666,7714000
2023-08-02,84.6015853881836,84.6373019145223,84.25335777166981,84.52122831309465,8009200
2023-08-03,83.97654724121094,84.15512302672064,83.89618336917087,84.03011861441793,11057900
2023-08-04,84.86942291259766,84.94084912525706,84.28904150678528,84.28904150678528,10189900
2023-08-07,84.66407012939453,84.80693620525814,84.56585140529566,84.7622888534934,4007400
2023-08-08,85.09266662597656,85.30695894033877,84.99444789601266,85.10159064707885,5401400
2023-08-09,85.14623260498047,85.28909186809098,85.05694471400773,85.0926612328427,5317200
2023-08-10,84.49443817138672,85.30697384078893,84.48551414872568,85.14625287388691,8462100
2023-08-11,84.0479507446289,84.43189471067717,84.01223423473746,84.14616944377342,5915000
2023-08-14,83.9140625,84.16407137663948,83.73547986509253,83.9140625,6218400
2023-08-15,83.75333404541016,84.09263080304771,83.70868668761796,83.82476028075519,9602600
2023-08-16,83.431884765625,83.93190242997515,83.36938255758123,83.73546497262909,7199600
2023-08-17,83.3247299194336,83.45866516024196,83.09257595618105,83.40509378881035,9858300
2023-08-18,83.57473754882812,83.76224415840514,83.4318782896296,83.47651882777885,7510500
2023-08-21,83.05685424804688,83.21757516452847,82.95864234396875,83.18186546062492,10864000
2023-08-22,83.09259796142578,83.18189268709865,82.90509129952879,82.98545519018815,6330500
2023-08-23,83.99437713623047,83.99437713623047,83.57471667153081,83.60150235017504,8550500
2023-08-24,83.68191528320312,83.9765715455797,83.65512958884736,83.73548667191467,5735800
2023-08-25,83.65511322021484,83.8694055453624,83.34259534792983,83.56581850685902,7895700
2023-08-28,83.88724517822266,83.91403767470567,83.67295289196133,83.85153547403657,3301700
2023-08-29,84.48551177978516,84.52122830612092,83.67297613316612,83.69083780244942,7064200
2023-08-30,84.4765625,84.63728342730266,84.42299112830891,84.59263607607384,6346700
2023-08-31,84.6462173461914,84.77122175951453,84.49442043381652,84.57478430651258,6167300
2023-09-01,84.12879943847656,84.6659046682031,84.02137566066584,84.65695097930298,7746600
2023-09-05,83.61856842041016,83.89607137563107,83.58276048591954,83.88711768459213,4993400
2023-09-06,83.40367889404297,83.77965177272955,83.35892412067271,83.76175122931379,7344100
2023-09-07,83.69017028808594,83.72597821950808,83.51113746063977,83.60065387436285,7137500
2023-09-08,83.70806121826172,84.02137201955273,83.67225329387657,83.89604769903633,4648500
2023-09-11,83.5648193359375,83.64538886340017,83.46634926329557,83.52901141591657,4321700
2023-09-12,83.68121337890625,83.69911392763551,83.49322005409836,83.59169014626868,4998400
2023-09-13,83.7796630859375,83.89604053767107,83.53796815404786,83.55586869988083,6675400
2023-09-14,83.5916976928711,83.91396223640164,83.5379892121708,83.84235320535603,6421000
2023-09-15,83.33208465576172,83.51112428462439,83.26942249307565,83.45741581079733,9367700
2023-09-18,83.41264343261719,83.47530558721733,83.22465696881675,83.22465696881675,4622200
2023-09-19,83.10828399658203,83.37684000486307,83.07248290316336,83.22466145401322,7536800
2023-09-20,83.04562377929688,83.4663583482599,83.02772323216922,83.34103402937686,10751800
2023-09-21,82.4279556274414,82.55327994595069,82.37424032689233,82.47271040995865,8702500
2023-09-22,82.75021362304688,82.82182263539171,82.44584970934659,82.50851186368745,8637800
2023-09-25,82.1414794921875,82.37422069700612,82.1056715769089,82.22204217931821,11712000
2023-09-26,82.11467742919922,82.34741878187445,82.01620730704207,82.29371028966722,8281800
2023-09-27,81.74761962890625,82.36529436950627,81.53277891334837,82.32948644530275,10586100
2023-09-28,81.97139739990234,81.98929794354025,81.32686855434851,81.55961659961224,11654600
2023-09-29,81.98932647705078,82.39216056054512,81.86400213898521,82.31159101198057,13488300
2023-10-02,81.32427215576172,81.66532722526001,81.22554442688774,81.57557661197445,21010000
2023-10-03,80.651123046875,81.30630861159293,80.60624432160628,81.15373190173062,21364700
2023-10-04,81.16270446777344,81.20758319052706,80.713944630364,80.90242294037215,14054000
2023-10-05,81.3152847290039,81.36914056817237,81.14476063964446,81.35118633927222,11315900
2023-10-06,80.83959197998047,81.09987349174335,80.49853698915219,80.57033335469988,12257100
2023-10-09,81.87171936035156,81.87171936035156,81.32423198793295,81.44988415397694,5816700
2023-10-10,81.71022033691406,81.93460033338597,81.3601880902206,81.45891583647098,11508300
2023-10-11,82.158935546875,82.2127845254655,81.85377535729143,82.03328336514363,14815800
2023-10-12,81.36912536621094,82.02431080048805,81.27039766830111,81.97943208415424,12855900
2023-10-13,81.88967895507812,81.99738376241496,81.72812516783813,81.96148215996934,9872500
2023-10-16,81.40502166748047,81.46784776302195,81.29732370228413,81.41399878042378,7248000
2023-10-17,80.6062240600586,80.81265655785995,80.46262450085229,80.68700437573055,11191600
2023-10-18,80.22928619384766,80.49854484540653,80.09465686806821,80.38186290088277,13794200
2023-10-19,79.83438110351562,80.32801971788994,79.75360761072662,80.00491205166902,27116700
2023-10-20,80.30110931396484,80.4177844398708,80.10365383355965,80.121601219263,12587100
2023-10-23,80.67804718017578,80.77677489729726,79.88823229073597,80.01388450388475,12365000
2023-10-24,80.82164001464844,80.83061028012587,80.42672921265253,80.61520750064216,10906000
2023-10-25,80.11261749267578,80.42674804621856,80.0138897690577,80.39982354841953,15170200
2023-10-26,80.72293853759766,80.758840153763,80.17545087425914,80.19339825857526,15901300
2023-10-27,80.84857940673828,80.85754967386896,80.51649463953487,80.66010108401164,11628200
2023-10-30,80.5793228149414,80.71395214821021,80.31007099593614,80.45367059656581,11022500
2023-10-31,80.40879821777344,80.79473201826224,80.39085083410244,80.62420790702268,11574700
2023-11-01,81.33489990234375,81.37989683218667,80.60587822608959,80.6418798899331,22448900
2023-11-02,81.83891296386719,82.0999198879366,81.65891150356477,81.9559132264022,14046200
2023-11-03,82.46894073486328,83.01795422052545,82.45994546675641,82.8379527257516,23133700
2023-11-06,81.9919204711914,82.18992621096736,81.90191973491581,82.16292667674627,11246700
2023-11-07,82.45992279052734,82.63992423580135,82.25291494850877,82.25291494850877,13189400
2023-11-08,82.79297637939453,82.87398188554235,82.46896808804155,82.47797022575112,11117600
2023-11-09,81.97392272949219,82.65793381563346,81.92891892823363,82.64893854867454,17067900
2023-11-10,82.0639419555664,82.33395109072264,81.97394119938684,82.3159468195162,10674700
2023-11-13,82.0189437866211,82.04595019528865,81.62293905886456,81.74894149950774,8930200
2023-11-14,83.25193786621094,83.3149390580397,83.05393215857346,83.18893667438219,14313600
2023-11-15,82.60394287109375,82.85594770304667,82.5319395286453,82.84695243520312,12969400
2023-11-16,83.22496032714844,83.35096274409993,83.08095364113717,83.08995577566705,10375600
2023-11-17,83.27893829345703,83.36893901609439,83.11693424606379,83.32394208808321,8462000
2023-11-20,83.39596557617188,83.4499646494871,83.08095267085537,83.10795220751298,7481200
2023-11-21,83.50395965576172,83.62096679773475,83.28795650640457,83.4949575217754,9153300
2023-11-22,83.47698211669922,83.69298532297346,83.26997418016525,83.62998410170106,7255100
2023-11-24,83.04496765136719,83.17997222834205,83.03597238175541,83.11697100796951,4125800
2023-11-27,83.67497253417969,83.68397466888312,83.24295933443382,83.2969652760376,9539800
2023-11-28,84.04398345947266,84.07098986544732,83.5309716118314,83.5759754218385,13563300
2023-11-29,84.48499298095703,84.574993728129,84.23298127561192,84.34998842689065,19075400
2023-11-30,84.07097625732422,84.19697866500798,83.8999700469179,84.16997226340469,18446700
2023-12-01,84.86420440673828,84.90932160900894,84.02494733285053,84.05201903120674,21393200
2023-12-04,84.51226043701172,84.72884091364537,84.33177096900933,84.53933213596977,16402000
2023-12-05,85.10785675048828,85.19810492515178,84.81908049248467,84.87323077427659,25452100
2023-12-06,85.45979309082031,85.54101506198623,85.19809544531583,85.2973560334568,14023400
2023-12-07,85.33345794677734,85.60418868347409,85.24321666286798,85.27931455342545,13730100
2023-12-08,84.7829818725586,84.96347133536874,84.58445379092097,84.85517765768266,13825300
2023-12-11,84.79200744628906,84.82810533858687,84.43103540828001,84.60249867545232,10484600
2023-12-12,84.97248840332031,85.0266317938636,84.70175768066731,84.78297276648225,7248000
2023-12-13,86.23590850830078,86.34420221005237,85.1620252270557,85.22519483183481,16155200
2023-12-14,86.95272064208984,87.13373738847285,86.63593788324647,86.6811886171691,32373200
2023-12-15,86.88032531738281,87.02514426232918,86.74455928283244,86.78981692946502,9407100
2023-12-18,86.69023895263672,86.72644368190781,86.55447294420665,86.71739077325353,8634100
2023-12-19,86.85318756103516,87.01610544781748,86.78983098869472,86.83508864265866,9047100
2023-12-20,87.278564453125,87.33286810103729,86.87127328308901,87.05229004636125,12659100
2023-12-21,87.14279174804688,87.52293106498705,87.02513155147388,87.4686274212374,8939700
2023-12-22,87.06134033203125,87.3238194646075,86.93462722049054,87.30571364561786,4956400
2023-12-26,87.11566925048828,87.19712474353176,87.00705502108163,87.02516084532374,3342500
2023-12-27,87.7944564819336,87.83066121015527,87.42336319667075,87.48672665006808,7362400
2023-12-28,87.45957946777344,87.75826333601309,87.36907108794689,87.61345130935997,4858500
2023-12-29,87.24236297607422,87.46863739128456,87.1518545910595,87.2061582409989,7820500
2024-01-02,86.91651916503906,87.02513336014205,86.81695787919794,86.8350636977217,9444000
2024-01-03,87.12471008300781,87.19711265389182,86.46398569675182,86.53639517298355,11040500
2024-01-04,86.59974670410156,86.73551273780673,86.50923831674723,86.6087996144412,7354800
2024-01-05,86.28295135498047,86.90746397069934,86.21959480250621,86.28295135498047,10001000
2024-01-08,86.57257080078125,86.85314879514924,86.3100917167115,86.33724353483159,7044700
2024-01-09,86.53638458251953,86.66309769774384,86.4549222053914,86.4549222053914,7360800
2024-01-10,86.40062713623047,86.76266760368118,86.38252822026433,86.69931103977837,9212700
2024-01-11,86.86221313476562,86.92556968716585,86.418717267964,86.52732455473793,10305400
2024-01-12,87.0975570678711,87.32383149899839,86.90748046901825,87.0975570678711,8469600
2024-01-16,86.39155578613281,86.85315745624175,86.27389559409748,86.74454326758492,9847100
2024-01-17,86.1109848022461,86.19244717673374,85.9390140491529,86.13813662529309,9170700
2024-01-18,85.92091369628906,86.13813518237296,85.83040531919966,86.07477862787573,8910100
2024-01-19,85.92996978759766,85.94806870154713,85.56792936048707,85.7851508546147,17711100
2024-01-22,86.19245147705078,86.33726350897528,86.12004200841503,86.23770221593787,9831500
2024-01-23,85.97525024414062,86.00240207712378,85.866642912208,85.98430315691807,6428600
2024-01-24,85.7308578491211,86.31917275303451,85.67655419518522,86.29201402071892,9718000
2024-01-25,86.10193634033203,86.12909507012856,85.89376774932111,86.02953377691568,11588100
2024-01-26,85.94805908203125,86.02952144905339,85.8394448944504,86.02952144905339,9134600
2024-01-29,86.46395874023438,86.5454211019348,86.14717601216728,86.21053255778071,6947500
2024-01-30,86.5816421508789,86.65404471283938,86.12004042847818,86.60879397478244,7265800
2024-01-31,87.30571746826172,87.3238232880441,86.88032047288635,86.97082885575735,15778300
2024-02-01,87.84648895263672,88.10961188490718,87.41097346281019,87.64687797489472,33372900
2024-02-02,86.70326232910156,87.01175389378986,86.53994489421564,86.86657976398747,13809200
2024-02-05,85.85946655273438,86.18610145985235,85.7687361723759,86.104446194215,12147700
2024-02-06,86.32218170166016,86.40384387180627,85.93203492098662,85.95925333694106,9327000
2024-02-07,86.16793060302734,86.5127087070706,86.14071218985052,86.16793060302734,8619800
2024-02-08,85.88666534423828,86.049975825024,85.80500318156325,85.97739569654662,7808000
2024-02-09,85.73243713378906,85.80502420233121,85.65078187339205,85.67800029352439,8492500
2024-02-12,85.81410217285156,85.91390766484814,85.65078472433754,85.80502705841076,7023600
2024-02-13,84.87049102783203,85.26063788142618,84.85234079894816,85.17897569601693,11978400
2024-02-14,85.18804931640625,85.34229164779356,84.9612199153247,84.9612199153247,8979600
2024-02-15,85.4239501953125,85.65077958673804,85.31506959540611,85.56004921462456,6788300
2024-02-16,85.05193328857422,85.09730192863448,84.87954768536693,84.9249094031446,7147400
2024-02-20,85.1971206665039,85.39673163820189,85.1880455526221,85.2243390858657,8286300
2024-02-21,84.92491149902344,85.30598316471684,84.87047466743374,85.26062144581967,6433900
2024-02-22,84.93399047851562,85.09730790300284,84.7797481671341,84.89769694837591,8688500
2024-02-23,85.32414245605469,85.38765440708525,84.96121405490135,84.96121405490135,6426700
2024-02-26,85.1971206665039,85.34228787719465,84.99750969480593,85.3332196855965,6417200
2024-02-27,85.006591796875,85.21527097732614,84.95214803139208,85.07010375470155,7540600
2024-02-28,85.31507873535156,85.31507873535156,85.0519557824351,85.10639954936278,5293600
2024-02-29,85.4874267578125,85.58723220250482,85.36040290498241,85.37854620298064,11919200
2024-03-01,85.87773132324219,85.93231240516677,85.1681494957191,85.37738160351392,11857200
2024-03-04,85.68669128417969,85.77766206832669,85.57752217882772,85.5866213394302,6641600
2024-03-05,86.21430969238281,86.36896763336358,86.02326899653862,86.12333892397483,7673100
2024-03-06,86.42355346679688,86.59640279473051,86.32348353384847,86.36897239087051,9499200
2024-03-07,86.5691146850586,86.62369576251596,86.35077649397846,86.59640522378729,8420900
2024-03-08,86.6328125,86.77836438296042,86.56003308820644,86.71468413279773,8103600
2024-03-11,86.52362823486328,86.68737841241818,86.44174967577308,86.66008787292995,5568200
2024-03-12,86.1688461303711,86.30530578235803,86.06877618162241,86.27800829945967,6556500
2024-03-13,85.97781372070312,86.10517422405869,85.94142401394056,86.0414939723809,9708400
2024-03-14,85.34099578857422,85.6684961762883,85.32280440731286,85.65940395597073,10055900
2024-03-15,85.1954345703125,85.35008558625991,85.17723625042137,85.27730618794627,6591400
2024-03-18,85.0953598022461,85.2409116499855,85.01348124863483,85.16813919642833,5319700
2024-03-19,85.34099578857422,85.45926405896476,85.2136352978661,85.26822332290259,5470300
2024-03-20,85.54112243652344,85.83223307599987,85.24091263751257,85.43196028461048,10190800
2024-03-21,85.55022430419922,85.76855555556166,85.47744490686996,85.7048753180549,8271200
2024-03-22,85.96871185302734,86.02329294113984,85.88684022085859,86.02329294113984,6119800
2024-03-25,85.74125671386719,85.88681549443035,85.68667564146833,85.88681549443035,4488900
2024-03-26,85.8686294555664,85.88682777605145,85.61390849378101,85.71397843457179,5477600
2024-03-27,86.19612121582031,86.23251091253312,85.95959165749953,85.96869081683397,4838500
2024-03-28,86.11424255371094,86.21430553569802,85.95049240222163,86.00507347250992,7561400
2024-04-01,85.3350601196289,85.7547548704123,85.27119367844274,85.7547548704123,10854000
2024-04-02,85.152587890625,85.18908399486074,84.86974482302807,84.95186279778852,7214900
2024-04-03,85.25296020507812,85.25296020507812,84.72377707440789,84.80588809765625,12908000
2024-04-04,85.544921875,85.56316644869777,85.19821232645411,85.43543355005063,6960500
2024-04-05,84.97923278808594,85.34418686803015,84.97010702183431,85.0795953340936,6334600
2024-04-08,84.78765869140625,84.90626584428935,84.67817034656804,84.7694141143943,7115100
2024-04-09,85.12525177001953,85.19823704690837,85.03400799229335,85.03400799229335,5151100
2024-04-10,83.99388122558594,84.45919797543782,83.866148307732,84.40445728519241,14993700
2024-04-11,83.8752670288086,84.18547352869683,83.76577869659555,84.14898437888051,9371400
2024-04-12,84.22196960449219,84.45006507581704,84.22196960449219,84.31321336175921,11675600
2024-04-15,83.68364715576172,83.7018917261978,83.34606343487704,83.64715105396989,12315300
2024-04-16,83.35521697998047,83.51032024359658,83.19098794764517,83.31872086602574,12027200
2024-04-17,83.88436889648438,83.94823533184822,83.51941485401122,83.65627349005358,10515400
2024-04-18,83.5924301147461,83.80227404843573,83.48294178352455,83.80227404843573,6964500
2024-04-19,83.70188903808594,83.81137733994518,83.61065226699628,83.79312580917559,6125800
2024-04-22,83.71101379394531,83.7748802290298,83.52854025396658,83.54678482359671,4002900
2024-04-23,83.82051849365234,84.03036240959112,83.51943082895335,83.60154184973268,8319800
2024-04-24,83.56505584716797,83.65629960696145,83.42820412932086,83.62892926339204,7567400
2024-04-25,83.2457046508789,83.32782262384526,83.04497956242778,83.10884600321496,5784300
2024-04-26,83.47381591796875,83.60154882378369,83.40994946506127,83.4373198076043,5432600
2024-04-29,83.8114013671875,83.82964594226804,83.59243166161372,83.66541692285736,4846500
2024-04-30,83.41907501220703,83.61980013821987,83.34608279167121,83.49206723274284,7516700
2024-05-01,83.74942779541016,84.06056348982409,83.44745198052212,83.6670726590631,12392500
2024-05-02,84.14289855957031,84.19780895232202,83.68535151578448,83.74940782264994,8661500
2024-05-03,84.609619140625,84.82923982036945,84.38999846088055,84.74688468357111,8501100
2024-05-06,84.68282318115234,84.77433121031383,84.56386344140394,84.64621857316473,4043400
2024-05-07,84.9024429321289,85.12206359607174,84.82923371694294,84.98480504461686,7776200
2024-05-08,84.66452026367188,84.79263988679021,84.65537434757547,84.71943066832698,9024000
2024-05-09,84.92074584960938,84.98480216532309,84.61876308340977,84.64621479277068,9625200
2024-05-10,84.6462173461914,84.77432998148346,84.60045984146637,84.73772537402645,3205000
2024-05-13,84.74687957763672,84.89329102810667,84.73772668022762,84.8658393174945,3228700
2024-05-14,84.99394226074219,85.0305468645885,84.8200791194901,84.91158713829873,4688800
2024-05-15,85.634521484375,85.69857780253095,85.3782962117512,85.48810305338137,11384500
2024-05-16,85.46980285644531,85.66197180780168,85.44235114648225,85.66197180780168,4278400
2024-05-17,85.20441436767578,85.4057361918333,85.18610857550831,85.33252698639164,3883900
2024-05-20,85.07630157470703,85.15865669444965,85.04884986812615,85.08545447077202,4575900
2024-05-21,85.29593658447266,85.36914580210282,85.25018605966525,85.33254119328774,2669700
2024-05-22,85.18611145019531,85.28677236567097,85.07630461994138,85.08545751633399,3616300
2024-05-23,84.88414001464844,85.23187329754488,84.75602738507528,85.22272040068546,6005500
2024-05-24,84.99394226074219,85.00309515710735,84.77432161927864,84.80177332675979,3926400
2024-05-28,84.51811218261719,85.0854731759353,84.49980638646288,85.067167379781,8761400
2024-05-29,84.10630798339844,84.31677573146187,83.93243785808258,84.30762283496777,10126800
2024-05-30,84.52725982666016,84.54555864006143,84.34423678457146,84.38999429049743,5069500
2024-05-31,84.92074584960938,84.93904466197839,84.74687571483722,84.78348032119003,4807400
2024-06-03,85.47693634033203,85.52283033580048,85.03638479457342,85.03638479457342,7675900
2024-06-04,85.94503021240234,86.02763800541793,85.70639403556265,85.76146823171995,8752000
2024-06-05,86.2571029663086,86.26627616458963,85.80736416264648,86.05518056506298,6466800
2024-06-06,86.22039031982422,86.30299112010762,86.08271531691037,86.11024891700482,5849400
2024-06-07,85.31173706054688,85.50448626057496,85.3025638624056,85.48612585940975,7125100
2024-06-10,85.128173828125,85.21077462484573,85.04557303140427,85.15570742703191,3938900
2024-06-11,85.5779037475586,85.59626414805649,85.19241936639561,85.27502716375402,3954700
2024-06-12,86.05516815185547,86.56914727911054,86.03680775305898,86.34887151063558,9243200
2024-06-13,86.62422943115234,86.75272423515794,86.34888642361531,86.44066742612766,6529900
2024-06-14,86.8261489868164,86.90875678807386,86.69765418703051,86.74354818800036,5424600
2024-06-17,86.42230224609375,86.47736943960643,86.30298065689534,86.40394184662907,4957200
2024-06-18,86.79861450195312,86.89957570110397,86.53244470441373,86.5691585043269,5232600
2024-06-20,86.57833862304688,86.60587222234538,86.32134902633912,86.36723602435617,3573100
2024-06-21,86.5967025756836,86.82615860105766,86.44067415901536,86.74355779309523,6908700
2024-06-24,86.67015075683594,86.67015075683594,86.48658869394238,86.61508353845663,5276000
2024-06-25,86.7435531616211,86.78026696401375,86.57834455207501,86.61505835446768,3790100
2024-06-26,86.22039031982422,86.35805832029655,86.20202991813356,86.29381091926228,4196400
2024-06-27,86.41314697265625,86.49574778675189,86.37643316557728,86.3856133679577,4946600
2024-06-28,85.95420837402344,86.62421588982365,85.95420837402344,86.60586249316688,6032400
2024-07-01,85.31438446044922,85.71946202806969,85.23153151642698,85.47088914836917,13662800
2024-07-02,85.6365737915039,85.7378431499799,85.50768679413711,85.67339965129649,8195700
2024-07-03,86.20738983154297,86.24421570233496,85.80231227664785,85.84834637109199,3861000
2024-07-05,86.68611145019531,86.74134673958274,86.40071273278953,86.51119033538042,5111500
2024-07-08,86.7137222290039,86.77816573612536,86.52959290593155,86.65847992017446,5294600
2024-07-09,86.59403991699219,86.69530929282587,86.3822999666605,86.57563049584778,3006900
2024-07-10,86.67691802978516,86.72294510419637,86.5480309833262,86.66770980537602,4076600
2024-07-11,87.22927856445312,87.44102555012826,87.1924526963437,87.29372207769057,9658400
2024-07-12,87.41339874267578,87.41339874267578,87.19245056324074,87.24768585214551,4304500
2024-07-15,87.13722229003906,87.30293519391142,87.06357054969212,87.192457583391,3754500
2024-07-16,87.52387237548828,87.53308059782685,87.21086305413354,87.29371598373368,4705800
2024-07-17,87.59752655029297,87.65276183823397,87.31212784036077,87.39498779608815,5113500
2024-07-18,87.34895324707031,87.59752608912791,87.29371795942009,87.40419555853634,8640600
2024-07-19,87.07276153564453,87.18323210047886,87.02672745108678,87.11878859638712,5274400
2024-07-22,86.98990631103516,87.23847914303816,86.85181107367964,87.17403563544767,3869800
2024-07-23,87.05436706542969,87.22928820232225,87.04516586524781,87.10960938560557,5095600
2024-07-24,86.86100769042969,87.34893804325371,86.85179946948547,87.21084984816359,4733500
2024-07-25,87.05436706542969,87.34896701903894,86.98992354507193,87.03595764124901,4335600
2024-07-26,87.46863555908203,87.49625320179898,87.3397485438592,87.42260147201007,5217500
2024-07-29,87.6159439086914,87.69880387192495,87.53309096927435,87.68959564849534,6165600
2024-07-30,87.800048828125,87.89210996535596,87.56068425227286,87.71718888794695,4419200
2024-07-31,88.44450378417969,88.45371200712644,87.87371336635448,88.05784270620912,10982900
2024-08-01,88.82218170166016,89.04379656102907,88.62826781908619,88.64673278861304,10492600
2024-08-02,90.19806671142578,90.26270468361874,89.69019189775923,89.74560090607505,18286500
2024-08-05,90.2904052734375,91.02913099101742,89.93951443234285,90.85368204796481,19098200
2024-08-06,89.48703002929688,90.10570863829815,89.42238502581016,90.06877165559536,9507000
2024-08-07,89.16383361816406,89.3208175566537,88.99762071771144,89.2284715769507,8419700
2024-08-08,88.89604187011719,88.96067982606374,88.71136400884384,88.79447397792303,4856100
2024-08-09,89.25619506835938,89.37623499976664,89.18232108979628,89.36699899119365,5174900
2024-08-12,89.50550079345703,89.55167378607742,89.08997203991184,89.14537399504866,4166400
2024-08-13,89.90255737304688,89.90255737304688,89.74558048273147,89.87485639769815,6458700
2024-08-14,90.02261352539062,90.15188946368455,89.84717163485473,89.86563660674946,4275700
2024-08-15,89.45930480957031,89.45930480957031,89.2192250356722,89.29309194186744,5507000
2024-08-16,89.63477325439453,89.65323822372328,89.39468638306514,89.64400926156354,4437000
2024-08-19,89.75482177734375,89.8563967309187,89.58860885740381,89.60708087351378,4437600
2024-08-20,90.11494445800781,90.15188144352153,89.902565597566,89.97643956859343,4886000
2024-08-21,90.29962158203125,90.50277146229597,89.99489676163415,90.20728264873156,5386000
2024-08-22,89.88410186767578,90.09648779270462,89.75482592896616,90.0780228207505,4819500
2024-08-23,90.29962158203125,90.36425953984192,89.96719578614515,90.0687707262775,5475400
2024-08-26,90.18880462646484,90.46582845291692,90.18880462646484,90.45659244669957,3062400
2024-08-27,90.15187072753906,90.2165086832524,89.90255491121869,89.94872789887484,4433700
2024-08-28,90.10572052001953,90.24423246216749,90.06878353244608,90.17035848702058,8147000
2024-08-29,89.94873046875,89.98566040591948,89.81021854683298,89.90255747977466,6199800
2024-08-30,89.63477325439453,90.07801001338656,89.61630828506578,89.96719906238623,4802600
2024-09-03,90.22565460205078,90.36457870509028,90.06821058272693,90.12377739755337,8232700
2024-09-04,90.7535629272461,90.79987331813483,90.2997507736256,90.32753418176941,9914900
2024-09-05,90.96658325195312,91.04067705295596,90.67947860553436,90.99436666083574,33635000
2024-09-06,91.09625244140625,91.5500646497909,90.78135729050454,91.00363871442615,17777600
2024-09-09,91.22591400146484,91.29074431760863,90.92954583252546,91.04068654561817,8532500
2024-09-10,91.61487579345703,91.66118618024315,91.2166304914045,91.23515747250813,7921400
2024-09-11,91.55004119873047,91.82788937447286,91.37407728233474,91.42964409109416,7286200
2024-09-12,91.4018783569336,91.57784230734745,91.23517083245405,91.47596509427807,5929800
2024-09-13,91.57785034179688,91.68899105652534,91.46671669304303,91.65194415161585,5305500
2024-09-16,91.81864929199219,91.85569619593385,91.56859152285408,91.6797251687046,6666900
2024-09-17,91.65196228027344,91.81866985235341,91.58713195035212,91.76310301698543,7807000
2024-09-18,91.25370025634766,91.73530296211305,91.20739692393062,91.43893478394001,8584500
2024-09-19,91.17958068847656,91.19810766898958,90.96656987438605,91.00361676943935,16770800
2024-09-20,91.15181732177734,91.27222152366244,90.92954296856729,91.0499401044781,6580600
2024-09-23,91.09625244140625,91.17960267589602,90.75357387900796,90.96659181043921,7491700
2024-09-24,91.19812774658203,91.22591115749543,90.77209895863653,90.84618569908083,6580800
2024-09-25,90.82767486572266,91.01290233432269,90.82767486572266,91.01290233432269,10455100
2024-09-26,90.7628402709961,90.94806773087357,90.61465265031438,90.90176439889153,8026500
2024-09-27,91.12403869628906,91.17034909421139,90.90176433140618,90.97585814169203,6207700
2024-09-30,90.87397766113281,91.08698852559968,90.72579004587377,91.05920511423221,8902400
2024-10-01,91.20464324951172,91.46472256656143,91.10246821972363,91.18606210593394,11665600
2024-10-02,90.94456481933594,90.98171293359395,90.69376898499951,90.79594401578399,7742100
2024-10-03,90.4801254272461,90.76806934398175,90.45225371469142,90.70304952127921,11556100
2024-10-04,89.60702514648438,89.89496915681676,89.56057936375848,89.69990962530468,8878300
2024-10-07,89.28192138671875,89.42124455454795,89.23547560635494,89.27263081331976,10152600
2024-10-08,89.35620880126953,89.35620880126953,89.10542005720684,89.142575257555,5975200
2024-10-09,89.0218276977539,89.24475892141172,88.9753890077981,89.19831314482536,6769200
2024-10-10,89.01251220703125,89.05895088028988,88.73385182096743,88.9567758778417,5959000
2024-10-11,89.04037475585938,89.12396861775605,88.87317994543821,88.9196257042438,5394100
2024-10-14,88.88250732421875,88.88250732421875,88.62242797510528,88.66886666651511,3850900
2024-10-15,89.33761596679688,89.37477115933548,89.17971171347907,89.22615038918106,7736900
2024-10-16,89.47696685791016,89.5977159466115,89.42123051289953,89.50483148710047,5041100
2024-10-17,89.01251220703125,89.12397069215439,88.93820182586383,89.08682258819867,5460200
2024-10-18,89.11470794677734,89.21688297300201,89.0961268038476,89.16114663084242,5174700
2024-10-21,88.4273452758789,88.79889017266082,88.41806179126573,88.77102554556232,6633600
2024-10-22,88.34375762939453,88.59454637760965,88.26944722746784,88.53881711947962,5433900
2024-10-23,88.139404296875,88.24157932407536,88.00007407009,88.08367504081288,6914300
2024-10-24,88.33447265625,88.48309346952315,88.12083909545785,88.22301413292554,5486300
2024-10-25,88.139404296875,88.53881383412285,88.07438446925929,88.52952326256926,6455300
2024-10-28,87.93507385253906,88.16728858675616,87.7678789604375,88.15800509976201,5447300
2024-10-29,87.97219848632812,87.99077962712128,87.51705974969946,87.56349842842468,8475400
2024-10-30,87.84217834472656,88.3994922195324,87.80502314152213,88.17656808693614,6341100
2024-10-31,87.79571533203125,87.9629101703105,87.51706199265186,87.70283088557146,8662900
2024-11-01,87.27581024169922,88.01188338509758,87.24785926678115,87.92803046034334,15659500
2024-11-04,87.74168395996094,87.99325696625542,87.57397099196135,87.8814459513923,8179300
2024-11-05,87.78826904296875,87.90007294336165,87.34103211562773,87.62987544501894,8118500
2024-11-06,86.8844985961914,87.12675227169085,86.6608836465102,86.68883462664647,15261400
2024-11-07,87.58329772949219,87.74169134911139,87.19196980740092,87.23855240274086,15674000
2024-11-08,87.76963806152344,88.03053043882632,87.66714640473062,87.76963806152344,12335300
2024-11-11,87.52739715576172,87.54602877247417,87.37831578769854,87.50875843045839,3980000
2024-11-12,86.97766876220703,87.35968443759162,86.87517709849854,87.18265208962404,8037600
2024-11-13,86.92176055908203,87.3783097773375,86.80994954072563,87.36899041532688,6661800
2024-11-14,86.9124526977539,87.26651741510558,86.80996102784593,87.06153407528963,7510000
2024-11-15,86.94971466064453,87.23855091603853,86.5583867452222,86.74473134058789,16761500
2024-11-18,87.1453857421875,87.20128770364886,86.80995975623684,86.91245142464349,4788200
2024-11-19,87.33170318603516,87.47145803483856,87.29443285682477,87.4155560953172,4951500
2024-11-20,87.2012939453125,87.35969469510971,87.06153903165576,87.08949001438711,5752900
2024-11-21,87.15470123291016,87.42490588228665,87.04289020636409,87.26651225945623,5098200
2024-11-22,87.21057891845703,87.33170927398197,87.11740664323018,87.2758002219747,5373900
2024-11-25,88.15164184570312,88.17959281950426,87.88143725130958,88.01187986810791,7716000
2024-11-26,87.96531677246094,87.9932677524554,87.78828442104128,87.96531677246094,5093100
2024-11-27,88.31938171386719,88.44050500678294,88.14234934772047,88.31938171386719,5587600
2024-11-29,88.69207000732422,88.70138226152368,88.51503765726058,88.6361609391725,5136200
2024-12-02,88.68458557128906,88.79674063416711,88.32009053001498,88.42289755503728,5950600
2024-12-03,88.43223571777344,88.81541966150569,88.3761546273651,88.77803464472107,5364800
2024-12-04,88.76869201660156,88.7967289960305,88.17988692674308,88.20792390617201,5908800
2024-12-05,88.75934600830078,88.81541996844005,88.50699892674831,88.50699892674831,5210300
2024-12-06,89.03973388671875,89.17992593476615,88.8528159096314,89.12385196773269,6880200
2024-12-09,88.73133087158203,88.93694494999339,88.73133087158203,88.92759691084797,4303100
2024-12-10,88.57243347167969,88.63785547793138,88.4602855355133,88.54439648763808,3543400
2024-12-11,88.31073760986328,88.78738768766361,88.28270062830971,88.70327674300292,6452800
2024-12-12,87.97428894042969,88.2827100312953,87.9462519558899,88.20793998554655,4518000
2024-12-13,87.56307220458984,87.86214527165336,87.51633914111002,87.83410828575121,5230100
2024-12-16,87.59109497070312,87.73128700791905,87.49763598938024,87.7219389706478,4607600
2024-12-17,87.59109497070312,87.73128700791905,87.54436191481008,87.57239889616062,4881100
2024-12-18,86.9140853881836,87.69235904245812,86.84844767869119,87.57984134274189,11553900
2024-12-19,86.52025604248047,86.67966804785821,86.37960891122675,86.6234020413826,9273800
2024-12-20,86.83907318115234,87.1110028924158,86.82031546094154,86.97034860673136,6070900
2024-12-23,86.45463562011719,86.81096083448637,86.38899789441375,86.77345254065932,5954500
2024-12-24,86.50151062011719,86.51088948074987,86.23895975419883,86.27646804275496,3076100
2024-12-26,86.56713104248047,86.60463932354331,86.20143424458418,86.22956366688803,3703300
2024-12-27,86.34211730957031,86.63279764229762,86.32335958579567,86.5109010536645,3752500
2024-12-30,86.84844970703125,86.89532969834997,86.7546754164459,86.76405427629923,4797700
2024-12-31,86.68904113769531,87.03598742626542,86.62340342407116,86.97034971264127,5856000
2025-01-02,86.73592376708984,86.99847460791116,86.55776120197228,86.87657804723665,5034800
2025-01-03,86.59527587890625,86.89533502684694,86.5671464515953,86.82969731179661,2863700
2025-01-06,86.51089477539062,86.57653249588738,86.32335332113206,86.49213705297728,3894600
2025-01-07,86.11705017089844,86.46399645096518,86.03266189286748,86.39835873894975,5524400
2025-01-08,86.26708984375,86.2858404111846,85.9764095476788,85.9951601151134,6402900
2025-01-10,85.63883209228516,85.92013349477223,85.5450649581228,85.76072865129885,8210900
2025-01-13,85.48880767822266,85.62008311024083,85.40441939505719,85.591953682519,5094300
2025-01-14,85.51695251464844,85.59196910473968,85.40443478348736,85.52633137690378,4365500
2025-01-15,86.4171142578125,86.48275196815608,86.2483305520756,86.38897767854479,7846600
2025-01-16,86.62340545654297,86.81094689556535,86.22020030511284,86.342104028971,7550900
2025-01-17,86.68904113769531,86.8109448586932,86.60465285759608,86.75467885131947,3912800
2025-01-21,86.97972106933594,87.04535877729768,86.83906679399686,86.97034220992036,4431300
2025-01-22,86.75466918945312,86.95158946236882,86.65153035436536,86.94221060318868,3656400
2025-01-23,86.5296401977539,86.59527791434707,86.3889859039187,86.3889859039187,4860900
2025-01-24,86.70780944824219,86.81095546138855,86.45463026907383,86.50151742194949,4468700
2025-01-27,87.2704086303711,87.34542520402763,87.08287435020398,87.27978749057172,4297100
2025-01-28,87.27978515625,87.29853572217553,86.99847658954877,87.05473544129941,3906600
2025-01-29,87.17662811279297,87.43917892632747,86.92344900404674,87.37354122294384,4918400
2025-01-30,87.36414337158203,87.50479760653305,87.27975512299436,87.36414337158203,4365600
2025-01-31,87.22351837158203,87.52357750152913,87.02660523823931,87.39230207930065,6277400
2025-02-03,87.28560638427734,87.74653709064796,87.16332069637001,87.47373931595192,8294000
2025-02-04,87.50196075439453,87.50196075439453,87.10687728178392,87.10687728178392,6742300
2025-02-05,88.00993347167969,88.16985437155273,87.83120932459275,87.85942854903743,6576300
2025-02-06,87.90645599365234,88.0287488655959,87.77476149833754,87.91586479383533,5268500
2025-02-07,87.6148452758789,87.69951012148314,87.46434036131024,87.62425407579305,4565300
2025-02-10,87.59603118896484,87.83120093930127,87.54899436817307,87.70890807596714,3229100
2025-02-11,87.37025451660156,87.44551055178394,87.31381607862004,87.37966331520198,3379500
2025-02-12,86.76822662353516,86.84348266395163,86.61772171951324,86.78704422204478,7280200
2025-02-13,87.41728973388672,87.4831369692643,87.20093043089734,87.21974802775402,6121900
2025-02-14,87.7841567993164,87.96288809124958,87.74652878118255,87.83119361618638,5157900
2025-02-18,87.31383514404297,87.60544337303567,87.30442634338809,87.51137689692307,4484100
2025-02-19,87.45492553710938,87.49255355736244,87.26678543584404,87.26678543584404,4607000
2025-02-20,87.6336669921875,87.72773346531301,87.5866301672188,87.59603896757491,7545400
2025-02-21,88.15101623535156,88.26390028364511,87.73711523508548,87.74652403331251,6156500
2025-02-24,88.33919525146484,88.39563371208183,88.0381709900052,88.0663973971271,4109500
2025-02-25,89.03529357910156,89.08232323611122,88.81893419105482,88.89419025444614,7697100
2025-02-26,89.27986145019531,89.33629990253876,88.88477075335415,88.99765483485339,7379800
2025-02-27,89.1763916015625,89.20461082945309,88.94122180005712,88.97884265270272,5907900
2025-02-28,89.66554260253906,89.7031706324052,89.27045905416385,89.44918322501195,11831500
2025-03-03,89.99101257324219,90.04761432483377,89.34949966408577,89.35893568854362,9637400
2025-03-04,89.70797729492188,90.35892614055189,89.55703691188664,90.13251196721063,12745500
2025-03-05,89.2079849243164,89.84949781072551,89.17968404952413,89.72685828743315,15590000
2025-03-06,89.16081237792969,89.33062481126996,88.83062353465053,89.16081237792969,9318900
2025-03-07,89.0475845336914,89.64192433708675,88.96268193216733,89.6041946459042,9210200
2025-03-10,89.67025756835938,89.81176194394695,89.48157307161328,89.56648289454343,7698500
2025-03-11,89.3494873046875,89.91552633503845,89.22684779401077,89.670247313685,10408600
2025-03-12,89.08533477783203,89.30232012132707,89.04759788341653,89.0664699294126,7610300
2025-03-13,89.44380950927734,89.48154639737729,88.86833456151027,88.953244359129,6902300
2025-03-14,89.13251495361328,89.29289136975672,89.10420688231393,89.2174175747796,4390900
2025-03-17,89.2079849243164,89.48157204327092,89.11364627581632,89.29289474627075,6734000
2025-03-18,89.31175231933594,89.46269990269806,89.06647329273787,89.07590211851532,8993300
2025-03-19,89.5853500366211,89.61365091246242,89.09478472769,89.2362891068966,5854500
2025-03-20,89.71742248535156,90.08534825371673,89.61364781247138,90.06648340300104,4409100
2025-03-21,89.64193725585938,89.94382521185543,89.62307240754939,89.85892259809557,4919600
2025-03-24,89.1230697631836,89.4155216916685,89.09476889237234,89.39665684365318,4823500
2025-03-25,89.27400970458984,89.37778436210925,89.10419728297411,89.1230693284739,6825800
2025-03-26,89.06646728515625,89.21740766076043,88.99099349856593,89.12306902631076,8281700
2025-03-27,88.99099731445312,89.06647110427971,88.87778662971323,88.96269644266233,5085100
2025-03-28,89.70797729492188,89.76458623643978,89.38722448248649,89.41552535445705,6224500
2025-03-31,89.97212219238281,90.15136342075586,89.707963965562,90.08532566344458,13255800
2025-04-01,90.28823852539062,90.53430911781844,90.16519961888017,90.16519961888017,18128800
2025-04-02,90.20305633544922,90.66680614382987,89.91913539664975,90.66680614382987,7635900
2025-04-03,91.13054656982422,91.47125746477569,91.02644006188943,91.24411927500566,18188000
2025-04-04,91.38610076904297,92.29466099366985,91.37664178983896,91.99180758546089,27006500
2025-04-07,90.29771423339844,91.48073633233348,90.08950118869085,91.31983983922697,68670600
2025-04-08,89.84341430664062,90.46804610709692,89.79609054301235,89.82448913354486,19508000
2025-04-09,89.55949401855469,89.60681778633226,88.59415125299361,89.18093275870686,24170800
2025-04-10,89.0011215209961,89.70146859838276,88.95379774768058,89.45539797421132,12093800
2025-04-11,88.49950408935547,88.70771709851479,87.81808232141319,88.46164652218171,55446600
2025-04-14,89.20931243896484,89.30395274152282,88.77396127072436,88.88752674555704,12630900
2025-04-15,89.47432708740234,89.68254012939721,89.19039889911957,89.19986509755401,7708100
2025-04-16,89.86235809326172,89.9853970159437,89.3986154401367,89.5879033132651,8708400
2025-04-17,89.6068115234375,89.9001986454918,89.52163019151008,89.81502453415708,6987000
2025-04-21,89.1241455078125,89.67306946014153,89.10522033248097,89.34182473738899,4901300
2025-04-22,89.19039154052734,89.37967939063005,89.1809325634671,89.3607469953232,5233000
2025-04-23,89.28501892089844,90.11787089951189,89.17145344788179,89.94751546939479,8041300
2025-04-24,89.76771545410156,89.7961068291908,89.55004343135484,89.64468375518358,7308900
2025-04-25,90.10840606689453,90.17465500068754,89.89073409325704,90.0137657644177,5341300
2025-04-28,90.46804809570312,90.49644668685985,89.97591415787716,90.00430552844118,4950500
2025-04-29,90.78036499023438,90.78983118701312,90.41126274238096,90.4207289391597,5350200
2025-04-30,90.92234802246094,91.00752937005018,90.66681842088124,90.7614587466295,13923200
2025-05-01,90.52638244628906,91.05811357453524,90.34598026802561,91.03911929627934,13703300
2025-05-02,89.91870880126953,90.19406792181583,89.76679077446212,90.06113693178598,9331600
2025-05-05,89.75727081298828,89.89969890729208,89.56737151671244,89.89020176922014,10089400
2025-05-06,89.98516082763672,90.00415510576693,89.633846368368,89.71929888737026,6081200
2025-05-07,90.22254180908203,90.33648574933886,90.06112666019763,90.0801209390045,9471100
2025-05-08,89.51991271972656,90.1845748909697,89.50092568360894,90.16558061065669,6409000
2025-05-09,89.58635711669922,89.83323199326678,89.55787294713252,89.68130676331945,3698700
2025-05-12,89.01666259765625,89.22555619162321,88.99767556374769,88.99767556374769,9483700
2025-05-13,88.95021057128906,89.17809123364405,88.80778244074382,89.13062001959274,13166800
2025-05-14,88.61788177490234,88.97869342193454,88.56090617701634,88.91222792789715,6994700
2025-05-15,89.19709014892578,89.2445613654435,88.87425255330359,88.98819651249896,9024900
2025-05-16,89.22557067871094,89.56739529812178,89.21607353811739,89.54840101693466,6819200
2025-05-19,89.17808532714844,89.19707960686743,88.67484557752236,88.7128268927652,11704900
2025-05-20,89.06413269042969,89.13059816916399,88.80776066945892,88.9406916269275,8929600
2025-05-21,88.44696807861328,88.8362638963682,88.33302412882882,88.71283005058159,11383500
2025-05-22,88.77928161621094,88.81726292684739,88.36149444340424,88.4754383753136,10981200
2025-05-23,89.03567504882812,89.17810319848265,88.91224118269908,89.16861330091653,9860700
2025-05-27,89.40597534179688,89.50092501006124,89.13061623289352,89.23506304124291,10834400
2025-05-28,89.15909576416016,89.29202674164421,89.05464896125198,89.22556125290218,8591500
2025-05-29,89.52940368652344,89.61485620945359,89.34899425696659,89.39647271027994,9679100
2025-05-30,89.79528045654297,89.84275891769096,89.53891560125366,89.59588395927437,10268600
2025-06-02,89.49043273925781,89.68095661598315,89.33800782346154,89.54758844867142,13341900
2025-06-03,89.4046859741211,89.73810637027428,89.3284735212805,89.61426658542297,8508900
2025-06-04,90.06201171875,90.13822417671693,89.67142832268448,89.74764078065141,10115900
2025-06-05,89.79527282714844,90.17632783811332,89.76669497322953,90.06200915441792,8762800
2025-06-06,89.08079528808594,89.41421568924154,89.05221743484682,89.3380032352575,7624200
2025-06-09,89.24275207519531,89.35707076997195,89.0808060419438,89.09032714882646,6061200
2025-06-10,89.39514923095703,89.56662359978445,89.29988730783488,89.52852464495066,5579900
2025-06-11,89.76668548583984,89.80478444169184,89.49042081378904,89.56662599351209,6594900
2025-06-12,90.15727233886719,90.16680071297873,89.94769171653273,90.10963773632939,7795400
2025-06-13,89.82384490966797,90.02389714226624,89.58568645161965,89.95721306473348,9195200
2025-06-16,89.5666275024414,89.90957625503943,89.54757802419448,89.7190524004935,7508400
2025-06-17,90.00484466552734,90.04294362168899,89.65236754286973,89.79526406654277,5285000
2025-06-18,90.06201171875,90.34779753409597,89.90958680281614,90.15727365719866,6732400
2025-06-20,90.11917114257812,90.25253931550716,89.82385694080956,89.88101265263049,6261700
2025-06-23,90.43353271484375,90.7288468859855,90.30969292940162,90.3763770089504,9310300
2025-06-24,90.74790954589844,90.7955368812395,90.30969881345248,90.34779777451732,7694500
2025-06-25,90.78601837158203,90.82411733373654,90.4811757982042,90.57643773963099,6393300
2025-06-26,91.10990905761719,91.11943743202282,90.83364434401471,90.95749140722762,7131900
2025-06-27,90.87174224853516,91.14800693682805,90.81458654337783,90.87174224853516,8402400
2025-06-30,91.23374938964844,91.27185561947509,90.93843519351714,91.07180336390032,10542300
2025-07-01,91.06459045410156,91.27483623928623,90.90213045321778,91.18882328576204,10659800
2025-07-02,90.87346649169922,90.92125228224914,90.72056508589777,90.77790220168731,6026200
2025-07-03,90.55809783935547,90.65366212174358,90.4434163258373,90.59632501052819,7398900
2025-07-07,90.27140045166016,90.42430914101014,90.19494610698517,90.41475052515386,8518600
2025-07-08,90.13761138916016,90.14717000527043,89.98470998683489,90.03248848521062,5282800
2025-07-09,90.60588073730469,90.61543935333414,90.2714020871512,90.2714020871512,6900800
2025-07-10,90.55809783935547,90.57720777939814,90.3765205990569,90.53898060822542,4451900
2025-07-11,90.13761138916016,90.28096146646297,90.08982559969662,90.25229290921996,6004300
2025-07-14,90.0993881225586,90.27140676456321,89.99426521405087,90.13761529756941,5101600
2025-07-15,89.74577331542969,90.21404331321533,89.69798753784328,90.20448469948084,5628100
2025-07-16,89.9942626953125,90.06115842693714,89.76490694275488,89.88913978974693,12786300
2025-07-17,89.96559143066406,90.14716867864801,89.88913708508264,90.04204577624549,4747200
2025-07-18,90.21405029296875,90.29050462658779,90.11848602148824,90.22360890744277,4035000
2025-07-21,90.52943420410156,90.69189422209993,90.48164841476662,90.59632993451783,5232300
2025-07-22,90.7874526977539,90.84478980841507,90.60587545921045,90.62499269015572,6098000
2025-07-23,90.46253967285156,90.63455101812686,90.41475388288318,90.57721390303509,5074000
2025-07-24,90.3287353515625,90.42430692560853,90.13760678564529,90.14716540126739,5867400
2025-07-25,90.53898620605469,90.53898620605469,90.26184466623295,90.30007183976917,3614000
2025-07-28,90.33828735351562,90.44341024440027,90.30006018491332,90.37651452211794,5073200
2025-07-29,90.9308090209961,90.9308090209961,90.45298028971507,90.47209023088767,7864000
2025-07-30,90.61543273925781,90.86390570027324,90.54853701410987,90.61543273925781,7425600
2025-07-31,90.69189453125,90.91169166432931,90.65366735786928,90.75879026189429,10411800
2025-08-01,91.73600006103516,91.78394195008696,91.4100113082745,91.42919098985732,11870100
2025-08-04,91.86065673828125,91.89900879405943,91.5921996627407,91.82230468250307,8449500
2025-08-05,91.79353332519531,91.90858948106829,91.67848448422829,91.69765685275414,8218700
2025-08-06,91.72640991210938,91.77435180100012,91.33331421984514,91.65929565660547,10107500
2025-08-07,91.65929412841797,91.82228484408067,91.59217987403302,91.72640838280292,5725900
2025-08-08,91.44834899902344,91.53464292278736,91.40041443240268,91.53464292278736,5623800
2025-08-11,91.47712707519531,91.60176573795499,91.42918518918516,91.51547180611769,4920200
2025-08-12,91.45796203613281,91.45796203613281,91.25661924948628,91.36208556366864,6724600
2025-08-13,91.783935546875,91.87981200338461,91.69764161558302,91.71682129582778,5925200
2025-08-14,91.48674011230469,91.65932071863205,91.41962583845,91.63055850339536,5527500
2025-08-15,91.30455017089844,91.50589293334916,91.24701844240889,91.44836120485961,7428500
2025-08-18,91.21825408935547,91.3812448006132,91.13196747100899,91.37166227517798,9669600
2025-08-19,91.44834899902344,91.4867010412625,91.34288271159204,91.35247255087783,6499300
2025-08-20,91.58258819580078,91.66888212965283,91.42918732381541,91.44835968972423,6270700
2025-08-21,91.31411743164062,91.50587763637424,91.18947878474167,91.45793575646486,5351300
2025-08-22,91.8222885131836,91.92775481927497,91.43878265274813,91.46754486079026,10867700
2025-08-25,91.64012908935547,91.76476776749173,91.59218719743076,91.65930145718194,9936400
2025-08-26,91.87981414794922,91.90857635408297,91.65929170941563,91.71682343658804,5871200
2025-08-27,92.05239868164062,92.05239868164062,91.69764772253384,91.75517213728972,5222800
2025-08-28,92.2633285522461,92.2633285522461,91.9852816976647,92.02363374466611,6544700
2025-08-29,92.1866226196289,92.26332671210187,92.07156648091944,92.15786041367775,6818900
2025-09-02,91.9115219116211,91.98846998680543,91.79608879053626,91.82494523608942,8623200
2025-09-03,92.22895050048828,92.3636188061606,91.92113618196981,91.92113618196981,7586100
2025-09-04,92.64258575439453,92.64258575439453,92.34439266817623,92.4598258010057,6395300
2025-09-05,93.09467315673828,93.32553204253855,93.09467315673828,93.21972752982016,9566300
2025-09-08,93.38323974609375,93.39285366667885,93.22932895028417,93.32551952822982,7599600
2025-09-09,93.16200256347656,93.44096039993939,93.07543323778359,93.33514855373379,8223100
2025-09-10,93.412109375,93.52754248815587,93.2678198182731,93.35439648785793,8864500
2025-09-11,93.55641174316406,93.74879295256312,93.52755529564148,93.53716921890053,8554300
2025-09-12,93.28707122802734,93.34478412066814,93.15239558041146,93.33516285893721,36502700
2025-09-15,93.44097137451172,93.51792678785802,93.40249366783857,93.45059263589805,4990100
2025-09-16,93.49868774414062,93.58526442209474,93.41211840505893,93.45059611316383,5847700
2025-09-17,93.29668426513672,93.80650104895004,93.18125848095096,93.59488466498537,10701700
2025-09-18,92.98886108398438,93.1235293786202,92.83495760677413,92.96962590140996,7589200
2025-09-19,92.95039367675781,93.01772783153483,92.82534662899263,92.94077975384143,5528800
2025-09-22,92.79649353027344,92.97926081649284,92.78687226813749,92.950397030085,5282700
2025-09-23,93.05619812011719,93.0658193811389,92.81571796667755,92.93115108232244,7077500
2025-09-24,92.80609893798828,92.95038115101562,92.7676212348905,92.94076722939478,5419700
2025-09-25,92.60409545898438,92.65219442584514,92.4405707138529,92.5944815367098,6517500
2025-09-26,92.5560073852539,92.75800984385673,92.46943070935428,92.5848638309297,7295300
2025-09-29,92.8253402709961,92.87343923777337,92.66181552614847,92.67142944840637,6357500
2025-09-30,92.786865234375,93.07544436559577,92.74838752762075,92.90229835463774,9257800
2025-10-01,93.09947967529297,93.23455969000631,92.95474898486904,93.16701968264964,8347000
2025-10-02,93.19595336914062,93.25385005527465,93.00298404551474,93.06087337034093,9420600
2025-10-03,93.01264953613281,93.24421423363154,92.993348183911,93.20561889049691,5154300
2025-10-06,92.74247741699219,92.95474073462454,92.73282674213816,92.79071606864625,6319600
2025-10-07,92.97404479980469,93.0994741313383,92.80036945389988,92.85825878209873,5119900
2025-10-08,92.99333953857422,93.16701488587938,92.93545020990861,93.14772089676029,5141900
2025-10-09,92.92581176757812,92.97405778868952,92.84862843963289,92.90651777591914,7130600
2025-10-10,93.50471496582031,93.61084293965146,93.17665828594345,93.2538489590095,10417700
2025-10-13,93.55296325683594,93.58190792189174,93.37928790519265,93.49507392672434,5607600
2025-10-14,93.79418182373047,93.82312648977677,93.57226780983633,93.64945113219021,7650600
2025-10-15,93.68804931640625,93.90997069834198,93.61085863040174,93.79418466933521,7769300
2025-10-16,94.12224578857422,94.16083377206499,93.59156899920961,93.610862990955,11627200
2025-10-17,93.96786499023438,94.05470635689872,93.85207895511837,94.0354050037247,12491000
2025-10-20,94.0932846069336,94.10293528252227,93.94856127964654,94.0257446004301,10437800
2025-10-21,94.2669677734375,94.33450778553843,94.19942776133657,94.25732445835824,7642000
2025-10-22,94.28626251220703,94.33450116814714,94.13188114605776,94.21872250484391,6523500
2025-10-23,93.97749328613281,94.15116861679145,93.9581919375554,94.09327193236683,6138300
2025-10-24,94.0643310546875,94.11257706676419,93.90995706639634,94.09327571741034,7555200
2025-10-27,94.0643310546875,94.0643310546875,93.79417105419705,93.91960037976536,7272300
2025-10-28,94.15118408203125,94.19942273878321,94.0064533891577,94.0064533891577,5539600
2025-10-29,93.5433120727539,94.1029334651515,93.49507341835937,94.1029334651515,11223300
2025-10-30,93.40824127197266,93.55297197204297,93.25386725685773,93.27316124825614,8958800
2025-10-31,93.44683074951172,93.54331542306493,93.38894141764155,93.4661321010076,9739900
2025-11-03,93.40229797363281,93.46036957824901,93.2764737021354,93.32486424448663,8012500
2025-11-04,93.5184555053711,93.56684605131235,93.45070283346342,93.47005757494244,6119000
2025-11-05,93.0732192993164,93.37326578074783,93.04417611139876,93.3539036554694,11749200
2025-11-06,93.5474853515625,93.61523801915484,93.41198001637781,93.42165369425749,7665000
2025-11-07,93.58621215820312,93.75075331347989,93.4507068086237,93.46038048753101,11460300
2025-11-10,93.46038055419922,93.54749535584111,93.41199000616503,93.47006161760115,9097300
2025-11-11,93.75074768066406,93.77978348461686,93.62492340203956,93.70234975108457,4937700
2025-11-12,93.77011108398438,93.8378637609621,93.67332260037165,93.70235840700667,7188200
2025-11-13,93.49910736083984,93.6926917270148,93.49910736083984,93.54750529850571,46965300
2025-11-14,93.34422302246094,93.81849167362591,93.32486089862513,93.77009374852298,11288500
2025-11-17,93.45071411132812,93.51846679141237,93.39263511090714,93.44103304717657,6648500
2025-11-18,93.6055679321289,93.81850702223984,93.47006258105608,93.73139221970001,8769000
2025-11-19,93.53781127929688,93.75075036035349,93.49909441142408,93.70235242939063,13075900
2025-11-20,93.76042938232422,93.8378557318968,93.59588085132512,93.63459771835507,9076400
2025-11-21,94.0701675415039,94.1088844128996,93.88626424849642,94.0701675415039,12551100
2025-11-24,94.21534729003906,94.23470941812718,94.06048718777512,94.16695673879516,6903900
2025-11-25,94.45732116699219,94.56379071684817,94.30246106642137,94.31214213035959,9193400
2025-11-26,94.53475952148438,94.53475952148438,94.20567717641175,94.35086360461553,7747100
2025-11-28,94.3702163696289,94.51540279478755,94.2637468168118,94.49604066637262,7798000
2025-12-01,93.86347198486328,94.009081122779,93.85376224021387,93.9411277229633,9898100
2025-12-02,93.94112396240234,93.98966527734116,93.77609534179406,93.83434640099361,7317200
2025-12-03,94.13528442382812,94.1935280782765,93.97995813681241,94.0964528520742,6855100
2025-12-04,93.84404754638672,93.9993738271253,93.79551363842944,93.98966408298796,8928900
2025-12-05,93.64989471435547,93.87316697926929,93.60135340127097,93.863464641744,9118700
2025-12-08,93.45574951171875,93.60136606430771,93.28101112988509,93.59166372546983,14728300
2025-12-09,93.31983947753906,93.59166048927675,93.300427394169,93.59166048927675,8509200
2025-12-10,93.62076568603516,93.64988750909946,93.27128899653559,93.28099133331439,13356900
2025-12-11,93.63047790527344,93.90229889741286,93.6013560791354,93.85375758293964,8672800
2025-12-12,93.3780746459961,93.45573037262339,93.35865515956627,93.3780746459961,8348700
2025-12-15,93.45574951171875,93.6887389584073,93.43633742767746,93.59166372546983,6117000
2025-12-16,93.71785736083984,93.73726944417132,93.4169219278278,93.42662426631091,7456400
2025-12-17,93.69844055175781,93.7469818710231,93.58195323570585,93.60136531959269,5673200
2025-12-18,93.94112396240234,93.99937502160188,93.81492691247216,93.94112396240234,7357600
2025-12-19,93.72978973388672,93.87587880072455,93.69083215403673,93.78822981886101,5806600
2025-12-22,93.63240051269531,93.68109934563444,93.5739678574873,93.65188301803043,4672800
2025-12-23,93.59342956542969,93.62264588886103,93.3791666197364,93.42786544572037,5093900
2025-12-24,93.83692169189453,93.85640419711662,93.66161629688891,93.71031512954549,3967700
2025-12-26,93.924560546875,93.99273444161099,93.81742907937596,93.97325194003086,3491500
2025-12-29,94.0609130859375,94.08038815810379,93.93429911046496,94.03169676248926,5034600
2025-12-30,93.9635238647461,94.04143158463835,93.88560871445614,93.92456628960112,4108600
2025-12-31,93.6518783569336,93.9537903010136,93.64213710475086,93.82717631383298,6802100
2026-01-02,93.57395935058594,93.7784810556194,93.56421809880396,93.7784810556194,6611800
2026-01-05,93.85639953613281,93.86613335786183,93.66161164557842,93.72005172794387,8693200
2026-01-06,93.7882308959961,93.80770597094546,93.59344299450903,93.73953206302465,12834100
2026-01-07,93.9635238647461,94.03169776365039,93.82716863653982,94.00247400949337,7990900
2026-01-08,93.68108367919922,93.79794897007167,93.6713424281607,93.72004125295585,6931700
2026-01-09,93.7882308959961,93.86613862619222,93.56422666688565,93.65188308015449,10277300
2026-01-12,93.67134857177734,93.78822130071256,93.61291592250869,93.64213224714301,6360600
2026-01-13,93.7882308959961,93.85640480391689,93.69083323005323,93.82718104589482,7622500
2026-01-14,93.9830093383789,94.08039957182085,93.85640277794425,93.86613660000948,7331200
2026-01-15,93.7882308959961,94.00248644203383,93.76874839064804,93.99275261975849,6172500
2026-01-16,93.42787170410156,93.7492661441705,93.40839663064199,93.72004981878209,11979300
2026-01-20,93.05777740478516,93.22334152053264,93.03829490269872,93.10646879920637,13607700
2026-01-21,93.30126190185547,93.34021204741838,93.06751644609085,93.1649141011917,11969000
2026-01-22,93.2915267944336,93.3597006992554,93.15517898478998,93.20387038514936,10209500
2026-01-23,93.44735717773438,93.46683968376037,93.25257669986811,93.3304918631742,8147500
2026-01-26,93.58370208740234,93.6518834259736,93.53501068464979,93.59344334011233,6803800
2026-01-27,93.47657775878906,93.64214190238648,93.44735400074362,93.52526916140076,9857200
2026-01-28,93.39866638183594,93.4473577864202,93.23310223153129,93.41814145758984,17032400
2026-01-29,93.49604797363281,93.58369695201691,93.28178500816284,93.30126751251373,11049100
2026-01-30,93.43761444091797,93.55447974432887,93.40839811506524,93.48630584053977,8238500
2026-02-02,93.25390625,93.50794546569342,93.25390625,93.47863382193187,8987100
2026-02-03,93.34185028076172,93.38093496113393,93.1855190139134,93.20505762677925,7313800
2026-02-04,93.32231140136719,93.42001937469838,93.22460342803598,93.26368065365604,7268600
2026-02-05,93.8694839477539,93.8987955948925,93.51772927280935,93.60567166886582,12086800
2026-02-06,93.8694839477539,93.92810724203112,93.72291825742023,93.91834166274536,7759900
2026-02-09,93.88903045654297,93.9281151408948,93.7326991737769,93.81086854248058,8165100
2026-02-10,94.29940795898438,94.3384926400387,94.20169998366892,94.22123859687574,9752300
2026-02-11,94.03559875488281,94.2407877624129,93.95743683866291,93.97697545405751,9106600
2026-02-12,94.61207580566406,94.63161441842747,94.18215177846392,94.19192481216587,13099900
2026-02-13,94.98336791992188,95.03222563319171,94.86611388085849,94.89543298160464,11681500
2026-02-17,94.97359466552734,95.08107567075878,94.92474440701149,95.0224523786836,8623800
2026-02-18,94.77818298339844,94.86611792546476,94.748871336043,94.80749463075388,7778800
2026-02-19,94.86611938476562,94.91497710087008,94.71956114573395,94.73909975939122,4993000
2026-02-20,94.86611938476562,94.91497710087008,94.6707034296295,94.90520406672103,11200200
2026-02-23,95.20811462402344,95.29604957310951,94.94429486748253,94.94429486748253,9862900
2026-02-24,95.18856048583984,95.24719123490208,95.10062554420753,95.20810655374082,9493300
2026-02-25,95.11038970947266,95.188559070633,95.04199338211751,95.04199338211751,8762700
2026-02-26,95.36444854736328,95.36444854736328,95.18857118968077,95.18857118968077,8177300
2026-02-27,95.7455062866211,95.8041370369937,95.58917501312284,95.63802527468567,9970300
2026-03-02,95.17029571533203,95.43487211191457,95.0037028236129,95.42507077093518,17709600
2026-03-03,95.06249237060547,95.19968122347916,94.69991755873541,94.72931410203238,13708500
2026-03-04,94.86650085449219,95.04288758660043,94.84690565147199,95.02329238358023,12535500
2026-03-05,94.5725326538086,94.64112708213713,94.45493900114599,94.51373208936131,12599700
2026-03-06,94.51373291015625,94.79791196605152,94.23935519445932,94.28835441921893,12758200
2026-03-09,94.80770874023438,94.85670796263415,94.3177464211634,94.42553872945754,12134400
2026-03-10,94.50393676757812,94.82730622400578,94.47454022392397,94.75871179673544,10571300
2026-03-11,94.07276916503906,94.3765434230736,94.05317396100509,94.32755167487267,12197600
2026-03-12,93.76898956298828,94.0531686007931,93.6709911197075,93.92577361502072,11401400
2026-03-13,93.67100524902344,94.0041835587252,93.63181483727752,93.91598644171518,11839700
2026-03-16,94.09237670898438,94.13157459842499,93.94539396887328,94.05318629577673,9092100
2026-03-17,94.25895690917969,94.34714654136505,94.20015634482417,94.23935422898386,7209700
2026-03-18,93.82779693603516,94.19037179318475,93.80820173013399,94.1217773581816,13048700
2026-03-19,93.8179931640625,93.95518203051411,93.56321811278522,93.5730119773657,18464600
2026-03-20,92.97525787353516,93.42602236276889,92.94586132714225,93.396625816376,20761500
2026-03-23,93.26924133300781,93.51422252925167,92.985062248217,93.09285457266293,28336300
2026-03-24,92.95565795898438,93.17124258992108,92.72047812352258,92.88706352879834,19785600
2026-03-25,93.44562530517578,93.48482319255316,93.23004066271643,93.3770308713235,15939200
2026-03-26,92.69108581542969,93.22024611926095,92.69108581542969,93.10265992478719,12897300
2026-03-27,92.70087432861328,92.8772610721477,92.46569449597807,92.47549583623889,11401900
2026-03-30,93.35743713378906,93.47503080718748,93.22024825294088,93.28884269336497,15430000
2026-03-31,93.52400970458984,93.75918952401663,93.43581259966001,93.62200067299837,18649700
2026-04-01,93.44241333007812,93.68821092169729,93.42274532210615,93.48174184487486,13557600
2026-04-02,93.6587142944336,93.78652633877434,93.41291670836884,93.43257721474933,13171300
2026-04-06,93.41291809082031,93.58005865154263,93.31460055516878,93.40308408691101,6104900
2026-04-07,93.64888000488281,93.68820851867079,93.16711883798725,93.47190544341038,6737500
2026-04-08,93.85535430908203,94.12081991666456,93.76687077398614,94.11098591238253,12107400
2026-04-09,93.82585906982422,94.04216215546678,93.62922399259318,93.76687004688438,11065900
2026-04-10,93.66854858398438,93.85535716529057,93.65872208055075,93.82586265269435,4404800
2026-04-13,93.8750228881836,93.88484939137791,93.570228762768,93.66854630274344,4300200
2026-04-14,94.17980194091797,94.18963594446916,93.80619231858842,93.8356868280951,5239800
2026-04-15,93.97333526611328,94.09131330714418,93.89467823799464,94.08148680448964,5592900
2026-04-16,93.80619812011719,94.0913167304132,93.77669610763904,94.0618222190824,6618900
2026-04-17,94.31745147705078,94.43543702059145,94.22896044410848,94.27812296253721,6912900
2026-04-20,94.22896575927734,94.30762279274127,94.10115370575916,94.29779628941895,3868800
2026-04-21,93.8160171508789,94.14047175197031,93.80619064864952,94.08148273400705,4872900
2026-04-22,93.91435241699219,94.10116101068377,93.89469190767377,94.07166649613208,4121400
2026-04-23,93.76686096191406,94.02248503731781,93.58988640909405,93.95366201684038,6795600
2026-04-24,93.95366668701172,93.98316119709004,93.60955156751967,93.68820859515986,5490000
2026-04-27,93.73736572265625,93.9241742922221,93.67837670117112,93.8160227520679,4055500
2026-04-28,93.64888000488281,93.66854051120329,93.51123395719836,93.58989098477433,4867700
2026-04-29,93.2064437866211,93.43257335581877,93.10811875533857,93.43257335581877,7200300
2026-04-30,93.38341522216797,93.49155925090247,93.275263692287,93.44240423804978,10382400
2026-05-01,93.4544448852539,93.75037711343722,93.33607801467593,93.40512786446948,5359200
2026-05-04,93.10919952392578,93.31634908195566,92.94150809969248,93.30648266703915,6593900
2026-05-05,93.2472915649414,93.35579954249594,93.1881081320458,93.21769984849361,11281600
2026-05-06,93.71092224121094,93.74051395988484,93.57282253681976,93.64187238901535,9031100
2026-05-07,93.42485809326172,93.88848176312032,93.4051327890818,93.88848176312032,5610100
2026-05-08,93.67145538330078,93.79968866090076,93.63199725345414,93.75037164299404,3215100
2026-05-11,93.35579681396484,93.59253806449686,93.35579681396484,93.57281276273113,4025400
2026-05-12,93.04014587402344,93.14865385606812,93.02042057086496,93.13878744155429,5686700
2026-05-13,93.04014587402344,93.09932930936812,92.8329963244479,93.02042057086496,3459200
2026-05-14,92.98095703125,93.27688171663264,92.97109061730995,93.2571564146213,5167300
2026-05-15,92.24114227294922,92.47788354758761,92.22140944330552,92.44829182899149,12498700
2026-05-18,92.20167541503906,92.47787479696032,92.07343461209797,92.34964151988794,8422900
2026-05-19,91.8465576171875,92.00438260635018,91.68872510215628,91.86628291863214,10069800
2026-05-20,92.468017578125,92.53706743047165,91.8860270406131,91.90575234448238,14892500
2026-05-21,92.52721405029297,92.5666646603803,92.04385752921915,92.20169007304813,7762000
2026-05-22,92.60610961914062,92.71461759611566,92.35950194890081,92.68502587982589,6321900
2026-05-26,93.00068664550781,93.06973649455233,92.85272053302123,93.0598700801548,5494400
2026-05-27,93.04014587402344,93.19797840276814,93.0105541563511,93.06973759169577,5958800
2026-05-28,93.25715637207031,93.3853896497574,93.01054870476291,93.06973213663868,5938300
2026-05-29,93.36566925048828,93.45444440296362,93.24729485465201,93.35580283603464,9639700
2026-06-01,93.20433807373047,93.23402923250451,92.84802906612319,92.94700966358252,8054100
2026-06-02,93.27362060546875,93.36270163356552,93.19444669857761,93.36270163356552,15426600
2026-06-03,93.03608703613281,93.13506008657761,92.9470135560804,93.02618746574042,7056500
2026-06-04,93.15485382080078,93.3132091820898,93.12515511134727,93.23402772586566,4417900
2026-06-05,92.65998077392578,92.82823570453836,92.63028206455951,92.74905424854683,9880800
2026-06-08,92.56100463867188,92.89752206727233,92.56100463867188,92.8381397479968,5352200
2026-06-09,92.81834411621094,92.88762600837129,92.6500891711301,92.7490622240506,8007300
2026-06-10,92.72926330566406,92.93710896571933,92.64018227926363,92.85792750917656,5804900
2026-06-11,93.37258911132812,93.41217983842795,92.78864287671371,92.84802519178389,11281600
2026-06-12,93.2142333984375,93.30330687070293,93.05587049064243,93.19444181054264,8861800
2026-06-15,93.3132095336914,93.50126360514253,93.29341794514043,93.42208214862002,3787600
2026-06-16,93.55075073242188,93.64973133328922,93.38249579280284,93.41218695259917,4675000
2026-06-17,93.05587005615234,93.61013267968809,93.04597803783064,93.56064238344345,11508300
2026-06-18,93.39238739013672,93.6299241993884,93.36269623287514,93.46166927413343,6836500
2026-06-22,93.03608703613281,93.16475124659507,93.00639587611535,93.14495965697,4572200
2026-06-23,93.15485382080078,93.29341759361341,93.12515511134727,93.19444454891286,6504600
2026-06-24,93.75859832763672,93.80808107394168,93.59033584695406,93.60023541667873,5179800
2026-06-25,93.81797790527344,94.04561514418218,93.80807833583772,93.88725978900553,5630500
2026-06-26,94.0555191040039,94.10500940233368,93.8575730130035,93.8575730130035,5584100
2026-06-29,94.08521270751953,94.09511227767462,93.95654850014161,94.00603879975749,5901500
2026-06-30,93.6002426147461,93.92686048034517,93.58045102493394,93.90706133937323,8034000
2026-07-01,93.37284088134766,93.54165096520512,93.34305175785212,93.38277311453754,7890500
2026-07-02,93.46221160888672,93.60123256297304,93.37283666636048,93.43241491066212,7605500
2026-07-06,93.52178955078125,93.53172178349067,93.37283636443505,93.48206819601735,4600500
2026-07-07,93.04513549804688,93.3628987417394,93.03521084198418,93.3430418535407,5813600
2026-07-08,92.85647583007812,92.9359109651793,92.70752264064329,92.87633271983493,5509600
2026-07-09,93.0550765991211,93.19409755798186,92.93591253035156,92.93591253035156,3223100
2026-07-10,92.97563171386719,93.12458490232973,92.93591035853892,93.08486354700146,6507600
2026-07-13,92.63800811767578,92.86639643224004,92.60821899630423,92.8465395433502,5769700
2026-07-14,92.89619445800781,93.13451500846152,92.80681951654161,92.94584046897907,5315900
2026-07-15,93.12458801269531,93.21396295918751,92.98556705244,92.98556705244,6735500
2026-07-16,93.06500244140625,93.0947915625345,92.88626013856324,92.92598149209208,4841200
2026-07-17,93.18416595458984,93.44235098396484,93.16430906436443,93.30333002416464,7561300
2026-07-20,92.88626861572266,93.10473229203234,92.78696901087486,93.08486782541824,3784800
2026-07-21,92.65786743164062,92.76709926357755,92.6082214200799,92.74724237416801,2786200
2026-07-22,92.44933319091797,92.63800772690668,92.4294763021119,92.62807549446686,3428200
2026-07-23,92.20108032226562,92.2507339083426,92.11171295861536,92.15143431226223,5002200
2026-07-24,92.37982940673828,92.56850395639204,92.29046203652804,92.3401080501757,5092700
2026-07-27,92.62808227539062,92.6975927554108,92.48906131535028,92.55857179537045,4046300
2026-07-28,92.90612030029297,93.00542747565034,92.71745333447633,92.71745333447633,3320700
2026-07-29,92.51884460449219,92.87632921521681,92.50891994802525,92.75717272902436,5391000
2026-07-30,92.55856323242188,92.66779505893014,92.4691958704097,92.5883523530926,3973000
2026-07-31,92.30037689208984,92.33017358840321,92.08192081830498,92.33017358840321,8490100
2026-08-03,92.48770904541016,92.53753308890902,92.35817717522751,92.46778398925963,5758500
2026-08-04,92.91617584228516,92.93610089969441,92.76671130442804,92.81653535107448,5461600
2026-08-05,92.9759521484375,92.99588480654226,92.79659623590285,92.87631166415862,5609200
2026-08-06,92.61724090576172,92.85638719203281,92.56742446434986,92.82649580676936,4831900
2026-08-07,92.83645629882812,92.98592083006879,92.72684948272376,92.95602944423702,55016600
2026-08-10,92.42793273925781,92.6471463826538,92.42793273925781,92.6272137230275,8610100
2026-08-11,92.53753662109375,92.71689254162133,92.53753662109375,92.61724445082001,5052200
2026-08-12,92.62721252441406,92.82650110768715,92.59732113744364,92.81653477800296,4810300
2026-08-13,92.96599578857422,93.17524309151223,92.94606312996191,92.9759545157985,7637900
2026-08-14,92.70692443847656,92.99588717169162,92.66706672333498,92.95602945655004,4659900
2026-08-17,92.50763702392578,92.70692560213514,92.49767829657678,92.6272101708514,4755400
2026-08-18,92.59732055664062,92.67703598944985,92.38807324707795,92.46778867988719,6312600
2026-08-19,93.04570770263672,93.05567403238052,92.78664394595555,93.01581631548753,7762300
2026-08-20,92.66706848144531,92.83645807244936,92.58735304964978,92.66706848144531,4956800
2026-08-21,92.48770904541016,92.63717357382504,92.4378850019113,92.6172409155928,4508700
2026-08-24,92.67703247070312,92.80656434253851,92.6072833701638,92.61724209732527,5809600
2026-08-25,93.17524719238281,93.205138579535,92.92614216333833,92.97595860789792,7753500
2026-08-26,92.98592376708984,93.02578148348508,92.89624960676214,93.00584882424641,5671200
2026-08-27,92.89624786376953,93.03574606749442,92.82649876190709,92.97595569298235,10555700
2026-08-28,92.5176010131836,93.06563508679476,92.48770962772875,92.84642145735029,8008400
2026-08-31,92.40799713134766,92.41796346084283,92.28843158573349,92.41796346084283,8136100
2026-09-01,92.0999984741211,92.37000274658203,92.06999969482422,92.19000244140625,8030400
2026-09-02,92.18000030517578,92.19999694824219,92.04000091552734,92.16999816894531,6075800
2026-09-03,92.27999877929688,92.48999786376953,92.2699966430664,92.4800033569336,7194800
2026-09-04,92.25,92.4000015258789,92.22000122070312,92.26000213623047,3011600
2026-09-08,92.16000366210938,92.29000091552734,92.04000091552734,92.29000091552734,3481200
2026-09-09,91.9000015258789,92.16000366210938,91.77999877929688,92.08999633789062,5440600
2026-09-10,91.18000030517578,91.4800033569336,91.11000061035156,91.37000274658203,9840800
2026-09-11,91.01000213623047,91.41999816894531,90.9800033569336,91.33000183105469,8728500
