Price,Close,High,Low,Open,Volume
Ticker,IEI,IEI,IEI,IEI,IEI
Date,,,,,
2020-01-02,108.75865173339844,108.90542296045626,108.6982161347872,108.76728727233896,555900
2020-01-03,109.10399627685547,109.16443187294229,108.91405395001519,108.95721846894237,673300
2020-01-06,109.0435562133789,109.19896296651902,108.98312061976806,109.19896296651902,363500
2020-01-07,109.00039672851562,109.10400343731526,108.98313223720888,109.05219678942225,410100
2020-01-08,108.85359954833984,109.09534189092362,108.75862840132696,109.02627076818975,935300
2020-01-09,108.85359954833984,108.8881351097068,108.66365725431407,108.68092174150514,427900
2020-01-10,108.95721435546875,109.00038545975204,108.88814981039546,108.89677876166355,751300
2020-01-13,108.89678955078125,108.914060629,108.83635395098831,108.90542508989063,507500
2020-01-14,109.009033203125,109.04356877302124,108.93132652411184,108.93132652411184,8989400
2020-01-15,109.12989807128906,109.15579810046162,109.05219139678535,109.13853361000861,544300
2020-01-16,109.05218505859375,109.09535616269623,108.9831205138097,109.06945613502901,458100
2020-01-17,109.034912109375,109.05217659748509,108.93994095730666,108.93994095730666,488600
2020-01-21,109.2852783203125,109.29390726995257,109.16440715550699,109.16440715550699,437700
2020-01-22,109.30253601074219,109.3111715468298,109.2507359681846,109.26800045337578,969800
2020-01-23,109.44068908691406,109.55292471924056,109.38888245223785,109.44068908691406,576400
2020-01-24,109.63067626953125,109.73427640733664,109.47526947583576,109.49253396980752,872900
2020-01-27,110.01053619384766,110.05370730210582,109.95010059447803,110.05370730210582,920700
2020-01-28,109.86376190185547,110.001904174841,109.81196184297895,109.99326863603287,592400
2020-01-29,110.13141632080078,110.17458743255877,109.93284501548247,109.9414739682446,965200
2020-01-30,110.22635650634766,110.41629880550055,110.15728538174933,110.25225653132577,1796800
2020-01-31,110.56305694580078,110.61485698963864,110.33858569784731,110.35585018346518,1121400
2020-02-03,110.44981384277344,110.5016945207938,110.23363555470488,110.37198622850511,1841000
2020-02-04,110.1212158203125,110.17310309425024,110.00880548838308,110.16445411572101,736600
2020-02-05,109.88775634765625,109.98287532856779,109.86181600690551,109.87045838899694,804400
2020-02-06,109.89636993408203,109.93095924509915,109.8098999551575,109.84448926617462,383200
2020-02-07,110.15583801269531,110.22501666709992,110.06071901219889,110.11259970438253,955300
2020-02-10,110.32011413574219,110.38929277664478,110.2422865154172,110.32011413574219,471200
2020-02-11,110.16444396972656,110.24226497760951,110.12120567830026,110.1990332834202,495100
2020-02-12,110.01747131347656,110.06070301826735,109.96558403159354,110.03476267594516,378300
2020-02-13,110.06935119628906,110.14717222268874,110.04341085415582,110.06070221649846,354500
2020-02-14,110.15583801269531,110.24230803208127,110.13854664771397,110.19042733989761,520000
2020-02-18,110.29417419433594,110.38064419715832,110.22499555318271,110.27687623542846,570800
2020-02-19,110.25093841552734,110.28552773689495,110.17311739037909,110.20770011450821,609000
2020-02-20,110.441162109375,110.50169176463494,110.31145382032152,110.32874518015109,444500
2020-02-21,110.68328857421875,110.83028823351924,110.55358027597322,110.56222925511975,1024300
2020-02-24,111.21073913574219,111.28856013884325,111.12426255820328,111.21938151570679,642300
2020-02-25,111.40962982177734,111.59122537375697,111.20210712748573,111.21939188902707,3431600
2020-02-26,111.42695617675781,111.64313450139109,111.25401615594674,111.32319480316674,1289800
2020-02-27,111.79010772705078,112.01492838146035,111.55663149723814,111.90252465149291,2953600
2020-02-28,112.65483093261719,112.76724786714962,112.31759332349579,112.41271230014418,6151700
2020-03-02,112.49983978271484,113.14927698273172,112.48251775778765,112.91547589113222,6286900
2020-03-03,113.43501281738281,113.91992373522088,112.62971716015139,112.64702596948021,4007600
2020-03-04,113.35708618164062,113.77272223336594,113.34841856394245,113.5475887913547,2516100
2020-03-05,113.82467651367188,113.97188067523405,113.78137806313428,113.85065294142802,1745300
2020-03-06,114.24894714355469,114.8117871992539,114.11039742704071,114.60397583731115,3471400
2020-03-09,114.77718353271484,115.66907607294864,114.72523067993717,115.53918072817311,4153500
2020-03-10,114.15374755859375,114.80318478441329,113.91994645770514,114.46547795550049,2536300
2020-03-11,113.8852767944336,114.48276095255143,113.79002550527235,114.37018764368005,4533500
2020-03-12,114.01518249511719,115.16685260672432,113.73809618658589,114.37021130205228,2973500
2020-03-13,113.47830200195312,113.93723645549879,113.31377583694044,113.51293283061504,3877100
2020-03-16,114.6559829711914,115.11491756323993,113.77274462620757,113.77274462620757,8029600
2020-03-17,113.40037536621094,114.64728341950772,113.40037536621094,114.35287512412503,3354700
2020-03-18,112.6643295288086,113.64281882163104,112.50845778057177,113.30511211541886,5288300
2020-03-19,112.9068374633789,113.84202874928916,112.9068374633789,113.32247363061606,4170800
2020-03-20,114.25762939453125,114.28360582110544,113.53891742937199,113.616859921926,3006200
2020-03-23,115.07160186767578,115.22747365242282,114.62132174964624,114.62132174964624,3096700
2020-03-24,114.52606201171875,114.89841281638769,114.36154904663827,114.63863533614938,4732600
2020-03-25,114.56070709228516,114.7252332716855,114.3961809128848,114.5000866207875,2004900
2020-03-26,114.78584289550781,115.01098955104496,114.62998433044231,114.69925920808207,1755600
2020-03-27,115.21886444091797,115.29679376637908,114.95043240021467,115.05433816749616,1518800
2020-03-30,115.23612976074219,115.60846738548464,115.21880773710708,115.37467952415771,2356500
2020-03-31,115.46128845214844,115.59983824584572,115.36603712058601,115.4006811754281,2439700
2020-04-01,115.5497055053711,115.71443184353794,115.52369747607172,115.68842381423855,3808800
2020-04-02,115.4717025756836,115.74046108029337,115.44569454161868,115.653758814138,2299000
2020-04-03,115.48902130126953,115.705763692007,115.46300004378782,115.50635116771645,1869400
2020-04-06,115.2115707397461,115.35895396013157,115.13354666346626,115.35028902795739,2327700
2020-04-07,115.02086639404297,115.02953132847665,114.77811594082452,114.89949116743374,2175000
2020-04-08,115.03815460205078,115.16819470104582,114.96013054265374,114.968795472953,2745200
2020-04-09,115.28092956542969,115.38496166684877,115.0468441083327,115.090195226892,1645900
2020-04-13,115.1595687866211,115.30695202504909,115.1595687866211,115.2809439964386,1329900
2020-04-14,115.30691528320312,115.3849393441727,115.25489924255673,115.25489924255673,985500
2020-04-15,115.69705963134766,115.78376185979681,115.54101149482244,115.56701951757664,1105300
2020-04-16,115.69705963134766,115.83577790530522,115.67971653987728,115.78376185979681,1059000
2020-04-17,115.57569885253906,115.8357923413981,115.57569885253906,115.688409117789,1206200
2020-04-20,115.67106628417969,115.68840937785043,115.56703417996395,115.65372319050893,1102600
2020-04-21,115.7577133178711,115.89641831437443,115.72302714707169,115.83573735882261,2056200
2020-04-22,115.59300994873047,115.69704202391509,115.51498589234201,115.65369091628793,815400
2020-04-23,115.59300994873047,115.63636105635763,115.51498589234201,115.54099391113816,925100
2020-04-24,115.6190414428711,115.64504946694792,115.52367427828823,115.54101737064057,717400
2020-04-27,115.38497924804688,115.51503262354099,111.93444399321444,115.51503262354099,789700
2020-04-28,115.59300994873047,115.62768289749178,115.52365082230716,115.52365082230716,766100
2020-04-29,115.64508056640625,115.7404477566354,115.54104844212242,115.6710885974772,661100
2020-04-30,115.60173797607422,115.80115053422176,115.59307304137961,115.6884402386521,1739500
2020-05-01,115.6060791015625,115.70153578332949,115.55401422811155,115.66681704014832,1344400
2020-05-04,115.63209533691406,115.68416020307012,115.56267110159966,115.60606290383603,683500
2020-05-05,115.6060791015625,115.64947090987854,115.5279817913861,115.57136035838133,559700
2020-05-06,115.52793884277344,115.57131739364227,115.38041734239802,115.41512283135629,878700
2020-05-07,115.90979766845703,115.95317623139172,115.58003584570811,115.58003584570811,1297600
2020-05-08,115.78827667236328,116.03994115171582,115.736211812171,115.84035477387299,691500
2020-05-11,115.63209533691406,115.80564930454058,115.58870353467769,115.77094380754285,1080100
2020-05-12,115.77091217041016,115.7969445963742,115.55396645983281,115.57999888579685,1860800
2020-05-13,115.84902954101562,115.93581313682434,115.79696468005746,115.8403564779618,1234100
2020-05-14,115.91849517822266,116.02262493733662,115.90113580459621,115.90982211207061,1453400
2020-05-15,115.90979766845703,116.03995983990026,115.8750789285258,116.01392740561161,787600
2020-05-18,115.62342834472656,115.83168782028712,115.55400410576648,115.81434169153684,957100
2020-05-19,115.77961730957031,115.80564974274685,115.61473640523958,115.61473640523958,1034700
2020-05-20,115.78827667236328,115.87506026689535,115.67547388905253,115.71886568631855,977700
2020-05-21,115.79695129394531,115.86637551430333,115.76223256310826,115.77959192852678,794500
2020-05-22,115.83165740966797,115.88372226488892,115.83165740966797,115.84034371308225,774500
2020-05-26,115.78827667236328,115.80563603953318,115.70150631914865,115.71017938207488,580400
2020-05-27,115.79695129394531,115.9097673071916,115.73620013563851,115.73620013563851,900900
2020-05-28,115.78827667236328,115.81432234377685,115.70150631914865,115.72753874924479,838700
2020-05-29,115.97054290771484,115.98790227877413,115.82302135701187,115.8664131639999,2807500
2020-06-01,115.93921661376953,115.9652732146264,115.83499021034206,115.91316001291266,1730300
2020-06-02,115.8611068725586,115.95665220976757,115.82636913794565,115.91322010128737,892100
2020-06-03,115.58312225341797,115.72208639381248,115.51363355641382,115.72208639381248,2107300
2020-06-04,115.40939331054688,115.51363298234193,115.3572801014562,115.4962574947738,968400
2020-06-05,115.13148498535156,115.18359820947346,114.98382643246701,115.07937176122967,1024300
2020-06-08,115.19227600097656,115.27914020774851,115.12278728628243,115.12278728628243,1305600
2020-06-09,115.42676544189453,115.45282204568223,115.34859563053143,115.37465223431913,3305600
2020-06-10,115.85237884521484,115.85237884521484,115.53968634582858,115.565742949643,911900
2020-06-11,115.88713836669922,115.99136480156416,115.85240063961618,115.95662707448112,828200
2020-06-12,115.82636260986328,115.91321356830998,115.7742361304537,115.80898711672675,874500
2020-06-15,115.78292083740234,115.93926050172479,115.77422646475098,115.90452277196987,991900
2020-06-16,115.7308120727539,115.82635740028047,115.61789125287234,115.64394786459619,2537200
2020-06-17,115.7655258178711,115.81763903052122,115.69603711646606,115.7655258178711,448800
2020-06-18,115.81764221191406,115.87844979741928,115.80027997629684,115.86107430818707,916000
2020-06-19,115.85237884521484,115.91317316957735,115.74813917634387,115.74813917634387,916800
2020-06-22,115.80029296875,115.93057601857143,115.79159859635094,115.89582503620808,573800
2020-06-23,115.8437271118164,115.86110260529227,115.77423839153116,115.80898937848289,447500
2020-06-24,115.90450286865234,115.93055947489826,115.78290095496651,115.78290095496651,867800
2020-06-25,115.92185974121094,115.97397294533381,115.89578988553706,115.97397294533381,943800
2020-06-26,116.06956481933594,116.10430255148825,115.9740194888949,115.98270060852853,788900
2020-06-29,116.14771270751953,116.16508819712098,116.078224002729,116.078224002729,1468000
2020-06-30,116.10428619384766,116.23458249170166,116.060854094563,116.19983151082758,1662000
2020-07-01,115.9947738647461,116.04694484251284,115.9426161519114,116.01216419066834,1043900
2020-07-02,116.0990219116211,116.12510074992377,115.92515856796226,115.95992593072488,452400
2020-07-06,116.01210021972656,116.02949053605951,115.95125400994834,116.00341169402246,688100
2020-07-07,116.13383483886719,116.15991368740177,116.02083091686004,116.02951944472888,879300
2020-07-08,116.08167266845703,116.14253215597779,116.02951497339784,116.07298414092301,563800
2020-07-09,116.1946792602539,116.2468369505591,116.08166208797512,116.0903506147172,462800
2020-07-10,116.0990219116211,116.25549494143719,116.08163159777835,116.23811789251731,571600
2020-07-13,116.15120697021484,116.16859728815724,116.02081274796173,116.02081274796173,496700
2020-07-14,116.12512969970703,116.23814687047553,116.12512969970703,116.2033662341193,401500
2020-07-15,116.13383483886719,116.21207138447093,116.07298861392918,116.07298861392918,829200
2020-07-16,116.1946792602539,116.2642272689696,116.18597746858549,116.21205631373809,371100
2020-07-17,116.17730712890625,116.22946482737652,116.14253975156888,116.22946482737652,981000
2020-07-20,116.17730712890625,116.2468551485094,116.15122827967113,116.22946482737652,286400
2020-07-21,116.25554656982422,116.26424836307142,116.18599854849025,116.19470034173746,851100
2020-07-22,116.24685668945312,116.30770291683218,116.22946636808972,116.29032586039736,553300
2020-07-23,116.24685668945312,116.29901438861478,116.2207778398723,116.28162406725137,588100
2020-07-24,116.26425170898438,116.29901908818755,116.23817285834973,116.24686138691824,618700
2020-07-27,116.17730712890625,116.30770137508189,116.16861860080401,116.28162252584677,608900
2020-07-28,116.3077392578125,116.32512958460961,116.23820448048951,116.27297186915101,348700
2020-07-29,116.39466094970703,116.41205127401244,116.29903406342355,116.33381471203435,374300
2020-07-30,116.49896240234375,116.50766419591888,116.43811617196397,116.48158534505194,415600
2020-07-31,116.5511245727539,116.57720342165264,116.43810738424057,116.48157655404786,782800
2020-08-03,116.5380859375,116.55549119045413,116.45107294904737,116.4945794432737,2733700
2020-08-04,116.67726135253906,116.68595733787173,116.58155240862581,116.59894437929114,682300
2020-08-05,116.52933502197266,116.59024674738151,116.5032337900298,116.58155076217166,595100
2020-08-06,116.54676818847656,116.68598364306425,116.54676818847656,116.59897066486782,519800
2020-08-07,116.45977783203125,116.61638527377217,116.45106856772284,116.59028403348202,502200
2020-08-10,116.43365478515625,116.56416096216482,116.41624953611677,116.56416096216482,439900
2020-08-11,116.25963592529297,116.26834518850046,116.12912974033917,116.2335346883022,1093600
2020-08-12,116.12042999267578,116.18132845157662,116.0595182574595,116.13782196589577,713800
2020-08-13,116.02477264404297,116.14658289234289,115.97255687221043,116.11177237778786,474000
2020-08-14,116.1030502319336,116.14655672716569,116.06823972522058,116.0856449785771,513400
2020-08-17,116.1726303100586,116.2422380305937,116.15522506084602,116.18132629650728,2871900
2020-08-18,116.24224090576172,116.26834214206859,116.17263318350491,116.19873441981179,565800
2020-08-19,116.1726303100586,116.27703525270366,116.1639210472947,116.2422380305937,1215300
2020-08-20,116.2683334350586,116.32053590376303,116.2596241727315,116.30313065542337,453800
2020-08-21,116.28571319580078,116.32921967392399,116.2335107325782,116.32921967392399,368400
2020-08-24,116.22482299804688,116.32922793190356,116.21612701233018,116.27702546497521,437200
2020-08-25,116.13786315917969,116.18136966029199,116.01605292185734,116.06825541266403,609400
2020-08-26,116.13786315917969,116.17267367059759,116.04215416726068,116.12047117979088,577400
2020-08-27,116.05085754394531,116.28576874065425,116.01604703429396,116.28576874065425,835700
2020-08-28,116.20745086669922,116.25965334850405,116.15524838489439,116.18134962579681,589400
2020-08-31,116.23353576660156,116.31183947830027,116.19002927910807,116.20743452936867,888100
2020-09-01,116.33453369140625,116.3606556512968,116.18649153621779,116.24745163386675,1115900
2020-09-02,116.36066436767578,116.40419211284963,116.30842044398118,116.30842044398118,1058400
2020-09-03,116.4041748046875,116.52609499098992,116.39547191431828,116.42159387228149,1067000
2020-09-04,116.14298248291016,116.33455241083745,116.11686051881631,116.31713333915533,644500
2020-09-08,116.26484680175781,116.34321266531951,116.23872484723725,116.23872484723725,462600
2020-09-09,116.26484680175781,116.30838782157669,116.22130578193895,116.27354969098008,659600
2020-09-10,116.29972076416016,116.34326180236839,116.19523290194792,116.2039357948458,597900
2020-09-11,116.4041748046875,116.41289098191227,116.33452510802259,116.33452510802259,596300
2020-09-14,116.33453369140625,116.43031863995711,116.33453369140625,116.3954805021987,513600
2020-09-15,116.317138671875,116.34326063716644,116.29971959939428,116.32584156468572,656300
2020-09-16,116.2909927368164,116.37806150755495,116.24745170801887,116.37806150755495,442700
2020-09-17,116.29972076416016,116.41292480612967,116.29972076416016,116.41292480612967,356300
2020-09-18,116.2562026977539,116.34328479137747,116.2562026977539,116.32586571528036,474100
2020-09-21,116.3258285522461,116.43032968858141,116.3258285522461,116.39549154751705,1045000
2020-09-22,116.34327697753906,116.40422380949263,116.33457408350601,116.33457408350601,890600
2020-09-23,116.33453369140625,116.3606556512968,116.28227648476864,116.33453369140625,903700
2020-09-24,116.35197448730469,116.37809645505614,116.33456870004406,116.34327159367437,1207300
2020-09-25,116.4041748046875,116.45643200746947,116.38676902394904,116.4041748046875,980500
2020-09-28,116.39549255371094,116.42161451630614,116.38678966179849,116.39549255371094,916500
2020-09-29,116.44775390625,116.47387587275458,116.42163193974544,116.44775390625,512400
2020-09-30,116.3258285522461,116.43032968858141,116.2997065898767,116.43032968858141,991800
2020-10-01,116.3476333618164,116.39991447121201,116.208208205885,116.26048931528061,2787900
2020-10-02,116.30406188964844,116.41734649141884,116.26919895234305,116.41734649141884,933800
2020-10-05,116.02520751953125,116.21691377906345,116.0164984336668,116.21691377906345,1337700
2020-10-06,116.11234283447266,116.19076449030007,116.02519879712221,116.0600617305877,677300
2020-10-07,115.99903106689453,116.06003453800953,115.94674997525891,116.01646252954313,1094700
2020-10-08,116.0775146484375,116.09493282207583,116.00780206493694,116.03394262171018,778900
2020-10-09,116.03387451171875,116.11229613600628,115.9815934288604,116.06001505314792,629900
2020-10-12,116.0775146484375,116.0775146484375,116.01651115175609,116.04265170852935,521000
2020-10-13,116.1994857788086,116.23433541563298,116.14719137910225,116.14719137910225,469600
2020-10-14,116.20819854736328,116.26918873781746,116.19948946195943,116.21690763276715,639900
2020-10-15,116.16462707519531,116.26918928578874,116.14719560799186,116.25177111489894,393500
2020-10-16,116.14720153808594,116.2256364963493,116.12978336630682,116.16463300617939,724300
2020-10-19,116.0775146484375,116.10365520521076,116.00780206493694,116.04265170852935,439000
2020-10-20,115.99903106689453,116.07746600065813,115.98161290055612,116.03389399219172,895000
2020-10-21,115.94677734375,115.9903493625013,115.9032053249987,115.92934587698682,905400
2020-10-22,115.80731201171875,115.9293056440969,115.79860292951628,115.91188747969196,1138600
2020-10-23,115.85094451904297,115.9206571019966,115.79866340590667,115.79866340590667,1603800
2020-10-26,115.95552062988281,116.00780174328433,115.92065769007131,115.92936677686632,656400
2020-10-27,116.06006622314453,116.07749769055202,116.01649420278268,116.01649420278268,1039600
2020-10-28,116.06006622314453,116.15591934941506,116.04263475573703,116.12977879646071,966900
2020-10-29,115.91192626953125,116.0687695795155,115.86835425132013,116.06006049439854,1472100
2020-10-30,115.81609344482422,115.91194658316174,115.79866197522227,115.89451511355979,1554300
2020-11-02,115.83528900146484,115.93993697622886,115.83528900146484,115.91376500339214,1285100
2020-11-03,115.77423095703125,115.79166119436636,115.71318520978437,115.77423095703125,952800
2020-11-04,116.1317367553711,116.18406738379525,116.07070431382986,116.07941943247157,1127500
2020-11-05,116.10557556152344,116.14917776483024,116.03582800286179,116.13173422240264,1278600
2020-11-06,115.96605682373047,115.9747719414069,115.87885242487353,115.95732840053087,961700
2020-11-09,115.61724853515625,115.63469207542899,115.43413793162208,115.61724853515625,1765000
2020-11-10,115.48643493652344,115.56491089566524,115.4341176304289,115.4515478621135,718100
2020-11-11,115.5387954711914,115.54751059029444,115.43416081985353,115.4515910580596,976600
2020-11-12,115.7916488647461,115.7916488647461,115.66957068877602,115.69572934751794,1009400
2020-11-13,115.73929595947266,115.80034168144886,115.71313730877405,115.77418303075025,663100
2020-11-16,115.72190856933594,115.75678234800455,115.69573660342937,115.70446502723959,785000
2020-11-17,115.83528900146484,115.85273254818011,115.79168678744047,115.79168678744047,806900
2020-11-18,115.80042266845703,115.83529645860503,115.73066178263257,115.83529645860503,861300
2020-11-19,115.84400939941406,115.89632673040659,115.80912230840124,115.84400939941406,560200
2020-11-20,115.9050521850586,115.92249573212035,115.86144997016814,115.86144997016814,441000
2020-11-23,115.8526840209961,115.87884267734812,115.81781024770073,115.87884267734812,1159800
2020-11-24,115.81784057617188,115.8527143585994,115.78295348821881,115.83527081462287,750900
2020-11-25,115.84400939941406,115.92248539590285,115.84400939941406,115.86143963939377,429800
2020-11-27,115.96605682373047,115.9747719414069,115.9137262011024,115.9137262011024,240100
2020-11-30,115.98347473144531,116.0270769262394,115.95731607567322,115.98347473144531,634900
2020-12-01,115.73919677734375,115.84390228506685,115.66066764655142,115.83518126426844,1545700
2020-12-02,115.71300506591797,115.72172608556065,115.6170205917133,115.69554971209881,838600
2020-12-03,115.84387969970703,115.87879040516546,115.75662956512693,115.77407160332316,803200
2020-12-04,115.70428466796875,115.72172670734781,115.64319758654037,115.70428466796875,541400
2020-12-07,115.861328125,115.87878347668554,115.80897538447556,115.80897538447556,406500
2020-12-08,115.88750457763672,115.97476802159429,115.87004922593877,115.92241528103263,571600
2020-12-09,115.80902862548828,115.85266036749492,115.74794152377133,115.79157326577797,796200
2020-12-10,115.93986511230469,115.94859944600694,115.8177042712711,115.85261497701389,687300
2020-12-11,116.06201171875,116.11437777094167,116.02711433182033,116.04456968255089,528700
2020-12-14,116.06201171875,116.09692242021111,115.939850892699,115.95730624342956,578000
2020-12-15,116.01838684082031,116.0358288760463,115.96602079155025,116.00965250867662,614400
2020-12-16,116.0009536743164,116.03585106597262,115.89624818481451,115.90496920409525,674200
2020-12-17,115.96342468261719,116.08566554531991,115.90231091289323,116.06819875828958,832600
2020-12-18,115.95468139648438,116.01579515748345,115.93721461194768,115.98087491166297,552500
2020-12-21,115.96342468261719,116.01581172045339,115.91976437666877,115.99835825667785,783200
2020-12-22,116.04196166992188,116.06815517900527,115.98084792314386,116.00704143222725,694700
2020-12-23,115.98087310791016,115.98087310791016,115.91101929410267,115.97214637740397,1717300
2020-12-24,116.03327178955078,116.03327178955078,115.99835154076668,116.0070782721492,229600
2020-12-28,116.04196166992188,116.04196166992188,115.92846090497703,115.95465441406044,415600
2020-12-29,116.05072784423828,116.06818130538939,115.98960076045105,115.9983408142794,437700
2020-12-30,116.06816101074219,116.07690106304231,116.02451404224335,116.03324077129304,705600
2020-12-31,116.1118392944336,116.12930607848993,116.06817899591898,116.06817899591898,452400
2021-01-04,116.14677429199219,116.17296780677282,116.00706666432707,116.02453344859838,848800
2021-01-05,116.05072784423828,116.1467751735805,115.9983408142794,116.1467751735805,992800
2021-01-06,115.77129364013672,115.84987417221488,115.67524632651322,115.84987417221488,870900
2021-01-07,115.63159942626953,115.65780626324803,115.59667918238512,115.6141459659534,1404100
2021-01-08,115.49191284179688,115.56176665748376,115.43952581084497,115.5268330880138,1000600
2021-01-11,115.413330078125,115.46573043737233,115.39587661496354,115.46573043737233,616400
2021-01-12,115.38713836669922,115.41333188510583,115.23870398797693,115.3085578114794,1111000
2021-01-13,115.53559875488281,115.57051900884115,115.43955140242741,115.43955140242741,1233100
2021-01-14,115.50064086914062,115.62288171715169,115.45698056843956,115.55302790068062,944900
2021-01-15,115.64031982421875,115.66651333349297,115.51807900652243,115.57919275374564,568600
2021-01-19,115.6927490234375,115.6927490234375,115.53558791049247,115.56178142931664,1021400
2021-01-20,115.6927490234375,115.6927490234375,115.62289519882145,115.62289519882145,699600
2021-01-21,115.67524719238281,115.6927139740589,115.62286017060524,115.63158689981793,1403300
2021-01-22,115.73639678955078,115.75386357462601,115.69273648848937,115.70146321940034,700600
2021-01-25,115.88483428955078,115.90230107509853,115.78006022277162,115.78878695391866,647100
2021-01-26,115.86734771728516,115.8848144998501,115.84988093472022,115.84988093472022,1348700
2021-01-27,115.91100311279297,115.99832369867543,115.91100311279297,115.93719662390755,994500
2021-01-28,115.80621337890625,115.858600394038,115.7538263637745,115.858600394038,1842800
2021-01-29,115.78877258300781,115.84115960989547,115.70145198936036,115.71019204267631,777900
2021-02-01,115.87349700927734,115.8909752560766,115.79486489667471,115.81234314347398,1203100
2021-02-02,115.73375701904297,115.76870019453055,115.71627876529853,115.74248947991454,925000
2021-02-03,115.64636993408203,115.70752381934803,115.6288916817202,115.69005889898648,490500
2021-02-04,115.6550521850586,115.6725304298326,115.57642008156724,115.60263078273103,547900
2021-02-05,115.6026382446289,115.72495930195362,115.59390578767548,115.66380543928894,834800
2021-02-08,115.58521270751953,115.64637993007284,115.54153707084023,115.56774778564838,747200
2021-02-09,115.58521270751953,115.64637993007284,115.57648024658396,115.58521270751953,653800
2021-02-10,115.70751190185547,115.71625769313573,115.63762556360676,115.65509048216948,865200
2021-02-11,115.68130493164062,115.72499389345757,115.6638400125133,115.70751564233092,403900
2021-02-12,115.55896759033203,115.62886725301149,115.53275688332691,115.58517829733715,648500
2021-02-16,115.16581726074219,115.38424875189207,115.14833900849014,115.34055978726205,872900
2021-02-17,115.21822357177734,115.27064498965692,115.17454794487666,115.19201286283756,711800
2021-02-18,115.25318145751953,115.28812462585994,115.13086037033024,115.16580353867064,427900
2021-02-19,115.09588623046875,115.17453167817905,115.02598657250213,115.13084272545034,515700
2021-02-22,114.99976348876953,115.12208454404542,114.96482032954576,115.02597419118615,836700
2021-02-23,115.07843780517578,115.1395916821618,114.97358163720217,114.99105988719752,2092500
2021-02-24,114.96485900878906,114.99980217976926,114.81632720112391,114.86001616384887,1324900
2021-02-25,113.98627471923828,114.59788011812473,113.79405397501715,114.56292361990391,7173100
2021-02-26,114.519287109375,114.53675203245278,113.96008960282937,114.18726692286413,3996700
2021-03-01,114.55247497558594,114.56996363422773,114.4213433856173,114.53498631694414,1455400
2021-03-02,114.70983123779297,114.7185688960034,114.50874503952704,114.53497135409457,1556800
2021-03-03,114.42132568359375,114.48251596946643,114.30766942991264,114.48251596946643,1368600
2021-03-04,114.16780853271484,114.50002635888112,114.10661823522751,114.44757372105242,2378700
2021-03-05,114.089111328125,114.16779027228384,113.89677612689034,113.93175343980735,1538300
2021-03-08,113.76566314697266,113.91428340131947,113.75691214734502,113.90553240169183,977500
2021-03-09,113.99292755126953,114.01915386226747,113.87053365330097,113.95796358325039,706600
2021-03-10,114.13286590576172,114.17658089210983,113.98424562413088,113.99298328542413,1110200
2021-03-11,114.16780853271484,114.23774982979924,114.06290325705746,114.16780853271484,1308100
2021-03-12,113.84430694580078,113.86179559971663,113.76562801308097,113.84430694580078,1368100
2021-03-15,113.89680480957031,113.94051979175718,113.84435216692192,113.8618408277846,834100
2021-03-16,113.94049072265625,114.01043200832352,113.89677575162217,113.95797937905712,872500
2021-03-17,114.01045989990234,114.18530648687698,113.71321936805153,113.78314733088978,2256200
2021-03-18,113.72197723388672,113.77442988530464,113.52090429013738,113.59958326726426,1547500
2021-03-19,113.66073608398438,113.7918810092064,113.53834215773962,113.53834215773962,1705500
2021-03-22,113.7831039428711,113.80933025391964,113.72191366373596,113.74813997478451,2178200
2021-03-23,114.01921081542969,114.01921081542969,113.85310186951419,113.88807919493905,1296100
2021-03-24,114.05414581298828,114.07162112927422,113.90551224500517,113.9230009012272,2460300
2021-03-25,114.05414581298828,114.1503134123053,113.95797821367127,114.08910978549625,1334200
2021-03-26,113.87931823730469,114.02793850751411,113.87931823730469,113.93178422085496,1380500
2021-03-29,113.73068237304688,113.94924391808229,113.68696739605217,113.94050625865857,1889800
2021-03-30,113.66073608398438,113.68696240104128,113.51211584068271,113.55583081575672,2155600
2021-03-31,113.55583953857422,113.65200715514919,113.47716058135974,113.6082921767172,1266900
2021-04-01,113.68531799316406,113.75528797187621,113.63282048719785,113.64157674550292,1225100
2021-04-05,113.5278091430664,113.55405121212615,113.36160047372154,113.40534170480434,1155300
2021-04-06,113.84275817871094,113.86025734547744,113.66780655490582,113.66780655490582,1338200
2021-04-07,113.84275817871094,113.98272481693634,113.82525901194444,113.85150108811754,1079800
2021-04-08,114.01771545410156,114.01771545410156,113.93898922167999,113.95648838931388,487100
2021-04-09,113.8602523803711,113.93897860545738,113.73778491425261,113.76402698928139,1027900
2021-04-12,113.79032135009766,113.79032135009766,113.72908091492256,113.77282217605351,2362800
2021-04-13,114.01771545410156,114.01771545410156,113.79902257651676,113.8077788343107,895200
2021-04-14,113.93022918701172,113.94771500406337,113.8427467099457,113.92147293053395,1818200
2021-04-15,114.21015930175781,114.28888552938699,114.06144975580719,114.07894892237584,1281800
2021-04-16,114.07018280029297,114.15766527761753,114.05269698318963,114.07018280029297,1420800
2021-04-19,114.07018280029297,114.14892236906586,113.97395741441673,113.99145657947204,3039900
2021-04-20,114.26265716552734,114.29765550286459,114.07896261234845,114.07896261234845,2320600
2021-04-21,114.27139282226562,114.32387697085456,114.18391034264917,114.27139282226562,4112100
2021-04-22,114.28890228271484,114.29765854125928,114.12270689378656,114.21017604354537,1716100
2021-04-23,114.18390655517578,114.28013194038117,114.13142240832775,114.27138903189045,956000
2021-04-26,114.1052017211914,114.20142712443193,114.1052017211914,114.1664287880057,1073100
2021-04-27,113.93899536132812,114.09644783465568,113.93899536132812,114.04396367687983,2362300
2021-04-28,114.07018280029297,114.07893905679661,113.83400413783022,113.97395741441673,1184300
2021-04-29,114.01771545410156,114.02647171189548,113.81652174415066,113.84276382162452,3258300
2021-04-30,114.0964584350586,114.10521469413787,113.96524802842856,114.05273053148586,966600
2021-05-03,114.19187927246094,114.2794014392688,114.06933755409344,114.08683397382765,1151800
2021-05-04,114.24435424804688,114.40190210539356,114.23559268527819,114.28812199376789,1469900
2021-05-05,114.35814666748047,114.36690823119211,114.22685677222813,114.22685677222813,1100700
2021-05-06,114.35814666748047,114.42817239696245,114.31439227309119,114.31439227309119,569200
2021-05-07,114.5069808959961,114.69953499267835,114.44570336283536,114.58575484773584,1258600
2021-05-10,114.41939544677734,114.56819507603178,114.39313747432296,114.52442733659487,1044100
2021-05-11,114.33190155029297,114.37566930564817,114.29689535963504,114.32315334163943,569100
2021-05-12,114.04304504394531,114.12183234230731,114.02554862745875,114.03429683570202,840800
2021-05-13,114.2181167602539,114.23561317684818,114.0868134995377,114.12183304481263,746300
2021-05-14,114.28810119628906,114.34936534431735,114.2268236922224,114.28810119628906,716700
2021-05-17,114.2356185913086,114.27938634695514,114.20936060912943,114.2443801560642,2657000
2021-05-18,114.27937316894531,114.30563114809655,114.20059923149157,114.24436698209108,530400
2021-05-19,114.11310577392578,114.38444722915611,114.02558359652255,114.25315728502764,1672400
2021-05-20,114.32312774658203,114.331875953277,114.17432809652308,114.17432809652308,602200
2021-05-21,114.29689025878906,114.37566420128667,114.25312250538711,114.36691599302354,557900
2021-05-24,114.37564849853516,114.4019064757627,114.31438433701797,114.33188075114212,353700
2021-05-25,114.55945587158203,114.5769522839004,114.41940443679546,114.41940443679546,954400
2021-05-26,114.52445983886719,114.59448557063195,114.48945365100616,114.5157116309126,1030300
2021-05-27,114.44571685791016,114.45446506823123,114.3494331201932,114.41071066057957,693100
2021-05-28,114.480712890625,114.57699661979304,114.43695848685826,114.43695848685826,715300
2021-06-01,114.4683837890625,114.4683837890625,114.3632908476107,114.4245906088568,3211100
2021-06-02,114.52099609375,114.56478929913081,114.48596954773134,114.52099609375,457400
2021-06-03,114.30204772949219,114.42466069088388,114.30204772949219,114.42466069088388,509000
2021-06-04,114.6173095703125,114.62607622766845,114.47719005449375,114.47719005449375,386600
2021-06-07,114.57353210449219,114.59103869195167,114.52973890822904,114.52973890822904,362000
2021-06-08,114.70490264892578,114.71365594298516,114.66986274507288,114.70490264892578,526600
2021-06-09,114.83629608154297,114.94140245419182,114.77499628099112,114.88884258596194,555400
2021-06-10,114.9764175415039,114.98517083676423,114.6961650912684,114.70491838652872,639800
2021-06-11,114.86251068115234,114.96761700013043,114.84500409782605,114.95009705300006,696900
2021-06-14,114.6611099243164,114.80124281269104,114.65235663022091,114.78372286069227,417200
2021-06-15,114.6873550415039,114.6873550415039,114.62605527025461,114.65232850990495,402200
2021-06-16,114.12689971923828,114.73121129096548,114.0480799569639,114.70493803687401,1600800
2021-06-17,114.19694519042969,114.28453159717361,114.10935878368576,114.14439869190709,1932600
2021-06-18,114.2494888305664,114.28452873791109,113.83785678402539,114.08308268020187,2524800
2021-06-21,114.17942810058594,114.24074125960664,114.02178860106363,114.08308839627462,1229800
2021-06-22,114.34584045410156,114.3633604096009,114.19695424188342,114.22322749322718,997900
2021-06-23,114.19694519042969,114.35459804980688,114.18819189527905,114.30203818747489,740400
2021-06-24,114.17064666748047,114.26698634804855,114.14437342403522,114.20567320413866,518900
2021-06-25,114.08306884765625,114.24072168397379,114.02176906294925,114.24072168397379,1080800
2021-06-28,114.22325134277344,114.2845645179179,114.17945812678643,114.18822478827177,374300
2021-06-29,114.2669677734375,114.27572106522756,114.15310816114551,114.16187481673983,787500
2021-06-30,114.31953430175781,114.3808474464544,114.29326105797544,114.31953430175781,799200
2021-07-01,114.26171875,114.33182494497082,114.18285429492887,114.30553679328044,493300
2021-07-02,114.47201538085938,114.48077363927997,114.33180301780841,114.35809116445711,322900
2021-07-06,114.77869415283203,114.84004206485729,114.50704110559899,114.50704110559899,1112300
2021-07-07,114.88391876220703,114.9277234401564,114.73493472017046,114.78752440221406,987300
2021-07-08,115.09423065185547,115.17309512238856,114.96278986763365,115.00660791950494,907100
2021-07-09,114.85761260986328,114.92770543215596,114.83131108726701,114.9101889122774,669400
2021-07-12,114.80502319335938,114.91018916981253,114.73491699952037,114.89265927850546,479200
2021-07-13,114.56842041015625,114.76996734375044,114.54213226105215,114.71739104554223,978500
2021-07-14,114.831298828125,114.84007045851706,114.69985808612205,114.73490449352691,432500
2021-07-15,114.96272277832031,114.99776917652991,114.76993415970678,114.91014649531377,680700
2021-07-16,114.93648529052734,114.97153170418227,114.75245484751599,114.76122647947236,840200
2021-07-19,115.3746337890625,115.51484618012512,115.26070954990043,115.28699770180097,1126700
2021-07-20,115.44471740722656,115.70759887482065,115.37461122540583,115.68131072806123,735100
2021-07-21,115.14676666259766,115.3132671785959,115.13800840384575,115.25193262455768,772200
2021-07-22,115.2870101928711,115.37464628962779,115.1467977866168,115.1467977866168,734400
2021-07-23,115.25196075439453,115.28700716934347,115.12927824498726,115.12927824498726,461500
2021-07-26,115.21688079833984,115.31327513681309,115.20812253898349,115.29575861810038,351000
2021-07-27,115.3658676147461,115.4359738135937,115.3308212010174,115.38339750730555,567400
2021-07-28,115.41844177246094,115.42720003186786,115.13801701477838,115.27822939361965,1150800
2021-07-29,115.25196075439453,115.3395834774622,115.1993844462758,115.21690096805493,506700
2021-07-30,115.44471740722656,115.47100555398598,115.37461122540583,115.3921277423208,605300
2021-08-02,115.67970275878906,115.7761541998198,115.50434015127207,115.53064387343416,571000
2021-08-03,115.70603942871094,115.80249088605375,115.67972232278872,115.69726260029967,510300
2021-08-04,115.61831665039062,115.9427381005656,115.46925778465328,115.89013066316507,738200
2021-08-05,115.36410522460938,115.45177987453249,115.29395747708199,115.43423959282194,1051000
2021-08-06,115.0659408569336,115.15362886095025,115.05717740825631,115.10978485894192,538400
2021-08-09,114.93438720703125,115.20620120561946,114.9256237610244,115.14483032495771,615700
2021-08-10,114.79410552978516,114.96946812605194,114.79410552978516,114.96070467899656,1472500
2021-08-11,114.89056396484375,115.00455568005142,114.76780880204676,114.86426024276649,844300
2021-08-12,114.80286407470703,114.8993155054315,114.77656035535561,114.83794462004752,532200
2021-08-13,115.03963470458984,115.04841153239292,114.86427207956714,114.87303552805955,474300
2021-08-16,115.19746398925781,115.33774605384313,115.19746398925781,115.21499088526227,448800
2021-08-17,115.13607025146484,115.26760223654631,115.13607025146484,115.1711507992101,621000
2021-08-18,115.0834732055664,115.17116120354228,114.9607180359862,115.14485748001152,659600
2021-08-19,115.16241455078125,115.23256229167991,115.1273473699887,115.20625856125712,498800
2021-08-20,115.0834732055664,115.19746492707304,115.04840603396208,115.16238437615867,416500
2021-08-23,115.13607025146484,115.15361052533747,115.03961881412862,115.1010030830284,353000
2021-08-24,115.00457763671875,115.12733282295217,115.00457763671875,115.101029095853,747600
2021-08-25,114.8467025756836,115.0396054279095,114.81163541132764,115.00453826355356,626300
2021-08-26,114.82039642333984,114.86424041233572,114.73272182465507,114.84670014087597,2009300
2021-08-27,115.04840087890625,115.07470460125839,114.73274283137107,114.80287717143716,1430100
2021-08-30,115.22380828857422,115.22380828857422,115.04844561160625,115.0659725137828,538200
2021-08-31,115.14485931396484,115.24129738224026,115.1273190382283,115.1799264861277,719800
2021-09-01,115.17030334472656,115.22294246103864,115.10011339385571,115.20539162647987,611800
2021-09-02,115.20539855957031,115.23171811931027,115.1527594400904,115.23171811931027,525300
2021-09-03,115.14398956298828,115.15275828702543,115.09133705667053,115.15275828702543,408400
2021-09-07,114.94219207763672,114.98606247394694,114.89833506869186,114.95974291363389,416700
2021-09-08,115.04747772216797,115.07379728111204,114.94218609902701,114.98605649305536,530800
2021-09-09,115.17030334472656,115.22294246103864,115.01237260842606,115.05624300114088,492500
2021-09-10,115.0123519897461,115.09131065005901,114.95094416084557,115.05622237459612,477500
2021-09-13,115.0649642944336,115.10883466906485,115.0386447471266,115.0474268544681,345800
2021-09-14,115.20539855957031,115.27558851466523,115.14399071596544,115.1703102757054,462800
2021-09-15,115.13520050048828,115.15275133486793,115.04747310331828,115.14398261136017,625100
2021-09-16,114.90708923339844,114.99483001490145,114.8544501194421,114.91585795660328,327100
2021-09-17,114.7491683959961,114.7930387905294,114.68776055354132,114.7491683959961,436600
2021-09-20,114.98604583740234,115.05623578387032,114.88953633442931,114.93340672439223,784000
2021-09-21,114.9684829711914,115.06499246406364,114.95094552693247,115.03867291031321,697600
2021-09-22,114.8719711303711,115.10886049664497,114.74914208625903,114.94216106805823,1157300
2021-09-23,114.45084381103516,114.65263151287944,114.43329297993864,114.64386279101198,817600
2021-09-24,114.30171203613281,114.389452817166,114.25784164561622,114.36313326032877,808900
2021-09-27,114.13500213623047,114.24029374130421,114.12623341387531,114.16132169065831,704000
2021-09-28,114.02095794677734,114.11746744446172,113.89812889403018,114.01217583684794,892500
2021-09-29,114.12627410888672,114.19646407484335,114.02099585363536,114.10872327055577,735200
2021-09-30,114.2052001953125,114.21396891829097,114.02973202419979,114.064820303477,874600
2021-10-01,114.48966979980469,114.49844351398598,114.30532803711327,114.33166257464062,1536300
2021-10-04,114.3930892944336,114.48965371679674,114.30531198000084,114.3755284735544,856300
2021-10-05,114.25260925292969,114.30529170622323,114.1823927718301,114.28773088845871,516000
2021-10-06,114.21746826171875,114.27013730493077,114.1735729273836,114.20869455284188,481800
2021-10-07,114.01559448242188,114.12093259534745,113.99803366527469,114.10337177820028,396700
2021-10-08,113.87517547607422,114.01563527354615,113.8312801149913,114.01563527354615,540700
2021-10-11,113.62934112548828,113.75224006015821,113.62934112548828,113.73467924235415,199800
2021-10-12,113.83124542236328,113.8488062404411,113.6907856676996,113.71712019732661,561300
2021-10-13,113.796142578125,113.91904152053951,113.71712559051703,113.75224722833838,1100100
2021-10-14,113.9190444946289,113.9804872699502,113.84881461213283,113.90148367525978,4573500
2021-10-15,113.58545684814453,113.76981196560573,113.55034860409413,113.70835579479181,558300
2021-10-18,113.40986633300781,113.46253538612213,113.26063288419131,113.35719727989351,667200
2021-10-19,113.35724639892578,113.4538108364705,113.35724639892578,113.43625001283044,592700
2021-10-20,113.383544921875,113.4801093287471,113.36598410381295,113.4010923449576,595000
2021-10-21,113.08506774902344,113.27818315030015,113.07628064329842,113.2430749123348,828800
2021-10-22,113.1816177368164,113.22551308011296,112.9621544153117,113.07627962888714,985700
2021-10-25,113.3309097290039,113.37479169480298,113.22555818412917,113.23434529327575,539600
2021-10-26,113.29576110839844,113.31332192752717,113.16408845238357,113.25186575806673,691400
2021-10-27,113.48889923095703,113.559129118245,113.1377631894986,113.41866934366908,1394100
2021-10-28,113.30452728271484,113.54153801975443,113.21673659827054,113.3484092299592,1233800
2021-10-29,113.28697967529297,113.41865232233373,113.01484727475582,113.10262457445654,1173900
2021-11-01,113.30278015136719,113.3554810576504,113.10074213984298,113.12709259298458,1767500
2021-11-02,113.53116607666016,113.62778888178478,113.4169718334001,113.44332228906316,858400
2021-11-03,113.41696166992188,113.52237688620788,113.14466471708442,113.50480544964705,2288000
2021-11-04,113.75957489013672,113.80349679695819,113.53119973898292,113.53119973898292,964000
2021-11-05,114.0230484008789,114.0933207437344,113.75075144923822,113.82102379209371,1625700
2021-11-08,113.66291809082031,113.91765703241148,113.64536005580588,113.9088646118241,1033500
2021-11-09,113.90885162353516,114.00547441741794,113.8737221544317,113.90007260702895,988500
2021-11-10,113.1974105834961,113.61025238663495,113.18863156326832,113.59269434617941,2343000
2021-11-11,112.942626953125,113.14465153926855,112.93384793740655,113.12708010475424,544800
2021-11-12,113.15345764160156,113.27643089191791,113.08318529812378,113.18858711180093,843000
2021-11-15,112.98654174804688,113.15343685776669,112.9601912994676,113.13586542435498,688700
2021-11-16,112.96019744873047,113.06559924878539,112.91627556434848,112.93384699871675,602600
2021-11-17,113.16224670410156,113.16224670410156,112.95142965495343,112.95142965495343,937200
2021-11-18,113.22376251220703,113.22376251220703,113.04808828378833,113.04808828378833,924000
2021-11-19,113.23251342773438,113.53116084687875,113.19737055308234,113.4257590290818,1263400
2021-11-22,112.72306060791016,112.9690071435486,112.67913871160023,112.8899557720393,1062400
2021-11-23,112.60006713867188,112.71426136797406,112.58249570268417,112.6351966075687,859600
2021-11-24,112.64401245117188,112.67036290909365,112.47711728227966,112.54738963776488,841800
2021-11-26,113.46965789794922,113.5838521262677,113.32033420103653,113.38182752492446,1287600
2021-11-29,113.46089172363281,113.51359263402831,113.23251664422568,113.25007467897088,1464000
2021-11-30,113.61023712158203,114.0142998502019,113.29401819577421,113.83862564766034,2667500
2021-12-01,113.71219635009766,113.71219635009766,113.26394833324416,113.3342620106126,1556000
2021-12-02,113.404541015625,113.58911603865545,113.27271129271652,113.56275009407376,1095900
2021-12-03,113.71219635009766,113.85281029387187,113.20243224739845,113.29031428588699,6126400
2021-12-06,113.41337585449219,113.63310109812849,113.3430755781774,113.5979509599711,1337600
2021-12-07,113.12332153320312,113.2639354609968,113.08815799303383,113.18483761205763,680500
2021-12-08,113.01780700683594,113.11448659393757,112.92112741973432,113.03538877111535,3451700
2021-12-09,113.09693145751953,113.24635637264039,113.00904943734479,113.11451322593844,1337000
2021-12-10,113.149658203125,113.33421980289073,113.10571049476631,113.15844238041366,2674900
2021-12-13,113.37821197509766,113.4573098345887,113.22001625611554,113.22880043684913,1154900
2021-12-14,113.22877502441406,113.31665704491495,113.1672455401995,113.24635679289821,619500
2021-12-15,113.2112045288086,113.25515224891505,112.94753161913114,113.10574072932212,1365200
2021-12-16,113.52167510986328,113.6008239701528,113.39855018732068,113.40734003192726,1709800
2021-12-17,113.5656509399414,113.75033161357273,113.49529192440232,113.64479980006912,1878600
2021-12-20,113.60955047607422,113.84701034416614,113.60076063636807,113.72388549026711,1334300
2021-12-21,113.33697509765625,113.43371706171705,113.24023313359545,113.39854426551739,1019700
2021-12-22,113.35455322265625,113.38972601420686,113.22263847983193,113.38972601420686,875000
2021-12-23,113.25779724121094,113.30177328990723,113.21382119251463,113.30177328990723,820100
2021-12-27,113.2138442993164,113.26661020067904,113.18746134863508,113.20505445562553,633300
2021-12-28,113.2490234375,113.30178933556581,113.22264048846708,113.29299949242413,582100
2021-12-29,113.0555419921875,113.16986363394906,112.98518298669907,113.13469084100892,1630100
2021-12-30,113.19625091552734,113.2226338630164,113.04672965361326,113.14347160094216,5111000
2021-12-31,113.16105651855469,113.31936761164224,113.14346341496582,113.27539156247313,1926800
2022-01-03,112.6861572265625,112.8180719628315,112.66856412185764,112.80928212028255,1770700
2022-01-04,112.72132873535156,112.73011857780062,112.58061073852583,112.60699368547981,812300
2022-01-05,112.37830352783203,112.67731911730482,112.31674110001109,112.66852927747425,2110000
2022-01-06,112.1496810913086,112.24642304312425,112.08811864104443,112.21124354157276,1114600
2022-01-07,111.99137115478516,112.09690965422409,111.85945641774086,112.0529403118105,1270800
2022-01-10,111.88583374023438,111.94739618436124,111.74511574805686,111.797888350025,1498400
2022-01-11,111.98257446289062,112.00895740868579,111.72752813719876,111.74511453112785,921000
2022-01-12,112.03536987304688,112.14090839383748,111.99139381193291,112.10572888690727,696000
2022-01-13,112.21119689941406,112.22878999777892,112.00012668764322,112.06168911231809,564200
2022-01-14,111.78910827636719,112.07053759240321,111.77151516985009,112.07053759240321,573100
2022-01-18,111.26141357421875,111.49886680052977,111.25261702219146,111.45489745999977,919100
2022-01-19,111.41973114013672,111.53405949080104,111.3669585315344,111.38455163766984,2094700
2022-01-20,111.5076675415039,111.52525393641592,111.4373085422489,111.49887098914617,1214100
2022-01-21,111.81549835205078,111.94741982011934,111.72755294327327,111.87706080917549,1024200
2022-01-24,111.85065460205078,112.11449748333091,111.85065460205078,112.0177555408484,1435300
2022-01-25,111.771484375,112.00014772809261,111.72751504042986,111.88581940644747,1240700
2022-01-26,111.24380493164062,111.84184289970116,111.21742198904715,111.7890770145142,1708800
2022-01-27,111.30538940429688,111.44610740572503,111.23503711338641,111.23503711338641,1788800
2022-01-28,111.5076675415039,111.56043343604343,111.26141775391487,111.26141775391487,1315500
2022-01-31,111.5428466796875,111.58681602172679,111.39333883910768,111.41972178629194,2467300
2022-02-01,111.46453094482422,111.60533216244592,111.34132064752912,111.57893235377257,2282400
2022-02-02,111.59651947021484,111.7285252152317,111.55252203126996,111.55252203126996,3000800
2022-02-03,111.33251953125,111.38531914591425,111.25331339516225,111.35891933858213,1344900
2022-02-04,110.72528076171875,110.90128392734675,110.68127661326656,110.89248846892863,1046900
2022-02-07,110.77808380126953,110.83968558255722,110.69008221572864,110.7868859740508,500100
2022-02-08,110.53169250488281,110.64610062515142,110.53169250488281,110.61969410302605,1078000
2022-02-09,110.53169250488281,110.76050203132847,110.53169250488281,110.67250043318523,965800
2022-02-10,109.67805480957031,110.21487324694836,109.64285283009245,110.17087580816934,2527300
2022-02-11,110.40847778320312,110.47888174024979,109.73085816037899,110.05646471206073,2860400
2022-02-14,109.93326568603516,110.19727717882199,109.81886428667615,109.99486747247326,1718400
2022-02-15,109.84527587890625,109.96847946500151,109.774871911397,109.82767824407487,739100
2022-02-16,110.06529235839844,110.11809198135776,109.88928913913901,110.00369056024839,940700
2022-02-17,110.36450958251953,110.36450958251953,110.17090200639767,110.17969746779036,1433100
2022-02-18,110.50529479980469,110.57569876529571,110.41729319998674,110.47889499126848,994600
2022-02-22,110.40847778320312,110.46127739394268,110.2676765832007,110.34687599931003,1134900
2022-02-23,110.13568878173828,110.27649000467515,110.06528481322387,110.18848840107812,1893500
2022-02-24,110.34690856933594,110.72532155754061,110.29410894301203,110.69892174437865,2436600
2022-02-25,110.32050323486328,110.32930541017436,110.06529386358233,110.20610181218942,1014700
2022-02-28,111.0245361328125,111.10373557303065,110.79572655980519,110.83092854904423,1621800
2022-03-01,111.76333618164062,112.05392951694486,111.4551341828178,111.48155053724551,5474100
2022-03-02,110.75067901611328,111.34067344317413,110.73307035063853,111.30544939392419,3791300
2022-03-03,110.95317840576172,111.04123514020189,110.72422552157872,110.8475062934546,1388800
2022-03-04,111.4815673828125,111.69290496846834,111.41111928149364,111.44634333215306,1707400
2022-03-07,111.1028823852539,111.41989202344817,111.1028823852539,111.18213815395177,1598600
2022-03-08,110.65380096435547,110.9091635175114,110.57454518851804,110.78588272691916,1939800
2022-03-09,110.3103256225586,110.43361308383378,110.23107659562807,110.38958136778574,1493900
2022-03-10,110.0197982788086,110.1254637048486,109.87009439475153,110.08143868343201,1384600
2022-03-11,109.92289733886719,109.97573003435019,109.80841754092333,109.93169830924901,1305300
2022-03-14,109.12157440185547,109.46500038670885,109.12157440185547,109.43858403684298,2109000
2022-03-15,109.09513854980469,109.52662119651065,109.05991451684744,109.4913971635534,1997400
2022-03-16,108.90140533447266,109.05991011723734,108.45231404855363,109.00707742908146,2710000
2022-03-17,108.81334686279297,109.02468433031079,108.71648245720209,108.89260261204775,1370700
2022-03-18,108.87498474121094,108.97184914458099,108.79573571207008,108.80453668088786,2194700
2022-03-21,107.95921325683594,108.54039985548829,107.95040556701727,108.46995177353669,1369400
2022-03-22,107.63337707519531,107.78307417506981,107.61576169974109,107.73023476700442,2139600
2022-03-23,108.02965545654297,108.05607180626173,107.70383813398185,107.82711891153502,3401100
2022-03-24,107.73906707763672,107.87115555054204,107.68623437579411,107.72145841645546,2279900
2022-03-25,106.9201431274414,107.3868499812905,106.83208637133211,107.36043362628769,1842200
2022-03-28,106.97297668457031,107.18431423129338,106.88491321499451,106.95536130333537,1919800
2022-03-29,107.23713684082031,107.30758492252768,106.94654354250153,107.09624739570441,2107000
2022-03-30,107.47492980957031,107.53657022005628,107.09627965421339,107.13150370567692,2380000
2022-03-31,107.47492980957031,107.69507509249176,107.43089806566567,107.58940293810114,6251400
2022-04-01,106.92584228515625,107.1461625700641,106.82008612788954,106.8641528743277,2068200
2022-04-04,107.00518035888672,107.04924711603158,106.85536414242324,107.04924711603158,1393200
2022-04-05,106.26490783691406,106.8465500373134,106.23847047193816,106.8465500373134,1683500
2022-04-06,106.26490783691406,106.52048023775306,106.0269581048446,106.03577280105095,2023600
2022-04-07,106.35299682617188,106.52044237636034,106.22961801770904,106.32655947059281,1492400
2022-04-08,106.01815032958984,106.17678124338366,105.921208842069,105.93001681464858,1199100
2022-04-11,105.88594055175781,105.93881527370394,105.83305910616951,105.84187380104126,1279000
2022-04-12,106.41470336914062,106.61740100062713,106.24725779198404,106.31776190064384,1433800
2022-04-13,106.5733642578125,106.96113024097613,106.49404543232731,106.67030575360342,1437800
2022-04-14,105.99169921875,106.45878395660651,105.93882449220285,106.44115456532896,1212200
2022-04-18,105.89474487304688,106.09743576974597,105.89474487304688,106.08862107573773,1034300
2022-04-19,105.33951568603516,105.70965208825675,105.3130783321108,105.62152533396214,1167900
2022-04-20,105.66563415527344,105.75376094466539,105.47175118442534,105.533440609364,1948600
2022-04-21,105.23382568359375,105.418893989191,104.97825324529919,105.41007929169281,2121200
2022-04-22,105.27787017822266,105.39243433420583,104.92535629043338,104.9429856828266,1382800
2022-04-25,105.68324279785156,106.12388340997433,105.67443482663145,105.84187368716144,1617600
2022-04-26,106.16795349121094,106.23845760503646,105.97407054001192,106.15032410093337,1798700
2022-04-27,105.91239166259766,106.26490554316801,105.85070223777107,106.20321611834143,4848900
2022-04-28,105.75375366210938,105.7890057201672,105.50699597934727,105.68324954599375,1851200
2022-04-29,105.35716247558594,105.57748275953853,105.22496896048608,105.26022101275548,2080400
2022-05-02,104.97349548339844,105.17635430570745,104.93822212463823,105.15871762632734,2018400
2022-05-03,105.0176010131836,105.33511508523617,104.99996433317575,105.27337661172533,1706800
2022-05-04,105.59088897705078,105.62616906548514,104.77064542567119,104.9117590504198,3465100
2022-05-05,105.03524780273438,105.26456503884145,104.81475227197475,105.17636817233553,1786100
2022-05-06,104.79711151123047,105.15872739751599,104.7618314202034,104.83239160225754,1583800
2022-05-09,105.37922668457031,105.44096516382608,104.9911523983971,105.01761078536536,1732700
2022-05-10,105.48504638671875,105.68790520849784,105.449766299062,105.59970835385033,2574900
2022-05-11,105.67025756835938,105.76727612328291,105.18517152273014,105.29100505247334,2423900
2022-05-12,105.96131896972656,106.19945788251806,105.82020534609983,105.89075879341881,1415000
2022-05-13,105.71439361572266,105.82904888642857,105.60855332269296,105.776132104409,1833200
2022-05-16,105.98780822753906,106.12892862126256,105.87315295438178,105.91724803067733,2510600
2022-05-17,105.37039184570312,105.67908420350606,105.35274843726368,105.47622538038486,1323200
2022-05-18,105.6791000366211,105.8025769982419,105.31749085730007,105.31749085730007,991300
2022-05-19,105.96131896972656,106.26119635454016,105.93486058585835,106.2523746502545,2239900
2022-05-20,106.17301177978516,106.28767376906252,105.89959945887446,105.90842116473965,1388000
2022-05-23,105.8466796875,106.17300877639069,105.81139959402726,106.06717522496227,1355000
2022-05-24,106.43757629394531,106.61396998290166,106.12888397377773,106.12888397377773,3302700
2022-05-25,106.64049530029297,106.71104877831642,106.4729164908799,106.70223379918332,2332000
2022-05-26,106.63163757324219,106.79920959705969,106.44642213913478,106.74629282416883,2504200
2022-05-27,106.6492691040039,106.74628766894466,106.52579215389552,106.73746596422573,2504700
2022-05-31,106.12010955810547,106.2612299553446,106.0230909672513,106.24358654119426,5127200
2022-06-01,105.6443099975586,106.10332308594192,105.52072929166141,106.05919096791771,1770700
2022-06-02,105.74139404296875,105.80318438654271,105.5648453937272,105.77670377281707,1483800
2022-06-03,105.59136199951172,105.65315236020665,105.4942618991848,105.4942618991848,790400
2022-06-06,105.16764068603516,105.45894095606947,105.13233095015431,105.45011183843839,2057300
2022-06-07,105.36182403564453,105.51188533818481,105.31768518918331,105.32651430540405,1307800
2022-06-08,105.1764907836914,105.34420364427545,105.15883254490686,105.26476177367957,1100100
2022-06-09,105.05288696289062,105.18529678609507,104.94695775739841,105.07053846315098,1509100
2022-06-10,104.19660949707031,104.60266121345505,104.14364827938915,104.53204176678612,3059200
2022-06-13,103.03144073486328,103.56107324498059,102.65186953459471,103.42866343379058,4010200
2022-06-14,102.59889221191406,103.26975681000802,102.44000181033567,103.16383436538355,2673000
2022-06-15,103.52574157714844,103.61401252102397,102.69597988850754,103.11086073282799,3044400
2022-06-16,103.90534210205078,103.91417121932936,102.90786735815487,102.97848682709704,1782700
2022-06-17,103.80824279785156,103.94948173679977,103.41984918503056,103.88769138467075,1160500
2022-06-21,103.5875244140625,103.71110507347223,103.52573408435765,103.57869529992158,1057500
2022-06-22,104.39083862304688,104.4614513547012,104.22311907425154,104.32021915674957,1052100
2022-06-23,104.77042388916016,105.25591763212765,104.73511415127534,104.92048522418771,1673600
2022-06-24,104.62918090820312,105.01758127533436,104.60270028947028,104.69097126346094,1739800
2022-06-27,104.30257415771484,104.56738707086859,104.13485459846709,104.30257415771484,2029400
2022-06-28,104.3113784790039,104.35551732420856,104.1436656834391,104.20545602594028,1833300
2022-06-29,104.78807067871094,104.78807067871094,104.36436731243383,104.39967031408727,2217400
2022-06-30,105.34418487548828,105.50307532301598,105.149991425971,105.202952663599,6240300
2022-07-01,106.21806335449219,106.57150639368432,105.97949317932252,106.05017639406874,3262500
2022-07-05,106.33291625976562,106.58916226279392,106.27106424119772,106.4389511807525,2330900
2022-07-06,105.68791961669922,106.53617900599873,105.6614125641221,106.51850988473612,1708700
2022-07-07,105.30796813964844,105.67024242258148,105.2284402415528,105.67024242258148,1277300
2022-07-08,104.95450592041016,105.13123080543635,104.86614684857959,105.09588582843111,1221800
2022-07-11,105.35211181640625,105.4934849561712,105.22840104973672,105.2637460200189,890900
2022-07-12,105.51117706298828,105.76741633961386,105.44048711153614,105.65255022452774,1496500
2022-07-13,105.53771209716797,105.70559234968124,104.92802290159716,104.9987128717957,1548800
2022-07-14,105.21073913574219,105.36095021369886,104.84846496294293,104.9986760408996,2593100
2022-07-15,105.39628601074219,105.5376658892384,105.21072997623864,105.21956790398556,873300
2022-07-18,105.24610137939453,105.33446045496504,105.01636238981892,105.2195943308599,480700
2022-07-19,104.9456558227539,105.22840886464657,104.91031759121107,105.17539477596803,880500
2022-07-20,104.8484878540039,105.25494501676047,104.81314287358607,105.24610708631458,865500
2022-07-21,105.67022705078125,105.6967408405337,105.14006585894242,105.20191788563419,1786500
2022-07-22,106.39478302001953,106.60684613657487,106.15620611520045,106.26224104416059,1501700
2022-07-25,106.209228515625,106.27991847379376,106.08552445951241,106.09436238962486,1022400
2022-07-26,106.17388153076172,106.65985978506228,106.15620567199304,106.59800776210166,930300
2022-07-27,106.46546173095703,106.69520069664371,106.22689157758734,106.3329197607007,2182800
2022-07-28,107.11935424804688,107.27840329466045,106.88961523819039,107.16353041904924,1273400
2022-07-29,107.14584350585938,107.33139957253339,106.88075955840232,106.95144950990617,1608100
2022-08-01,107.30775451660156,107.42275627263331,107.14851768169008,107.26351943772181,1557100
2022-08-02,106.30807495117188,107.37849748028039,106.29923333680885,107.27234411333261,2485200
2022-08-03,106.50267791748047,106.50267791748047,105.82150253007454,106.2284394399865,1311900
2022-08-04,106.86542510986328,106.90965343709361,106.49386801504298,106.56464143780161,773200
2022-08-05,105.83036804199219,105.9807632323345,105.76844299278918,105.90998981915273,995000
2022-08-08,106.14883422851562,106.20191765935168,105.99844579801483,106.05152247952718,714900
2022-08-09,105.90113830566406,105.98076008045663,105.81267491647984,105.90998666937968,1020500
2022-08-10,106.06037902832031,106.58232451766092,106.05153066427746,106.36116266185923,904800
2022-08-11,105.74188995361328,106.41422378674734,105.74188995361328,106.3257604072273,855000
2022-08-12,105.94540405273438,106.06925418331943,105.7773188400864,106.0338674675343,953100
2022-08-15,106.16654968261719,106.33462812016262,106.14001133717974,106.2461647189295,682900
2022-08-16,105.96307373046875,106.04269551305906,105.83922362361683,106.0249987838947,1452600
2022-08-17,105.53841400146484,105.66226406992007,105.37917723497634,105.58264231201456,1594000
2022-08-18,105.68881225585938,105.90112571452325,105.59150051452943,105.72419895719054,939600
2022-08-19,105.32610321044922,105.4057249754586,105.21994985620091,105.33495157307763,976300
2022-08-22,105.01648712158203,105.24649732461137,104.93687209898941,105.19342064288294,926500
2022-08-23,104.93687438964844,105.36150135139233,104.85725261599404,104.9457160039137,944600
2022-08-24,104.72453308105469,104.85723151088727,104.64491807274865,104.79530647687507,782000
2022-08-25,105.02532196044922,105.05186029789598,104.72453838763263,104.82185012448598,1683000
2022-08-26,104.8572769165039,105.06959044657918,104.7068884472558,104.90151199537708,1023700
2022-08-29,104.55650329589844,104.66265668964193,104.4945782331062,104.66265668964193,502800
2022-08-30,104.52108764648438,104.7157111469031,104.30877416844748,104.54762598757351,832500
2022-08-31,104.29109191894531,104.59187557479844,104.22031850000049,104.4503287369088,1508200
2022-09-01,103.9296875,104.16884770030704,103.75252553862643,104.03597791878632,2396000
2022-09-02,104.39915466308594,104.58516965362924,104.21313967254265,104.34600945379866,869200
2022-09-06,103.77023315429688,104.00939332704078,103.69050859135754,103.99168051196372,1811200
2022-09-07,104.20429229736328,104.22201187459493,103.93855270319746,103.97398509962214,1322600
2022-09-08,103.9296875,104.25742530197492,103.92082771242187,104.15113488318859,2343200
2022-09-09,103.85881805419922,104.14227042163758,103.78795327283025,104.00940064608014,1845300
2022-09-12,103.8056869506836,104.11571196374729,103.70824955257237,104.05370696113454,1061800
2022-09-13,103.22103118896484,103.29189595842313,103.05272905101049,103.20331837561845,1753400
2022-09-14,103.12359619140625,103.33619050466893,103.04387839246014,103.07045099210885,1518400
2022-09-15,102.86671447753906,103.00844401697623,102.82242906499225,102.92871946153373,761100
2022-09-16,103.02619171142578,103.14134869071567,102.83131690774015,102.87560909331914,772000
2022-09-19,102.80473327636719,102.8933176380267,102.68072327968943,102.69844285523652,1598100
2022-09-20,102.51243591308594,102.65415873840585,102.3972789370976,102.45928394030729,1044700
2022-09-21,102.5655517578125,102.7161343284821,102.02521970255194,102.55669197188001,1083400
2022-09-22,101.73291778564453,102.05180253081002,101.63548040473079,102.00751711278203,2502900
2022-09-23,101.56462097167969,101.73291637070498,101.37859924122272,101.69748398195304,1972500
2022-09-26,100.6788330078125,101.32545552744402,100.56367605316564,101.27231032255301,2201900
2022-09-27,100.40422821044922,100.87369551617603,100.35994279479846,100.81169052783545,2380800
2022-09-28,101.7772216796875,101.84808646633591,101.08630690496051,101.35203971783503,3989400
2022-09-29,101.46719360351562,101.60005662689808,101.22802664535159,101.30775121741887,1488200
2022-09-30,101.22802734375,101.75949971506002,101.05087213932595,101.6266366907609,2719800
2022-10-03,101.92169189453125,102.44504632595697,101.68218543759032,101.83298855655089,2479400
2022-10-04,102.11683654785156,102.4627842804464,102.01038848873375,102.21441224346862,2078200
2022-10-05,101.61125183105469,101.80639651557796,101.45158307634833,101.76204821949052,2134100
2022-10-06,101.26526641845703,101.57573144640875,101.24752169249976,101.50476607783978,2680200
2022-10-07,100.9015884399414,101.10561221190729,100.88385047907225,100.96368145442997,1056700
2022-10-10,100.67982482910156,100.88384859726173,100.4580631004031,100.87497623317715,765400
2022-10-11,100.7951431274414,101.1322253018499,100.7330501112553,100.90159119845954,1552500
2022-10-12,101.04350280761719,101.12333377002591,100.76851370151738,100.79512402232028,1227500
2022-10-13,100.58224487304688,100.88384433048903,100.0943663834922,100.0943663834922,1111700
2022-10-14,100.32498168945312,100.92817372381192,100.25401632832165,100.91930136176316,1389600
2022-10-17,100.48467254638672,100.88384771513208,100.44918985798952,100.81288233833769,929800
2022-10-18,100.64433288574219,100.81287394969686,100.38708849199092,100.72417061990029,774600
2022-10-19,100.05890655517578,100.30727863793517,100.03228945976727,100.19195819405996,992700
2022-10-20,99.6419677734375,100.06774644374117,99.57987476870031,99.89921215524302,1613500
2022-10-21,100.08550262451172,100.25403693229907,99.65084477397362,99.72181014968972,2183300
2022-10-24,100.06775665283203,100.28065277733386,99.87260525585401,100.0234083692838,1349900
2022-10-25,100.60885620117188,100.82175232653829,100.5112805022866,100.59111824120667,1023500
2022-10-26,100.84840393066406,100.99920033880123,100.70647312232313,100.71534548975279,1168300
2022-10-27,101.38059997558594,101.44269299336999,100.95481444818716,101.11448317500779,1201000
2022-10-28,100.96367645263672,101.20317613447597,100.79513537838979,100.9459384926463,1320200
2022-10-31,100.71529388427734,100.80399721022305,100.49353218559811,100.67981120037307,1409900
2022-11-01,100.57583618164062,101.17106298692983,100.54029934249455,101.15329795633629,1062800
2022-11-02,100.48698425292969,101.1266337174905,100.32707188678948,100.67354755043357,1467600
2022-11-03,100.16717529296875,100.2382489731019,99.90953828595546,99.92731009496835,1752000
2022-11-04,100.24711608886719,100.4781021326455,100.06943868778133,100.23823696338376,895000
2022-11-07,100.04277801513672,100.23822720407703,100.00724118278778,100.2026903717281,710700
2022-11-08,100.39815521240234,100.4692221102216,100.16716915510314,100.16716915510314,1146100
2022-11-09,100.7090835571289,100.7268485852393,100.33595696518805,100.39814473051152,1394800
2022-11-10,102.15715789794922,102.18380882490207,101.73072951078949,101.74849453610572,7082700
2022-11-11,102.0328140258789,102.06835086548789,101.86402251018514,101.89955257183502,762300
2022-11-14,101.87290954589844,101.94398323063446,101.73076895438602,101.91733229334837,756500
2022-11-15,102.32597351074219,102.35262444221947,102.01503468024363,102.2193630068749,921600
2022-11-16,102.63692474365234,102.71688432570448,102.44147551859042,102.574736970038,1151900
2022-11-17,102.22827911376953,102.30823870978391,102.12166857840373,102.2993528040134,1558800
2022-11-18,101.96173858642578,102.26379832890788,101.94397355590753,102.17495962039867,808700
2022-11-21,101.92618560791016,102.25488943328308,101.89952790118812,102.21047347799464,831900
2022-11-22,102.1127700805664,102.21049469162405,102.03281049971976,102.12164920669247,1398000
2022-11-23,102.41483306884766,102.43260487875783,102.13943101687582,102.14831692183091,982400
2022-11-25,102.43260192871094,102.43260192871094,102.27268953392253,102.29045456536153,256800
2022-11-28,102.44147491455078,102.58362226937909,102.37928714130312,102.45924672288379,668300
2022-11-29,102.28157043457031,102.45925464183871,102.22826856136952,102.27269130767648,667800
2022-11-30,102.97452545166016,102.98340457827595,102.01505109633204,102.12165483939567,2260300
2022-12-01,103.60003662109375,103.60893657537571,103.0839478915561,103.10174780012002,1196100
2022-12-02,103.68901062011719,103.70681052779229,103.00386352549152,103.16402875118887,931700
2022-12-05,102.96824645996094,103.3508629215418,102.95044655644139,103.3241698549366,999900
2022-12-06,103.27081298828125,103.3419990498646,103.03056851628307,103.06616154707474,1487300
2022-12-07,103.85807800292969,103.90256419570977,103.50215451730988,103.53774754473945,1970200
2022-12-08,103.47545623779297,103.66231453089,103.40427018651539,103.51104926343176,764600
2022-12-09,103.16401672363281,103.37756807010676,103.16401672363281,103.35977495318181,828900
2022-12-12,103.09284210205078,103.4042725978081,102.99496297643053,103.36867957133931,1912100
2022-12-13,103.69792175292969,104.13392449651217,103.67122867721514,104.06273843548911,2309600
2022-12-14,103.89368438720703,104.00045669454681,103.47547474698828,103.84029144486041,1523100
2022-12-15,103.91329956054688,104.00243211495905,103.6993963896479,103.95786583775296,1497300
2022-12-16,103.89544677734375,104.03805338285447,103.52111463766393,103.58350332761056,961100
2022-12-19,103.49439239501953,103.62807760697643,103.44982612446178,103.62807760697643,1594900
2022-12-20,103.16461181640625,103.26265216428087,103.04874904158065,103.1111377356956,2172800
2022-12-21,103.25373077392578,103.4676338825867,103.2180791225061,103.44981145680546,1042400
2022-12-22,103.18244171142578,103.41417407770683,103.18244171142578,103.24483041005628,1093300
2022-12-23,102.99526977539062,103.04875065679721,102.88832161229301,102.90614403952335,804000
2022-12-27,102.51398468017578,102.76354626536708,102.45159598384244,102.6744137278698,806200
2022-12-28,102.44271087646484,102.6120477755559,102.39814459783807,102.57639611262636,1453900
2022-12-29,102.62984466552734,102.67440413025281,102.46941563282962,102.54962674924984,1009600
2022-12-30,102.39811706542969,102.62093479893439,102.25551725191264,102.42485410547305,1207900
2023-01-03,102.70116424560547,102.96854147590568,102.61203170231371,102.91506738981731,1381000
2023-01-04,103.10222625732422,103.24482607684118,102.95961963794939,103.19135199450456,846900
2023-01-05,102.93289947509766,102.98638036606164,102.59421889833443,102.67443003499191,857000
2023-01-06,103.82416534423828,103.86873161781217,102.9507235010025,103.03984924829165,1966300
2023-01-09,104.01131439208984,104.15392100424704,103.82414831352668,103.84197753997509,1676000
2023-01-10,103.78850555419922,103.87763809436407,103.59243164546766,103.81524939616355,2204300
2023-01-11,104.10045623779297,104.10045623779297,103.85089464419126,103.86872387223474,2027000
2023-01-12,104.72432708740234,104.73324170005061,104.18956592607638,104.43912068137136,1285100
2023-01-13,104.39456939697266,104.69760507178106,104.28762122927634,104.5817354902993,3474200
2023-01-17,104.3410873413086,104.49260176720783,104.25196160841831,104.25196160841831,2357400
2023-01-18,105.15215301513672,105.18779787039489,104.91150604306758,105.05411266353195,1446900
2023-01-19,104.99172973632812,105.09867790769526,104.86695233649426,104.98281512209476,1311900
2023-01-20,104.60847473144531,104.7154228944381,104.49260515505944,104.64412638572884,1298300
2023-01-23,104.35002136230469,104.5550099060918,104.34110674740039,104.38567302206306,1098300
2023-01-24,104.60847473144531,104.64412638572884,104.2252279477197,104.37674237853133,712800
2023-01-25,104.71543884277344,104.85804548162675,104.55500977399288,104.67978718306011,815700
2023-01-26,104.49260711669922,104.67977320530804,104.41239599294883,104.60847669526032,1052200
2023-01-27,104.4034652709961,104.41237988332335,104.25195086071702,104.29651032263959,696100
2023-01-30,104.1539306640625,104.2608856331,104.10045657947283,104.16284527811351,665900
2023-01-31,104.54610443115234,104.54610443115234,104.23415410124878,104.43914944948321,2042500
2023-02-01,105.09147644042969,105.11825479698983,104.350576793894,104.65407391539613,1474500
2023-02-02,105.07361602783203,105.35926317186824,105.03790928353187,105.29677807193423,1636300
2023-02-03,104.27919006347656,104.5916156541301,104.22563333661228,104.45771702660227,3338000
2023-02-06,103.54720306396484,103.83285024827838,103.52935309448041,103.72573000027353,1094900
2023-02-07,103.51150512695312,104.04709279184183,103.46687679425962,103.60969699339218,1280000
2023-02-08,103.69003295898438,103.77036803945848,103.48472084716236,103.60969106814402,1379700
2023-02-09,103.4043960571289,103.83287032161641,103.33298935502049,103.83287032161641,1643400
2023-02-10,103.1455078125,103.42222659014871,103.13657942311485,103.39544823235893,1801800
2023-02-13,103.2258529663086,103.2526313267134,103.10088274417527,103.1098111344323,2043100
2023-02-14,102.7884750366211,103.06519388934092,102.6813547660356,102.91344528045376,2930100
2023-02-15,102.7170639038086,102.88666930024176,102.6278004147687,102.72599229582288,2027700
2023-02-16,102.59209442138672,102.77954979287733,102.493902539601,102.62780117934221,2473500
2023-02-17,102.7884750366211,102.80632500986825,102.47604942703943,102.4938994002866,1585100
2023-02-21,102.1457748413086,102.4224937151793,102.11006808171753,102.36000858848695,1746600
2023-02-22,102.24393463134766,102.44031834226604,102.1992994932786,102.34212648680685,3576700
2023-02-23,102.44034576416016,102.50283088796371,102.22610521651849,102.26181197445878,1244300
2023-02-24,101.96722412109375,102.0654091741568,101.81546872556042,101.95829573068204,1845900
2023-02-27,102.16360473632812,102.24394663220934,102.04756289824046,102.19038990853299,956900
2023-02-28,102.20823669433594,102.24394344579628,101.913661102563,101.99400299594039,1463800
2023-03-01,101.74506378173828,102.01330398858423,101.70035366969464,101.94177735984184,1275600
2023-03-02,101.55731964111328,101.58414298649787,101.45001943776788,101.47684278315246,1394300
2023-03-03,101.89705657958984,101.89705657958984,101.57516290763142,101.84340990819831,1348800
2023-03-06,101.82555389404297,102.04909085476893,101.77190720644687,102.04909085476893,1078100
2023-03-07,101.6109619140625,101.9328556882964,101.54837183695072,101.89708895540298,1691000
2023-03-08,101.53048706054688,101.90602750538612,101.45001020990621,101.8166140883015,1444600
2023-03-09,102.13848876953125,102.24578212126966,101.73611823509674,101.79870829754586,1014800
2023-03-10,103.32772064208984,103.39031071706938,102.83594343062386,103.07736034217166,2453100
2023-03-13,104.57058715820312,105.13390466335359,104.28446012227833,104.66894396634665,7397700
2023-03-14,103.89997100830078,104.19504141776508,103.53337395983816,104.06986127226016,3880000
2023-03-15,105.09811401367188,105.67036795529208,104.72257364357208,105.14281730241419,10387100
2023-03-16,104.37386322021484,105.5720178545373,104.23973970188482,105.45578111028088,4176200
2023-03-17,105.26799774169922,105.57200464485666,104.83880390110703,104.8835140088912,3241300
2023-03-20,104.97293853759766,105.53624911768587,104.78516834423492,105.53624911768587,2794300
2023-03-21,104.28443908691406,104.63315612842572,104.20396907201379,104.40068264862145,1940400
2023-03-22,105.2769546508789,105.39319822486028,104.0877433225747,104.16821334597167,2876600
2023-03-23,105.87604522705078,105.96545864349567,105.25013766832376,105.34849447295505,2251500
2023-03-24,105.84920501708984,106.46616912907874,105.80450172401308,106.43040240153387,3376700
2023-03-27,104.98189544677734,105.2948458093585,104.94612871651003,105.11601215802193,1311200
2023-03-28,104.78520202636719,104.91931876344718,104.65107846747962,104.78520202636719,945500
2023-03-29,104.68682098388672,104.82988107760896,104.51693072714842,104.51693072714842,2101400
2023-03-30,104.74942779541016,104.80307448640426,104.5169474314239,104.55271416602234,1115600
2023-03-31,105.19649505615234,105.19649505615234,104.7225977910188,104.81201121092589,1639000
2023-04-03,105.51355743408203,105.59416722627964,104.96717939700444,105.0209192584695,2634400
2023-04-04,106.06887817382812,106.12262486419242,105.28066399624531,105.28066399624531,2502400
2023-04-05,106.27490997314453,106.75858926471679,106.26595105098893,106.40030754870156,1980000
2023-04-06,106.26596069335938,106.480927009012,106.23909075810978,106.33761840979557,1990500
2023-04-10,105.54041290283203,105.67476937173893,105.48666621507694,105.6389405244535,1207600
2023-04-11,105.50462341308594,105.60315107146225,105.32547910983061,105.59419214788538,832100
2023-04-12,105.8180923461914,105.9434899119504,105.51355735324955,105.90766105978285,2727400
2023-04-13,105.71060943603516,106.1226378333468,105.65686957275757,106.01515127313658,1187400
2023-04-14,105.27172088623047,105.40607738183876,105.17319324502807,105.40607738183876,1468700
2023-04-17,104.85073852539062,105.04779380429291,104.8238685934776,104.99405394046687,1029700
2023-04-18,104.9134521484375,105.09259644261827,104.83284234129822,104.85971227701131,2874200
2023-04-19,104.76116180419922,104.80594957640261,104.61785323372663,104.76116180419922,1220100
2023-04-20,105.21797180175781,105.2717116618301,105.11048524795861,105.15527302045527,736100
2023-04-21,105.05677032470703,105.44192202517416,105.02094146493612,105.41505208876004,783000
2023-04-24,105.3702621459961,105.41504992820586,105.20007677398632,105.27173449205951,576600
2023-04-25,106.21217346191406,106.2390433851821,105.80015202661386,105.82702194988191,1806000
2023-04-26,105.95243835449219,106.22114446869092,105.75538310388731,106.167404612582,1569100
2023-04-27,105.40608215332031,105.65687731185922,105.32546551884391,105.61209636706616,1173900
2023-04-28,105.85392761230469,105.88079754464475,105.5852146215936,105.737488960946,1318200
2023-05-01,105.18189239501953,105.62153157530578,105.13702832047541,105.60358320736945,1160600
2023-05-02,106.06117248535156,106.14192645178866,105.34339519801625,105.36133672094849,1768900
2023-05-03,106.64436340332031,106.67127910838984,106.18677588124945,106.29444554682385,1478300
2023-05-04,106.80589294433594,107.2814221147564,106.52775479076128,106.52775479076128,3701300
2023-05-05,106.32137298583984,106.429042663297,106.17781341589696,106.37520440191989,1734100
2023-05-08,105.94454956054688,106.11501800960926,105.89968547930548,105.92660118993123,1005300
2023-05-09,105.86380004882812,105.97146974117051,105.79202709923122,105.90866413196196,1635300
2023-05-10,106.47391510009766,106.54569489531973,106.204751135962,106.204751135962,1726600
2023-05-11,106.60850524902344,106.94048168272529,106.56364116368863,106.85972769818233,1275600
2023-05-12,106.19577026367188,106.60849379226474,106.15988036832064,106.56362971175129,1686400
2023-05-15,106.1419448852539,106.15091222562896,106.03427519307125,106.06119090479241,1082300
2023-05-16,105.89966583251953,105.99836131670222,105.70227486415418,105.92658153815182,1567400
2023-05-17,105.59461975097656,105.8906993798446,105.51386578288749,105.87275785654535,1108200
2023-05-18,105.12808990478516,105.32548094746396,105.06528428623272,105.30753941871998,1959900
2023-05-19,104.84993743896484,105.28060252317316,104.72432621896257,104.85891162476446,2268000
2023-05-22,104.78712463378906,105.05628858161269,104.73329321328387,104.86787176454686,1879300
2023-05-23,104.8947982788086,104.94862970134538,104.60767910448472,104.68843308358777,1318400
2023-05-24,104.67049407958984,104.94863222979473,104.59871428427954,104.93965804405643,1813200
2023-05-25,104.12315368652344,104.49998723019553,104.07828961667371,104.41923327352524,2448600
2023-05-26,104.0513687133789,104.1141743008525,103.76425647845743,103.92575753843174,1267400
2023-05-30,104.64356994628906,104.64356994628906,104.20393068590663,104.26673629453269,986200
2023-05-31,104.86787414550781,105.01143373051127,104.58973600618583,104.74226293127867,2805800
2023-06-01,105.16451263427734,105.35328476672859,105.07462212237766,105.10158859012692,1291700
2023-06-02,104.51728057861328,105.01168863692033,104.45435654012019,104.98472217159555,1420400
2023-06-05,104.55326080322266,104.7600151791823,104.1757164904692,104.2566227621777,1997900
2023-06-06,104.51728057861328,104.58020461710638,104.35547492845879,104.58020461710638,971600
2023-06-07,104.1307373046875,104.4992972579228,104.02287145160814,104.44536433138312,1138000
2023-06-08,104.55326080322266,104.58022727438971,104.31954681430328,104.32853106588742,1070200
2023-06-09,104.22065734863281,104.32852322519452,104.14874219212048,104.29256564693834,886400
2023-06-12,104.39143371582031,104.40042482376843,104.10377998533389,104.32850967659535,745200
2023-06-13,103.8880615234375,104.60719941804177,103.78018878178469,104.5622507278013,1363000
2023-06-14,103.85211181640625,104.18471431806316,103.52850042512054,104.12179026188026,3416800
2023-06-15,104.38246154785156,104.40942801661123,104.15773183057871,104.24762234584651,1387700
2023-06-16,104.03189849853516,104.15774660940788,103.80716874937565,103.97795869515566,1424800
2023-06-20,104.19368743896484,104.36447735728356,104.11278117600833,104.11278117600833,1072000
2023-06-21,104.2386245727539,104.3105397236532,103.93299546874128,103.9959195112266,1746200
2023-06-22,103.9060287475586,104.16671604248262,103.83412045029522,104.0588501674842,1135000
2023-06-23,104.08583068847656,104.40944207357481,103.99594016110652,104.35550227058668,1240400
2023-06-26,104.28358459472656,104.32852642527018,104.14874538668171,104.28358459472656,910700
2023-06-27,103.98692321777344,104.3464920961347,103.8970327127346,104.25660159109586,1254900
2023-06-28,104.25659942626953,104.26558367584272,103.93298812828459,104.07681156171913,1207800
2023-06-29,103.58240509033203,103.65431337428454,103.4565501624529,103.61835580320557,2110700
2023-06-30,103.6093978881836,103.66333082940731,103.44759220630525,103.57344030796538,2027500
2023-07-03,103.3229751586914,103.77330192847549,103.3229751586914,103.53913008418424,1095300
2023-07-05,103.1068344116211,103.42206181952925,103.01676354812551,103.38603484841944,1563600
2023-07-06,102.62947082519531,102.63847928483503,102.23318792978546,102.55742376240167,5377900
2023-07-07,102.67451477050781,102.94471361058592,102.62947934001414,102.64749626078839,1240100
2023-07-10,103.1518325805664,103.20586958558927,102.8456137235167,102.86362376804429,938600
2023-07-11,103.17887115478516,103.2869520572963,103.09781563148289,103.18787961452145,1377200
2023-07-12,103.9354248046875,104.0164803288283,103.68324290099413,103.7733068849644,2001700
2023-07-13,104.60193634033203,104.61094480272867,104.26869194609131,104.34975436477406,3221700
2023-07-14,104.13352966308594,104.43074000879525,104.11551275035272,104.36769455710676,2180000
2023-07-17,104.2596435546875,104.32268902027691,104.10652724845002,104.21460813436347,640200
2023-07-18,104.28669738769531,104.57490630966115,104.25967887492394,104.48484230994234,965800
2023-07-19,104.44876861572266,104.5028056170946,104.27764228279199,104.44876861572266,1241500
2023-07-20,103.97145080566406,104.08853329659244,103.8093328874486,104.07052324854249,5129900
2023-07-21,103.97145080566406,104.08853329659244,103.93542383812269,104.03449628100111,671800
2023-07-24,103.75525665283203,104.14253784385805,103.71923656796203,104.07949238817658,917900
2023-07-25,103.64720916748047,103.65621075528085,103.49409971758116,103.512109764623,1359500
2023-07-26,103.91740417480469,103.98044964847708,103.58416675886829,103.75528626086978,1025700
2023-07-27,103.33197784423828,103.74627762471698,103.24190699816138,103.70124220167854,1510000
2023-07-28,103.59320068359375,103.66525463926567,103.47611815920945,103.52115359936525,1165800
2023-07-31,103.68324279785156,103.7552898620912,103.54814338630979,103.54814338630979,1886400
2023-08-01,103.39266204833984,103.53705590892322,103.29339299045833,103.41973417592966,1954500
2023-08-02,103.38361358642578,103.4106857082221,103.12190493393342,103.31142355666118,1960500
2023-08-03,103.12190246582031,103.26629629204712,103.0497124377835,103.13092880122863,1732300
2023-08-04,103.78972625732422,103.83484416972159,103.44679432070154,103.44679432070154,1455900
2023-08-07,103.73558044433594,103.82583004391479,103.6724098556774,103.74460678130939,1013400
2023-08-08,103.97924041748047,104.11460792795702,103.91606983060176,103.95216829240067,1420300
2023-08-09,103.92508697509766,104.0785002603654,103.88898851649166,103.9882575563889,1000900
2023-08-10,103.53704833984375,104.08753095910969,103.53704833984375,103.97021611977067,1397700
2023-08-11,103.15802764892578,103.45583482886808,103.13998185851035,103.24827725623803,1543600
2023-08-14,102.968505859375,103.16704396004094,102.87826314591167,103.01363065864551,1376000
2023-08-15,102.93241882324219,103.21218021663512,102.89632035683411,102.96851728965025,1506300
2023-08-16,102.73385620117188,103.10386022980937,102.68873829273008,102.96849273433037,2272100
2023-08-17,102.78802490234375,102.88729395699359,102.5804604557819,102.83314281849859,1865000
2023-08-18,102.93241882324219,103.07681268887447,102.86022877550451,102.89632035683411,1118200
2023-08-21,102.58045959472656,102.7248534493972,102.52631534176405,102.7068007750244,1898400
2023-08-22,102.5082778930664,102.63462597720881,102.44510729353468,102.53535690864769,1941700
2023-08-23,103.08580780029297,103.13092570582722,102.86921706745358,102.87824340259098,2614700
2023-08-24,102.88729858398438,103.0858367022126,102.8602264560584,102.8602264560584,1305700
2023-08-25,102.77899932861328,102.95948476472942,102.55338909092907,102.77899932861328,3256000
2023-08-28,102.9504623413086,102.9775344674369,102.74289789919511,102.89631120397412,1182300
2023-08-29,103.48291015625,103.51900862327523,102.81510572897987,102.81510572897987,2557800
2023-08-30,103.46484375,103.6363028278585,103.42874529016736,103.60923070425332,2052600
2023-08-31,103.65435028076172,103.69044873877661,103.47386487576416,103.54605490671706,2080300
2023-09-01,103.33966064453125,103.81892118512968,103.31253373076328,103.80988347988145,2114300
2023-09-05,103.06839752197266,103.25829284115332,103.00509908224578,103.23116592398644,1522700
2023-09-06,102.7790298461914,103.1316935591703,102.75189603064413,103.11360434880544,2041500
2023-09-07,103.08646392822266,103.11359084120404,102.9146509473253,102.9598670683019,1328100
2023-09-08,103.03223419189453,103.31255489025831,103.01414497966994,103.24021183938603,1060100
2023-09-11,102.98702239990234,103.03223853335605,102.90564163850168,102.95989547943546,1641400
2023-09-12,102.98702239990234,103.01414932036924,102.90564163850168,102.97797779340894,869000
2023-09-13,103.12265014648438,103.20403089703026,102.94179253580613,102.94179253580613,1145300
2023-09-14,103.00509643554688,103.26732789409705,102.98700722522541,103.2402009776272,1643500
2023-09-15,102.83328247070312,102.97796165685989,102.79711094941086,102.8965809082115,1761100
2023-09-18,102.8242416381836,102.89658468342233,102.73381628114144,102.74286088654941,1599000
2023-09-19,102.59815979003906,102.79709968584233,102.56198827271015,102.69762973794069,1866600
2023-09-20,102.4896469116211,102.88752670972465,102.43539308424756,102.79710136443157,2562600
2023-09-21,102.23646545410156,102.30880849862223,102.16412930859335,102.20029393184123,2027600
2023-09-22,102.4896469116211,102.56198994746022,102.27262470311535,102.31784082526771,1621400
2023-09-25,102.24549865722656,102.3992224354307,102.21837174330956,102.26358096683401,3426100
2023-09-26,102.2274398803711,102.3630744811792,102.1731791410346,102.3449921674092,1599800
2023-09-27,101.96517181396484,102.3901785035166,101.82953035361686,102.36304469223799,2679800
2023-09-28,102.27262878417969,102.2907179933671,101.87475586921111,102.00135273747546,3224300
2023-09-29,102.32691192626953,102.5981880323937,102.29074039898363,102.54393419097154,3054700
2023-10-02,101.9036865234375,102.09399740755063,101.84025186668615,102.01243461237942,4914200
2023-10-03,101.50496673583984,101.9671306003569,101.47778143955763,101.85838941522803,6362600
2023-10-04,101.92182922363281,101.94901452128755,101.56840652640115,101.71339708517976,3364300
2023-10-05,102.13932037353516,102.17556974235309,102.01245103960247,102.1574485148742,1875500
2023-10-06,101.79493713378906,101.93087050553227,101.56838381883655,101.6408825389474,2054000
2023-10-09,102.61961364746094,102.63774178901838,102.27525501033202,102.32962560728389,1400500
2023-10-10,102.44741821289062,102.61053688644208,102.24805017701007,102.30242076357425,2977000
2023-10-11,102.58334350585938,102.61959286777382,102.3749183171749,102.51085169588934,2115500
2023-10-12,102.1211929321289,102.42930217754311,102.05775826902247,102.39305281093088,2876000
2023-10-13,102.38396453857422,102.4836416241397,102.29333769265675,102.47458447063406,2271800
2023-10-16,102.08490753173828,102.1664633924335,102.04865817792131,102.13927810553508,1937400
2023-10-17,101.42339324951172,101.59557599297482,101.3327733001634,101.5865119238823,3948900
2023-10-18,101.19683837890625,101.44151984366732,101.14246779289661,101.35089298183946,2246400
2023-10-19,101.14248657226562,101.34185464312992,100.99748909750609,101.09717313293824,3910800
2023-10-20,101.5774154663086,101.65897823441665,101.4052396916036,101.42336091015163,3295100
2023-10-23,101.81306457519531,101.85837800649676,101.34183669341122,101.39620727988584,2410600
2023-10-24,101.80400085449219,101.85837835501177,101.5774475249276,101.74056619876846,3152400
2023-10-25,101.38714599609375,101.60464217568492,101.32371133884443,101.59557810640385,2547300
2023-10-26,101.88555145263672,101.90367267473485,101.52306478595126,101.53212885392938,2812700
2023-10-27,102.05775451660156,102.0668116725268,101.83120116899987,101.92182112526865,2455100
2023-10-30,101.85839080810547,101.93088954175589,101.71339334080461,101.74964270762982,3429900
2023-10-31,101.75871276855469,101.93995269949096,101.73152747030026,101.81308336506353,4128400
2023-11-01,102.44456481933594,102.51724153309951,101.84499925786868,101.8722512928218,4317100
2023-11-02,102.61714935302734,102.90784921796045,102.56264529423723,102.83517251901931,3462800
2023-11-03,103.2530746459961,103.56194026384306,103.12588693948165,103.4256731668031,3859400
2023-11-06,102.84428405761719,103.01688952721926,102.79886630776566,102.9987168826121,2772800
2023-11-07,103.11679077148438,103.26213723540148,102.96235105685632,102.97143737673593,2202700
2023-11-08,103.23490142822266,103.30757813701679,103.08046862015942,103.08046862015942,2296300
2023-11-09,102.67166900634766,103.18039904537387,102.66258961572458,103.18039904537387,3045800
2023-11-10,102.67166900634766,102.95328952481134,102.62625126073468,102.94420320335573,2367400
2023-11-13,102.71710205078125,102.72618837297709,102.3991500822578,102.45365415376666,3085800
2023-11-14,103.72544860839844,103.78903898962709,103.54376378512566,103.64368558634348,6165700
2023-11-15,103.2530746459961,103.4256731668031,103.19856364868063,103.40750745491958,2403600
2023-11-16,103.74363708496094,103.82540012495883,103.64370833098201,103.66188097579632,4035600
2023-11-17,103.66185760498047,103.75270001607161,103.5619288735307,103.71636166546881,1254700
2023-11-20,103.72544860839844,103.77087327963251,103.54376378512566,103.59826784594115,1725000
2023-11-21,103.86174011230469,103.9616688678505,103.73455931994334,103.85265378975505,1810600
2023-11-22,103.79814147949219,103.96166061824304,103.66187437539433,103.92532226176142,3290400
2023-11-24,103.54376983642578,103.625525932427,103.51651087359323,103.58010125853822,853900
2023-11-27,103.96167755126953,103.97075694374415,103.68005697537555,103.71639533777586,3384200
2023-11-28,104.37953186035156,104.43403592471721,103.90714019974196,103.93439916275697,2532600
2023-11-29,104.72476959228516,104.87012305191179,104.58850245659377,104.67935183427764,2589600
2023-11-30,104.50672149658203,104.57031188734717,104.36136807150012,104.55213924379555,2753600
2023-12-01,105.13048553466797,105.19422829862359,104.45663246607425,104.47484865431312,5682500
2023-12-04,104.80268096923828,105.00301738838718,104.68430351585091,104.84821449993262,3644800
2023-12-05,105.19422912597656,105.27618807881566,104.95747425653089,104.9938996858549,2897500
2023-12-06,105.32171630859375,105.38545906984683,105.16690650488776,105.29439202739393,2399500
2023-12-07,105.32171630859375,105.49472840488644,105.25796659990074,105.28529088110056,1920500
2023-12-08,104.80268096923828,104.98480814457426,104.68430351585091,104.89374803062695,2740800
2023-12-11,104.811767578125,104.8299837656449,104.5659046261258,104.67517396148547,1571300
2023-12-12,104.94837951660156,104.98480495056056,104.75715119889765,104.82089397146562,1330700
2023-12-13,106.06842041015625,106.15037241159555,105.05763737443195,105.12138013580916,5190300
2023-12-14,106.53580474853516,106.71838957449167,106.38974385266891,106.40799885281508,3414100
2023-12-15,106.3989028930664,106.54496382744959,106.31673795849399,106.38977190813597,2486500
2023-12-18,106.27107238769531,106.38061632192468,106.24367943923879,106.38061632192468,1754600
2023-12-19,106.36238098144531,106.4901869049363,106.31673302381263,106.33499499282588,1889900
2023-12-20,106.71839141845703,106.76403240206056,106.43538667455921,106.57232355516796,1459200
2023-12-21,106.71839141845703,107.00138919745578,106.63622650413217,106.93748624849158,1995400
2023-12-22,106.70926666259766,106.8462035511971,106.59971575873821,106.83707256798394,995900
2023-12-26,106.6819076538086,106.76406562880332,106.60887369943468,106.61800468495673,1990100
2023-12-27,107.1474838256836,107.16573883070521,106.8553549910321,106.89186500107533,1547900
2023-12-28,106.95576477050781,107.12008069479538,106.8827308275577,107.0379227326516,1309100
2023-12-29,106.92837524414062,107.0470571464621,106.78231431846082,106.79144530284718,1452500
2024-01-02,106.61800384521484,106.72755477591286,106.57235588286537,106.5814868683155,2013800
2024-01-03,106.76405334472656,106.8097013021834,106.32586359870287,106.38063557573072,2441900
2024-01-04,106.42627716064453,106.52669708911633,106.36237420297158,106.42627716064453,1457900
2024-01-05,106.24369812011719,106.69102581320486,106.1432781861506,106.22544311616889,2467900
2024-01-08,106.4627914428711,106.70927228341365,106.29846856087609,106.31672356336449,1230500
2024-01-09,106.49018859863281,106.56322254604652,106.41715465121911,106.41715465121911,2932600
2024-01-10,106.42627716064453,106.67275800741164,106.4080151927951,106.6362410366128,2476700
2024-01-11,106.9010009765625,106.92838696782381,106.51758316910198,106.56323113113825,2228100
2024-01-12,107.17487335205078,107.35745126789458,107.04706741797992,107.21139032819976,1637400
2024-01-16,106.71839141845703,107.06529214641999,106.5997095383099,106.94661723117191,2755500
2024-01-17,106.3532485961914,106.45366852974036,106.24369767825608,106.40802057270888,2680200
2024-01-18,106.2984619140625,106.43539183641293,106.24368298022291,106.38061986747276,1688800
2024-01-19,106.24369812011719,106.24369812011719,106.00634824428742,106.15240917057494,3221800
2024-01-22,106.42627716064453,106.5084351212669,106.37149822199628,106.42627716064453,1503700
2024-01-23,106.30762481689453,106.34414179784477,106.23459781989604,106.31675580335758,1102900
2024-01-24,106.1341552734375,106.59060699080919,106.11589330439837,106.58147600628962,2246200
2024-01-25,106.48104858398438,106.4993105517394,106.31672569868903,106.38062865603166,3347200
2024-01-26,106.34412384033203,106.39890278495825,106.2528348858227,106.39890278495825,1823800
2024-01-29,106.69100952148438,106.71839550567516,106.47190771815936,106.51755566841024,1323700
2024-01-30,106.60884094238281,106.79142577221586,106.44451807798261,106.76403282406658,1472900
2024-01-31,107.25701141357422,107.29352838294419,106.91924163547651,107.00139959288414,3125300
2024-02-01,107.56543731689453,107.79422206353198,107.30919951777362,107.5013778671143,1875100
2024-02-02,106.68688201904297,106.90651337411799,106.54045646102304,106.77839450182799,2515000
2024-02-05,106.09205627441406,106.33914071308136,106.02799682868877,106.28423461158995,2237700
2024-02-06,106.47643280029297,106.53134589397835,106.15613551195008,106.18358856781416,2886800
2024-02-07,106.3574447631836,106.65944227780672,106.34829141917677,106.37574446924147,2423500
2024-02-08,106.1652603149414,106.30253253931282,106.12865392297867,106.23846611691151,1575600
2024-02-09,106.05547332763672,106.09207973070976,105.98226052149064,105.99141386774828,1287900
2024-02-12,106.1378173828125,106.21102319176009,106.02799819645706,106.1378173828125,1501100
2024-02-13,105.29589080810547,105.63449475065258,105.29589080810547,105.57958864503387,2027700
2024-02-14,105.61619567871094,105.7168545456325,105.42401034397533,105.43316368895238,1718200
2024-02-15,105.7991943359375,105.97307293741243,105.70768185482878,105.91815986318338,1583000
2024-02-16,105.47891235351562,105.5155187476226,105.34164012110342,105.3690931711947,1967300
2024-02-20,105.67108154296875,105.80835376350353,105.65277485652136,105.7259876384006,1652100
2024-02-21,105.43314361572266,105.7442944480945,105.40569056797474,105.7168344183914,1618200
2024-02-22,105.37823486328125,105.53380678456708,105.2775690361069,105.37823486328125,3010000
2024-02-23,105.57959747314453,105.64365692904155,105.36911241407887,105.36911241407887,1602200
2024-02-26,105.47891235351562,105.57957819182084,105.34164012110342,105.57042484780516,4903500
2024-02-27,105.39654541015625,105.54297098545725,105.34163931039623,105.43315180398149,1067800
2024-02-28,105.65277099609375,105.65277099609375,105.46974603003834,105.49719907675116,1671700
2024-02-29,105.78092956542969,105.87244906475709,105.68027068369311,105.69857039438408,2112500
2024-03-01,106.16160583496094,106.22581805128289,105.60203923618101,105.75798219030482,2116600
2024-03-04,105.98731231689453,106.08821822785177,105.93227527404757,105.95979379547104,911300
2024-03-05,106.31755828857422,106.44598273269287,106.17078349609157,106.27168941627156,1710100
2024-03-06,106.41844177246094,106.61107839802517,106.38174808207644,106.44596029059785,1576900
2024-03-07,106.62023162841797,106.63857497053235,106.46428172672603,106.58353794558484,1686000
2024-03-08,106.7303466796875,106.85877111963664,106.67530963359704,106.82207742270731,1927300
2024-03-11,106.58357238769531,106.6936464731604,106.53770351968043,106.6936464731604,953200
2024-03-12,106.2900161743164,106.42760876347204,106.2349721400484,106.42760876347204,1136700
2024-03-13,106.13407135009766,106.26249577189401,106.12490317611655,106.22580907875741,1254600
2024-03-14,105.70294952392578,105.91392952974488,105.69377435018369,105.90475435600278,2370000
2024-03-15,105.5469970703125,105.657078156795,105.53782889539406,105.60204111285715,1278600
2024-03-18,105.46440887451172,105.56531475624945,105.40937184760192,105.51944590142152,1149600
2024-03-19,105.6937484741211,105.74878550588542,105.61118592786936,105.64787961524732,1304100
2024-03-20,105.94143676757812,106.10655488431252,105.71210643870292,105.7488001311557,1732000
2024-03-21,105.95061492919922,106.12490822361517,105.91392123571131,106.06986418408009,1433300
2024-03-22,106.23497009277344,106.28083895401188,106.20745157547263,106.27166378204306,1123400
2024-03-25,106.09738159179688,106.19828049291667,106.05151272879215,106.19828049291667,1198900
2024-03-26,106.17076110839844,106.19827962653441,105.9964748273353,106.05151186360726,1010100
2024-03-27,106.39093017578125,106.45514238848011,106.27167392462174,106.29919244454892,1101600
2024-03-28,106.23497009277344,106.33587598861351,106.19827640350383,106.23497009277344,3207400
2024-04-01,105.72543334960938,106.1117343171407,105.67025050445368,106.07494341465451,2508700
2024-04-02,105.69784545898438,105.7070449392001,105.48630653405407,105.54148938105374,1443400
2024-04-03,105.7806396484375,105.78983211262704,105.40353810221929,105.45872797309771,1704100
2024-04-04,106.01057434082031,106.03816576684707,105.73464604625674,105.88180967459678,1756400
2024-04-05,105.57828521728516,105.87260544361268,105.56908573663962,105.68865793358837,1341000
2024-04-08,105.38514709472656,105.48632033889793,105.31156527766588,105.40353904041758,1002300
2024-04-09,105.624267578125,105.68865692488146,105.57828420963165,105.57828420963165,1406500
2024-04-10,104.612548828125,104.94365997755253,104.52977454934216,104.89767660616698,2705100
2024-04-11,104.63094329833984,104.81489081028091,104.52977006162793,104.78729938520453,1785100
2024-04-12,104.89768981933594,105.06324541490349,104.87009137245053,104.93447371421853,2118200
2024-04-15,104.56656646728516,104.58495841258751,104.27224622241057,104.45619374402663,1992500
2024-04-16,104.32743072509766,104.45619539569456,104.18026709175933,104.33663020646837,1581000
2024-04-17,104.68611907958984,104.75050140613659,104.45618119661613,104.52976300328307,1767200
2024-04-18,104.4469985961914,104.64014560704618,104.38261625923982,104.6309531425877,1190200
2024-04-19,104.5297622680664,104.60334407421581,104.44698098186151,104.57574563404934,1035900
2024-04-22,104.56656646728516,104.62174932034034,104.45619374402663,104.47458568932898,1233900
2024-04-23,104.72291564941406,104.83328836538668,104.44698736805637,104.48377827338058,3054300
2024-04-24,104.59414672851562,104.60334620875884,104.47457453679603,104.59414672851562,1811900
2024-04-25,104.34580993652344,104.39180032061616,104.18025437779603,104.22624476188875,1903600
2024-04-26,104.46537780761719,104.56655103471871,104.4377863851617,104.44697884788212,1124800
2024-04-29,104.65855407714844,104.72293641994834,104.56658030416988,104.61256368208461,1708300
2024-04-30,104.39179229736328,104.52975642189048,104.33660945441115,104.44697514031542,2084200
2024-05-01,104.67395782470703,104.91371338396196,104.3512045445609,104.55407300958572,2810200
2024-05-02,105.07971954345703,105.12583017790851,104.71086260982531,104.75696620878176,1785000
2024-05-03,105.46702575683594,105.69756484755915,105.32870089530306,105.61456711644155,1867300
2024-05-06,105.49469757080078,105.56847177411943,105.43936340056416,105.4762505022235,772900
2024-05-07,105.59615325927734,105.75291819130825,105.55004261550522,105.66070393926046,1887600
2024-05-08,105.48548889160156,105.55926310530954,105.44860178474758,105.48548889160156,2595200
2024-05-09,105.66067504882812,105.71600217782961,105.48546309299738,105.48546309299738,866200
2024-05-10,105.46702575683594,105.55923998602628,105.43013865806086,105.55001645245883,1351700
2024-05-13,105.51313781738281,105.63302265689202,105.50392131857078,105.62379912258471,744500
2024-05-14,105.71601104736328,105.7528981482906,105.61457327868695,105.66068391371988,780300
2024-05-15,106.23241424560547,106.26930134578842,106.02954574784177,106.13097647897614,1234000
2024-05-16,106.05721282958984,106.22320126816761,106.03876576113942,106.22320126816761,1759900
2024-05-17,105.88201904296875,106.03878397424708,105.87279550715931,105.99268036619274,737900
2024-05-20,105.79902648925781,105.85435363216047,105.77135588231019,105.81746652505993,610000
2024-05-21,105.95578002929688,105.99266713243264,105.9188929261611,105.97422006311699,630600
2024-05-22,105.79902648925781,105.90045723941391,105.77135588231019,105.7805794179594,649800
2024-05-23,105.57770538330078,105.86357870861664,105.46705109588494,105.86357870861664,863200
2024-05-24,105.59615325927734,105.63304036719576,105.49471547137583,105.5131555075868,1568800
2024-05-28,105.33795166015625,105.74369578058305,105.31950458825254,105.73447928012773,1349900
2024-05-29,105.09817504882812,105.25493996175636,104.98751373855758,105.24571642702658,848800
2024-05-30,105.39325714111328,105.41169717373009,105.27337934036635,105.31025940559995,788800
2024-05-31,105.76213073730469,105.76213073730469,105.56847871747796,105.57769521687753,1825500
2024-06-03,106.12178802490234,106.14952390337774,105.80743866366694,105.80743866366694,1044900
2024-06-04,106.47310638427734,106.5470663605941,106.30668409326721,106.32517232387534,907200
2024-06-05,106.69502258300781,106.70427022717486,106.36217793185116,106.52860025742949,1018000
2024-06-06,106.7227554321289,106.76898659776609,106.61180486693097,106.6210525108355,569500
2024-06-07,106.01087188720703,106.17728720103445,106.00162424069856,106.17728720103445,2392400
2024-06-10,105.92761993408203,105.99233932911207,105.87214818230913,105.95535580996847,561100
2024-06-11,106.25121307373047,106.26970835957712,106.00158314587868,106.05705489564913,836000
2024-06-12,106.62104797363281,107.05559551814258,106.6118003301218,106.94464495766609,1665300
2024-06-13,107.05559539794922,107.1850341914172,106.87992544086329,106.96314012459854,1209600
2024-06-14,107.12957000732422,107.21277764305322,107.08333884043985,107.1203223631702,978800
2024-06-17,106.84294891357422,106.90766831454407,106.78747715671025,106.87993243611209,825800
2024-06-18,107.1387939453125,107.27748037052423,106.98161928855201,107.00935516281743,1264300
2024-06-20,107.00938415527344,107.0278794457178,106.84296181070684,106.87069769248686,621600
2024-06-21,107.0278549194336,107.21276545818431,106.93539965005824,107.15729370733608,821100
2024-06-24,107.05559539794922,107.06484304144985,106.95389248109791,107.03710011094796,558600
2024-06-25,107.12032318115234,107.12957082537697,106.97238908910131,107.02786790056332,909200
2024-06-26,106.7597427368164,106.84295037324912,106.73200685800549,106.80596685020599,621200
2024-06-27,106.92616271972656,106.98163447613243,106.8799315534646,106.8799315534646,632000
2024-06-28,106.7597427368164,107.1665544364051,106.74124744835196,107.12957091336196,838800
2024-07-01,106.35277557373047,106.57524954040723,106.26934341602676,106.4083922973197,2652200
2024-07-02,106.56599426269531,106.66796298664254,106.50110571766717,106.6030744416144,862900
2024-07-03,106.973876953125,107.03876550288125,106.6679707589935,106.68650731364322,878100
2024-07-05,107.4002914428711,107.44664343927651,107.20562578814742,107.28905089489112,619300
2024-07-08,107.38172912597656,107.44662473857797,107.289032221621,107.37246438616533,620400
2024-07-09,107.35392761230469,107.40955141632382,107.1870703448891,107.3075826933298,2891700
2024-07-10,107.3909912109375,107.43734319507708,107.32610267653398,107.41879957249331,759800
2024-07-11,107.88230895996094,108.0399014886972,107.86377240663249,107.92866095176355,736600
2024-07-12,108.08625793457031,108.09552974838378,107.91940064753656,107.95648083046869,993000
2024-07-15,107.99356079101562,108.12333789485,107.92867223909845,108.0306409738714,1059500
2024-07-16,108.1882095336914,108.20675315838125,107.96573554365784,108.030624085431,936000
2024-07-17,108.24382019042969,108.28090036540846,108.0306180247021,108.08623475101012,1371100
2024-07-18,108.07698822021484,108.26238913847705,108.04917985055599,108.13261203185445,836700
2024-07-19,107.89157104492188,107.96573139619109,107.87303449326475,107.94718777221361,930900
2024-07-22,107.83596801757812,107.95647329945986,107.73399928970849,107.91012837826901,1370000
2024-07-23,107.91014099121094,108.02137447292738,107.89159736271013,107.91940573313924,1936800
2024-07-24,107.91014099121094,108.22531195250362,107.90086917696054,108.1140713984651,1109100
2024-07-25,107.99356079101562,108.21603481582858,107.93794405289282,108.00283260481001,1810100
2024-07-26,108.32727813720703,108.34581469294852,108.2438459555655,108.30873450914362,934500
2024-07-29,108.40143585205078,108.44778077643134,108.31800367245098,108.44778077643134,485200
2024-07-30,108.54975891113281,108.61464746874198,108.3550932383053,108.48487035352365,840200
2024-07-31,109.078125,109.078125,108.54974479323965,108.72587388626691,1605100
2024-08-01,109.43597412109375,109.51963024486922,109.19431663308661,109.21290294320067,2108400
2024-08-02,110.60711669921875,110.66288272413512,110.17956062848093,110.2167403421936,2522800
2024-08-05,110.60711669921875,111.28563406469081,110.34686579453532,111.16479822229829,2741600
2024-08-06,110.0494155883789,110.46767488341601,109.96575947458906,110.44908857552052,4509500
2024-08-07,109.89141845703125,109.94718447775884,109.70551990243132,109.88212175647506,2285300
2024-08-08,109.65901184082031,109.71477784184634,109.519589746953,109.54747274746602,738800
2024-08-09,109.84495544433594,109.97508090277607,109.78918941680605,109.97508090277607,930800
2024-08-12,110.08660888671875,110.10519519690891,109.7519985728566,109.78917828454183,1190800
2024-08-13,110.40261840820312,110.4119151083283,110.2724929716685,110.38403209925723,3100900
2024-08-14,110.43050384521484,110.56062928461041,110.30967510614883,110.33755811583293,1120400
2024-08-15,109.90070343017578,109.95647653985539,109.7798746932615,109.8263511027771,1123200
2024-08-16,110.0494155883789,110.06800189627441,109.84493074500821,110.06800189627441,1496100
2024-08-19,110.08660888671875,110.17955462027936,109.99365606185322,110.00295276260076,589000
2024-08-20,110.35614013671875,110.38402314352761,110.22600761943767,110.29107742373014,872400
2024-08-21,110.58850860595703,110.76510334717764,110.30966435368714,110.5048524937545,1933500
2024-08-22,110.26319885253906,110.42121439314796,110.17025312302505,110.42121439314796,746300
2024-08-23,110.66284942626953,110.69073243033786,110.30965288923203,110.40259859989419,941100
2024-08-26,110.55133819580078,110.79299567069809,110.55133819580078,110.79299567069809,727900
2024-08-27,110.62567901611328,110.66285872176182,110.41190457276393,110.43978757917439,1058500
2024-08-28,110.60711669921875,110.69076573659329,110.57923368676057,110.63499971167693,988600
2024-08-29,110.47696685791016,110.51414656341501,110.39331074769828,110.467670158708,770600
2024-08-30,110.3468246459961,110.56989575378321,110.3096449461478,110.47695004981381,1144300
2024-09-03,110.72895812988281,110.80351851691421,110.58916629228628,110.66371956884781,1067400
2024-09-04,111.16699981689453,111.19495818650161,110.8035267910618,110.81284861775428,1882100
2024-09-05,111.26951599121094,111.39067129351392,111.07380029804297,111.36271292455709,3202400
2024-09-06,111.52117156982422,111.82872078304594,111.15769138970536,111.35341422148907,2389300
2024-09-09,111.56776428222656,111.63300285470758,111.38137039241536,111.47456733732096,2871300
2024-09-10,111.90328216552734,111.93124053874972,111.59572583913847,111.60504766703637,1841300
2024-09-11,111.79142761230469,112.07102553058162,111.67027230663558,111.69823067636918,2170500
2024-09-12,111.6982192993164,111.83801824421562,111.56774218020239,111.75414314355791,2154800
2024-09-13,111.9125747680664,111.99644986583003,111.84733621076042,111.98713515083594,1648000
2024-09-16,112.05238342285156,112.09897833327011,111.92189918645744,112.00578140196295,1063100
2024-09-17,111.93123626708984,111.9964748389428,111.83803932308149,111.9685164667874,1538300
2024-09-18,111.68891143798828,112.14558852245533,111.60503632684369,111.76347183265277,1712000
2024-09-19,111.6982192993164,111.7168629508868,111.53978381331649,111.5584203544172,2037700
2024-09-20,111.71688079833984,111.81007773967153,111.49319960657878,111.5770818311069,1812800
2024-09-23,111.66093444824219,111.75413848126641,111.42793858662047,111.59569589140689,2020900
2024-09-24,111.81938934326172,111.83802588563577,111.51183306556338,111.56774980315573,2809400
2024-09-25,111.595703125,111.70754370559688,111.57706658346879,111.69822187959633,1754900
2024-09-26,111.44659423828125,111.62366627706216,111.37203384802079,111.57707136600199,1122300
2024-09-27,111.76346588134766,111.79142425024042,111.57707201508234,111.60503038397512,1808400
2024-09-30,111.47454071044922,111.67957820654883,111.3813437878047,111.66093455573828,2960700
2024-10-01,111.71284484863281,111.93710953650306,111.65677332973084,111.69415196591686,1981500
2024-10-02,111.57266998291016,111.61938792837672,111.41381613568198,111.47922696273156,975600
2024-10-03,111.20824432373047,111.41382325881415,111.18021212880923,111.385783934647,1141800
2024-10-04,110.36723327636719,110.67560165230002,110.33920108387244,110.51674067942095,1382700
2024-10-07,110.12428283691406,110.20838654907433,110.05887200712087,110.06821844830439,1291600
2024-10-08,110.2083969116211,110.21773622443702,110.03085015866863,110.0495359135469,755200
2024-10-09,109.9560775756836,110.10559211088425,109.91869894188343,110.08689922936145,1149100
2024-10-10,110.03083038330078,110.0868947671058,109.77853352693306,109.99345175101573,2727300
2024-10-11,110.11494445800781,110.18036242183648,109.98412278884305,110.06822650716113,1358300
2024-10-14,109.96544647216797,109.96544647216797,109.79724615034226,109.85331054786853,620300
2024-10-15,110.25511932373047,110.29249796424556,110.180369171947,110.24578001053672,1059500
2024-10-16,110.34852600097656,110.43262969673535,110.31115450202196,110.38590462917554,1003900
2024-10-17,110.06822204589844,110.12428643634058,110.00281121396726,110.08690779963048,1286700
2024-10-18,110.19904327392578,110.2551076641462,110.15231819591146,110.23642191048803,908500
2024-10-21,109.72246551513672,110.00280170159765,109.72246551513672,109.98410882023606,1530000
2024-10-22,109.65705871582031,109.82525900802466,109.58230144611936,109.78788037317418,2218700
2024-10-23,109.46083068847656,109.52624151981789,109.36738766216695,109.442144934913,1423700
2024-10-24,109.56361389160156,109.70378198767446,109.47017087063479,109.53558169823609,1208300
2024-10-25,109.45149993896484,109.75052194357349,109.39543554099039,109.75052194357349,1133600
2024-10-28,109.27393341064453,109.45147300362119,109.13376532095599,109.45147300362119,1096000
2024-10-29,109.32064056396484,109.32998700348693,108.97490072333696,108.99358647313665,1294200
2024-10-30,109.10575103759766,109.57297332708639,109.08705815364014,109.37674082101069,789700
2024-10-31,109.10575103759766,109.18050118568861,108.82541481220588,108.98426867961291,1407600
2024-11-01,108.8058853149414,109.33060998507402,108.768403960098,109.25564727538722,1996400
2024-11-04,109.12448120117188,109.30251587409312,108.98392788827817,109.21818102682151,1735600
2024-11-05,109.0588607788086,109.12445135370702,108.75901712943919,109.0120073043798,1314200
2024-11-06,108.51542663574219,108.70283344455737,108.38424544399095,108.40298969929187,2786000
2024-11-07,109.0588607788086,109.13382347836007,108.77775422990881,108.79649847921492,1950600
2024-11-08,109.02140808105469,109.26503334420613,108.95581748891834,109.12448003281729,1896200
2024-11-11,108.78715515136719,108.8152643839306,108.7121924319725,108.75904591880378,948700
2024-11-12,108.4498291015625,108.6934543630164,108.38423850988318,108.57164530670862,1651900
2024-11-13,108.58102416992188,108.82464946252982,108.49669646219562,108.82464946252982,1389300
2024-11-14,108.43110656738281,108.77779667763137,108.35614383857906,108.65598760495475,1366100
2024-11-15,108.57164764404297,108.76841942331706,108.21557829682833,108.35613161026366,1408300
2024-11-18,108.72157287597656,108.75905423854111,108.50606397727903,108.59039168142009,909600
2024-11-19,108.8433837890625,108.9464485950454,108.8152674068796,108.9277114890954,833100
2024-11-20,108.7309341430664,108.86211532451965,108.68408065733101,108.69345278424574,971600
2024-11-21,108.6559829711914,108.91834536197646,108.60913662931635,108.79653629449454,1118000
2024-11-22,108.6559829711914,108.77779203867333,108.6466108432808,108.7590549316911,990700
2024-11-25,109.29312896728516,109.3118732191834,109.08698508942946,109.20880128025554,1849600
2024-11-26,109.21818542480469,109.22755755239858,109.05889499990215,109.19007619086173,986000
2024-11-27,109.49927520751953,109.60234714867109,109.37746616290298,109.52738443713584,2124100
2024-11-29,109.75228881835938,109.78040520280679,109.64921685523639,109.75228881835938,583100
2024-12-02,109.71564483642578,109.78141005081413,109.47137096818156,109.51834919326072,1220000
2024-12-03,109.61226654052734,109.84714326175134,109.57468540498726,109.81895920206345,935700
2024-12-04,109.84717559814453,109.89415382336607,109.44318723199994,109.46198138923688,1640400
2024-12-05,109.81897735595703,109.85655849770956,109.6404687246,109.6592628794112,850900
2024-12-06,110.08204650878906,110.19478994257642,109.95991316475556,110.17599578634332,1484600
2024-12-09,109.90355682373047,110.01629310174327,109.89415974460567,110.01629310174327,909200
2024-12-10,109.78141021728516,109.83778552103979,109.6968580134594,109.78141021728516,897900
2024-12-11,109.63109588623047,110.00689302653308,109.61230172849274,109.93173789919516,3225900
2024-12-12,109.42440032958984,109.64988004151668,109.40560617233797,109.61229889488375,1537200
2024-12-13,109.16134643554688,109.35864209205423,109.12376528651625,109.34924501282875,1232900
2024-12-16,109.17070007324219,109.27404640677018,109.12372902846421,109.27404640677018,1026600
2024-12-17,109.17070007324219,109.26465649853591,109.11433195236107,109.13312610456737,792300
2024-12-18,108.54888916015625,109.29321450081635,108.51120098221695,109.22726198649382,1631700
2024-12-19,108.47349548339844,108.60540049098114,108.36985480768577,108.52060749537102,1929600
2024-12-20,108.6713638305664,108.88806904365103,108.6713638305664,108.85038086797178,1936100
2024-12-23,108.4263916015625,108.66193728690395,108.39812726944695,108.6336729547884,1404000
2024-12-24,108.47349548339844,108.47349548339844,108.29448565212694,108.33217382404825,614600
2024-12-26,108.53947448730469,108.54889832965681,108.26624775366298,108.28508825008169,1144600
2024-12-27,108.44525909423828,108.64311665659359,108.4358352517588,108.5394759541762,774400
2024-12-30,108.85978698730469,108.88805131739176,108.78441064821693,108.78441064821693,1685800
2024-12-31,108.86923217773438,109.02940153849507,108.75616764692901,109.00113720286492,1277000
2025-01-02,108.85978698730469,109.03880399556725,108.7278819880428,108.96342765647951,1138300
2025-01-03,108.73731231689453,108.98227465112396,108.70904079683689,108.93516982759542,1469200
2025-01-06,108.73731231689453,108.76557664866841,108.5959834697414,108.69020030508223,969300
2025-01-07,108.50176239013672,108.71846038411569,108.41696220984846,108.68077221379686,2306400
2025-01-08,108.62425994873047,108.65252428366509,108.45466675083821,108.48293108577283,2589000
2025-01-10,108.04953002929688,108.34160441390753,107.99300135828442,108.28507574289507,2362300
2025-01-13,107.94587707519531,108.04951775246542,107.88934841060578,108.02125342017064,2282700
2025-01-14,108.02125549316406,108.07778415883843,107.94587914674221,108.03067933353779,1039600
2025-01-15,108.69963836669922,108.75616703764283,108.57714999527511,108.69021452544705,2020300
2025-01-16,108.92577362060547,109.00114998331364,108.56774668017009,108.62427535805841,4930300
2025-01-17,108.87864685058594,108.991711379335,108.8315420214873,108.95402320308531,1378200
2025-01-21,109.05767059326172,109.07651108840216,108.91634172071062,109.06709443497446,1042000
2025-01-22,108.86923217773438,109.0199776971901,108.81269631818932,109.01055385588514,939800
2025-01-23,108.78441619873047,108.84094486178888,108.68077552426759,108.68077552426759,1276100
2025-01-24,108.96344757080078,109.0482405765589,108.79385437099991,108.8126948650735,1176300
2025-01-27,109.39685821533203,109.44397023612893,109.2084245087147,109.39685821533203,1201200
2025-01-28,109.41569519042969,109.43454287345611,109.18957331210692,109.23668533138807,1171000
2025-01-29,109.32147979736328,109.50049684707602,109.11419841101905,109.48164916379837,982900
2025-01-30,109.45337677001953,109.54759361461727,109.39684810091778,109.46280061096465,806200
2025-01-31,109.41569519042969,109.58528839624299,109.26494966764281,109.5004953874788,1564200
2025-02-03,109.36750793457031,109.69820738075197,109.27302340833373,109.47144307604273,1998800
2025-02-04,109.53758239746094,109.5564764191274,109.27302284188704,109.27302284188704,1131900
2025-02-05,109.85881042480469,109.99109738625013,109.7548825122572,109.76432591694869,1075100
2025-02-06,109.75489807128906,109.83993197780225,109.68875097683629,109.75489807128906,1286700
2025-02-07,109.4903335571289,109.57537467408687,109.39584903394775,109.50923478698935,1237800
2025-02-10,109.4997787475586,109.6793043788042,109.47143411287912,109.59426326605909,1979900
2025-02-11,109.39584350585938,109.43363875496334,109.3297036221041,109.37694948566073,816900
2025-02-12,108.92341613769531,108.96121138764335,108.82893161717863,108.94231736702275,863400
2025-02-13,109.32970428466797,109.38639355431414,109.22576915117887,109.24467038019873,1328500
2025-02-14,109.64152526855469,109.79269907866644,109.63207465270153,109.69821454625813,1132800
2025-02-18,109.3486099243164,109.56592360586329,109.33915930942527,109.49033310414828,737900
2025-02-19,109.52812194824219,109.53757256258051,109.3486035280536,109.3486035280536,907900
2025-02-20,109.64152526855469,109.70766516211128,109.6037300138498,109.6037300138498,762800
2025-02-21,110.0383529663086,110.1139434677061,109.69820291872686,109.7076535335783,1059300
2025-02-24,110.19896697998047,110.22731882186028,109.9344074587526,109.96275209192612,812200
2025-02-25,110.70919799804688,110.7564438616986,110.53912298109005,110.60526286497844,1443800
2025-02-26,110.8981704711914,110.94540912452938,110.57691446844356,110.67139898382595,1461000
2025-02-27,110.88871765136719,110.89816826532939,110.6713967824746,110.69974862436118,1216700
2025-02-28,111.29502868652344,111.31392270933023,110.97377262914664,111.09660900786763,3152300
2025-03-03,111.5167007446289,111.56406163909436,111.02409829613558,111.06199134812435,4542000
2025-03-04,111.4124755859375,111.91454578194592,111.2798535427413,111.7156127171516,5034600
2025-03-05,111.00514221191406,111.54510549080061,111.00514221191406,111.47879446452893,2225500
2025-03-06,111.052490234375,111.18511226292186,110.81566415091869,111.04301516737637,2026300
2025-03-07,110.97672271728516,111.47879294182148,110.88199371352806,111.43142482626308,2249600
2025-03-10,111.48826599121094,111.61141297112883,111.31775089659253,111.39352976180993,1516900
2025-03-11,111.27983856201172,111.71559767775922,111.21352754934054,111.52613970651538,2614300
2025-03-12,111.08094024658203,111.25145536494581,111.03357212528519,111.07146517685055,1167700
2025-03-13,111.3461685180664,111.41247954201911,110.93882730596849,111.01461339830287,2836000
2025-03-14,111.07144927978516,111.2514394421194,111.05250637039397,111.22302146435284,3752500
2025-03-17,111.04303741455078,111.28933861435152,110.99566929742603,111.12829135254337,1798000
2025-03-18,111.1472396850586,111.26091160053576,111.00514256335231,111.00514256335231,1441300
2025-03-19,111.40300750732422,111.44090055452331,110.92935525837525,111.05250946861223,1861400
2025-03-20,111.52616882324219,111.7629949628056,111.43143258552865,111.7629949628056,1187000
2025-03-21,111.5545654296875,111.77244138901895,111.52614745476242,111.69666253167169,1618900
2025-03-24,111.1472396850586,111.37459074337278,111.12828954757252,111.35564783324652,3316600
2025-03-25,111.2988052368164,111.36511626364876,111.17565825194487,111.19460116217131,2576500
2025-03-26,111.17565155029297,111.27038055043467,111.09986545923584,111.19459445937754,1107400
2025-03-27,111.21353912353516,111.27985014310744,111.12827796845131,111.20406405577937,946900
2025-03-28,111.7724609375,111.81982905556548,111.48827391118746,111.5166918910827,1389200
2025-03-31,111.9145278930664,112.07556788729775,111.73453776577364,111.9997890371265,1682800
2025-04-01,112.11595916748047,112.28696930645094,112.00194999205273,112.00194999205273,2056000
2025-04-02,111.98294067382812,112.35346139577743,111.81193055228678,112.35346139577743,1071700
2025-04-03,112.96150207519531,113.16101268673457,112.79049194411282,112.93300159473854,2918800
2025-04-04,113.15152740478516,113.91157415872827,113.05652337262802,113.65505529872668,6213500
2025-04-07,112.40097045898438,113.37003032258667,112.20145983961736,113.24651857130551,5349400
2025-04-08,112.2869873046875,112.5719994164274,111.9829700364922,111.99246536637648,3584600
2025-04-09,111.80243682861328,112.1064540411641,111.05189274955359,111.93544390608288,7283100
2025-04-10,111.65043640136719,112.10646589257394,111.58393285560192,111.859449616156,3717700
2025-04-11,111.14690399169922,111.32741671499853,110.79538837054908,111.29891623202339,3777100
2025-04-14,111.783447265625,111.86894871537497,111.43192439274235,111.44142696993988,3110100
2025-04-15,111.94496154785156,112.1254670353711,111.81195445248218,111.81195445248218,1895100
2025-04-16,112.32496643066406,112.40096529525852,111.99244149865311,112.12544857212073,4376600
2025-04-17,112.23945617675781,112.43896678417782,112.15395473715286,112.32496486470454,1725700
2025-04-21,112.05895233154297,112.46747615474736,112.05895233154297,112.18246408519182,1793800
2025-04-22,112.03996276855469,112.20147034482932,112.0019597067825,112.14446937634249,1759700
2025-04-23,111.9354476928711,112.52448423326516,111.85944157507657,112.35347409239864,2062400
2025-04-24,112.31546783447266,112.34396831574824,112.1634556032133,112.22995914230373,1340600
2025-04-25,112.58148193359375,112.62898756792369,112.36296616335505,112.44847485548051,1251400
2025-04-28,112.91401672363281,112.96152236515492,112.52449800685582,112.53399333648565,3023700
2025-04-29,113.15152740478516,113.16102998250378,112.87601063768935,112.87601063768935,2734500
2025-04-30,113.42703247070312,113.43653504744145,113.18001621390245,113.20852394411746,1964900
2025-05-01,113.0125961303711,113.55565079074927,112.86968547895837,113.53659216056748,1419300
2025-05-02,112.47908020019531,112.74584291240745,112.34569884408923,112.6696301865888,2012500
2025-05-05,112.40287780761719,112.53625917598507,112.2694891705099,112.52672985860467,847900
2025-05-06,112.61245727539062,112.62198659153275,112.40286320143353,112.47907592435499,791600
2025-05-07,112.72679138183594,112.85064342125493,112.58388070943633,112.63152002314911,1219900
2025-05-08,112.14562225341797,112.66009629266905,112.11704157380488,112.65056697655187,1464400
2025-05-09,112.21231842041016,112.46002977041069,112.19326705598186,112.34569977762456,1006600
2025-05-12,111.66924285888672,111.85026349653629,111.64066218320256,111.65019149800978,1908200
2025-05-13,111.65972137451172,111.85980065580677,111.57397934144637,111.83121270938035,2515700
2025-05-14,111.40248107910156,111.69782442183376,111.36437108830748,111.6406630700114,2861900
2025-05-15,111.87885284423828,111.9074335221378,111.65972219911198,111.75500081709438,2399900
2025-05-16,111.88838958740234,112.17420365410902,111.8788602712239,112.16468160666908,1578700
2025-05-19,111.95508575439453,111.95508575439453,111.64068372373161,111.65973508828444,2027900
2025-05-20,111.9264907836914,111.99318145422023,111.74547013422544,111.82169012018352,2498000
2025-05-21,111.58351135253906,111.76452473851809,111.48823273295855,111.69783406605463,2497600
2025-05-22,111.82170104980469,111.84075241378734,111.58351902195886,111.6883196957101,2611900
2025-05-23,112.00271606445312,112.19326605072266,111.92650333868407,112.1837367342245,2081600
2025-05-27,112.20279693603516,112.26948761929764,112.01225420349644,112.11705488701453,2965000
2025-05-28,112.03129577636719,112.1170450866316,111.96460509893427,112.07893508970727,1972300
2025-05-29,112.29805755615234,112.3837995914182,112.18372757372637,112.20277893642829,4291200
2025-05-30,112.60293579101562,112.60293579101562,112.34569513506173,112.39333444727201,1800400
2025-06-02,112.36685943603516,112.52932039926688,112.27129459243592,112.41463821226968,1745900
2025-06-03,112.27130126953125,112.51976841944027,112.22351519932455,112.46243096809675,1289500
2025-06-04,112.75871276855469,112.82560890912148,112.4720181480395,112.51024555566802,1927000
2025-06-05,112.47200012207031,112.83514949964035,112.4433313937268,112.73002596829325,1529800
2025-06-06,111.91771697998047,112.11840537533163,111.86993090393572,112.05150924354791,4591500
2025-06-09,112.05152130126953,112.13752749804725,111.9463977555641,111.9463977555641,1402800
2025-06-10,112.11839294433594,112.27130253782022,112.08972421834032,112.25218519306932,1369400
2025-06-11,112.47200012207031,112.50066885041383,112.28086311456136,112.34775924440666,1607800
2025-06-12,112.7491455078125,112.77781423671368,112.6249046277321,112.75869689002525,956000
2025-06-13,112.53889465332031,112.65356956506544,112.35731632154894,112.61534216410665,1310200
2025-06-16,112.39554595947266,112.60579302336478,112.39554595947266,112.47200076291186,1678300
2025-06-17,112.67269134521484,112.71091874767802,112.45288560383449,112.55800913782534,1323300
2025-06-18,112.73002624511719,112.9976107651555,112.6344613866937,112.79692237512677,1135000
2025-06-20,112.84471130371094,112.94983483797472,112.63446423518337,112.66313296432232,1129700
2025-06-23,113.15052795410156,113.36077503140133,112.99761833747196,113.01673568511657,1368800
2025-06-24,113.37986755371094,113.41809495195646,113.08361433122145,113.12184172946698,2317700
2025-06-25,113.45633697509766,113.48500570469461,113.20786250003788,113.28431730638421,1547200
2025-06-26,113.73348236083984,113.74303374346758,113.55190401506806,113.61880014912107,1942100
2025-06-27,113.58057403564453,113.75259370961119,113.5232365746996,113.55190530517206,2391100
2025-06-30,113.80992126464844,113.83859728375684,113.61879155071317,113.74302513565797,1731900
2025-07-01,113.56266021728516,113.792685221605,113.4859925279758,113.71601022016505,4456200
2025-07-02,113.4668197631836,113.56265985861553,113.38056587093402,113.44765466894944,1217000
2025-07-03,113.1697006225586,113.26554070727666,113.09302562993224,113.19845191676103,990400
2025-07-07,113.06428527832031,113.16012537231397,113.01636157525824,113.14096027836742,1743000
2025-07-08,112.96844482421875,112.97802371509626,112.89176982441606,112.901356027424,1442300
2025-07-09,113.29431915283203,113.31349156164822,113.08346652864293,113.08346652864293,1232400
2025-07-10,113.26555633544922,113.27514253888263,113.1313787359044,113.24639124071315,659900
2025-07-11,113.04509735107422,113.10260724927863,112.98759476499926,113.09302104755632,703000
2025-07-14,113.02593994140625,113.16011752611998,112.96843735142322,113.07386364114542,1866800
2025-07-15,112.7575912475586,113.0930352286072,112.71925374799156,113.0930352286072,1068500
2025-07-16,113.04509735107422,113.083434845834,112.85341718940472,112.85341718940472,3135500
2025-07-17,112.97802734375,113.14096355159656,112.93011095143216,113.0642885493312,1696800
2025-07-18,113.21761322021484,113.30387441206534,113.16969683552414,113.25595071524512,724800
2025-07-21,113.428466796875,113.53389308111467,113.39971550337864,113.48597669599728,729400
2025-07-22,113.60099029541016,113.66807908925394,113.51473640852392,113.51473640852392,1128500
2025-07-23,113.3518295288086,113.54351706945916,113.3518295288086,113.49559335626351,1494100
2025-07-24,113.21761322021484,113.28470200848545,113.10260804725354,113.10260804725354,1142400
2025-07-25,113.3518295288086,113.38058814400519,113.21765190641922,113.23682431655027,1597500
2025-07-28,113.2559585571289,113.29429605481369,113.21762105944413,113.2751309620363,1198900
2025-07-29,113.61058044433594,113.6297455380441,113.33263905672004,113.33263905672004,1314000
2025-07-30,113.36139678955078,113.62017309815077,113.30389419303113,113.38056919647785,1816000
2025-07-31,113.39014434814453,113.54349434998042,113.34222795666872,113.41889564545612,3330700
2025-08-01,114.40043640136719,114.44849537148536,114.10243851752587,114.10243851752587,4335200
2025-08-04,114.46772766113281,114.51578663244105,114.27546977423438,114.45811293331577,1605400
2025-08-05,114.37159729003906,114.47732995576281,114.31391625959465,114.35236783526153,1675800
2025-08-06,114.39081573486328,114.41965258221471,114.15049889508416,114.30430519280901,1596900
2025-08-07,114.32353210449219,114.42927210513771,114.25624367988944,114.36198368053495,1995900
2025-08-08,114.13127899169922,114.21778953543388,114.10243480989959,114.21778953543388,1950800
2025-08-11,114.15049743652344,114.23700797747233,114.10243113562662,114.15049743652344,1195900
2025-08-12,114.18893432617188,114.20815644372601,114.06397222735278,114.10241646246104,1450400
2025-08-13,114.4869384765625,114.5446195038799,114.4100353293978,114.43887951000039,1289400
2025-08-14,114.24662780761719,114.35236780720315,114.18895411107509,114.3139162315457,2887700
2025-08-15,114.16011047363281,114.31390943322795,114.11204417344747,114.27545785985724,1330200
2025-08-18,114.112060546875,114.21780055534471,114.04477211729326,114.21780055534471,1930600
2025-08-19,114.27545928955078,114.29468874342058,114.217785595717,114.217785595717,2919000
2025-08-20,114.35237121582031,114.44849649088518,114.27546806221306,114.28508278988606,1844500
2025-08-21,114.13127899169922,114.31391480643508,114.06399056860957,114.29469268579007,1727800
2025-08-22,114.62150573730469,114.69840887804196,114.23699736750548,114.24661209356942,2197000
2025-08-25,114.49656677246094,114.55424047272551,114.4292783441894,114.49656677246094,1222000
2025-08-26,114.73688507080078,114.75610719316657,114.5830787563196,114.61192294070136,1503400
2025-08-27,114.90990447998047,114.90990447998047,114.66958763290017,114.7080392084996,1389700
2025-08-28,114.9771957397461,114.99641786107584,114.82338943355472,114.85223361638185,1105700
2025-08-29,115.05408477783203,115.10214374220463,114.9291153359109,114.95795218131194,1312500
2025-09-02,114.8593521118164,114.91719398476984,114.76294653846942,114.76294653846942,1991300
2025-09-03,115.0521469116211,115.14855982654328,114.83041485995463,114.84005762250139,1589000
2025-09-04,115.30282592773438,115.31246869184308,115.14857847836471,115.2064203524691,1710000
2025-09-05,115.60169219970703,115.8523452230991,115.60169219970703,115.79450334928154,2540200
2025-09-08,115.76557922363281,115.80414292354025,115.66917365150103,115.7848573959497,2039500
2025-09-09,115.5823974609375,115.85233599094022,115.53419099974845,115.7655731871279,1665300
2025-09-10,115.66915893554688,115.77519990270925,115.65951617297839,115.73664356298079,1110100
2025-09-11,115.69808959960938,115.9294644338053,115.68844683622982,115.78485240420532,2054000
2025-09-12,115.5342025756836,115.61132997920451,115.45708252743671,115.61132997920451,1852400
2025-09-15,115.65953063964844,115.71737251174872,115.64988787587384,115.69809433947317,1124000
2025-09-16,115.74629974365234,115.8041489741729,115.67881510410673,115.69810063270495,1893500
2025-09-17,115.54383087158203,115.97766694560686,115.47634624077014,115.78484846094923,3631900
2025-09-18,115.38959503173828,115.48600060611592,115.28354669334072,115.37030950369845,1952300
2025-09-19,115.37995910644531,115.43780098344548,115.3028317002622,115.38960187103676,1665100
2025-09-22,115.27391052246094,115.42816533450691,115.2642677578895,115.40887980536404,1730600
2025-09-23,115.43780517578125,115.44744794072291,115.28355771308756,115.37032053173878,2705900
2025-09-24,115.2353286743164,115.36066252818706,115.22568591126333,115.35101976513398,2221800
2025-09-25,115.01361083984375,115.10037365223592,114.92684067217758,115.06180995052583,2325800
2025-09-26,115.03288269042969,115.12928826176906,114.97504081868078,115.00396175455523,1581000
2025-09-29,115.177490234375,115.22568934052862,115.09072007486114,115.10036283820119,945600
2025-09-30,115.216064453125,115.39923284167166,115.19677892468387,115.27390632790036,2975800
2025-10-01,115.51191711425781,115.59893184110797,115.38621933996764,115.56992693215791,3062600
2025-10-02,115.56025695800781,115.58926924378557,115.40556165034306,115.4248957975649,1850500
2025-10-03,115.39588928222656,115.62793592880884,115.37655513527382,115.55059196436801,1536500
2025-10-06,115.24120330810547,115.37656447762485,115.22186178295671,115.26053745662375,1657300
2025-10-07,115.4249038696289,115.51192597978796,115.28954269971973,115.3185476108959,1875200
2025-10-08,115.37655639648438,115.54092246558398,115.35721487269032,115.53125170368695,1237700
2025-10-09,115.33788299560547,115.37655866732482,115.29920732388612,115.35721714315008,1739900
2025-10-10,115.81165313720703,115.87933372210694,115.52159664904909,115.58927723394899,3336600
2025-10-13,115.91800689697266,115.91800689697266,115.76331158194934,115.82132140300429,818900
2025-10-14,116.0823745727539,116.11137948368076,115.90833773056234,115.9566841665274,2363800
2025-10-15,115.98568725585938,116.11137766011188,115.91800667254952,116.03403369106513,2062300
2025-10-16,116.36275482177734,116.3820963446795,115.9179956912133,115.93733721411546,3291000
2025-10-17,116.19839477539062,116.29508026501746,116.13071419498884,116.28540950306578,2312600
2025-10-20,116.26608276367188,116.26608276367188,116.16939726788473,116.22740709003092,1622600
2025-10-21,116.37242889404297,116.43043871114052,116.32408246204179,116.38209965576918,1623700
2025-10-22,116.39176940917969,116.43044508157078,116.27574976863663,116.33375958890817,2118700
2025-10-23,116.1404037475586,116.29509908066404,116.12106222052591,116.25642340322987,1305400
2025-10-24,116.21772766113281,116.28540824079992,116.1307129344022,116.26607409373644,1834700
2025-10-27,116.15006256103516,116.17907485044182,116.00503799715639,116.10172349861921,1728300
2025-10-28,116.20806884765625,116.24674451993471,116.10171259304805,116.12104674087216,2217300
2025-10-29,115.72463989257812,116.19840399297256,115.68596421833338,116.19840399297256,2238000
2025-10-30,115.68597412109375,115.7826596266666,115.56027632488093,115.56994708842758,2831700
2025-10-31,115.78265380859375,115.83100024726639,115.71497322043058,115.76331965910322,1839400
2025-11-03,115.74966430664062,115.82725278763675,115.68177623558022,115.70117705545165,2179900
2025-11-04,115.8563461303711,115.8951403707058,115.80785887938627,115.83695270982612,1351800
2025-11-05,115.53630828857422,115.76907374889878,115.50721445584499,115.75937333824058,2048600
2025-11-06,115.92423248291016,115.99212055267847,115.81755017338214,115.83695099288433,1523600
2025-11-07,115.99212646484375,116.13760302154648,115.89514456012363,115.90484497036914,1493100
2025-11-10,115.84664916992188,115.95333148420772,115.83695615898316,115.87575040047301,2699700
2025-11-11,116.1084976196289,116.13759144822119,116.02120873460775,116.0600029724789,934000
2025-11-12,116.08910369873047,116.1569917692276,116.0406164479438,116.06000986840952,1284700
2025-11-13,115.89514923095703,116.0115319608587,115.87575580892943,115.89514923095703,2007600
2025-11-14,115.81755828857422,116.16669907163075,115.78846445652704,116.12790482915278,1810800
2025-11-17,115.86604309082031,115.92423074996769,115.83694926124663,115.8757435004264,2780900
2025-11-18,116.04063415527344,116.20550415174714,115.93395182832084,116.13761607089056,1984800
2025-11-19,116.01152038574219,116.16668994421694,115.94363231655112,116.13759611445572,1876400
2025-11-20,116.20549011230469,116.27337818495931,116.04062013574986,116.08910738807747,2024300
2025-11-21,116.45765686035156,116.51584452677915,116.30247988421736,116.45765686035156,2331200
2025-11-24,116.51583862304688,116.54493245478652,116.39945589684321,116.49644520163548,2488400
2025-11-25,116.71949768066406,116.80678657126633,116.5740211291568,116.5740211291568,2594300
2025-11-26,116.73890686035156,116.73890686035156,116.54493564470299,116.65161796349838,1253000
2025-11-28,116.63221740722656,116.75829314025218,116.57402234646909,116.73889971949626,1048600
2025-12-01,116.29178619384766,116.42795865471012,116.2723361655141,116.37932987345499,2965800
2025-12-02,116.38905334472656,116.40850337218221,116.272330917466,116.32095969652623,1326300
2025-12-03,116.52522277832031,116.57385155611976,116.41822907798269,116.52522277832031,1801400
2025-12-04,116.32096862792969,116.39878358541155,116.26261112023968,116.39878358541155,1736500
2025-12-05,116.1556167602539,116.33069670318899,116.12643800657185,116.33069670318899,2263000
2025-12-08,115.98052215576172,116.09724457657734,115.85407843217614,116.08751585296558,2242700
2025-12-09,115.85409545898438,116.08753291408159,115.85409545898438,116.07780418904002,2532800
2025-12-10,116.16533660888672,116.184786636241,115.80544802567408,115.81517674977232,4615200
2025-12-11,116.20423889160156,116.38904753699842,116.17506014145297,116.35014006318634,3260300
2025-12-12,116.09725952148438,116.14589572496216,116.03890201398525,116.05835204287071,3180700
2025-12-15,116.1847915649414,116.33069274923541,116.14589150858266,116.25287779483294,1243100
2025-12-16,116.38905334472656,116.41823209633115,116.18478724181001,116.19451596595896,1770900
2025-12-17,116.38905334472656,116.39877464803328,116.29178094492165,116.30150966907058,2980100
2025-12-18,116.5738525390625,116.63221746209281,116.45713753468605,116.59330998701996,1568500
2025-12-19,116.43822479248047,116.52604029856857,116.40895543841262,116.46750159043287,1365300
2025-12-22,116.34065246582031,116.37968075075032,116.3016241808903,116.36992181854676,1116600
2025-12-23,116.23333740234375,116.27236569091998,116.10650104738467,116.1455293359609,1340200
2025-12-24,116.40897369384766,116.42849156221008,116.2821373250348,116.32116561787392,648900
2025-12-26,116.5553207397461,116.57483860690431,116.46751266918997,116.5650796733252,1381900
2025-12-29,116.68215942382812,116.68215942382812,116.59435135152377,116.62362070895855,1331700
2025-12-30,116.65287780761719,116.70166502747183,116.58458016615147,116.6138495205104,1370400
2025-12-31,116.44799041748047,116.63337292907698,116.4187210617305,116.53580592861539,1215900
2026-01-02,116.41873168945312,116.53581656702656,116.37970339692865,116.52605763292402,1201300
2026-01-05,116.61385345458984,116.633371320744,116.48701710012729,116.52604538855074,3155700
2026-01-06,116.60411071777344,116.6138622076976,116.4479975523617,116.55532349261091,2074200
2026-01-07,116.66264343261719,116.73094107800075,116.58458685392596,116.72118214469309,1987100
2026-01-08,116.46749877929688,116.55530683938103,116.45773984688162,116.48700920024301,1308700
2026-01-09,116.42848205566406,116.54555948073619,116.36993589924289,116.4577514119321,1852800
2026-01-12,116.37969207763672,116.46750758824712,116.34066378890819,116.36018165521492,1218600
2026-01-13,116.50653839111328,116.54555923679891,116.41872287860787,116.50653839111328,1517800
2026-01-14,116.61385345458984,116.69191003143673,116.54555581082002,116.54555581082002,1082300
2026-01-15,116.38945770263672,116.56508129007011,116.37969876892227,116.55532235635566,2038100
2026-01-16,116.18456268310547,116.38945562413787,116.14553439282999,116.36993775705751,1764400
2026-01-20,116.02845001220703,116.13577594994676,115.99918065534807,116.05771936906599,1244700
2026-01-21,116.1650390625,116.17479799555683,116.02844377524382,116.10650035192873,2374400
2026-01-22,116.09674072265625,116.11625858865285,115.99917372432762,116.06747136754613,1289300
2026-01-23,116.20407104492188,116.223588911656,116.07723468669045,116.10650404290654,1128200
2026-01-26,116.2821273803711,116.33091460321906,116.24309909086973,116.2821273803711,1008600
2026-01-27,116.29188537597656,116.37969344373273,116.26261602005783,116.26261602005783,1476400
2026-01-28,116.24310302734375,116.29189025184385,116.1260181548747,116.28213131816676,1191300
2026-01-29,116.36994171142578,116.4382393607574,116.23334641276253,116.23334641276253,1516400
2026-01-30,116.44799041748047,116.50653657286541,116.3894517059805,116.42847999494214,1901800
2026-02-02,116.2884750366211,116.46464033748609,116.26890443290104,116.46464033748609,2058200
2026-02-03,116.32762145996094,116.35698109839598,116.20039387112713,116.20039387112713,1215900
2026-02-04,116.32762145996094,116.41570037526604,116.23953507780985,116.2591131479972,1305000
2026-02-05,116.81696319580078,116.84632283285778,116.54292996080802,116.61143826955622,2219800
2026-02-06,116.76803588867188,116.87569287869904,116.67995696965671,116.86591131003934,2505700
2026-02-09,116.83653259277344,116.85611066183985,116.74845368251121,116.79738392148614,1106000
2026-02-10,117.09100341796875,117.12036305677772,117.02249510513246,117.04206570872309,1262100
2026-02-11,116.85611724853516,116.98334483725597,116.76803086646231,116.79739050487127,2181300
2026-02-12,117.26715850830078,117.27694754266689,116.92461697394127,116.93440600830738,3276500
2026-02-13,117.58035278320312,117.61950145794302,117.49227386517303,117.5216335045164,2193000
2026-02-17,117.52162170410156,117.6194896477012,117.4824730332926,117.57055194247864,1252500
2026-02-18,117.36502075195312,117.42374748845246,117.35523918490746,117.38459881973459,1253200
2026-02-19,117.40418243408203,117.48247978019647,117.33567412294336,117.35525219289492,1298000
2026-02-20,117.46290588378906,117.47269491911266,117.30631865284242,117.46290588378906,1827000
2026-02-23,117.76630401611328,117.82502329325163,117.52163040557545,117.53141197386783,1350100
2026-02-24,117.70756530761719,117.76629204563223,117.63905700230404,117.73693241004734,1794700
2026-02-25,117.60969543457031,117.68799277274054,117.58033579946776,117.59991386743289,1846200
2026-02-26,117.81523132324219,117.83480939303129,117.67821470210188,117.67821470210188,1630600
2026-02-27,118.14797973632812,118.20669900625262,118.04032276356982,118.07947143246786,2286200
2026-03-02,117.64846801757812,117.90363029410162,117.54051503471725,117.90363029410162,2836900
2026-03-03,117.5895767211914,117.67790528439659,117.26571780173077,117.29515816034082,3770000
2026-03-04,117.37367248535156,117.56995402457068,117.37367248535156,117.56013807576593,3830700
2026-03-05,117.17739868164062,117.22646345101795,117.05962975785978,117.11851047606262,2221100
2026-03-06,117.18721008300781,117.41292448560996,116.97130414147541,116.97130414147541,3297500
2026-03-09,117.37367248535156,117.41292879319539,117.00074879189796,117.10870176662469,3441500
2026-03-10,117.15776824951172,117.42274645948945,117.13814383899033,117.37367420212313,1692100
2026-03-11,116.88298034667969,117.08907034817176,116.85353998752012,117.04981404016729,2388300
2026-03-12,116.51004791259766,116.81427491759408,116.41191089363505,116.73576230747416,3384500
2026-03-13,116.53948974609375,116.76521163120474,116.4806090314451,116.7063234291814,3052600
2026-03-16,116.87316131591797,116.89279321309009,116.72595952400185,116.83391249632365,3122200
2026-03-17,116.95166778564453,117.05962075229488,116.95166778564453,116.97129968178527,2191100
2026-03-18,116.53948974609375,116.89278900873505,116.53948974609375,116.8339082940864,2901600
2026-03-19,116.51004791259766,116.61800087966888,116.20582090760124,116.23526126455255,4893800
2026-03-20,115.88196563720703,116.13712039702938,115.79363707621096,116.11749598757183,5392200
2026-03-23,116.15675354003906,116.33340317655154,115.88196688043631,115.950663545337,7691100
2026-03-24,115.81327819824219,116.0291841563476,115.63662854955372,115.8034622490441,4736400
2026-03-25,116.17638397216797,116.23527217897477,116.01936622455887,116.14694361245222,3282400
2026-03-26,115.54829406738281,115.98010596149209,115.51885370867083,115.89177739798107,2778100
2026-03-27,115.76420593261719,115.81327819122923,115.45997889387368,115.46979484307117,3357200
2026-03-30,116.22545623779297,116.32359326597721,116.12731920960874,116.1665755183575,4371400
2026-03-31,116.39228820800781,116.58856974884016,116.34322343833114,116.48061677322617,3898500
2026-04-01,116.29483032226562,116.50154953694948,116.28498440435644,116.34405240157673,3196200
2026-04-02,116.44249725341797,116.5803100729162,116.31453035252257,116.32436876089002,2805800
2026-04-06,116.2259292602539,116.35389615801655,116.15702285219167,116.2259292602539,1499800
2026-04-07,116.44249725341797,116.51140366316709,116.07827336746668,116.28499259671403,1551200
2026-04-08,116.63936614990234,116.85593128955675,116.58030566099119,116.84608537132651,2302100
2026-04-09,116.6590576171875,116.82640067539629,116.50155296694268,116.60983553642723,884400
2026-04-10,116.57044982910156,116.68857830711283,116.52123526260606,116.66888647232705,1129500
2026-04-13,116.7181167602539,116.72796267833947,116.48186729784554,116.56061962205999,1210900
2026-04-14,116.96421813964844,116.96421813964844,116.65906225546021,116.69843841958698,1087600
2026-04-15,116.8165512084961,116.89530353122613,116.73779888576607,116.89530353122613,852300
2026-04-16,116.7181167602539,116.89530573461894,116.70827084216835,116.88545981653338,1156200
2026-04-17,117.16108703613281,117.25953119785865,117.07249630286168,117.11187246550499,1213700
2026-04-20,117.0626449584961,117.15124319789558,116.98389263685984,117.12171295484067,889700
2026-04-21,116.6787338256836,116.96420535171494,116.6787338256836,116.91498327437918,1194200
2026-04-22,116.77717590332031,116.90515030625362,116.74764565963876,116.8854584703093,649700
2026-04-23,116.63936614990234,116.83624696333139,116.50155333561956,116.79687080064558,1117200
2026-04-24,116.83624267578125,116.87561883702207,116.55077113946143,116.59998570833633,793900
2026-04-27,116.7181167602539,116.81655341040448,116.649210354125,116.74764700427558,591900
2026-04-28,116.59014892578125,116.61967916956476,116.51139660220193,116.57045708976895,1552000
2026-04-29,116.1963882446289,116.39326153220472,116.07825976594272,116.39326153220472,1044900
2026-04-30,116.3834228515625,116.4523292530756,116.31451645004941,116.41295309360605,871000
2026-05-01,116.42292022705078,116.65989123273722,116.34392738076448,116.39329225981409,961700
2026-05-04,116.15632629394531,116.29456001435783,115.96872015916857,116.28468402485043,1098800
2026-05-05,116.21556854248047,116.32418182883127,116.19582409640437,116.23532052172945,833500
2026-05-06,116.57102966308594,116.63027806807975,116.51178879126503,116.55128521686994,903300
2026-05-07,116.3834228515625,116.7783720134173,116.33405043974446,116.7783720134173,1096700
2026-05-08,116.5611572265625,116.66977050997414,116.54140524784802,116.64014254190242,703900
2026-05-11,116.31431579589844,116.50191440363535,116.28468782640765,116.48216995714785,733500
2026-05-12,116.04771423339844,116.116831094334,116.03783824378682,116.116831094334,800200
2026-05-13,116.09708404541016,116.11682849101786,115.90947791285991,116.02796718602418,1338000
2026-05-14,115.97859954833984,116.25506699726893,115.96872355854295,116.23532255084812,623600
2026-05-15,115.47502899169922,115.62313870526621,115.43554009904278,115.603394258938,1246300
2026-05-18,115.46515655517578,115.67250713375329,115.34666728177177,115.57376983916961,2870700
2026-05-19,115.19855499267578,115.31704426342543,115.04057683151544,115.238051416259,1323700
2026-05-20,115.66263580322266,115.74162865534048,115.22818264974758,115.23805863955556,2614900
2026-05-21,115.68238067626953,115.71200111070083,115.31704440754756,115.4355336784453,2286200
2026-05-22,115.66263580322266,115.80086952784235,115.46516120610107,115.7811250813994,1577100
2026-05-26,115.95885467529297,115.99835110116223,115.820620951337,115.97859912164111,1136900
2026-05-27,115.99834442138672,116.11682615899879,115.96871645381117,115.99834442138672,1107400
2026-05-28,116.12670135498047,116.25505908090763,115.95884720572823,116.00821208500523,1260200
2026-05-29,116.25506591796875,116.33405876926456,116.16620461014067,116.23532147173125,1319900
2026-06-01,116.11540985107422,116.12530933264279,115.81825915318191,115.9073998284359,997000
2026-06-02,116.10549926757812,116.19463994011038,116.05597163382292,116.18474045884408,1070800
2026-06-03,115.9569320678711,116.0163591870667,115.85788435025961,115.91731146945521,841100
2026-06-04,116.06587982177734,116.19464109121817,116.0460733021926,116.14512101382832,783500
2026-06-05,115.62016296386719,115.72911015839648,115.56072829056671,115.6993966001743,1864900
2026-06-08,115.60034942626953,115.8182589300566,115.5904423878639,115.77863833329022,1534000
2026-06-09,115.77864074707031,115.85788194225513,115.66968599290527,115.73902014947791,1240100
2026-06-10,115.739013671875,115.8776819772594,115.66967951918281,115.84796841994215,848600
2026-06-11,116.23426055908203,116.26397411659875,115.7588285251027,115.79844912074364,1738000
2026-06-12,116.09558868408203,116.18473691074776,115.98663393863264,116.09558868408203,1312000
2026-06-15,116.22434997558594,116.37292531549322,116.20454345679762,116.31349820227258,619300
2026-06-16,116.37293243408203,116.46208066622192,116.25407820037039,116.27388472037028,726000
2026-06-17,115.7885513305664,116.38284519893433,115.76873725273543,116.3630386779599,1675200
2026-06-18,116.07579040527344,116.26397879607228,116.05597632822752,116.09559692546313,1501600
2026-06-22,115.808349609375,115.92721139733172,115.78854308981022,115.88759080134615,1151200
2026-06-23,115.9569320678711,116.04608030352097,115.91731146945521,115.9866456274689,1738500
2026-06-24,116.3531265258789,116.40264660456708,116.224357696206,116.224357696206,1666200
2026-06-25,116.4521713256836,116.61065370997434,116.43236480607526,116.51159844136463,537600
2026-06-26,116.68988800048828,116.72950859678345,116.55121969188325,116.55121969188325,896500
2026-06-29,116.66017150878906,116.6799855848664,116.56112379896997,116.63045795152892,1226700
2026-06-30,116.33331298828125,116.56112953324296,116.32341350661144,116.54132301304709,1442100
2026-07-01,116.19718933105469,116.35616304892501,116.17732140646295,116.2568082653981,1092000
2026-07-02,116.35616302490234,116.4356498838211,116.25680824139594,116.31641959544297,957400
2026-07-06,116.44558715820312,116.44558715820312,116.3064889367535,116.3760380474783,900800
2026-07-07,116.08790588378906,116.30649097283207,116.06803795764182,116.29656079990079,983400
2026-07-08,115.9289321899414,115.95873786736506,115.77989622253892,115.91899443737212,1038500
2026-07-09,116.08790588378906,116.19719842831057,115.99848884569947,116.00842659891543,935600
2026-07-10,116.01834869384766,116.13757898328348,115.96867509179584,116.08789780094752,1345800
2026-07-13,115.70040893554688,115.91899400955923,115.68054101076582,115.90906383731078,1419900
2026-07-14,115.98854064941406,116.15745211773864,115.88918586705397,116.03822183073612,1203300
2026-07-15,116.22700500488281,116.30648428518637,116.10777471400112,116.10777471400112,2224400
2026-07-16,116.19718933105469,116.19718933105469,116.0580911180602,116.09783454752778,794000
2026-07-17,116.22700500488281,116.4753957590065,116.20712949959375,116.37603339312963,984800
2026-07-20,116.0084228515625,116.15745882384893,115.91899823607686,116.13758331805904,1202700
2026-07-21,115.79977416992188,115.90906670963642,115.76996091158527,115.90906670963642,705200
2026-07-22,115.61099243164062,115.78983407662356,115.60105467906263,115.78983407662356,835800
2026-07-23,115.41228485107422,115.45202070150272,115.3228602368993,115.39240934557564,859100
2026-07-24,115.58118438720703,115.71034484693911,115.50169752877927,115.53150320561866,4019800
2026-07-27,115.7103500366211,115.79977465143408,115.6408009274485,115.6706066056247,734500
2026-07-28,115.9289321899414,116.04816247992022,115.83950757738624,115.83950757738624,988800
2026-07-29,115.81964111328125,116.03822619085719,115.66067497158875,115.81964111328125,1833100
2026-07-30,115.88919067382812,115.9885454603092,115.81964156526294,115.92893410447742,822900
2026-07-31,115.730224609375,115.730224609375,115.54144520873494,115.69048117869897,1304200
2026-08-03,115.84883880615234,115.87874178077497,115.7591222772553,115.83886861293509,2604700
2026-08-04,116.18775177001953,116.22762493869843,116.09804284426401,116.14787860134065,1533500
2026-08-05,116.23759460449219,116.26749757960829,116.07810193050062,116.1279452923803,2697800
2026-08-06,115.95848846435547,116.12794372441155,115.90864510314877,116.11797353116438,1242300
2026-08-07,116.17778778076172,116.30736987363363,116.09804144436552,116.27746689874236,1065000
2026-08-10,115.87873840332031,116.02826087710457,115.87873840332031,116.00832049125124,735100
2026-08-11,115.97842407226562,116.10801377254953,115.96845387877548,116.04820021663797,1246700
2026-08-12,116.08807373046875,116.257528995158,116.06814094845859,116.23759621314782,815000
2026-08-13,116.39707946777344,116.53663935978409,116.35721390437527,116.39707946777344,1032600
2026-08-14,116.2176513671875,116.46685296041505,116.1977185859421,116.4369499860324,751400
2026-08-17,116.14787292480469,116.26749242499514,116.12794014395408,116.19771628447461,1156400
2026-08-18,116.20768737792969,116.24756054496883,116.04819470977314,116.08806787681227,1151800
2026-08-19,116.37714385986328,116.40704683420036,116.17778562759678,116.40704683420036,903300
2026-08-20,116.17778778076172,116.23759373054426,116.0880712510587,116.12794441925679,1497100
2026-08-21,116.03823852539062,116.14788023451261,115.99836535615108,116.14788023451261,912000
2026-08-24,116.12794494628906,116.19772108969511,116.06813899623509,116.06813899623509,596100
2026-08-25,116.4867935180664,116.49676371121832,116.31733825962934,116.33727104090407,1659600
2026-08-26,116.32730102539062,116.34724141172491,116.2375921019737,116.32730102539062,1242400
2026-08-27,116.22762298583984,116.36717527135654,116.19772001109044,116.3273021033476,831600
2026-08-28,115.81893920898438,116.3771483649628,115.80896901547638,116.2375960759682,1350000
2026-08-31,115.79899597167969,115.8189363582049,115.71924963563727,115.79899597167969,856900
2026-09-01,115.52999877929688,115.76000213623047,115.5,115.62000274658203,2921500
2026-09-02,115.62999725341797,115.62999725341797,115.5,115.58999633789062,1309400
2026-09-03,115.70999908447266,115.87000274658203,115.70999908447266,115.87000274658203,1244900
2026-09-04,115.66000366210938,115.76000213623047,115.62999725341797,115.66999816894531,864100
2026-09-08,115.56999969482422,115.68000030517578,115.5,115.68000030517578,2062300
2026-09-09,115.37000274658203,115.55999755859375,115.33000183105469,115.51000213623047,1271900
2026-09-10,114.75,114.9800033569336,114.70999908447266,114.95999908447266,1617200
2026-09-11,114.55000305175781,114.88999938964844,114.5199966430664,114.83000183105469,1656700
