Price,Close,High,Low,Open,Volume
Ticker,IWM,IWM,IWM,IWM,IWM
Date,,,,,
2020-01-02,153.06907653808594,153.96470443160229,151.63791754718955,153.9554762379535,18297500
2020-01-03,152.4689178466797,152.72744815380398,151.14855355279602,151.18549450458238,19295600
2020-01-06,152.67205810546875,152.84747832387302,151.00082513403413,151.28706821308958,17150900
2020-01-07,152.1642303466797,152.66282052419908,151.6194710202233,152.21039949561668,11817900
2020-01-08,152.6351318359375,153.2999281753428,152.0903724738503,152.1827107777638,13832400
2020-01-09,152.81979370117188,153.68772303439633,152.5889620312227,153.38302353940176,11895400
2020-01-10,152.24732971191406,152.98599384462284,151.6102320735633,152.8567286780623,15353000
2020-01-13,153.2352752685547,153.30912899188,151.49018871146924,152.29347827444434,17271100
2020-01-14,153.7985382080078,154.7403213165696,152.33043801859537,152.4781736748258,18323000
2020-01-15,154.53713989257812,155.0726709119875,153.40145232993652,153.4106805222417,15437200
2020-01-16,156.5315399169922,156.84546754466498,155.5158751347046,155.66361075555446,19976200
2020-01-17,156.10684204101562,157.4825897199886,155.73750293110785,157.22405938747636,18306400
2020-01-21,154.81417846679688,156.03297641336314,154.44485344054164,155.45127611260682,17935100
2020-01-22,154.71263122558594,155.69135534692873,154.3617625447844,155.2943315987362,14916300
2020-01-23,154.61105346679688,155.0911872968218,152.76440006238283,154.28789757433285,15954300
2020-01-24,152.7090301513672,155.12814203735505,151.63796760304817,155.12814203735505,20491400
2020-01-27,150.97314453125,151.8780148465318,149.9667218036655,150.3637596131968,18539000
2020-01-28,152.22885131835938,152.71821328695256,150.95467019676096,151.88722498639507,16690400
2020-01-29,151.36093139648438,152.86595834863752,151.3332327240144,152.44123597820007,14944400
2020-01-30,151.36093139648438,151.55483619262085,149.51427809130374,150.3545087264841,21889700
2020-01-31,148.2216033935547,151.35167969616327,147.75994013895848,150.7976922439545,30439000
2020-02-03,149.8743896484375,150.43760538361985,149.10802683286704,149.20959332863774,17373200
2020-02-04,152.13648986816406,152.63507990867154,151.57326021913846,151.71175353904545,15994200
2020-02-05,154.4818115234375,154.68494455557854,152.98602654935306,153.71544855469622,17807000
2020-02-06,154.13088989257812,155.25734937899423,153.97392607415551,155.01728955473223,14768900
2020-02-07,152.23809814453125,153.60461760201622,151.7948912214176,153.53997797574482,18029600
2020-02-10,153.09677124023438,153.1706390540461,151.85028886537953,151.9426130660105,11428800
2020-02-11,154.15859985351562,155.08192636078937,153.52150230928166,154.001621949096,15005600
2020-02-12,155.22039794921875,155.38658993459308,154.454035364916,155.13730195653162,12123000
2020-02-13,155.626708984375,155.99603400719676,154.29711636006218,154.39868285466514,12649300
2020-02-14,155.0265350341797,155.8390669743517,154.50947437728703,155.76519915353188,16006200
2020-02-18,154.69410705566406,155.17424075398702,153.66921413379123,154.65718019679775,13412100
2020-02-19,155.48818969726562,156.17145643520175,154.68490008491506,155.27582852975195,11084600
2020-02-20,155.8667449951172,156.14374576427994,153.81695902769496,155.02651449456644,20383800
2020-02-21,154.28782653808594,155.70051461493378,153.57686135984744,155.25730785796281,18729900
2020-02-24,149.64352416992188,154.25091412796368,148.74789638837458,149.44961941677676,28239500
2020-02-25,144.32521057128906,150.2806656431265,144.00205464299182,150.05907622688815,45047000
2020-02-26,142.65394592285156,146.33802377303735,142.39541562692742,145.00843134323063,39465000
2020-02-27,137.63101196289062,143.1248004680245,137.40942267428716,139.7454370172542,50530300
2020-02-28,135.1103973388672,137.69571490969463,132.87594842152873,133.74387777141376,72036400
2020-03-02,139.45001220703125,139.63467470520484,134.24245086100058,136.62463512732305,33569300
2020-03-03,136.60614013671875,142.3769302243534,135.09188538127714,139.50538451319267,42941300
2020-03-04,140.49339294433594,140.76115148612956,137.13248434641923,138.75753425360682,36195800
2020-03-05,136.02450561523438,140.78886100925288,134.33481594669968,137.42795215233832,32729400
2020-03-06,133.32835388183594,134.78721158383712,130.1798209193154,131.76794378028652,39688300
2020-03-09,120.36483764648438,125.7293621140539,120.27249936513307,123.84578233854263,56320000
2020-03-10,124.12277221679688,124.46441259556232,118.20426017449893,124.38131659350209,54432700
2020-03-11,116.22833251953125,122.12839509354198,114.64944511458427,120.88189873410111,51354800
2020-03-12,103.3848648071289,110.7068439134353,103.04323148108965,107.81682758649619,70114300
2020-03-13,110.30982971191406,110.76225777217469,101.15043155691322,109.23876747767088,57915100
2020-03-16,95.67510986328125,102.7662588062585,93.65302224864539,100.29174310625021,59095700
2020-03-17,100.06089782714844,102.02758078502151,92.89588203668514,96.91235100259564,59344800
2020-03-18,92.30494689941406,98.59279780824208,88.87017135725226,95.14879407350737,62296700
2020-03-19,95.90593719482422,98.61128443482177,88.35312526859515,92.01873302510074,62654700
2020-03-20,93.62532043457031,100.42100490373606,92.7481559211867,97.98342319679868,76203700
2020-03-23,92.2403335571289,94.34551718775889,88.55626220352644,94.08698685339006,63534700
2020-03-24,100.67952728271484,100.94729282601732,92.26802189666866,97.2909205542163,73386700
2020-03-25,101.93083190917969,105.66622450358638,98.26958567680464,101.47665450322049,56043700
2020-03-26,108.27082824707031,109.00307767115908,103.0709358984325,103.38608453223662,51657600
2020-03-27,104.33149719238281,107.53855913798557,102.7650464744645,104.04416145930203,39931500
2020-03-30,106.63019561767578,106.83411402008372,102.70015564867184,104.96177875402951,41552100
2020-03-31,106.09259796142578,107.67759050759446,103.77535615620943,106.22236293678503,52948000
2020-04-01,98.86280059814453,102.31085021390285,97.81540285232852,100.75366355092866,54224200
2020-04-02,99.7989730834961,102.32013341811493,96.92559452364652,97.9915272187236,43774200
2020-04-03,96.97193145751953,100.1048396335878,95.09959623757635,98.79791194397455,42189200
2020-04-06,104.3963851928711,105.05448107955056,101.0502871421289,101.11516963598007,48708100
2020-04-07,104.6651840209961,109.96703480095707,104.17392985286357,108.33569446750877,57546100
2020-04-08,109.43870544433594,110.52317300859926,105.00813984948662,106.48190237451196,52822300
2020-04-09,114.6756591796875,115.50059666489967,112.46037666479272,113.00724231540416,69528600
2020-04-13,111.57057189941406,114.48102732579174,110.41195088344647,113.86927203496334,40198200
2020-04-14,113.83219909667969,115.75087528001627,112.43258995447583,114.842520333442,35089700
2020-04-15,109.18843078613281,110.40266316347554,108.13176914582561,109.24404232351938,34809900
2020-04-16,108.3635025024414,109.76311150419205,106.18528948129511,109.4572338793084,49501300
2020-04-17,113.13701629638672,113.74877155256635,111.28322277583423,112.98871649200628,46250200
2020-04-20,111.80227661132812,113.91559984455664,110.33777820526267,110.84756712041641,36700500
2020-04-21,109.1328353881836,110.52318069183887,107.96495042470973,108.83622867293694,31608900
2020-04-22,110.45829010009766,112.14524199538911,110.08752996529111,111.52422283579345,24333800
2020-04-23,111.54275512695312,113.91561569282634,110.93100692932839,111.32957282765256,38571200
2020-04-24,113.4614486694336,114.3049211395453,111.3110411532623,112.64577490215154,27147500
2020-04-27,117.95687866210938,119.05061707545524,114.80542839724326,114.88884570771317,39021300
2020-04-28,119.67164611816406,121.84985925011334,117.97542328115472,121.53470358996644,47292700
2020-04-29,125.55744171142578,126.84582764597953,122.23914960341698,123.73145395725163,50390500
2020-04-30,120.78392028808594,123.22166340890877,120.62634952857627,122.25768281231419,43727500
2020-05-01,115.99185180664062,118.142251855434,114.277094335813,117.8549161430143,43352000
2020-05-04,116.49237823486328,116.69629664154732,113.31312225200203,114.564431390146,28498200
2020-05-05,117.39146423339844,120.42241322149953,116.88166823812959,118.70766287436702,31209400
2020-05-06,116.52946472167969,118.82816478400986,115.86209790627375,118.17006891650158,29836800
2020-05-07,118.12372589111328,119.10623419822153,117.29878833671842,118.07737822423941,27493000
2020-05-08,122.68405151367188,123.04554067194698,119.74579058239534,120.64488154023991,32122900
2020-05-11,122.07230377197266,123.23092475337582,119.87556291709546,120.8766131422265,33983200
2020-05-12,117.68807220458984,122.61915517146979,117.56757111072287,122.59134940262678,44275300
2020-05-13,113.74877166748047,116.86314535088782,111.60764241201083,116.46457946069994,58719300
2020-05-14,114.11952209472656,114.2585509397726,108.61375353776793,111.19979613053152,55904300
2020-05-15,115.9362564086914,116.35335715070292,112.58088736100963,113.09068344272286,40236600
2020-05-18,122.98067474365234,123.6387777702125,121.26592395292833,121.84059550899187,46981100
2020-05-19,120.55217742919922,123.69435654327819,120.55217742919922,122.55427761073288,30270000
2020-05-20,124.20415496826172,125.11250975342213,122.70258687435886,123.02699222596998,35901300
2020-05-21,124.42665100097656,125.18669914142441,122.887998677723,124.25053831847676,32716500
2020-05-22,125.02910614013672,125.17741301939539,123.2958136866836,124.82518771698665,24035200
2020-05-26,128.6347198486328,130.11776019084485,125.12178766187579,129.84895223395,36971000
2020-05-27,132.629638671875,133.00966969396896,127.29071904265322,131.2207659426279,42682000
2020-05-28,129.48745727539062,134.15902424306898,127.52244093210066,134.15902424306898,42105000
2020-05-29,128.74594116210938,129.09816642081134,126.43797751707149,128.18981164888177,41536400
2020-06-01,129.9787139892578,131.3134474355815,128.4771459338039,129.07962310231255,25567500
2020-06-02,131.053955078125,131.4803338847947,129.35773201570743,130.75735541797076,24666200
2020-06-03,134.21466064453125,135.39182355097486,132.64820277587575,133.16726272549164,36111700
2020-06-04,134.02003479003906,134.95620981843464,132.71310661633345,133.32486203508833,28904700
2020-06-05,139.20140075683594,141.1849741436436,138.6174651968199,139.83169814420035,53513400
2020-06-08,141.8986053466797,142.17667717150502,140.54534415228784,141.21271087454045,33834300
2020-06-09,139.27548217773438,140.6751051371971,138.16320905322925,139.831625811647,39646000
2020-06-10,135.4937286376953,139.27546819602418,135.23419873947537,139.11789748234196,51774500
2020-06-11,125.15884399414062,130.7202234709505,124.91785597507385,129.90454995515617,72041500
2020-06-12,128.16200256347656,130.71096832726627,124.34317878354105,130.07140738178416,63864900
2020-06-15,131.12509155273438,132.12021746289665,123.95454543713011,123.95454543713011,57354800
2020-06-16,134.2779083251953,136.42627811266027,131.16229814896747,136.42627811266027,48957000
2020-06-17,131.8505401611328,134.8452420548654,131.43202891821457,134.47322102359817,34811400
2020-06-18,131.8040313720703,133.28277767037474,130.0276682586564,130.5484834939472,26974100
2020-06-19,131.12509155273438,134.39879084842468,130.0555472595467,134.31509145424394,50293800
2020-06-22,132.43643188476562,132.5852402766653,129.11622801350615,130.42757535871715,28983200
2020-06-23,132.99444580078125,134.5383008152533,132.6689292429914,134.22209365069347,20344200
2020-06-24,128.67910766601562,131.6924136348951,126.77254101200342,131.2273980700701,42998700
2020-06-25,130.62289428710938,130.7438028982408,126.75396064241909,128.07461758715067,37191200
2020-06-26,127.10740661621094,130.0463096364037,126.9400077537321,129.7207929267106,39100100
2020-06-29,131.26455688476562,132.05508880349757,127.50723840088482,129.00458867448486,33935200
2020-06-30,133.161865234375,133.5710812478023,130.75308774487837,130.82749194651518,32865900
2020-07-01,131.8970489501953,134.3988212868018,131.35762908028278,133.59899378191795,26457500
2020-07-02,132.43643188476562,135.1149261743627,131.96212110062837,134.44530260196342,24022400
2020-07-06,133.39437866210938,135.5055536251434,132.92936302565306,135.15215139141927,19858200
2020-07-07,131.03207397460938,133.40365598866933,130.6507578385024,132.23180778415983,22661000
2020-07-08,132.00865173339844,132.52946701740882,129.3673661124017,130.91120736396041,27358900
2020-07-09,129.33946228027344,132.38996386977274,127.63750326441804,132.08305183171834,34647800
2020-07-10,131.42269897460938,131.59940716293852,128.7721187231195,129.40453309066686,24008200
2020-07-13,129.7579803466797,134.5197364063607,129.63707172775494,132.8084820963069,34235500
2020-07-14,131.90635681152344,132.04585584680362,128.9395543379044,129.6742729089686,28114000
2020-07-15,136.74246215820312,137.4399854355623,134.6591875276773,135.24511162182617,40770100
2020-07-16,135.93336486816406,136.4076756757825,134.7429260563315,135.8868604694995,30530800
2020-07-17,136.33328247070312,137.26331375439628,135.3288469813764,136.41698188035923,20644100
2020-07-20,135.74737548828125,136.57510278188016,134.9940382108506,135.89616971176923,19663300
2020-07-21,137.6725311279297,138.72347102988607,136.9006034520234,137.1517158745836,24503800
2020-07-22,137.7469024658203,138.26771759489216,136.7424672064041,136.7982668000692,24424800
2020-07-23,137.8863983154297,139.69066082237532,136.43555214852634,137.62599075681356,21704900
2020-07-24,135.85894775390625,137.33769382928085,135.37532759783736,136.98427746240566,20015500
2020-07-27,137.2726287841797,137.35632819727138,135.21725331874458,135.96128121446935,13370700
2020-07-28,135.90545654296875,137.681805254879,135.84034755069212,136.77968809488905,13268000
2020-07-29,138.900146484375,138.99314107702327,136.69596319050578,136.71456778549464,19864400
2020-07-30,138.35142517089844,138.68623694384618,136.09145634686266,136.84477928820792,23618900
2020-07-31,137.0493927001953,138.0352234620524,134.54760660200176,137.7748158717939,29881500
2020-08-03,139.2814483642578,139.47676113366572,136.9191756832721,137.9143015518465,20777100
2020-08-04,140.23941040039062,140.36961421188266,138.61185566116475,138.93737228547036,20285000
2020-08-05,143.0294952392578,143.12250403782164,141.16013759378643,141.63444840770148,18190200
2020-08-06,142.9736785888672,143.63400692117457,142.21106045794662,143.03878757832854,18237700
2020-08-07,145.2429656982422,145.31736989456613,142.4342675993982,142.71327978782563,20475200
2020-08-10,146.74961853027344,147.7168589366961,145.68938351744671,145.68938351744671,24000500
2020-08-11,145.9032745361328,148.6375680725578,145.2336510500227,148.12604816078655,30359400
2020-08-12,146.4984893798828,147.77262732860095,145.5405585702244,147.56801937011593,23378300
2020-08-13,146.1916046142578,147.43784299946606,145.6893798260308,146.0056012150125,15799900
2020-08-14,146.09861755371094,146.72173683901465,144.96397820102305,145.34529445045052,13360900
2020-08-17,146.8519287109375,146.97283731461593,145.77310324612094,146.47992188736637,9744200
2020-08-18,145.4475555419922,146.80540712096555,144.81514123887283,146.80540712096555,14670400
2020-08-19,145.45687866210938,146.9821293113128,145.26158005089846,145.94979407860404,14337300
2020-08-20,144.86163330078125,145.54056619456975,143.72699426834185,143.96881142711774,15413000
2020-08-21,143.79212951660156,144.82446475298403,142.85280307998886,144.29434013836718,20685100
2020-08-24,145.2987823486328,145.335991546736,143.53172859980938,144.95467531750904,13707100
2020-08-25,145.45687866210938,145.84750426683192,143.95952781450748,145.83819487219782,16269700
2020-08-26,144.54542541503906,145.80097302052448,144.32221285217676,145.54986066119784,13772700
2020-08-27,144.8988494873047,146.01488397884964,143.8107147937122,145.19645206251403,17508400
2020-08-28,146.12649536132812,146.2008995591248,144.83375258080412,145.64288936237432,12371400
2020-08-31,144.55474853515625,146.35901140776699,144.43385412417803,146.19161259665077,17051500
2020-09-01,146.21022033691406,146.30321494803798,143.6433249821003,144.35945302439336,15638800
2020-09-02,147.3727569580078,147.85636298656917,145.25227266885574,146.9077413366715,16763400
2020-09-03,143.0201873779297,147.2146227047685,142.25756922357215,147.056519114123,32117600
2020-09-04,142.1087646484375,144.98255753833092,138.84434618158733,144.81515874062032,30618800
2020-09-08,139.37445068359375,141.81112744032987,138.57462343037656,140.60208426344613,26447800
2020-09-09,141.4856719970703,142.09018669033497,140.0348253803135,140.83463870752126,20160800
2020-09-10,139.64418029785156,143.11320692363265,139.56048089495175,142.1366713163515,23005500
2020-09-11,138.7141571044922,140.4812250176662,137.34701001353133,140.36031641239114,20851000
2020-09-14,142.36920166015625,142.69470412002084,139.84881044163023,140.05341847521473,21991300
2020-09-15,142.63888549804688,143.87582873943543,142.164574678583,143.57822612462,16175500
2020-09-16,143.98739624023438,145.87535790393395,143.07595570585497,143.327068031951,22178400
2020-09-17,142.9365234375,143.5968377627463,141.13226031023126,141.94138306046216,20002900
2020-09-18,142.56448364257812,144.42454613702245,140.56492213751073,143.2062074737455,38352800
2020-09-21,137.5701904296875,139.7464596684196,136.09144447448344,139.33725792931375,40652500
2020-09-22,138.6304168701172,138.85362941616177,136.30533939895287,138.24910075897103,19385800
2020-09-23,134.5003204345703,139.5042748363174,134.41628775614475,138.5520374364131,33403400
2020-09-24,134.5003204345703,136.7969097463881,132.65182943306863,134.47230004493426,31723700
2020-09-25,136.68487548828125,137.09565123730007,133.82813500041064,133.91215342764443,20689300
2020-09-28,140.0550994873047,140.44719976500693,136.67554410193304,138.51469027642983,17600900
2020-09-29,139.42019653320312,140.2977600013716,138.16920846996663,139.8963292739353,18683800
2020-09-30,139.84033203125,141.8755349624547,138.62669472065835,139.94302595317185,29073700
2020-10-01,142.0715789794922,142.0902544868627,139.56027167983137,140.7925845067582,25872000
2020-10-02,142.6970977783203,143.3786042719468,139.09349383638337,139.4855940482742,29452000
2020-10-05,146.6367950439453,146.86084417598587,144.21882228050225,144.2281671578305,18553600
2020-10-06,146.21670532226562,150.3151044228458,145.95530511616542,147.9718332020037,36348000
2020-10-07,149.4095001220703,149.8949636416221,147.93446254480838,148.05581774076666,27049700
2020-10-08,151.10862731933594,151.50072756984034,149.91365105725376,150.97792723583447,37278600
2020-10-09,151.892822265625,152.83574320412646,151.06194014119944,152.49965525237906,25038100
2020-10-12,152.91041564941406,153.33053626999586,151.79947211091846,152.5463215580859,20336200
2020-10-13,151.892822265625,152.3782858059802,150.75385833166095,151.72478541237138,20106500
2020-10-14,150.3897247314453,153.0224153694186,150.24969405718565,152.1821885881513,19024900
2020-10-15,151.93954467773438,152.34097565391235,148.26125173164266,148.7093643724386,22865100
2020-10-16,151.56607055664062,152.82638961996227,151.52871953899648,152.36894649311697,17637900
2020-10-19,149.7549285888672,153.13446912804937,149.40016515273587,152.06086243324242,18360600
2020-10-20,150.0816650390625,151.65941067848243,149.68956484832762,150.82852865032643,18927700
2020-10-21,148.79336547851562,150.6511728268072,148.7093328019455,150.18438477021277,17504100
2020-10-22,151.36068725585938,151.41669953877388,148.60662655381867,149.5028658161699,20673900
2020-10-23,152.23825073242188,152.4809753730239,150.53913551248831,152.23825073242188,20889800
2020-10-26,148.95205688476562,150.65115783415115,146.92619863018618,150.23105147407293,26509900
2020-10-27,147.67306518554688,149.4281928658077,147.44901603163527,148.85871085754698,20523000
2020-10-28,143.1265106201172,145.11503172986576,142.8744411531205,144.38684370986368,32338700
2020-10-29,144.83499145507812,145.44181020468196,141.5954813408143,142.62242071963354,27203200
2020-10-30,142.92115783691406,144.96569171945868,141.33408135919478,144.06946666520705,31764500
2020-11-02,145.46981811523438,145.53516102724168,143.462621182475,144.48956047321136,25252100
2020-11-03,149.59625244140625,150.52048374407184,147.56104895835244,147.9064675870059,30257400
2020-11-04,149.76425170898438,151.56606069422648,147.23426886993656,147.2716056399118,45226300
2020-11-05,153.95602416992188,154.58151839102018,151.1552961227859,151.2486451772134,31911000
2020-11-06,152.75172424316406,154.702909212045,152.45298728437422,154.61887653263528,24930400
2020-11-09,158.28787231445312,166.2699529218577,158.08248437871214,165.1963315768035,55052700
2020-11-10,161.22860717773438,161.8167647432581,158.4745602318841,159.8282428752435,35492200
2020-11-11,161.16323852539062,161.956769622989,159.510804923554,161.82606954542925,23972600
2020-11-12,158.6892547607422,161.1725705003048,157.15819059147054,160.01493105710324,33986800
2020-11-13,161.9754638671875,162.56362140685405,159.93092979619584,159.9682808199559,25440400
2020-11-16,165.83111572265625,165.97114642986702,163.74923090719085,164.76683961213502,31812300
2020-11-17,166.60598754882812,166.92339998582347,162.70363226640558,164.3467209801814,26154500
2020-11-18,164.27206420898438,167.78230537450546,164.1787008966908,167.054117123388,24377800
2020-11-19,165.5323944091797,165.79379460661266,163.44119282971576,163.98265449208242,20187600
2020-11-20,165.70974731445312,166.1205230518231,164.15067703506423,164.93487749082155,24898800
2020-11-23,168.80921936035156,169.90150157223403,166.85803469162755,167.3434982008773,24816000
2020-11-24,171.98336791992188,173.12233175345028,170.24691602988995,171.20849814824345,34945400
2020-11-25,171.39520263671875,172.06737845012185,169.80812639488738,171.31118422135293,21082700
2020-11-27,172.12342834472656,172.2354671682721,171.0498214820015,171.51660955192395,10384400
2020-11-30,168.99595642089844,172.0767605240974,168.34245597361172,171.6099724552867,25481600
2020-12-01,170.56431579589844,171.98335516683278,168.995915105843,171.40454266148916,30265000
2020-12-02,170.74172973632812,171.2925362080091,168.7532081153979,169.86416593657037,20142800
2020-12-03,171.70330810546875,172.87960881867187,170.7884075507552,171.16183227852883,19603600
2020-12-04,175.69900512695312,175.93239913329742,171.7033008779576,172.73024020396846,24415700
2020-12-07,175.8670654296875,176.3991963844971,174.9895016406341,175.72702047140257,14671500
2020-12-08,178.1262969970703,178.2943338330803,174.65339326714385,174.69073003784428,20165600
2020-12-09,176.82862854003906,180.00278115149433,175.41891970325628,179.26526240041557,29507600
2020-12-10,178.537109375,178.91986477294782,174.86814767083357,175.28825409239295,21245300
2020-12-11,177.6595458984375,178.98522233472647,175.79239358052484,177.3701395683997,30865000
2020-12-14,177.86746215820312,180.8548662566173,177.820649110148,179.76854918512805,32237700
2020-12-15,182.3157196044922,182.5217483818466,178.61658993967012,179.5811727201513,26807000
2020-12-16,181.6602325439453,182.81212493867358,180.70502352498977,182.73720406253463,25494600
2020-12-17,183.823486328125,183.90778122892263,181.73511910027807,182.36256524354354,23834200
2020-12-18,182.93380737304688,185.26567075885544,182.42810946355533,184.1231527262609,37033400
2020-12-21,182.84019470214844,183.34589268819892,179.3189854300409,179.71230926134552,30873000
2020-12-22,184.919189453125,185.16267153471955,182.98064968030283,183.54254899437413,21919700
2020-12-23,186.49249267578125,186.97009711046184,185.33124071203412,185.95870116521982,18392000
2020-12-24,186.3707275390625,187.24167000510542,185.48106557589057,187.23229596684845,8904900
2020-12-28,185.6777801513672,188.40295378001267,185.54667219084712,188.38423427829264,27168400
2020-12-29,182.08160400390625,186.36136687614442,181.15448876133257,186.02423016347424,33901300
2020-12-30,183.93589782714844,184.93793411630463,182.64353780274436,182.66227159301408,20595700
2020-12-31,183.60812377929688,184.33858442501855,182.25957665190444,184.13255559779498,24747700
2021-01-04,181.210693359375,185.3218811280852,178.81328285502832,184.9941041322295,33664200
2021-01-05,184.01075744628906,185.06898046430527,180.80796628165425,180.82668577599767,27442900
2021-01-06,191.5401611328125,193.64726212103415,186.5112180136253,186.8108871679764,52952200
2021-01-07,194.94898986816406,195.27676686258326,192.63585998785146,192.64523402692808,24031400
2021-01-08,194.5275421142578,196.4473478750977,191.66188738456998,196.0259305836186,29017000
2021-01-11,194.3590087890625,194.90217436980055,191.82113045199597,192.06461255797043,20945100
2021-01-12,197.84275817871094,197.96450638121547,195.24869266304685,195.27678620367172,24892200
2021-01-13,196.4286346435547,198.28287949390307,195.90420291131014,198.00192984028834,22782200
2021-01-14,200.35252380371094,201.34520017870628,197.72099114819125,197.8240055431262,33913700
2021-01-15,197.36514282226562,200.37128011072508,195.03327905103643,197.4213299004191,41043500
2021-01-19,199.8936309814453,200.0434726935402,198.27350855228443,199.79061659059158,19744300
2021-01-20,200.77392578125,202.26294022989467,199.53776742623853,200.74583224747872,25474200
2021-01-21,199.03208923339844,201.4950609057589,198.4889236715622,201.31712563502185,21180500
2021-01-22,201.34518432617188,201.6542274866448,196.2413208837491,197.12162304575835,24800200
2021-01-25,201.14854431152344,204.07040084572657,198.16115524214032,201.2796522509644,33985000
2021-01-26,199.753173828125,202.92787203566965,199.25683563414995,202.56264177425984,23969800
2021-01-27,196.0914764404297,199.46284333517468,194.1248433702132,196.1944908258161,45830300
2021-01-28,195.46405029296875,198.8822305650024,194.44328037268056,197.44940306119057,32202500
2021-01-29,192.50477600097656,197.58992132858353,191.83050242947402,196.40993543360636,40591900
2021-02-01,197.23403930664062,198.13307544637183,192.69205985796276,194.94900281244784,26375100
2021-02-02,200.04348754882812,200.45554514284245,197.49623541282418,199.6126961669877,22773100
2021-02-03,200.64283752441406,201.10172243713745,198.151772494818,200.12776553864148,23923200
2021-02-04,204.73532104492188,204.9319901188652,201.4201546460535,201.42951439635743,25400800
2021-02-05,207.57286071777344,207.7507959823441,204.87578108069823,206.90796127507565,23338800
2021-02-08,212.87339782714844,212.89213161578755,209.21172093651688,209.5769512216634,20831500
2021-02-09,213.8754119873047,215.0366494711784,211.93687244873522,212.70480046585686,19510900
2021-02-10,212.47071838378906,215.6922441870219,210.66328642187432,215.3176398554285,27955400
2021-02-11,212.22723388671875,214.45608334307403,209.2304705145362,213.65070184714108,25847600
2021-02-12,212.82655334472656,213.2760784976665,210.37295594945664,211.5810208599626,17440200
2021-02-16,211.48739624023438,215.0460587058284,210.51343929275285,214.8962169770322,22999500
2021-02-17,209.8297882080078,210.466608356385,206.926679980375,209.4083708850909,25042300
2021-02-18,206.58018493652344,208.74347307641833,205.45640056004873,208.21904132004303,24501500
2021-02-19,210.88804626464844,211.92755005048153,208.05984432928102,208.33143425234852,31238200
2021-02-22,209.52072143554688,212.01178609808355,208.81835454654006,209.31469267159628,23272100
2021-02-23,207.67587280273438,208.81839095121003,201.86964169931144,206.92669275560374,38646800
2021-02-24,212.58306884765625,213.00448617025273,207.6290467906095,208.48124118441396,27584900
2021-02-25,204.72596740722656,213.13563900276355,204.16406799892172,212.3864445549223,49961400
2021-02-26,204.4450225830078,208.11605974638957,201.16730929894956,205.57818117724844,47734200
2021-03-01,211.712158203125,212.31151082683166,208.7809419096863,209.28663988075073,26161000
2021-03-02,207.63841247558594,211.60913232332757,207.47921100648426,211.44991656453297,26895400
2021-03-03,205.39085388183594,210.0170993301281,205.28783948035348,208.293962332325,33407600
2021-03-04,199.6501922607422,206.6738632809961,196.12898271051657,204.63230880713408,59126500
2021-03-05,203.8831024169922,204.2951457271263,194.04996425448226,203.11517429191477,53204300
2021-03-08,204.8477020263672,208.1535085543708,203.84565148228214,205.42832089732812,40619700
2021-03-09,209.15553283691406,210.70074887396856,206.88923027226124,208.2846045803237,32247300
2021-03-10,212.78909301757812,214.42794923965454,210.89738069155322,211.27198497327174,36812000
2021-03-11,217.4715118408203,217.52769890354338,214.25934662147694,214.97108752181038,25256700
2021-03-12,218.7545623779297,219.27899417202795,216.675554701544,217.2561878647482,23732200
2021-03-15,219.5318145751953,219.63482896724156,217.18123163447564,218.52040444138456,21497400
2021-03-16,215.8607940673828,219.22278738710546,214.56843419831222,219.15724056358238,24675000
2021-03-17,217.55584716796875,218.03346590065587,212.92022756110242,214.4279760454854,29422600
2021-03-18,210.9348602294922,218.13645111908738,210.34486738337682,216.14173857834697,35637200
2021-03-19,212.5269317626953,214.08150777938513,208.79033347215199,210.30745619589445,40855600
2021-03-22,210.9254913330078,213.6132254721852,209.86726808934773,213.2198873720571,26128400
2021-03-23,203.2743682861328,209.64249848164116,202.3097854355293,208.98695881953577,43660700
2021-03-24,198.57321166992188,207.27320644268534,198.57321166992188,205.89656584281593,47270200
2021-03-25,203.28135681152344,204.08825281436688,195.1842504134079,196.41335627803267,59244600
2021-03-26,206.9874267578125,207.05309684292504,202.6245680097505,205.43931928374286,34452600
2021-03-29,201.16091918945312,207.28769434870796,200.86068644762642,205.4862549480446,38078800
2021-03-30,204.54798889160156,205.17661501642138,199.97871348115066,201.15152662071745,36205400
2021-03-31,207.2970428466797,208.6668803947687,205.5894202699582,205.63633565263297,34800100
2021-04-01,209.9241485595703,210.07425774220124,208.3103567346275,208.66688214951148,29799200
2021-04-05,211.07821655273438,212.55126239606767,209.7646715767323,212.41990789846747,27826600
2021-04-06,210.458984375,212.69202532679,210.0180054590319,211.10637956297728,24907800
2021-04-07,207.06251525878906,210.51527039563987,206.35882734938625,210.38391589188072,26233700
2021-04-08,208.81698608398438,209.06094032646195,205.84273432808814,208.1414447174617,23989400
2021-04-09,208.84518432617188,209.31430959631462,207.5785546867267,208.75136786208358,23267400
2021-04-12,208.0288848876953,209.16415988200214,206.790387457653,208.9671353104915,20533900
2021-04-13,207.4846954345703,208.8264009676817,205.31733927457088,207.80369713851718,24608400
2021-04-14,209.5301055908203,212.04461002357283,208.10396084220022,208.16963093166385,27362000
2021-04-15,210.44017028808594,211.21891981724457,208.53552317235457,211.1907734513226,20587300
2021-04-16,210.77792358398438,211.74432024497995,209.23919366891312,211.48161130703338,23943000
2021-04-19,208.03831481933594,210.78739669756908,206.35885243733787,209.8960614339421,25285900
2021-04-20,203.77862548828125,207.93506827223212,201.94903990260798,207.1375639485111,35570800
2021-04-21,208.7607421875,208.87332766940085,202.19298850070223,203.61913330990276,31147800
2021-04-22,207.89755249023438,211.41599194955347,207.14694920893294,209.47380649605728,31943700
2021-04-23,211.81942749023438,212.65446986164213,208.31037978674325,209.06098304922097,27999500
2021-04-26,214.02430725097656,214.56849422113845,212.74828608700926,212.98284869570497,19069200
2021-04-27,214.3433074951172,215.22526518842437,213.46134980181003,214.58726176909215,19648100
2021-04-28,214.709228515625,215.31909989514898,213.0766819030313,213.9961633309974,16222700
2021-04-29,213.9117431640625,216.6889567113707,211.84758054794122,216.59514024845322,25500300
2021-04-30,211.0031280517578,213.733440102154,210.29944026453597,211.78187758760438,27006000
2021-05-03,212.03521728515625,213.3675311617801,211.03128246515246,213.17988394134503,18693400
2021-05-04,209.50193786621094,212.1759573904622,207.31582690392352,210.73105798857836,26892700
2021-05-05,208.6669158935547,210.67477149115814,207.69114162411677,210.43083150294044,25139500
2021-05-06,208.84518432617188,209.05160059036004,205.13909755535758,208.90147706793826,27647300
2021-05-07,211.47227478027344,211.9789237393835,208.4417297433022,208.91085498256066,26172700
2021-05-10,206.09608459472656,211.73496429810683,206.03040019531886,211.32213183487224,28109100
2021-05-11,205.4393310546875,206.78102236687997,201.17966586537216,201.6487911045834,39519500
2021-05-12,198.76837158203125,205.26106324010843,198.47750190487565,203.69418664335234,42113400
2021-05-13,202.4275360107422,204.01318157304115,198.7214495704983,200.13820260599564,37739900
2021-05-14,207.37213134765625,207.73804847322097,202.36186275287528,204.4823180641802,25070400
2021-05-17,207.65357971191406,207.71924979350146,204.444750833233,206.20866611821668,20048500
2021-05-18,206.0773468017578,209.45505445220502,205.91784592889877,207.71928523694828,24564500
2021-05-19,204.49169921875,204.68873812844194,200.83252789504388,202.69025992734336,31202800
2021-05-20,205.85214233398438,206.29312118937565,202.9717209064651,204.79192906419667,24932800
2021-05-21,206.38694763183594,208.638742930657,205.80523694822963,207.6629687855853,24213700
2021-05-24,207.72862243652344,208.71378817052872,206.41507766889254,207.5222062135294,18324200
2021-05-25,205.7207794189453,209.89600519012788,205.65510933496248,208.5073842775859,20514900
2021-05-26,209.5582275390625,209.8772292314337,206.52766851184265,206.5370601782189,20388200
2021-05-27,211.71620178222656,212.3823658804574,210.33697251796488,211.1438684527264,21225700
2021-05-28,211.5754852294922,213.1517391787623,211.15327537283528,213.05792271981983,20668400
2021-06-01,213.97740173339844,214.44652697242336,212.00708431943343,213.4144600365082,23081500
2021-06-02,214.230712890625,214.7842771837777,212.82333730809552,214.7748998338575,18927500
2021-06-03,212.43865966796875,213.56455731549016,210.20561907351274,212.81396842818612,24811500
2021-06-04,213.35816955566406,213.97741835525636,212.24166342596962,213.50829307978958,19395800
2021-06-07,216.21978759765625,216.52941192728255,213.21738937841275,213.81786902226145,24049900
2021-06-08,218.50912475585938,219.06268902972047,215.77881278492754,216.9328710303096,27770300
2021-06-09,217.05484008789062,219.21281883131462,216.71706937747152,219.11898806642304,18700600
2021-06-10,215.44522094726562,218.1702289248486,214.9096222595105,217.7003989743638,29069000
2021-06-11,217.71923828125,217.8132100247445,216.18760209642952,216.40371990077688,16707200
2021-06-14,217.0802459716797,219.26965537885505,216.25334062632302,218.29240100014755,19182800
2021-06-15,216.4600372314453,217.50306020768693,214.6934721773966,217.1741735346643,17039900
2021-06-16,215.9996337890625,216.76075607445296,213.90419606021035,215.8398933139375,24527000
2021-06-17,213.57533264160156,216.30974690743722,210.97248455112805,215.4076812626321,48292500
2021-06-18,208.72666931152344,212.1188423050313,207.7870093613891,210.20192797743638,54023700
2021-06-21,213.19004821777344,213.77263278266827,209.8072667549945,210.53080891138077,26736400
2021-06-22,214.1579132080078,214.62774320618004,211.16039552557712,212.6168713875258,21188500
2021-06-23,214.8626708984375,216.08423183346468,214.2331003842632,214.2331003842632,22387500
2021-06-24,217.897705078125,217.9165022883215,214.91898530610763,216.2345032584568,21732500
2021-06-25,218.26419067382812,219.32601090157357,217.76617209612328,218.27358211070256,27619000
2021-06-28,216.5352325439453,218.55549562071593,214.9660022105422,218.22662325416408,25006000
2021-06-29,215.50160217285156,217.74738880355574,214.96600347533987,217.2775588445124,18844300
2021-06-30,215.52975463867188,216.42244288144127,214.01690185101805,214.8531984641888,26039000
2021-07-01,217.4279327392578,217.86018265976494,215.84931077860384,216.882928203868,18089100
2021-07-02,215.36065673828125,218.07627330051346,214.7686664077017,218.0010987872595,21029700
2021-07-06,212.2316131591797,215.6143949738761,210.36168455354556,215.52042323643906,27771300
2021-07-07,210.25830078125,212.9927146187675,208.4165753477168,211.93089430965316,28521500
2021-07-08,208.32260131835938,210.55899651530495,204.70491923055786,206.07681468392343,42297900
2021-07-09,212.72021484375,212.78598358159974,209.8636406903155,210.6341686981736,23976400
2021-07-12,212.89874267578125,213.19942637703883,211.00062573221228,211.94967703496093,16831000
2021-07-13,208.8864288330078,212.11886165036083,208.81125430957235,211.63962585571912,25357500
2021-07-14,205.66334533691406,210.82208303888922,205.36266164282296,210.21130987590735,30594100
2021-07-15,204.49819946289062,205.84190630882784,201.97051190384025,204.6861285852358,45477000
2021-07-16,201.97988891601562,206.6124195934613,201.52885618698588,206.56543373171255,36620200
2021-07-19,198.9541778564453,201.510053819008,196.43589631754855,197.9205606147777,58571000
2021-07-20,205.12777709960938,206.0392484299124,198.5125627918034,199.3958454696701,40794600
2021-07-21,208.66087341308594,208.81122243700784,206.12379457121023,206.20836052038925,28278700
2021-07-22,205.34390258789062,208.53874091388275,204.45122843839937,208.10650533492125,32879000
2021-07-23,206.30230712890625,206.67816530488065,203.82160588849231,206.6029908020717,23660300
2021-07-26,206.90371704101562,208.6514850400768,205.92646270924362,207.09164615464184,22194200
2021-07-27,204.48875427246094,205.860663843488,202.3839255669775,205.79488077740652,35063600
2021-07-28,207.49569702148438,209.15888464910262,204.28204768504241,205.78550919521325,33043700
2021-07-29,209.0930938720703,210.8972388912387,208.73601857498167,209.34679168393535,22634800
2021-07-30,207.7118377685547,210.53081765863755,206.98829558210625,208.27562514372735,28473000
2021-08-02,206.67819213867188,211.00063341392766,206.3868998637616,209.04613910134682,24192600
2021-08-03,207.53329467773438,207.77760110014069,204.00017846919772,207.3077711306935,27798600
2021-08-04,204.94924926757812,207.8527953127758,204.74252291438532,205.8795178569457,25588500
2021-08-05,208.63270568847656,209.01796972414002,205.48483899797534,205.87010303363877,23915200
2021-08-06,209.9105987548828,211.62078644550837,208.736024023872,210.24887685093674,24429200
2021-08-09,208.75485229492188,209.72270087023563,207.8621782341465,209.46898867592765,17225600
2021-08-10,209.16830444335938,209.7508890070137,207.84338051175268,209.2058845315002,22681600
2021-08-11,210.19253540039062,210.2301154894402,207.16682923031163,209.56296495778167,25691300
2021-08-12,209.6945037841797,210.3334656249436,208.3319998159032,210.25829111342927,23269500
2021-08-13,207.7869873046875,209.82604745946293,207.3829261132231,209.52534942506418,20813700
2021-08-16,205.85130310058594,206.96948634806358,204.5169734126025,206.50906216912347,24074400
2021-08-17,203.34242248535156,204.3196769349568,200.8523291688966,203.58674326678988,35161500
2021-08-18,201.56646728515625,204.88346603432694,201.43491545486327,203.06053762543098,29102300
2021-08-19,199.1515350341797,201.15301534538088,197.96755430335162,199.61195924010332,38119900
2021-08-20,202.51548767089844,202.98531757915808,198.66287668794095,199.30185281897096,31759500
2021-08-23,206.36807250976562,206.66877051612335,204.31962110921654,204.3572011909762,25778800
2021-08-24,208.3977813720703,208.529333190795,206.43389552893981,207.02588588223742,18677900
2021-08-25,209.13067626953125,210.45559998733376,207.52386609097945,208.38835135944112,21548000
2021-08-26,206.91311645507812,209.69451619341768,206.48088091088192,208.73605903748052,22380300
2021-08-27,212.7484130859375,213.33099766775447,207.26080240965248,207.33596258827734,33998500
2021-08-30,211.87451171875,213.63168549392512,211.404681765465,213.5377137680392,20733300
2021-08-31,212.2879638671875,212.93633149527142,210.79390806042943,211.6490020145132,20839800
2021-09-01,213.7162628173828,214.46799365025697,211.3013298467114,213.14306967034946,20451500
2021-09-02,215.20094299316406,215.9714567580553,213.86662747790433,214.5525752816625,22810100
2021-09-03,214.20486450195312,215.153915783374,213.48132240688972,214.47735954815886,18213100
2021-09-07,212.72959899902344,215.1821118517298,212.59804718975485,213.97934835611085,19153400
2021-09-08,210.4086151123047,212.33492051880492,209.19646031121994,211.9966424262582,25241500
2021-09-09,210.30528259277344,212.63563515967533,209.50658027048468,210.0515704018947,27180500
2021-09-10,208.24742126464844,211.69597135745354,208.15346387802649,211.5738253210378,24366100
2021-09-13,209.4314422607422,209.9012722985934,206.96013167346084,209.74153180629298,34693100
2021-09-14,206.76275634765625,210.2676980685795,205.8512994433512,210.24890085607746,30312600
2021-09-15,208.63270568847656,209.2998705877492,206.21778697858866,206.74399427701994,27572000
2021-09-16,208.78302001953125,209.86362308930867,206.96946909098526,208.84878875186504,22369000
2021-09-17,209.0555419921875,209.57235783312,207.32657112258877,208.24743386038568,39957600
2021-09-20,204.08474731445312,205.77613809604466,201.29395610934534,204.32905374032129,44958500
2021-09-21,204.3948516845703,206.05803959752947,202.7974325172511,205.5694267102571,26711200
2021-09-22,207.57089233398438,209.12133996722355,205.66338364363554,205.67278942018712,32100300
2021-09-23,211.2449188232422,212.03422961963273,208.19102445185598,208.77360894375317,31057800
2021-09-24,210.2261199951172,211.46080145747223,209.08568057281727,210.19784594494956,28866000
2021-09-27,213.42117309570312,214.5898719457043,210.678475742832,210.76329787584672,29743200
2021-09-28,208.56729125976562,212.62950702138875,208.1526004122277,212.45042845598067,39938200
2021-09-29,208.12432861328125,209.85853742485926,207.51169065228734,209.49096040086707,23628900
2021-09-30,206.17332458496094,209.81140073918337,206.03195434356374,209.34956731476953,33153600
2021-10-01,209.50035095214844,210.65021007264056,205.22137762126587,207.3043090050285,32647000
2021-10-04,207.59649658203125,209.53807224019954,206.34296109006488,209.3684135754137,32580200
2021-10-05,208.31280517578125,210.2355122419264,207.2383482661542,208.25625708288123,20407600
2021-10-06,207.2288818359375,207.53991068012712,204.29768629627898,206.1826991351203,32893300
2021-10-07,210.42401123046875,212.01684963170368,208.64267439190323,208.79347889437125,24289300
2021-10-08,208.84063720703125,211.22517801773233,208.7652349449267,210.54657204030244,17989600
2021-10-11,207.6436309814453,210.69735760509292,207.5870828853331,209.07624506949713,15929800
2021-10-12,208.7840576171875,209.67943597468334,207.6907465538304,208.15257994650077,18800600
2021-10-13,209.77371215820312,209.89622824337232,207.1912387578334,209.13280015731502,19676200
2021-10-14,212.88397216796875,213.00650263439923,211.42309836749845,211.82836932336826,18160000
2021-10-15,212.21481323242188,215.27796002487077,212.12055680928057,214.8726746631764,27555300
2021-10-18,212.0922393798828,212.70486286046966,210.86697803720105,211.0083626429959,19082600
2021-10-19,212.88397216796875,213.83591308744826,211.6964189677932,212.9876484745999,15498400
2021-10-20,214.29771423339844,214.87264381639793,212.17707445075416,212.97821078791225,18130500
2021-10-21,214.84437561035156,215.84343030073737,213.5908401123079,214.12807577497347,17851600
2021-10-22,214.33541870117188,215.25907109642682,212.71430627925005,214.7029956816362,16887000
2021-10-25,216.37124633789062,216.7576631126447,214.21289817749965,214.6935713645407,16387100
2021-10-26,214.7406768798828,217.45510019402008,214.7029829478566,216.80476840988237,25290200
2021-10-27,210.79161071777344,214.38257320625536,210.65024047006216,214.11865810801018,27088500
2021-10-28,214.99517822265625,215.13654845815967,211.84720967236714,211.87548371946784,22890600
2021-10-29,214.93862915039062,215.6737831346815,213.91130042638272,214.70300250461767,20777700
2021-11-01,220.50885009765625,220.71618831832328,215.7303347404676,216.06963769116447,35500800
2021-11-02,220.97067260742188,221.34768388164002,219.2741578272142,220.9047046228772,24949700
2021-11-03,224.91976928710938,226.02250025802195,220.47113708667922,220.68790957288195,47648500
2021-11-04,224.8349609375,227.0875512227144,223.90187419033631,225.71148520602443,26514000
2021-11-05,227.9075469970703,229.40612922593442,226.3901106070381,227.30434327329107,42041700
2021-11-08,228.6144256591797,230.40519704008346,228.02064182880235,229.7265910572268,31324500
2021-11-09,227.2854461669922,228.58610979312235,225.7680100636765,228.08658247788568,29895900
2021-11-10,223.7039337158203,227.67187820788922,222.72371885753367,226.2769725511828,32471600
2021-11-11,225.50413513183594,226.5597523556592,223.99613312589003,224.6087566936946,17987500
2021-11-12,225.73033142089844,226.39951743689969,225.0140315799542,226.1261824683815,20526700
2021-11-15,224.8349609375,226.9178925498165,223.89245430131808,226.73882836941027,27390000
2021-11-16,225.2496795654297,225.60782232906888,223.3269578595317,224.09038597923706,21925200
2021-11-17,222.29962158203125,224.43911572877855,221.61159574649957,224.3731333594004,26527800
2021-11-18,221.3571014404297,223.44004736171982,219.6511667893893,223.29866274231014,30637300
2021-11-19,219.3401336669922,220.9423919855941,219.0291047680827,219.85851516517465,33994000
2021-11-22,218.40708923339844,222.18655057571604,218.30341291369993,220.75393626211266,31042100
2021-11-23,218.03005981445312,219.60404415622946,215.47586052666014,218.08660791104836,33843800
2021-11-24,218.26565551757812,218.6520866315229,215.40042772333845,216.20156399551593,24099300
2021-11-26,210.03758239746094,213.1666965455561,207.012130159658,212.02627171726087,62595400
2021-11-29,209.9056396484375,213.71335977477477,208.52015387225455,213.2138324548186,45982400
2021-11-30,205.6266326904297,209.10448382951373,203.4682992244939,207.9734789536061,64908400
2021-12-01,200.9989471435547,211.31940565201538,200.89527084497396,210.33919075970513,69120100
2021-12-02,206.60687255859375,207.2948983312714,201.52676269644874,202.04512980730328,64315700
2021-12-03,202.36561584472656,207.70962700125446,200.48060248235998,207.62479046999988,64425200
2021-12-06,206.42779541015625,208.0017796747421,201.42308776577946,204.09036873444572,43878300
2021-12-07,211.21572875976562,213.04417943089956,209.21760504559973,209.36840954884036,44679200
2021-12-08,212.6577606201172,213.51543066334074,210.23551184770983,211.6869800097968,36546400
2021-12-09,207.84156799316406,212.82742178402788,207.80385967397044,211.07435886078366,34830300
2021-12-10,207.2666015625,210.03757288926153,205.7680197246416,209.4249350539903,32924600
2021-12-13,204.23765563964844,207.08322755729557,203.01813512151128,206.45928011769226,33478400
2021-12-14,202.4792938232422,205.63683987134988,201.65682672555928,202.8574503927272,36543500
2021-12-15,205.6935272216797,206.24184334182252,199.5486245849977,202.50763616303186,51261000
2021-12-16,201.53387451171875,207.88675906590626,200.65468775096693,207.46134565182655,52743800
2021-12-17,203.3868408203125,205.4761142469199,198.8112548412376,200.60745153771498,62620900
2021-12-20,200.5317840576172,201.30699401165785,197.355341796923,200.50342412517125,49993000
2021-12-21,206.26072692871094,206.45926088652678,200.47506974635382,202.49816005964303,38545300
2021-12-22,208.2460174560547,208.31220025314067,205.26810894148736,205.96767322385037,32442000
2021-12-23,209.909912109375,210.6284024171054,208.302786272671,208.97400520354563,22125400
2021-12-27,211.87623596191406,211.98969012616655,208.54854526455293,210.1934791816588,24196700
2021-12-28,210.5811004638672,213.3982981279875,210.20295835432506,211.56427860379483,23120300
2021-12-29,210.80801391601562,211.28069880933583,209.17251379898505,210.55276003456723,19444400
2021-12-30,210.75123596191406,213.1146599390146,210.53380499507546,210.76069888994738,23607700
2021-12-31,210.29751586914062,211.87628175474737,210.24079598735335,210.33533874046466,23997400
2022-01-03,213.0106964111328,214.3058482152602,210.56217805506958,211.4886506979891,30618800
2022-01-04,212.68930053710938,214.72185432885752,211.17671746264443,213.653581803775,22013100
2022-01-05,205.4855499267578,213.56846340684842,205.44774148743457,212.58527088208902,40582100
2022-01-06,206.65782165527344,208.37838700371844,204.02969505009045,205.92043444519743,39105900
2022-01-07,204.2660369873047,208.340578066011,204.13367138177395,206.65782116239487,31583900
2022-01-10,203.55699157714844,203.62315994882084,199.57697916750735,203.03703540602731,45778100
2022-01-11,205.72189331054688,205.92987579079474,201.32593013980946,203.70825130869096,35209900
2022-01-12,204.19039916992188,207.39520175778983,202.91414435188395,206.5821832687486,35284500
2022-01-13,202.3185272216797,206.27017934449765,201.722954228974,204.96556478155287,34489600
2022-01-14,202.60215759277344,202.68723739511492,199.0759330077322,200.4089076118636,42020900
2022-01-18,196.47618103027344,200.8343358033528,196.19256724310367,200.6074418885777,49434400
2022-01-19,193.2808380126953,198.0171495823009,193.21466963283513,197.4026506039567,46209100
2022-01-20,189.782958984375,197.572810165148,189.38590545874382,194.16002512022686,50466000
2022-01-21,186.22837829589844,191.9289563073736,186.22837829589844,188.84704192110183,85821000
2022-01-24,190.52035522460938,191.33337374676495,180.7830443918707,183.4679053134151,85782000
2022-01-25,187.97727966308594,190.68103717902895,183.93109910428936,187.63694604481358,61088500
2022-01-26,185.26409912109375,192.43000309526911,183.1370173206859,190.7566947065599,71471700
2022-01-27,181.0572052001953,188.7052424513563,180.18746682539054,186.83341452351985,59829000
2022-01-28,184.5834503173828,184.64017019638848,177.81459920221127,181.22738469929988,65870000
2022-01-31,190.2461700439453,190.2461700439453,183.25988977098305,183.77038297179794,53393800
2022-02-01,192.25035095214844,192.44888490337826,187.15480968945317,190.64322561316226,43429400
2022-02-02,190.3407440185547,192.76088829615105,188.40273312549272,192.4961859173638,42777800
2022-02-03,186.7388458251953,190.24617319841806,186.28507248081425,187.97727762612365,39629400
2022-02-04,187.54246520996094,189.16850241711472,184.27147936063108,186.27565871703993,34291100
2022-02-07,188.46888732910156,190.17055552390076,187.1737355705134,187.58968608462382,33242600
2022-02-08,191.68316650390625,192.02350019302165,188.4689151040814,188.57290635423325,28341900
2022-02-09,195.3228302001953,195.36063864031627,193.13902854699757,193.39428239970277,27329300
2022-02-10,192.32598876953125,197.62951266569465,191.07809400563636,191.81548112059428,44788100
2022-02-11,190.37857055664062,194.80289419467636,188.78089332339502,192.52454956708712,41516600
2022-02-14,189.716796875,192.4111064662243,188.35547653516645,190.6149096888733,32262700
2022-02-15,194.80288696289062,195.039229398675,191.56027566802365,191.70207535941526,25847500
2022-02-16,195.20938110351562,195.94676826472175,192.93103682136027,194.0843889299536,30104800
2022-02-17,190.20834350585938,193.82911047881674,189.81129004063922,193.37533715073573,27140200
2022-02-18,188.57286071777344,191.64531168073637,187.9016420064715,190.04763487196456,36255400
2022-02-22,185.91639709472656,189.49934168767825,184.67796517282397,187.6369623405558,31847100
2022-02-23,182.4374542236328,188.03404153248425,182.03095214652066,187.4101084472702,31491500
2022-02-24,187.22100830078125,187.63697327516832,177.65387159066555,178.0320281242887,52221100
2022-02-25,191.43734741210938,191.55078715006877,186.2378145194348,187.83549147994245,33656200
2022-02-28,192.21258544921875,193.4226575812159,189.5088273737756,189.51827587825142,34975900
2022-03-01,188.59178161621094,192.65685924653724,186.99410472722275,191.58860143645003,40638900
2022-03-02,193.0823211669922,194.0844107847947,189.7262557001498,189.86805539127377,29978600
2022-03-03,190.7945098876953,193.90476969237915,189.34808105049413,193.88585826030436,30142700
2022-03-04,187.80714416503906,189.88695457682138,186.21891560090944,188.79032228554098,31610400
2022-03-07,183.13697814941406,188.68629242124695,183.09915529183107,188.336510327169,39279800
2022-03-08,184.14852905273438,188.6674087914484,182.8912002402484,183.72311563852836,45715800
2022-03-09,189.33865356445312,190.01932094274144,186.82396655162114,187.39119417526064,29048000
2022-03-10,188.998291015625,189.1117307529518,185.82184854371553,186.62541848363492,25661000
2022-03-11,185.9825897216797,190.7377984828598,185.7084388370755,189.81134015275177,24990000
2022-03-14,182.18218994140625,186.65378430617648,181.3975314080202,186.46471326293553,34969500
2022-03-15,185.08450317382812,185.093951679006,182.34293645156546,182.89125268105775,25464300
2022-03-16,190.90794372558594,190.90794372558594,185.4342455375049,186.74830873473894,31869700
2022-03-17,193.90478515625,193.99932789896758,189.35755908035998,189.80188400577765,25783100
2022-03-18,195.94676208496094,196.1169216897824,192.85539943727926,193.05393340143303,37092200
2022-03-21,194.21673583984375,196.8070393505008,192.79868141861266,195.88058116768454,26747500
2022-03-22,196.16419982910156,197.38372031468785,194.5570743299987,195.03920765217077,24699900
2022-03-23,192.76084899902344,195.8805714560979,192.61904933400885,194.88793052541126,19775000
2022-03-24,194.97738647460938,195.03421783575195,192.03150714246343,193.5944418416377,19781200
2022-03-25,195.24258422851562,195.71619811570184,193.65124850527332,195.21416855156835,19430400
2022-03-28,195.30892944335938,195.32787804897737,192.3156857119662,194.7500684328132,18999100
2022-03-29,200.53759765625,201.0490942927691,196.90971356073436,197.0233762680611,29550600
2022-03-30,196.5119171142578,200.56605158908377,195.70676757432236,200.21556741872698,26251500
2022-03-31,194.4375,197.8854094197579,194.32382280901612,196.19934469794816,26771600
2022-04-01,196.61610412597656,196.75818253099087,194.19118853650912,195.29944345627328,25948500
2022-04-04,196.93814086914062,197.43068893234658,195.01526953770113,196.90024366209425,20333900
2022-04-05,192.2777862548828,198.38740298968565,191.82310648084683,196.98550982028289,26509800
2022-04-06,189.5497589111328,191.15057623335917,188.19521561788378,190.64854664696918,34903900
2022-04-07,188.93409729003906,190.61068039068593,186.30079023569368,189.54978968923004,29291200
2022-04-08,187.427978515625,189.7392168865317,187.07750882043936,188.70674195227355,25249600
2022-04-11,186.16815185546875,188.73514564131906,185.54299247066453,186.7175457327904,33702300
2022-04-12,186.7554473876953,191.03690688635928,186.0544935716158,188.21417192504452,33699800
2022-04-13,190.30758666992188,190.81908344573563,187.18173128524126,187.24802973138716,22303600
2022-04-14,188.46046447753906,191.69050054844143,188.37520298404195,190.49699862853575,27107000
2022-04-18,187.191162109375,188.6688352350513,186.158687227146,187.98684448389676,22246400
2022-04-19,190.92323303222656,191.56735545199385,187.25746607180784,187.41849306336238,22786700
2022-04-20,191.65264892578125,193.11137373151578,191.2074505956724,192.3346542632436,20516200
2022-04-21,187.36166381835938,193.9922584922398,186.62282728241095,193.45233170252013,31547700
2022-04-22,182.5118408203125,186.9543413993589,182.1424225660607,186.48072751167462,35686900
2022-04-25,183.62014770507812,183.8664217739179,179.22501050387652,180.91107513363372,35556500
2022-04-26,177.8325653076172,182.5402889722562,177.5862768114351,182.17087068153333,40513600
2022-04-27,177.09371948242188,179.76489441740233,176.43064844597293,177.76624314023792,37808000
2022-04-28,180.39955139160156,181.29941500951938,174.9624724739535,179.18710083099742,37405200
2022-04-29,175.18978881835938,181.61199251629267,174.77300624976547,179.58492548558144,41193400
2022-05-02,177.0274200439453,177.90834949878538,172.75542745704956,175.14243133679878,38002100
2022-05-03,178.54296875,179.5091306752272,175.8812465577362,177.05581420357274,30246300
2022-05-04,183.30755615234375,183.69590862549498,175.8907596009225,179.0734460775452,38834700
2022-05-05,175.87179565429688,181.45096719130314,173.70265020678093,181.42255151168658,41468700
2022-05-06,172.94483947753906,175.6349627432173,171.0219683552682,175.19924608442824,45457900
2022-05-09,165.67015075683594,173.0111668412927,164.91238001418398,170.36840741045046,53682200
2022-05-10,165.71751403808594,169.46854278711956,162.1654095026016,168.19926090195858,53650800
2022-05-11,161.59710693359375,168.78656417836942,161.31293563522993,165.88804873287427,64377800
2022-05-12,163.49156188964844,165.13972939272543,159.98680665588844,160.8677362295611,52967400
2022-05-13,168.6728515625,169.94213327249508,165.774322520571,165.8027381966494,36517000
2022-05-16,167.8677215576172,169.97056855122744,166.8447137401676,168.1329442006356,28225500
2022-05-17,173.00172424316406,173.19116695563065,169.5443477666034,170.88940981473436,31833700
2022-05-18,166.939453125,171.83661971646643,165.859613878864,170.9462231628269,36093800
2022-05-19,167.21414184570312,169.3738203248608,165.66068865098356,165.66068865098356,33627700
2022-05-20,166.7878875732422,169.52537558025566,162.72427185630684,169.0801773184273,42243700
2022-05-23,168.80548095703125,169.51590184221223,166.2384871323487,168.49289403312565,24644100
2022-05-24,166.3048095703125,167.59302564068238,163.235785966797,167.2520374716203,26861800
2022-05-25,169.2980194091797,170.29261148261756,165.58488819475426,165.651201077973,27950100
2022-05-26,173.07748413085938,174.10049200370787,170.2168518079062,170.3589446659287,25702700
2022-05-27,177.7378387451172,177.74730582063478,173.7215873324454,174.06258994723404,24952100
2022-05-31,175.53079223632812,177.7757176369915,174.37517309207988,177.04636259212748,29794500
2022-06-01,174.53623962402344,177.07481837691216,172.17765097122592,176.44017730207833,28352100
2022-06-02,178.79873657226562,178.79873657226562,174.4509638981334,174.84879788920912,24876000
2022-06-03,177.1884307861328,178.0409444822591,175.98544742749917,177.4062891341604,18972100
2022-06-06,177.95570373535156,179.31971424528547,176.97059306348316,179.30076563999444,24678700
2022-06-07,180.8258056640625,180.8637028751691,176.089666024317,176.5727615178438,21661600
2022-06-08,178.03147888183594,180.636355577098,177.18844663860224,179.93541618937255,21521700
2022-06-09,174.34085083007812,177.6648850053754,174.30285375275693,177.17102444167233,21697200
2022-06-10,169.61123657226562,172.42242650057128,168.71849353101368,171.43470524536625,37153600
2022-06-13,161.64306640625,166.16376316556486,160.77881385030543,164.90062815879406,39712700
2022-06-14,160.86427307128906,162.6307604810832,159.30672612331443,162.08941078683094,30282400
2022-06-15,163.21957397460938,165.30896396275244,160.18045994716138,162.6022591457167,32150500
2022-06-16,155.6597900390625,159.95254746571197,154.596103576107,159.4017056926411,43810600
2022-06-17,156.87545776367188,159.0978237079661,155.46986981391524,156.21065363146556,40327300
2022-06-21,159.6865997314453,161.52906669030946,158.42346501746485,159.5346404068374,34665400
2022-06-22,159.38272094726562,160.75031161153797,157.0558850822412,157.6162333694843,29303500
2022-06-23,161.29168701171875,161.67157095249934,158.17659232405896,159.73413966788885,27089800
2022-06-24,166.28721618652344,166.29672270371617,162.3078692428431,162.61178796016918,37138500
2022-06-27,166.90451049804688,168.09166556576807,165.42292880055408,166.83802285826778,24745400
2022-06-28,163.7704315185547,169.19334819291018,163.6849598247321,168.03468359340343,25909200
2022-06-29,162.1084442138672,164.0173848531612,160.47491724716713,163.87493200382687,21292500
2022-06-30,160.84527587890625,162.69723499541956,158.37598739579525,159.74359243310965,31466300
2022-07-01,162.79222106933594,163.200595500457,159.23075548408693,160.5508714813536,24598600
2022-07-05,164.14083862304688,164.20731178276955,158.34751508645675,160.19947441646787,25151100
2022-07-06,162.92518615722656,164.9765938662855,161.21567973301077,163.779932123514,25697600
2022-07-07,166.7810516357422,167.13244491932596,164.15981830757696,164.16931033169226,24822500
2022-07-08,166.76205444335938,168.0916769038761,164.9195873353159,166.26820833585657,20547000
2022-07-11,163.4095458984375,166.17324683843168,162.97268087543364,165.49893627034993,22031500
2022-07-12,162.8491973876953,164.64417540995197,161.9849449532206,162.91567054100253,23864200
2022-07-13,162.70675659179688,163.61848370675085,160.30394103803823,160.64584232905628,25535600
2022-07-14,161.0352325439453,161.45311350933795,158.6229394595985,160.19947061316003,25102200
2022-07-15,164.3877410888672,164.63467862966363,160.79778514806125,162.91566583466292,34935900
2022-07-18,163.92239379882812,167.42686373319668,163.40953464340998,166.32519473477785,23031500
2022-07-19,169.70620727539062,169.89614920324954,165.87882018705486,165.96429188084534,24234600
2022-07-20,172.3654327392578,172.66933691668643,169.43077424617027,169.66820527201503,26049300
2022-07-21,173.24864196777344,173.32462162309787,169.8581349872909,171.37768461886708,21709900
2022-07-22,170.48497009277344,174.03694348790717,169.09838100485933,173.6855502038648,25116100
2022-07-25,171.3682098388672,171.82407332504388,169.45925522440663,170.9978180391663,19267200
2022-07-26,170.31405639648438,171.14981839787947,169.56376610205675,170.74142942296416,19391200
2022-07-27,174.18894958496094,174.9867145750426,170.95038601632385,171.40624965470712,21670700
2022-07-28,176.5822296142578,176.78167809072443,172.6218810789693,175.05318742513157,22838500
2022-07-29,177.83583068847656,178.29169418078004,175.7369341342032,176.686658196625,21760600
2022-08-01,177.7693328857422,178.8520321669829,174.95815793699555,176.44921709410735,23905600
2022-08-02,177.5984344482422,179.5168814876423,176.15484953303522,177.0950817559288,17492600
2022-08-03,180.2101287841797,180.59001258706945,178.20621056691405,178.83303188415655,19157700
2022-08-04,179.83026123046875,180.48555867591955,178.96600883541814,180.2956167573118,14838900
2022-08-05,181.20738220214844,181.41632268772105,177.7598786818417,178.04479884322632,18540300
2022-08-08,183.1258087158203,184.8448070256472,182.24255776331955,182.48948081340504,22188700
2022-08-09,180.62802124023438,182.5084708208567,179.64980661803534,182.38500205576625,18247300
2022-08-10,185.7850341796875,186.09844488918642,183.40123177255632,183.89509238979468,20796400
2022-08-11,186.47837829589844,189.49849471422894,186.18395158013857,187.49457579499918,23727600
2022-08-12,190.28675842285156,190.3532315871826,186.69680178298532,187.4280935404818,21726600
2022-08-15,190.96104431152344,191.04651600815544,188.25432465171863,188.8051664049703,17414800
2022-08-16,190.8850555419922,191.83477965923683,189.02358989587108,190.41968550755192,18833100
2022-08-17,187.67498779296875,189.30851447229836,186.50683115900128,188.72918216751702,22428000
2022-08-18,188.9191436767578,189.23255441428287,187.00069665841127,187.9314368455979,18368100
2022-08-19,184.86380004882812,187.20012783475636,184.31297279432877,186.9342062320186,27416400
2022-08-22,181.05540466308594,182.6794392756911,180.45707383344615,182.33753801470266,22937000
2022-08-23,181.34982299804688,183.23027275172467,180.81797979431096,181.34033097356604,20069800
2022-08-24,182.73638916015625,183.58164289813084,180.59951026724596,181.19782650294738,16038300
2022-08-25,185.57608032226562,185.62356942482046,183.27774977667798,183.65764810547725,14795000
2022-08-26,179.4788818359375,185.61410676910523,179.17497761645336,185.51912854896796,24177200
2022-08-29,177.82638549804688,179.48840304500183,177.14258283368255,177.55095733208856,19753300
2022-08-30,175.33807373046875,178.55763812570734,174.31236987557313,178.3772027042221,22548900
2022-08-31,174.27438354492188,176.40177088256985,173.97997137367196,175.64198865543554,22412500
2022-09-01,172.3749542236328,172.74534610758815,169.90566533616905,172.640875858696,30706600
2022-09-02,171.03582763671875,174.70176362702793,170.13359254538085,174.36936885213566,27468200
2022-09-06,169.34530639648438,171.97604628018226,168.57603217395857,171.62465299128533,23837100
2022-09-07,173.03025817871094,173.29617980131505,168.98442372175722,169.0224208059244,24781200
2022-09-08,174.47384643554688,174.54981162207105,170.58946328188367,171.60567517425721,25273200
2022-09-09,177.9783172607422,178.19676427051516,175.79396309614737,176.0218876397131,23208800
2022-09-12,180.13418579101562,180.31463570619164,178.51965756264474,179.11798844104072,23134600
2022-09-13,173.08724975585938,176.56324409314817,172.41293914180469,175.5660307023991,34144700
2022-09-14,173.7615509033203,174.10345220461758,171.4917105810428,173.39115903455175,25278300
2022-09-15,172.49838256835938,175.40453582129308,171.7670909975865,172.7737961645098,25378700
2022-09-16,169.9911346435547,170.64643214879493,168.01570662818898,170.08609836570332,41155900
2022-09-19,171.4442138671875,171.66264637199308,168.0631980885649,168.11067270448362,25412200
2022-09-20,169.1078643798828,169.9436261928488,167.82574558950722,169.78217484109658,22247500
2022-09-21,166.5246124267578,171.99503226152635,166.5151204031921,170.35199921139923,29357100
2022-09-22,162.77320861816406,166.75255481067492,162.15589376613207,166.20171310823378,33468600
2022-09-23,158.8983154296875,160.68380113429325,156.70445537312577,160.50335126095914,40336900
2022-09-26,156.7227325439453,161.30499241408683,156.15950028898735,157.96376338307152,30597800
2022-09-27,157.25732421875,160.0257798236568,155.87310369959778,158.76565218971254,42406600
2022-09-28,162.23098754882812,163.2333591480323,157.58191078132774,158.24059796753403,35186500
2022-09-29,158.5938262939453,160.31216098953914,156.36952066101932,160.16897128710715,31464000
2022-09-30,157.43869018554688,161.83002503774063,157.39095543499243,158.25967836864046,40643800
2022-10-03,161.6104736328125,162.57466621991088,157.7537469842281,159.74893459987445,33611600
2022-10-04,168.01605224609375,168.09242492692482,164.70346186886837,164.77983454969944,37537300
2022-10-05,166.7750701904297,167.3764961228096,163.643862198458,165.54359494945575,25281400
2022-10-06,165.8395233154297,168.17838080544632,165.06626975763592,165.96363077365444,22635900
2022-10-07,160.96131896972656,164.6462177729829,160.3026172162182,164.13070571954063,26536100
2022-10-10,160.06396484375,161.87778366616124,159.03295525941792,161.61047193694665,23386400
2022-10-11,160.11167907714844,162.3932603583602,157.32414147680691,159.38616038114753,28009100
2022-10-12,159.67257690429688,160.8181529398471,157.9733242359296,160.28354399217494,26796700
2022-10-13,163.62477111816406,164.38848360882355,155.12850789691325,156.5604633544232,45376500
2022-10-14,159.24295043945312,166.03041816554665,159.14749550651004,164.90395381725514,29608600
2022-10-17,164.32162475585938,164.78938743025088,162.39325448543187,162.4982651082423,28199200
2022-10-18,166.2690887451172,169.24755088255594,164.85623036794772,167.88242725843034,34523100
2022-10-19,163.44337463378906,165.53401701154388,161.64865276984798,164.66530858514417,27146900
2022-10-20,161.36224365234375,165.67720570635643,160.8276494196803,163.6438248309898,26710700
2022-10-21,164.86578369140625,165.3431021239619,160.56037667373107,161.71547912321836,45402700
2022-10-24,165.57220458984375,166.10679885319786,163.29062328021388,165.45765283815393,27284500
2022-10-25,170.087646484375,170.78452730896274,165.68677000593038,165.6963256970934,33105700
2022-10-26,170.9276885986328,174.09707458152866,170.24034907143155,171.02314352004487,37084700
2022-10-27,170.96592712402344,173.7439241322325,170.7559058306232,172.3978825426957,28651800
2022-10-28,174.8512725830078,175.08993177317902,170.63177984877322,171.6723304219354,33221600
2022-10-31,175.01358032226562,175.88230337589272,173.31432784737018,174.0016675638001,25699400
2022-11-01,175.25222778320312,177.18059822306267,174.583984927787,176.83692838790554,27446700
2022-11-02,169.43850708007812,176.6078248897329,169.38121663065388,174.54580570854915,38139600
2022-11-03,168.30250549316406,169.86810958566122,166.21184813896872,167.33831280351706,29093200
2022-11-04,170.57452392578125,171.77737581028578,167.51014746115206,170.8036420386878,25842400
2022-11-07,171.34774780273438,172.39783944059275,169.61984312692533,171.58640697951128,20689900
2022-11-08,171.41456604003906,173.69614720389967,169.31436818249963,172.05417089044514,20265200
2022-11-09,166.7082061767578,170.56493191039854,166.374077515952,169.92532709012988,27277000
2022-11-10,176.97056579589844,177.03738279392445,172.93244184587172,173.60069922573678,38572800
2022-11-11,178.42161560058594,180.27361335964682,177.266513207177,177.33333020985762,28765400
2022-11-14,176.42642211914062,179.27123566324207,176.2545944896009,177.36196209092674,26499600
2022-11-15,179.0421600341797,180.96097502914094,177.66748051741789,179.31899833596475,26128800
2022-11-16,175.89186096191406,178.17344272768395,175.37636340964897,178.13526365835486,24802000
2022-11-17,174.25941467285156,174.65081930088238,172.3215029160982,173.38115046600893,20835700
2022-11-18,175.38587951660156,176.90374857982962,174.28805298909495,176.2164088971222,27269100
2022-11-21,174.4694366455078,174.87993809195416,173.1997678056298,174.48853346238056,19038900
2022-11-22,176.33096313476562,176.5505255118959,174.05892297452743,175.4049643081106,16869700
2022-11-23,176.78919982910156,177.35243207221785,175.22359598443452,175.93001792779995,19758800
2022-11-25,177.16151428222656,177.915671009585,176.28325009891438,176.6937369661417,13393400
2022-11-28,173.59115600585938,176.53143916204385,173.0661028410761,175.77728248288378,17465600
2022-11-29,174.0971221923828,175.28087716108746,173.7057321443409,173.7057321443409,14020600
2022-11-30,178.87033081054688,178.9276067001405,172.5983732677659,174.38353980425558,28030100
2022-12-01,178.4789276123047,180.65549865676905,177.686577208993,179.61493332795996,21996400
2022-12-02,179.51947021484375,180.29272376567747,175.9682198160049,176.00639888232877,22574800
2022-12-05,174.5744171142578,178.57434741144556,173.91571542873135,178.38342297552794,25449300
2022-12-06,171.90147399902344,174.67945631425792,170.9563782217149,174.5840013639843,18502100
2022-12-07,171.39549255371094,173.26658717716046,170.98500570278097,171.59597270024568,17177800
2022-12-08,172.63653564453125,174.34534387405603,171.36686680376687,172.56971863533485,20971400
2022-12-09,170.51727294921875,172.60793051426754,170.45999705427593,171.6151143465114,22046500
2022-12-12,172.52195739746094,172.87516833932418,169.92534423040973,170.73679130758862,22765400
2022-12-13,173.95095825195312,178.9955114564548,172.76174148071675,178.12278014773648,38445300
2022-12-14,172.80972290039062,175.41831744431533,171.50542562842827,173.8838449006603,32406900
2022-12-15,168.48439025878906,171.28480409320474,167.87060433309225,170.73814345757233,33546700
2022-12-16,167.22805786132812,167.93775382332763,165.5976902752439,166.68141182836752,38502400
2022-12-19,164.96470642089844,167.8802004802284,164.44683050228363,167.4582199216035,25614000
2022-12-20,165.83746337890625,166.89241493939676,164.16872581062472,164.6386614391728,18050800
2022-12-21,168.69537353515625,169.55851956075114,167.0650061096684,167.3047664555875,22997200
2022-12-22,166.48960876464844,167.3431551066629,163.67960958519538,167.1897049559203,21297600
2022-12-23,167.24725341796875,167.30479356890464,165.28121533605508,166.37452210527445,11647700
2022-12-27,166.12518310546875,167.41989508768543,165.51139708166386,167.21848991767789,13553800
2022-12-28,163.5453338623047,166.96911879111283,163.3631136492227,166.08678779789355,19648000
2022-12-29,167.6884307861328,168.07204157528994,164.379725535945,164.68662587432155,22311300
2022-12-30,167.21847534179688,167.56373086470566,165.54015272867588,166.2402489212533,21275600
2023-01-03,166.29776000976562,170.05721488396588,164.85919802132887,168.7241333928909,22503800
2023-01-04,168.3693389892578,169.4338757381843,167.14176692629204,167.46783755437065,22973500
2023-01-05,166.56629943847656,167.60206588234885,165.32914250024055,167.43903060421295,17032600
2023-01-06,170.3065643310547,170.74771515619392,166.74851449115783,168.11995122835594,21986900
2023-01-09,170.5943145751953,172.74255826869015,170.3737244836712,171.67802156921275,18366500
2023-01-10,173.11654663085938,173.22204176337752,170.03803213122788,170.3832875982137,18751100
2023-01-11,175.2744140625,175.30318413593997,173.27960604573022,173.8358518552555,18222700
2023-01-12,178.21868896484375,178.3337692654229,174.46883307697485,176.05126037899987,29650800
2023-01-13,179.3887176513672,179.66683325082258,176.7801235694036,176.9431588702998,22120000
2023-01-17,179.16815185546875,180.14636371355587,178.61190599277316,179.34077231260898,22422600
2023-01-18,176.27183532714844,181.220493111222,176.17592532106616,179.7723310419663,23507800
2023-01-19,174.5839080810547,175.60050436264112,173.37552106019646,175.24564905693367,24624500
2023-01-20,177.46102905273438,177.56652420090612,173.8454532088184,175.2264752816805,36070300
2023-01-23,179.65725708007812,180.41489347313328,177.01989279170436,177.835069336914,20329900
2023-01-24,179.27362060546875,180.13676673592298,178.2666387373234,178.9475500075205,19263500
2023-01-25,179.77230834960938,179.8298484924706,176.33893836538775,177.81587032327502,18174600
2023-01-26,180.83685302734375,182.0740246897456,178.6598248437127,181.2396486792991,18369100
2023-01-27,181.81509399414062,182.50560506257438,180.09840147013003,180.28062170121842,20019900
2023-01-30,179.28318786621094,181.84382645117887,179.17769273497365,180.14631920629117,18395100
2023-01-31,183.6372833251953,183.73319333968936,179.70522150577116,179.7435767312806,21567900
2023-02-01,186.52398681640625,188.1543544415077,182.34256528627358,183.35914693602584,27007300
2023-02-02,190.1970977783203,191.09858440337035,186.3897022434881,187.98169984835422,31020400
2023-02-03,188.9215850830078,190.97393325040292,187.6844133875853,188.07762390373117,24981500
2023-02-06,186.1883087158203,188.33656685735505,185.4498426931347,187.63645605424537,18160100
2023-02-07,187.56932067871094,188.06802630925787,183.80028032873662,185.48820257556912,27074100
2023-02-08,184.82647705078125,187.36793114475654,184.32777137871017,186.3993045084099,17933500
2023-02-09,182.15074157714844,187.1281692080921,181.67122083634558,186.27462287481546,20516600
2023-02-10,182.5151824951172,182.82208279425453,180.8080898241479,181.5273709372129,15248700
2023-02-13,184.71139526367188,184.96074078078854,181.55614059335113,182.70698744484514,15754400
2023-02-14,184.62506103515625,186.00608304035902,182.2945973767348,183.4454441698001,21889600
2023-02-15,186.49520874023438,186.5815189595149,182.7261681930595,183.15773392327353,18721200
2023-02-16,184.71139526367188,186.88840889119575,183.4166834096088,183.94415915140527,21366300
2023-02-17,185.2196807861328,185.4498413695683,183.14814773234588,184.02087896803545,23892200
2023-02-21,179.7531280517578,183.50298355206593,179.57092247260988,182.9371526209493,26004000
2023-02-22,180.2422332763672,181.40266511246125,179.10097173088934,180.13673814273957,24651700
2023-02-23,181.52735900878906,182.50558535574405,179.05303038637985,181.59449893249288,21311700
2023-02-24,179.82986450195312,180.08880980169195,178.1707268219029,179.00508823529134,24280700
2023-02-27,180.4628143310547,182.40966715756963,179.9161683552097,181.38350049275425,17562900
2023-02-28,180.472412109375,182.23705949000347,180.36693159887577,180.41487196408048,19542600
2023-03-01,180.70257568359375,181.72875698794377,179.52295887961293,180.4820002629037,22532800
2023-03-02,181.1341552734375,181.54655070946714,178.49679126708546,179.20648721333043,18104400
2023-03-03,183.65643310546875,184.06881389447898,180.70258375690574,181.9013855395785,22774300
2023-03-06,180.9711151123047,183.8866092576297,180.2038790407028,183.71397419045908,23266700
2023-03-07,178.87083435058594,181.32599301274908,178.5927187397641,180.92318268370505,25865700
2023-03-08,178.9571533203125,179.92577998644583,177.53776133567806,179.139358916542,22505900
2023-03-09,173.97970581054688,179.5996890620633,173.85502574434844,179.08179850540097,33546900
2023-03-10,168.96392822265625,173.00149946678619,167.12257025755343,173.00149946678619,69274200
2023-03-13,166.2114715576172,169.17490612955993,164.0632280726775,165.4538352500846,74171500
2023-03-14,169.29002380371094,171.91778836734258,167.45825087374553,171.28483204622322,48946200
2023-03-15,166.4991912841797,166.78690665382922,163.40149141322797,164.88799399442928,54405800
2023-03-16,168.77210998535156,170.11477679334564,163.51656694579262,164.44683832140907,52392300
2023-03-17,164.2166748046875,167.60209018788433,163.86183412633358,166.9115791251654,70239900
2023-03-20,166.345703125,168.187060582661,165.4633869244838,165.9620924756654,46103200
2023-03-21,169.41468811035156,170.8820205471457,168.75296171701962,169.3187927332865,34465900
2023-03-22,164.60987854003906,170.08601181302234,164.50438339220818,169.29000563099154,56098200
2023-03-23,163.8792724609375,167.86435374119776,162.39690547517438,165.83330901334728,47720900
2023-03-24,165.36163330078125,165.66966599109568,161.19367428254142,162.43539618182965,47519700
2023-03-27,167.20013427734375,168.19159045022585,165.910280670189,167.3348948827509,33880600
2023-03-28,166.95948791503906,167.97982030297686,166.22793244711113,166.6225937481978,28555100
2023-03-29,168.85585021972656,168.98099037050275,167.07508531124583,168.77884202600362,25564800
2023-03-30,168.6248016357422,170.67510227430978,167.9221221637831,170.26119981575314,26728600
2023-03-31,171.72430419921875,171.95532873805087,169.7702675409984,169.79914377237634,39602900
2023-04-03,171.8013153076172,173.05267254395898,169.88579005045142,172.25372919066237,27609000
2023-04-04,168.78843688964844,172.39811248876148,167.79698050011666,172.2248404223441,33487200
2023-04-05,167.13279724121094,168.28789049122838,166.07395319414053,167.72959223802832,28247300
2023-04-06,167.38307189941406,167.93174966850822,166.21834338427863,167.21943502647588,26366300
2023-04-10,169.17344665527344,169.29858676399266,166.55522769986575,166.59373912768993,22237800
2023-04-11,170.51145935058594,171.31040269463261,169.5296234149395,169.96279626359515,21876200
2023-04-12,169.26007080078125,172.28257154051641,169.00980527785492,172.12856989676487,27018100
2023-04-13,171.50291442871094,172.00346025100964,169.3467294684929,169.93390398470623,23259900
2023-04-14,169.90501403808594,172.5136126619167,168.77879704468225,171.65691693080757,29600400
2023-04-17,172.09011840820312,172.1671266008034,170.13608142038007,170.3478502780781,22177300
2023-04-18,171.35855102539062,172.908305913148,170.31896252728535,172.86979447554603,22873100
2023-04-19,171.57994079589844,172.0997277022931,169.97243343569144,170.4537235922017,19306800
2023-04-20,170.69436645507812,171.75319597297252,169.91467876170043,170.5210943633221,20336300
2023-04-21,170.9157257080078,171.30076657308695,169.2793424228913,171.15637074075457,25972800
2023-04-24,170.8002166748047,171.7724172960536,169.89538902344094,170.74246421838689,17781000
2023-04-25,166.58412170410156,169.35635729103672,166.535989758088,169.0579597886834,28857900
2023-04-26,164.9766082763672,166.91138905455037,164.60120261230753,165.78517206237146,30309800
2023-04-27,167.180908203125,167.35418026239674,164.54344807433733,165.59265688013693,33424100
2023-04-28,168.64404296875,169.2504731763883,166.6996269113536,166.8055113176427,31911900
2023-05-01,168.7403106689453,170.70396779884837,168.22050913986547,168.45153367365742,27420100
2023-05-02,165.27503967285156,167.92213557954136,163.5616478610008,167.87400362549405,40851100
2023-05-03,165.8814239501953,169.12531406105543,165.74666332894373,165.7755395557972,43261400
2023-05-04,164.02366638183594,165.1402629809598,162.46429109921013,164.90925312445745,42382100
2023-05-05,167.92210388183594,168.54778979072336,166.62262949471423,166.80550738507685,35456800
2023-05-08,167.53707885742188,168.98094908942298,166.6515068776648,168.7017926193972,22109900
2023-05-09,167.03652954101562,167.74884412805497,165.7177994570364,166.50710752955445,21465500
2023-05-10,167.88363647460938,169.43339137121387,166.2568733901712,169.3756389022911,27281900
2023-05-11,166.59378051757812,167.27720430928724,165.66969696169207,166.73816168827446,25884600
2023-05-12,166.25686645507812,167.69111635401003,165.2268985095518,167.15205906165988,20406400
2023-05-15,168.28787231445312,169.13494746061684,166.35309169684479,166.82474652229922,24310000
2023-05-16,165.8333282470703,168.26865516258366,165.78519629586145,167.11356177261757,24212900
2023-05-17,169.52964782714844,169.89543306302093,165.717837837424,166.9403043159683,38231600
2023-05-18,170.5595703125,170.92535545069134,168.47077325750467,168.99056004900214,30446600
2023-05-19,169.52000427246094,172.19597612704362,168.69218469017795,171.83019094088343,34316300
2023-05-22,171.58953857421875,172.32110891537286,169.45260938745136,170.01090765756075,28207200
2023-05-23,170.78097534179688,173.77460031660758,170.74247859687873,171.25264492194032,32708900
2023-05-24,168.97129821777344,170.126406046499,168.13385826097297,169.94351348402392,28744200
2023-05-25,167.652587890625,168.9616975206148,166.23759385351076,168.69217624571758,36202600
2023-05-26,169.55848693847656,169.77989094740286,167.5082012140484,167.77772248005593,29841300
2023-05-30,168.9328155517578,170.9061077877871,168.22050095640753,170.0975439905619,25572600
2023-05-31,167.26756286621094,169.4237330804934,165.91032128023693,168.15313487390668,34598800
2023-06-01,169.07720947265625,169.6451429641991,166.45899010380316,167.3541973445005,27800900
2023-06-02,175.2088165283203,175.2761894909753,170.80981885769305,171.34886131015386,50212400
2023-06-05,172.8601837158203,174.47731167893275,171.76284268719095,174.47731167893275,34465800
2023-06-06,177.4131317138672,178.03881757685508,172.23444619740613,172.23444619740613,58584500
2023-06-07,180.7326202392578,181.24419931048055,178.5318610989272,178.5318610989272,60685600
2023-06-08,180.0569610595703,180.86777879730306,178.48362028105905,180.25966917612433,34185000
2023-06-09,178.59942626953125,180.12451637596186,178.03958194728594,179.84460157908012,30242200
2023-06-12,179.3427276611328,180.19213421061437,177.81763706136573,178.79253031649802,26580500
2023-06-13,181.3986358642578,182.41214689850116,179.7963390322014,179.96042905054827,35758200
2023-06-14,179.44888305664062,182.66315392635352,178.13614793923674,181.77512939523982,37114100
2023-06-15,180.92568969726562,181.05117637449834,178.48361880463096,178.6477088364443,36488400
2023-06-16,179.4778289794922,181.99712142345493,178.6573640549186,181.4179679792284,50684500
2023-06-20,178.6959686279297,179.1206791577842,177.37357180024952,178.72492482510316,33269300
2023-06-21,178.28091430664062,179.44886832304414,177.20949077137192,178.0299556755671,30730200
2023-06-22,176.95852661132812,177.846551041785,176.1477236176696,177.79828580272562,27063700
2023-06-23,174.29443359375,176.07048225365503,173.7925016756094,174.48747979965594,50610100
2023-06-26,174.46817016601562,176.38901452016586,174.10137206610722,174.1689463386088,31507900
2023-06-27,176.98748779296875,177.5955974195783,174.13035346490474,174.90255312615042,28818800
2023-06-28,177.85618591308594,178.01062877601484,175.79056048897857,176.6303343508532,23187600
2023-06-29,179.9025421142578,180.5782113231956,178.02030075784552,178.3002303270024,32084100
2023-06-30,180.76161193847656,181.88128603913526,180.41412280972474,181.71719599618083,30287300
2023-07-03,181.12840270996094,182.27704778559985,180.25004005960605,180.41413010919948,14011900
2023-07-05,179.32339477539062,180.70370416858603,178.99521468107284,180.62648272371985,24092100
2023-07-06,176.42764282226562,177.32532915992869,174.439238642872,177.2481077212116,39080800
2023-07-07,178.29055786132812,180.00869420380002,176.5724067903742,176.62067202597933,31706700
2023-07-10,181.34072875976562,181.5144806673928,177.75967499044648,178.16507647026663,29725100
2023-07-11,183.2036590576172,183.47392670816546,181.16698979410407,181.92952750919048,26738800
2023-07-12,185.2017059326172,186.34070362927616,184.71908303522383,186.0607741008381,40127300
2023-07-13,186.69786071777344,186.95848123545684,185.13416706864018,185.81948341155115,23523000
2023-07-14,184.87355041503906,186.7654389042542,183.6766401685165,186.62064317874427,32198600
2023-07-17,186.8523406982422,187.60523147350207,184.49713787163986,184.69018414479865,23283700
2023-07-18,189.1592254638672,189.5646269428643,186.76541994234418,186.9681133176015,28489800
2023-07-19,189.96038818359375,190.79050021228892,189.12061427006998,189.8638577062057,23679000
2023-07-20,188.3001708984375,190.09552885165158,187.51832408031717,190.09552885165158,27278100
2023-07-21,187.70172119140625,189.78664110840114,187.34457019875165,189.56463867892845,28982400
2023-07-24,188.16502380371094,189.4391406360781,187.24804321408993,187.79822567646954,16929800
2023-07-25,188.1457061767578,189.39088148426018,187.66308328545836,187.81752614550982,18961100
2023-07-26,189.63221740722656,190.30788659656335,187.94303706964277,188.00094946751682,20377900
2023-07-27,187.1804656982422,191.02213989787137,186.46617849662502,190.76153413369187,31159300
2023-07-28,189.60324096679688,190.10517294791705,188.70556936888286,189.207501350003,21612200
2023-07-31,191.8040008544922,191.8426042062531,190.07620261142674,190.08584976724643,24203900
2023-08-01,190.92564392089844,191.06077775914295,188.9758430589558,190.56849291887215,27444300
2023-08-02,188.32913208007812,189.27506895790222,187.34457711749488,188.7924459978004,28079700
2023-08-03,187.79824829101562,188.8407156767488,186.35037937668915,187.54728964812003,24279300
2023-08-04,187.42176818847656,189.4873935338566,186.97776338508092,188.0491867720316,24950400
2023-08-07,187.54727172851562,188.28085327276176,185.9835634350816,187.89476082389177,20185000
2023-08-08,186.3697052001953,186.5723986185003,183.89867772047836,185.46237157563053,25578200
2023-08-09,184.91213989257812,186.1766094992617,184.1206312886647,186.1669476152988,22293200
2023-08-10,184.09169006347656,187.3735200687365,183.2905342389345,185.55886788242609,29378800
2023-08-11,184.352294921875,185.02796401520553,183.14573770932708,183.3194748782628,21789000
2023-08-14,184.03378295898438,184.07238631363984,182.08398215800926,183.33880474731964,20354900
2023-08-15,181.6013641357422,183.04923299450334,181.50483365376465,182.93340819891722,25491300
2023-08-16,179.38128662109375,182.48937946048997,179.3523304236477,181.45657405178687,27018400
2023-08-17,177.2673797607422,180.25000038354744,177.24808544984984,179.86389323847672,26715100
2023-08-18,178.23268127441406,178.81183480891434,175.61687266767183,175.87749323104558,33375200
2023-08-21,177.9720458984375,178.84076132750602,176.7075761107668,178.28091693134579,22678100
2023-08-22,177.44117736816406,179.101401698449,176.85237670767364,178.60911680272818,21299200
2023-08-23,179.3330078125,179.64189353319537,177.0550271720579,177.60522433886587,21231100
2023-08-24,176.8523406982422,179.8639029499913,176.8330316578257,178.811788538769,26582300
2023-08-25,177.60525512695312,178.57050107873005,175.29831789134568,177.66316752750225,29340400
2023-08-28,179.18824768066406,180.25967121517877,178.39675370415316,178.4160480175797,23002000
2023-08-29,181.68821716308594,181.82335098918432,178.15542864409036,179.09170354231904,22986000
2023-08-30,182.37355041503906,183.0202633570484,180.81950403160445,181.20559647419785,19869900
2023-08-31,182.05502319335938,183.64767297927364,181.97780175673864,182.624514718894,17953400
2023-09-01,184.21717834472656,185.19207136145548,183.25193248434755,183.46428775190958,25094600
2023-09-05,180.33688354492188,183.3001806393996,180.2789711506005,183.0588691774054,27160100
2023-09-06,179.6612091064453,181.55308266481836,178.65734520616047,180.55888064895774,26406200
2023-09-07,177.9237823486328,178.93729351117045,177.20949506498602,178.70562918792405,23894800
2023-09-08,177.5280303955078,178.4064077301932,177.074363628296,178.1457872040646,19399100
2023-09-11,177.95272827148438,179.26546323710443,177.79828539823893,178.8214436586446,17424700
2023-09-12,177.77899169921875,178.89868053415225,177.3542958538673,177.64385785558775,16826300
2023-09-13,176.61105346679688,178.4546767746619,176.05120904578885,178.08787859885004,24415700
2023-09-14,179.1013946533203,179.6033266872285,177.8369247752404,178.11683962909248,27952500
2023-09-15,177.22879028320312,178.63805569817993,176.43728162021333,178.36777331123304,39695500
2023-09-18,176.0512237548828,177.37360610987042,176.0319147102046,177.31569370432143,19287800
2023-09-19,175.3658447265625,176.9295528920285,174.77705894518874,176.14770617353633,24085900
2023-09-20,173.60911560058594,177.132256989254,173.5705122479121,176.06083352864405,27642900
2023-09-21,170.9160919189453,172.54734505441934,170.9160919189453,172.29638643245787,31625600
2023-09-22,170.52999877929688,172.17091393474576,170.42382113655395,171.3890670784044,23164700
2023-09-25,171.2925567626953,171.67864926030666,169.4392715344038,169.58406726737155,22416200
2023-09-26,169.09014892578125,171.66975671308757,169.02225750093262,170.19569300639714,30476000
2023-09-27,170.67092895507812,171.58250620751122,169.187172464299,170.1472414891494,37293000
2023-09-28,172.2128448486328,173.17292853280665,170.65150470639958,170.76787310535062,31372400
2023-09-29,171.3982391357422,173.7450956027405,170.82605997088143,173.56083576978614,36689000
2023-10-02,168.8089599609375,171.38855355534864,167.9167527836455,171.00064897204794,42139300
2023-10-03,165.96751403808594,168.25618667934637,165.22078214983765,167.722806759169,42733600
2023-10-04,166.0450897216797,166.4233018650268,163.97946158622415,165.84143019944148,42491900
2023-10-05,166.17115783691406,166.70452290897933,164.80376984309365,165.63777796723832,33365100
2023-10-06,167.7712860107422,168.63438625438434,164.386761676796,165.22076981765557,42160900
2023-10-09,168.7410430908203,169.2744229106867,166.57844650948115,166.64632314240464,26658400
2023-10-10,170.65150451660156,171.68915726718254,169.01258051102067,169.0416726107261,31585000
2023-10-11,170.36058044433594,171.873428923552,169.10957567809504,170.79697676755438,27427200
2023-10-12,166.51058959960938,170.56426227338443,165.62808960538217,170.56426227338443,38693800
2023-10-13,165.123779296875,167.48032809713615,164.56130738790856,167.14091534356575,33955600
2023-10-16,167.79067993164062,168.1494923854105,165.85112755863972,166.54936759672887,31140300
2023-10-17,169.66232299804688,171.08789502585458,166.70450298124828,166.7433023112833,39823200
2023-10-18,166.17115783691406,168.41133849194173,165.8317302477721,168.3919388246052,38501400
2023-10-19,163.52365112304688,166.94695977899454,163.2715146489579,165.69595504538597,51397300
2023-10-20,161.40953063964844,163.9212470967814,161.39982340852825,163.56243468793625,54421900
2023-10-23,160.04214477539062,162.39870833684319,159.6736251309606,160.65310843902807,45590900
2023-10-24,161.43862915039062,162.55386575048902,160.41066884819023,161.41922948498808,32666300
2023-10-25,158.77175903320312,160.6531272096885,158.461423549506,160.0227638075326,36832900
2023-10-26,159.1790313720703,160.75977098059136,158.26743956832462,159.1887238048905,50525600
2023-10-27,157.307373046875,159.8481814570948,156.78368571496847,159.54755326170027,46017100
2023-10-30,158.18020629882812,159.82882298066303,157.0455698507839,158.83964705251753,35156300
2023-10-31,159.5475311279297,160.0033269730727,157.90860753125875,158.46137208535643,31533200
2023-11-01,160.45916748046875,160.59493554887945,158.17049518611017,159.48939133536103,44367100
2023-11-02,164.7358856201172,164.8619612669098,162.2726604744899,162.6799647207301,50458100
2023-11-03,169.21620178222656,170.341130577813,167.5578784855719,167.57727814686305,57060700
2023-11-06,167.10215759277344,169.4975063193958,166.20996514201397,169.21627769373967,35294400
2023-11-07,166.51058959960938,167.29610604371476,165.41475243081604,166.3748215080061,31168900
2023-11-08,164.7358856201172,166.92758939919545,164.18312085650945,166.51057792005668,44938600
2023-11-09,162.1853790283203,165.8608243609944,161.9332277427197,165.8608243609944,38577400
2023-11-10,163.9988250732422,164.5806966104558,161.74893758013138,163.1357249981937,36121300
2023-11-13,164.05702209472656,164.6388936774355,162.4568974386905,163.15513741889762,27610300
2023-11-14,173.0662384033203,173.07593083656988,168.9543826714764,168.96407510472596,77611000
2023-11-15,173.3668975830078,176.2665189867588,172.7268417315858,172.95959334963308,59641400
2023-11-16,170.56422424316406,173.23110850315274,169.8659842712856,172.7559128896883,46616700
2023-11-17,172.90138244628906,173.2408100162109,171.75705369761027,172.08677403560827,43418700
2023-11-20,173.9099578857422,174.2202785574337,172.36801736637753,173.12444157578696,26665100
2023-11-21,171.6697540283203,173.11471081775787,171.56307807494642,172.85288194842815,30457000
2023-11-22,172.7462158203125,173.96812833950588,172.05766830071713,172.79469278565162,28940900
2023-11-24,173.9099578857422,174.29786242475896,172.42620156746906,172.66864560375697,13846900
2023-11-27,173.32810974121094,173.69662946148625,171.87344532658096,173.1050653409656,30665800
2023-11-28,172.65892028808594,173.80326371426688,171.84431196290444,173.15351554078106,28350200
2023-11-29,173.57052612304688,176.25681012355628,173.29898999277256,174.1233056152827,31590200
2023-11-30,174.22999572753906,175.18037226066693,173.35718826855143,174.60820785381722,32216800
2023-12-01,179.32130432128906,179.5831332171044,172.82380733403633,173.78387621391082,64221300
2023-12-04,181.24147033691406,181.3384538743052,178.45821742558874,178.66186213745584,44862600
2023-12-05,178.8170166015625,180.4268484980245,178.4194048444347,180.4268484980245,36873500
2023-12-06,178.4969940185547,182.2403305120706,178.23515031733925,180.08742629676505,43637900
2023-12-07,179.78680419921875,179.95166437298766,177.84725185237025,178.75884382300666,32662300
2023-12-08,181.15415954589844,182.07544378529053,179.27279174049983,179.5540202692209,36087100
2023-12-11,181.5323944091797,181.949391038246,180.27168249269417,181.0377991171317,29302100
2023-12-12,181.34814453125,181.9882003574926,179.7383125310435,181.31905242983987,32024000
2023-12-13,187.48683166503906,187.7874599148408,180.05834253479796,181.44513017442537,69484800
2023-12-14,192.70420837402344,193.99399751849052,190.54159709494212,190.91980916836212,83649300
2023-12-15,191.0846710205078,193.51881843557712,190.027618651769,192.93694687240625,74160700
2023-12-18,191.15257263183594,192.762404551109,190.73556120323926,191.97688825730728,44451100
2023-12-19,194.8571014404297,195.21592865385628,192.0350642823872,192.48115299433235,52156200
2023-12-20,191.04556274414062,196.7784863989003,190.92876768182043,194.53009233804968,62360300
2023-12-21,194.29644775390625,194.4911259539071,192.25246032065056,193.20632112283656,38613400
2023-12-22,196.1068878173828,197.4014208996262,194.85129632436468,195.522897645786,39173800
2023-12-26,198.65699768066406,199.10472192707215,196.31126481639734,196.81740143795048,26879000
2023-12-27,199.35777282714844,200.0099031756635,197.97562897296112,198.98790208995516,35806400
2023-12-28,198.5985870361328,199.69845657374736,197.85886031500328,198.35525411909333,28930100
2023-12-29,195.35743713378906,198.5888910698725,195.35743713378906,198.05355559574068,41496800
2024-01-02,194.19915771484375,196.24314550815734,193.1479576274836,194.08234780389435,44341500
2024-01-03,189.02101135253906,192.39847350722002,188.61221382469245,192.13566979222475,57532500
2024-01-04,188.65115356445312,190.27661568970757,188.52461569331084,188.8847436627308,43114200
2024-01-05,188.09634399414062,190.2474135055555,187.16193906224802,187.55128063881267,40964900
2024-01-08,191.4835205078125,191.71712543726065,187.13272709042292,188.13525744502968,31545400
2024-01-09,189.77047729492188,190.5491456029639,188.16448597672365,189.1670164108241,28998700
2024-01-10,189.8775634765625,190.16956597793956,187.93089993653442,189.54663423920513,35075200
2024-01-11,188.38833618164062,189.5466031744273,186.19834005802733,189.31299824123835,48939200
2024-01-12,188.07688903808594,191.84369299271157,187.5026268726466,190.66595504575105,42992100
2024-01-16,185.75062561035156,188.10608663782722,185.04009759900543,186.6071622937477,42213000
2024-01-17,184.42691040039062,184.86490675211763,182.52891630833022,183.1129213452096,37787700
2024-01-18,185.51699829101562,186.07178954831906,183.19073649412914,185.62406535496692,41760000
2024-01-19,187.2982177734375,187.70703016989228,184.18355920617333,186.1886201947289,63338300
2024-01-22,191.29859924316406,191.57114577356043,188.91393963006217,188.97233715376763,42379500
2024-01-23,190.74380493164062,193.2939291059618,189.78020124999006,192.93380114750457,42471200
2024-01-24,189.17674255371094,193.16740831146825,188.94313760799582,193.08953999622986,41120100
2024-01-25,190.74380493164062,192.3887377989653,189.22540993160626,191.84367445042602,37659500
2024-01-26,190.75355529785156,192.61262253492714,190.16956514950567,191.63929076915323,33478600
2024-01-29,194.0920867919922,194.0920867919922,189.88728652562705,190.92875862144146,29234400
2024-01-30,192.4374237060547,193.6248747580799,191.84369075411027,193.09928215642492,33121200
2024-01-31,187.73622131347656,193.63460898466366,187.57075670822942,191.9507493177481,68126700
2024-02-01,190.2279510498047,190.51995353205848,186.42222051383985,189.1280814691228,59479000
2024-02-02,189.2254180908203,190.28634607224916,187.25928391150103,188.0866217916908,52839300
2024-02-05,186.8212890625,187.96008537042366,184.99142071206043,187.33715367587064,39751900
2024-02-06,188.50515747070312,188.63169535028297,185.92583428447878,186.5876927428821,34689100
2024-02-07,188.06715393066406,188.97234529080058,186.91861479150552,188.89449182374938,31713900
2024-02-08,190.9190216064453,191.1331557849609,187.57077277809927,188.20343249070905,35370800
2024-02-09,194.02394104003906,194.22834723557403,191.21101296998717,191.66848006545092,46107100
2024-02-12,197.54742431640625,198.1216865013239,194.5106190679537,194.53981783316212,43291000
2024-02-13,189.4200897216797,192.35955572268324,187.91142256062926,190.9871544105872,86247400
2024-02-14,193.81954956054688,194.46193720635648,190.9968786701035,192.4082066893935,43808000
2024-02-15,198.98793029785156,199.30913153328441,195.36713527352478,195.62993898467215,44931900
2024-02-16,196.2820587158203,198.26764869249962,195.72725256165492,196.7297829454881,48346200
2024-02-20,193.5762176513672,194.39381273351574,192.72940895384014,193.83900652300272,30547500
2024-02-21,192.6613006591797,193.06037026533673,191.15263338478294,192.38876894079553,28669100
2024-02-22,194.12127685546875,194.7539365204769,192.53474142998323,193.35233649450973,38184700
2024-02-23,194.5592803955078,195.77594506726217,193.2744902251043,194.2770207264808,37667700
2024-02-26,195.78565979003906,196.26259765576546,193.83899644695396,194.36460386663003,29118200
2024-02-27,198.55967712402344,198.7738112973063,197.13860623331573,197.66421369568778,32268600
2024-02-28,196.92446899414062,198.42339321887272,196.4864578647297,197.0412640409902,30143900
2024-02-29,198.29684448242188,200.54523812222658,197.1191215529345,199.70817234466804,40404100
2024-03-01,200.3992462158203,200.82751450399522,197.72258426658914,199.07551462139878,35156900
2024-03-04,200.21432495117188,202.22912867120652,199.97099202953655,201.50885787649534,24785400
2024-03-05,198.29684448242188,200.41871511236124,197.5960445360072,198.85165062827588,34163500
2024-03-06,199.77630615234375,200.5841731433683,198.63750998963047,200.5355035941526,34255200
2024-03-07,201.4407501220703,202.55034774837392,200.89567185403791,201.18767435608922,28020200
2024-03-08,201.31419372558594,204.7987229320576,200.31166328050156,203.1732608040872,41447800
2024-03-11,199.71792602539062,201.32391732632894,199.28965771797706,200.46739556336433,24435800
2024-03-12,199.4453887939453,200.4284483981402,197.96592055095348,199.67897888103838,34958900
2024-03-13,200.2240753173828,201.0708691639836,199.30914112126254,199.40646538246597,25140700
2024-03-14,196.64222717285156,199.80555560018044,194.83182938652106,199.58169343923012,47509100
2024-03-15,197.0120849609375,197.6642154574335,195.76622149720427,195.88301655572175,53217000
2024-03-18,195.8830108642578,197.76153397619817,195.5520816401642,197.49874510216924,32405100
2024-03-19,196.71034240722656,197.3430020711484,194.33541068417827,194.4522057355206,29864100
2024-03-20,200.6036834716797,201.46994815175617,195.74675259915045,196.14582218876856,49609600
2024-03-21,202.9085235595703,203.89407944963096,201.8351340638009,201.99126615219924,43067300
2024-03-22,200.10797119140625,203.20126557679737,200.10797119140625,202.82070292091834,28437300
2024-03-25,200.5666046142578,202.0010366627439,200.537331706295,200.7422569516116,20107800
2024-03-26,200.20553588867188,202.615770925226,200.0298984639391,202.04005062472436,23434800
2024-03-27,204.5673828125,204.63569618368314,201.17159183628374,201.7961052904106,35028400
2024-03-28,205.21142578125,206.75319669795286,204.76254973630577,204.99674787578658,37675100
2024-04-01,203.27931213378906,205.69929969074164,202.92802241668514,205.67002678844747,25684200
2024-04-02,199.54202270507812,200.89838870008293,198.47838578918626,200.7715295060828,36632100
2024-04-03,200.8495635986328,201.4057636500238,198.36126259506423,198.4588488656255,27362800
2024-04-04,198.8394317626953,203.50377009107322,198.29298432683822,203.01586846768996,32265200
2024-04-05,199.50294494628906,200.72269884653485,197.9709417901588,198.2246452411633,27569400
2024-04-08,200.59585571289062,201.4252794360563,199.62980525812512,200.99592367838272,21331000
2024-04-09,201.38626098632812,201.96198127740422,199.52247337666694,201.23012890718303,23289100
2024-04-10,196.068115234375,198.01972148910423,194.71174948292116,196.31206601621616,57130500
2024-04-11,197.39523315429688,198.00024129501526,195.25823654119117,197.08298385646,37184000
2024-04-12,193.88235473632812,197.02444246722882,192.8967839010577,196.36088849886667,35388700
2024-04-15,191.04275512695312,195.38507652137238,190.26210956524753,194.54588514821464,41119300
2024-04-16,190.3401641845703,191.4916196691206,188.68130177150948,189.70589807914476,43267500
2024-04-17,188.33001708984375,191.86241989961098,188.32026441811723,191.71605537583753,38589500
2024-04-18,188.1738739013672,190.9256459025379,187.5005673525882,189.0130651971596,40238200
2024-04-19,188.4666290283203,189.68638302557557,186.7101802943577,187.2956681688703,42666500
2024-04-22,190.57437133789062,191.5501745552996,188.2324346823638,189.51074940441293,31553000
2024-04-23,193.76522827148438,194.497080594813,190.40846323281858,190.53530751061882,31838300
2024-04-24,192.89678955078125,194.09703833247778,191.7063232210085,193.3749385289058,28791700
2024-04-25,191.72579956054688,192.06733662033315,189.08138135093125,190.7109708316318,31915600
2024-04-26,193.56031799316406,194.07749248369157,191.66725745519938,192.23322508229217,24613600
2024-04-29,195.12161254882812,195.56072100669448,194.06774331620392,194.42878573207122,20494600
2024-04-30,191.1598358154297,193.84329454371434,191.01347129517134,193.31636738120952,30606800
2024-05-01,191.55992126464844,195.47290157398962,190.31089437640873,191.14033304121907,38782100
2024-05-02,195.0825653076172,195.2777229610492,191.78434587319063,193.9701503045228,27201000
2024-05-03,197.0146484375,199.21997306801094,196.25352317781505,198.48812071142353,30880600
2024-05-06,199.56149291992188,199.824963934319,198.45884550702687,198.54666421530118,23129800
2024-05-07,200.01039123535156,201.16183191121772,199.5517625215199,199.8152335653239,20116900
2024-05-08,198.8491668701172,199.02481918159887,197.65868582305384,197.81481790224322,18349400
2024-05-09,200.87884521484375,201.00570439416094,198.4881303781411,199.03457778200743,22914300
2024-05-10,199.3663330078125,201.62043583203558,198.75157227772476,201.35697971020423,21520200
2024-05-13,199.7859649658203,201.55216648544226,199.6493531048986,201.09353776172452,18585300
2024-05-14,201.85464477539062,202.71335633149914,200.92763473981424,202.11811580093752,33169000
2024-05-15,204.37222290039062,204.6942397404769,202.69384021910304,204.14779233532747,33412300
2024-05-16,202.89877319335938,204.28442698335712,202.89877319335938,203.8453035863249,26731100
2024-05-17,203.04515075683594,203.4745065875863,202.3328185228601,202.97683737940903,35219800
2024-05-20,203.4940185546875,204.41127606121535,202.75241338898994,202.9866115469046,15695900
2024-05-21,203.29884338378906,203.64038047351133,202.56699095402058,202.8011890917938,13466800
2024-05-22,201.5814208984375,203.18173750366373,200.82029561604787,202.50843093318645,20853100
2024-05-23,198.27345275878906,202.59625374786125,197.45378165185878,202.4889148012698,34039800
2024-05-24,200.46902465820312,200.70320791190696,199.02483999858367,199.83474360374424,19946100
2024-05-28,200.19578552246094,202.0790785273537,199.03457734699543,201.96198690951684,18475900
2024-05-29,197.2391357421875,198.09783256458704,196.89759861413006,197.62945112604388,25654800
2024-05-30,199.1126251220703,199.9810892836954,198.16609492585746,198.59545067130333,20428200
2024-05-31,200.791015625,201.2886698645128,198.1661028047208,199.990849905842,25784900
2024-06-03,199.65908813476562,202.53770452169397,198.23440894854892,202.50843161762427,23902900
2024-06-04,197.08294677734375,199.55172734749408,196.77068264868018,198.23438725025102,27098900
2024-06-05,200.0981903076172,200.0981903076172,196.90730985795443,198.38078213458436,20707600
2024-06-06,198.6637725830078,199.8542536941647,198.0782995888887,199.239492905243,17335500
2024-06-07,196.33155822753906,198.25389130525923,195.8241365046476,196.65357500036026,26036000
2024-06-10,197.00491333007812,197.23911146531253,194.19459526556795,194.69226444174407,25075300
2024-06-11,196.33164978027344,196.70349480516427,194.15931872215566,195.35312281467577,23768400
2024-06-12,199.34556579589844,202.81934040167783,198.73888369946286,201.44939333950856,43668700
2024-06-13,197.603759765625,199.16939412576266,196.20445828523722,198.9052025661312,28021100
2024-06-14,194.46270751953125,195.74457577075074,193.68967759628674,195.2748868924647,33453700
2024-06-17,196.09681701660156,196.63500988628218,193.1710306606672,193.86577651241473,25538100
2024-06-18,196.43931579589844,197.35913366108556,195.73477508771845,196.1555495059192,25446900
2024-06-20,195.60755920410156,197.52547886908036,194.94216795023732,196.01855372106294,27999700
2024-06-21,196.04791259765625,196.106621835315,194.19849695571224,195.63691807176755,37511300
2024-06-24,196.8992462158203,198.33768240773404,196.2240600525375,196.38062798947215,22289600
2024-06-25,196.25340270996094,196.8405249721024,195.52930217527776,196.81117035210926,15925400
2024-06-26,195.73477172851562,196.27296461179702,194.54096748965088,195.04980575485678,19313500
2024-06-27,197.72119140625,197.8092552653262,195.66629337210966,196.32190476379773,17432600
2024-06-28,198.5333709716797,200.2457934678383,196.99709112503265,199.50211821614525,35026000
2024-07-01,196.869873046875,199.44340414240125,196.17511222414393,199.1498430210904,21886200
2024-07-02,197.54507446289062,197.92669947084178,196.58610706351385,197.19280407623265,17219100
2024-07-03,197.49610900878906,198.91497019272822,197.3004065922349,197.90708856289393,15167200
2024-07-05,196.55674743652344,197.3004376400508,195.58801509623962,196.88945802127287,17282500
2024-07-08,197.93649291992188,199.32599983711546,197.5059385366228,198.16155000895873,20823800
2024-07-09,197.07534790039062,198.17130838294693,196.224034118924,197.58418616260826,17864200
2024-07-10,199.00306701660156,199.2183441898251,197.1634460787908,197.946255874724,19286100
2024-07-11,206.1560821533203,206.6942750442668,202.4964003571615,203.43577801123297,65443600
2024-07-12,208.56329345703125,210.3246454593882,208.09360456678294,208.3480162716798,50810700
2024-07-15,212.52633666992188,213.553793272776,209.6983935033114,210.1778623018066,48925300
2024-07-16,219.7772216796875,220.03163338410235,214.31703794829636,214.43445643785083,67945700
2024-07-17,217.4776611328125,221.773394764467,216.90033369235636,217.5852997175704,66092100
2024-07-18,213.26998901367188,219.95333122917236,212.32081648520548,216.65569951693433,53180000
2024-07-19,212.18382263183594,213.9549543760842,211.21509031378818,212.95686743816464,37933500
2024-07-22,215.5597381591797,215.9120085285547,210.75518122585774,213.0057817139956,36185900
2024-07-23,217.8494873046875,218.94543284981506,214.3365637606835,214.5029265026973,44884600
2024-07-24,213.17214965820312,219.0530925664509,213.0449363483167,216.32300833567848,42443000
2024-07-25,215.833740234375,219.20965590926434,213.51462074008492,213.7592525271224,45053100
2024-07-26,219.4053497314453,220.55022465805777,216.93945723428223,219.09221388939469,40822600
2024-07-29,216.96881103515625,220.57957844531995,216.02943337482313,219.88483256148965,33869700
2024-07-30,217.79080200195312,219.64021777815483,216.36214574694313,217.9375751067549,26876800
2024-07-31,219.0531005859375,223.7206795318942,217.2134646636023,218.90632747772574,52387700
2024-08-01,211.92941284179688,220.06097110396425,210.44204738674,218.96502546925888,71508100
2024-08-02,204.4338836669922,206.6551444052035,202.54533349651138,204.36539453293574,66850200
2024-08-05,197.8582000732422,200.3436675631232,192.47630038567004,193.6505300585486,65683100
2024-08-06,200.01095581054688,202.79976433232568,196.8796717238512,198.65080358549125,37072500
2024-08-07,197.64291381835938,203.49451705137471,197.2319341982751,203.38687846531886,30594500
2024-08-08,202.4474639892578,202.5551025637111,198.80734211101313,200.0305009429196,26550300
2024-08-09,202.02674865722656,202.6725653139075,200.53938301194708,202.60407616854891,20954500
2024-08-12,200.2066650390625,202.5355495514717,199.44341504063112,202.17349927638338,20357900
2024-08-13,203.50428771972656,203.90548742511822,200.46106775866178,201.66465194369772,25458300
2024-08-14,202.24197387695312,204.2675321410589,201.32217094503724,204.15011366701404,25345600
2024-08-15,207.48687744140625,208.52412869820023,205.4026248944122,206.72362750625828,42561600
2024-08-16,208.0348663330078,209.38522357069704,206.7432034008876,206.83126725594894,30427400
2024-08-19,210.57904052734375,210.58883535481172,208.25015605429968,208.3871492585964,17246200
2024-08-20,208.1229248046875,210.33439060658762,207.49666807744174,210.27568137139866,21703900
2024-08-21,210.8334503173828,211.02915274631127,208.25013943456764,209.67878060376987,19623100
2024-08-22,208.97427368164062,211.72393281990318,208.55351413801327,210.94112297769968,18084300
2024-08-23,215.64779663085938,216.3327625814547,210.17781905913756,210.55944401240765,40003100
2024-08-26,215.71630859375,217.67336290611087,215.35425832392787,217.16452460417798,24865500
2024-08-27,214.0430450439453,214.65950702659933,213.0351632227156,214.20939287616244,19577900
2024-08-28,212.59478759765625,214.41484856003817,211.62605534633474,213.19168971250028,19685000
2024-08-29,214.11151123046875,216.23491323451026,212.48715266957998,214.08215661211497,24599500
2024-08-30,215.354248046875,215.76522764112144,212.73178762926696,214.99219779433048,23010500
2024-09-03,208.76876831054688,214.65949085881584,208.33821398611227,213.44612677847,31338500
2024-09-04,208.41650390625,210.74538837960165,207.1541955161484,208.19143191040897,23706300
2024-09-05,207.37925720214844,209.43417024380219,206.39095012979217,208.9546865524457,23910500
2024-09-06,203.43577575683594,208.6121924172054,202.69210054467558,207.37923872958413,34561300
2024-09-09,204.00332641601562,205.74510346625874,203.06394875782135,203.6804106800305,23584100
2024-09-10,203.8369903564453,204.37518328079423,201.37109773197184,204.238190075609,23025700
2024-09-11,204.4338836669922,204.7567994076154,199.82502930341266,203.01502233235476,27175600
2024-09-12,207.06613159179688,208.21100656988966,203.93484768618333,205.402638416734,27611700
2024-09-13,212.17404174804688,212.5850213554784,209.34609890815858,209.43416276736409,37388100
2024-09-16,212.9373016357422,213.60269295556574,211.49886547720251,212.9568763601899,23289000
2024-09-17,214.69863891601562,217.03731813484399,213.77882103451898,214.8649867346273,35563500
2024-09-18,214.73779296875,220.10991271986765,213.56356330450654,214.52251578833898,54085200
2024-09-19,219.1607208251953,219.8554667207464,216.74375763808092,219.83590692871604,35369500
2024-09-20,216.812255859375,218.66167147383993,216.53825453580748,218.65187664694983,34587500
2024-09-23,216.01963806152344,218.31918272792856,215.29553756063402,217.90820313606568,20157700
2024-09-24,216.38172912597656,217.16453895774944,214.78672497801543,216.87099273640484,20939800
2024-09-25,213.74246215820312,216.60950975399615,213.59517323434432,216.32477513921265,23242300
2024-09-26,214.88143920898438,217.12009310629477,214.41996086345992,216.49169929270047,24974700
2024-09-27,216.3345947265625,218.56343533033535,215.54909872264224,216.85498264546553,23959600
2024-09-30,216.88441467285156,217.57171798586612,214.61630624885922,215.4410702244767,21938200
2024-10-01,213.93882751464844,216.34439672842439,212.3776638392445,216.17748127087393,30016000
2024-10-02,213.6442413330078,214.78320960593345,212.2892763013706,213.05513066162703,14455400
2024-10-03,212.2107696533203,213.29081360139497,211.1798070349061,212.30894729473206,21353000
2024-10-04,215.1759796142578,215.990930387942,213.34970781611867,215.31344028800638,27901500
2024-10-07,213.48716735839844,214.69487360931322,211.95545843557835,214.67523208971332,14891800
2024-10-08,213.63446044921875,214.41012819451333,212.77041335504552,213.68355675813132,18118600
2024-10-09,214.10574340820312,215.62763903049589,212.986416527811,213.58535551534212,18230700
2024-10-10,212.91769409179688,212.94714887959344,210.70849511451922,211.9849092046081,24571400
2024-10-11,217.24774169921875,217.59140091216955,212.78026182340716,212.83917140686356,19950900
2024-10-14,218.84817504882812,219.06418682948782,216.4327774024019,217.43428520527038,19263300
2024-10-15,219.02490234375,221.4108300392445,217.95465678998835,218.53396923945013,25998800
2024-10-16,222.6283416748047,223.05053693820022,220.3209501731884,220.81188326016303,27656700
2024-10-17,222.0196075439453,222.8443866393567,220.83155768639622,222.79529032692528,18003600
2024-10-18,221.55809020996094,222.913070287898,221.30281040514038,222.54978460755945,20047400
2024-10-21,218.07247924804688,221.59737515250865,217.51280834770483,221.53846558028079,24243800
2024-10-22,217.24774169921875,217.80741270623722,216.30515839973384,217.4539402234075,15813900
2024-10-23,215.26434326171875,216.79605208094262,213.42824334659744,216.04001093942207,23263500
2024-10-24,215.73565673828125,217.03171241615627,214.56723348691298,216.4327733957948,18381900
2024-10-25,214.9207000732422,217.94484988183524,214.55741435972695,217.29681456954606,23807800
2024-10-28,218.42596435546875,218.92671073059097,216.48185846645197,216.78623459537465,19877700
2024-10-29,217.71902465820312,217.87611186964273,215.98111722474758,216.73715842177916,20282200
2024-10-30,217.4244384765625,220.4093049231064,216.89422237577804,217.0611528023093,19754800
2024-10-31,213.8112030029297,217.74849650802693,213.6835705700152,217.20846703926273,24078400
2024-11-01,215.00909423828125,216.96301371477432,214.38070035862944,215.51966894740204,21222200
2024-11-04,216.0989227294922,217.71901090651673,213.8897238370769,214.5377591078867,20463700
2024-11-05,220.1638641357422,220.22277371336517,215.08761744200015,215.36253879230065,26404600
2024-11-06,232.91830444335938,233.27177687962183,228.52936126897137,232.29972393437774,75554600
2024-11-07,232.09353637695312,234.16527465133385,231.13129671705497,232.59428274373255,34970300
2024-11-08,233.80197143554688,234.14563059351116,231.37676075735754,231.65168209089333,26597800
2024-11-11,237.31704711914062,237.99453716451532,235.50060371818367,236.15845224543617,29207700
2024-11-12,233.15396118164062,237.40542876625807,232.27027258685087,235.60862675257385,35314300
2024-11-13,230.8465576171875,235.53006347937244,230.5716362860238,234.61692014350885,25947700
2024-11-14,227.7340545654297,232.14262432601558,227.01729641634796,231.67133273312112,29272100
2024-11-15,224.33680725097656,228.07771544386793,223.67895863010898,228.00899259379347,37930000
2024-11-18,224.7786102294922,226.41833988205175,223.99312929620643,225.06335980258348,29368500
2024-11-19,226.44784545898438,226.63440246621442,222.2945399313339,222.48109693856398,26009400
2024-11-20,226.7423553466797,226.7423553466797,223.90476261579803,226.05505200015097,24222700
2024-11-21,230.188720703125,231.29823433413557,226.91910436868088,227.9500669036643,28679400
2024-11-22,234.44020080566406,234.9016791261771,231.06257862237263,231.36695475247922,22693100
2024-11-25,238.00437927246094,240.53759606199688,237.01269972740806,237.11089234782892,33534000
2024-11-26,236.2566375732422,237.22869049378218,235.08821441134467,236.8064802418789,22581400
2024-11-27,236.58065795898438,239.2709767412802,236.07991159039807,237.6214337341378,19472800
2024-11-29,237.48397827148438,239.06478348785922,237.159960620441,237.9749113823823,16782700
2024-12-02,237.36618041992188,238.25968235763872,235.65772764713165,237.84730030532884,25274800
2024-12-03,235.67733764648438,237.74907588257608,235.0293023729189,237.1599501825913,21376700
2024-12-04,236.52175903320312,237.28761350532935,234.87223093388198,235.92282002478748,19903000
2024-12-05,233.7626953125,236.49228201703576,233.42886441645484,236.1584511209906,20227000
2024-12-06,234.5972900390625,235.53988820754844,234.05727560077423,235.4416955921744,20760900
2024-12-09,233.4190673828125,237.00288830686245,233.3405162822812,236.1879374937019,16684300
2024-12-10,232.40774536132812,234.4893120616905,231.64189086188506,233.27179248155744,19946500
2024-12-11,233.4583282470703,234.9507540691228,232.53537163111554,234.38128486302512,23156900
2024-12-12,230.42434692382812,233.340490664249,230.1003442700826,232.85938582668877,21454500
2024-12-13,228.84356689453125,230.6011008347352,227.67514369657863,230.1199809937872,23972900
2024-12-16,230.188720703125,231.35714391063354,228.13662388396762,228.6864665740682,32293500
2024-12-17,227.55345153808594,229.88737871145432,227.04136098863177,229.12909280526267,33064300
2024-12-18,217.4791259765625,229.53285601072173,215.5883474464816,228.70564322129357,52267500
2024-12-19,216.51405334472656,221.0144968228152,215.99212037076694,219.85246190768174,51871700
2024-12-20,218.54269409179688,221.24100063128472,214.75129458576967,215.2732275438113,53882200
2024-12-23,218.0404510498047,219.01537500837816,216.0413460312983,218.36543071151968,29606800
2024-12-24,219.99032592773438,220.22667888359572,217.12460832252626,218.6411801594684,13399600
2024-12-26,222.24546813964844,222.6984742136856,218.0995466926288,219.03508605520153,20024800
2024-12-27,219.0055389404297,222.00912527054086,216.84886523083233,220.87661762393662,26956000
2024-12-30,217.32156372070312,218.4343715705096,214.53464543356628,217.31172131574442,25706100
2024-12-31,217.59732055664062,219.88200575672704,216.79963494239607,218.73965564339747,26208300
2025-01-02,217.77456665039062,220.95540648845187,216.25800984719936,219.53731881314084,29363000
2025-01-03,221.01449584960938,221.3985750445096,218.0109244179413,218.6904260295762,24525300
2025-01-06,221.1031494140625,223.71281441179565,220.72892763077496,222.32426887266666,23541900
2025-01-07,219.33053588867188,223.0727085770364,218.01093229102656,222.14701156697762,28835200
2025-01-08,218.3358917236328,218.92675155017395,215.6769699111967,217.53820616395896,26795900
2025-01-10,213.53016662597656,215.3815605866582,212.0332945933707,214.98763898514474,37379400
2025-01-13,213.9437713623047,214.20966656292254,210.7136893880514,211.23562235771854,28603800
2025-01-14,216.3761749267578,216.8784080416756,213.91422137536702,215.84438454477709,25447500
2025-01-15,220.63043212890625,222.14700399522647,219.60626602014548,222.00913519161304,30124700
2025-01-16,221.07357788085938,221.80230648661978,219.32066822281803,220.7387407907456,21029800
2025-01-17,222.02883911132812,223.51585373668806,221.25085332718132,223.4764540626039,26754900
2025-01-21,226.29293823242188,226.39142239477417,223.53556200543866,224.0574950074443,26086300
2025-01-22,224.81573486328125,226.35200644000548,224.36274384288814,225.8596157494913,21307300
2025-01-23,225.83993530273438,225.85963513948616,223.10224403057103,223.47645076941885,20850700
2025-01-24,225.2096710205078,226.72622783384128,224.56955406543034,225.33769741683776,19074500
2025-01-27,223.05299377441406,226.12550702584994,221.78263234209257,223.25980448629397,27461700
2025-01-28,223.2991943359375,224.09686490814505,221.75308024288537,223.2893519309794,16847400
2025-01-29,222.787109375,224.7468299241545,221.16222594828207,223.23025803441644,20280500
2025-01-30,225.05209350585938,226.5489654503849,223.4665948411731,225.04225110136542,25575100
2025-01-31,223.03329467773438,226.8148667996206,222.1075977267146,225.26875273747652,35330700
2025-02-03,220.4236297607422,222.1174550261615,217.31171682877908,218.13892962540558,34023300
2025-02-04,223.47645568847656,223.6734240071846,219.81308238036044,220.19714655932432,17985500
2025-02-05,225.9088592529297,226.00734340883486,223.43706321606362,224.58925571260625,15197300
2025-02-06,225.1702423095703,227.18904701642126,223.84079654645168,227.00193616178365,18809400
2025-02-07,222.5605926513672,225.76113214745985,222.14698627352223,225.36722560472316,28914400
2025-02-10,223.56509399414062,224.05748473016982,222.4227438801754,223.9097584934174,14574700
2025-02-11,222.26516723632812,222.97421107280917,221.388712358813,221.62506531316407,18215700
2025-02-12,220.21681213378906,221.0637247399068,218.4146603663558,218.87750882705802,25572800
2025-02-13,222.698486328125,222.89543962150074,220.34485915983814,221.6152206746988,21419400
2025-02-14,222.53106689453125,224.5104722122375,222.17654496918075,223.81128579310646,13574500
2025-02-18,223.752197265625,224.20518831247955,222.07805679882483,222.70831631843672,15166500
2025-02-19,222.98406982421875,223.69311371267867,221.65462380328637,221.97960350437828,16194800
2025-02-20,220.84710693359375,222.74774315560944,219.6161299852795,222.57047466123367,18507700
2025-02-21,214.48541259765625,222.91513978987123,214.1505904957629,222.56061785063915,45036900
2025-02-24,212.93927001953125,215.4603079058087,211.87570434377588,215.4603079058087,30246200
2025-02-25,212.13177490234375,213.96346899307983,210.24099632909562,213.07715667568166,33665100
2025-02-26,212.3976593017578,215.08612352215414,211.5704464769771,212.77188106721357,25464200
2025-02-27,209.15773010253906,213.19534002994735,208.99031906039787,212.35826979266903,29378500
2025-02-28,211.38331604003906,211.39317347079034,207.7494853902091,208.41912951216,32015400
2025-03-03,205.60267639160156,212.67341523867438,204.26337297644022,212.1219249870185,36330000
2025-03-04,203.2786102294922,206.57763450535532,200.09776996030496,202.79606184978684,56427100
2025-03-05,205.29739379882812,205.66175813341874,201.70294745190952,203.30813102638876,35778500
2025-03-06,202.1559295654297,204.95270520388803,200.79692639147834,202.64832027754863,39206300
2025-03-07,202.81573486328125,203.95808494175168,198.65995597819614,201.8506532580911,43514000
2025-03-10,197.71456909179688,201.6241525153247,195.72530642409674,200.34393366924894,39442800
2025-03-11,197.6948699951172,200.12728130378312,195.50865404136422,198.05923431188538,51509700
2025-03-12,198.03956604003906,200.64923100940948,196.51315170680007,199.95988696340345,36881700
2025-03-13,195.085205078125,198.95538884131827,194.00193950679838,198.20696037258384,31336900
2025-03-14,199.8023223876953,199.97959087546482,196.30634497945246,197.192657365153,34089400
2025-03-17,202.32333374023438,202.88466634576048,199.51671579231837,199.62504234637228,26947600
2025-03-18,200.5665283203125,201.26728377810164,199.71771511686413,201.19820221169547,22888000
2025-03-19,203.6853790283203,204.9783351535401,200.26051819297308,200.70467630280143,31595600
2025-03-20,202.3924102783203,204.60327595761308,201.54359725558464,201.66204643895287,25665900
2025-03-21,201.1389617919922,201.76077116550186,199.135370544342,200.0828888725333,39470200
2025-03-24,206.14300537109375,206.50818733607878,204.00123603810073,204.26772790837495,25774700
2025-03-25,204.9980926513672,206.54767624136466,204.3960273481626,205.97521947271994,17836900
2025-03-26,202.91554260253906,206.1035354211475,202.01737688360137,205.25472228044782,19344600
2025-03-27,201.94827270507812,203.6656428374941,201.10932414986723,202.65890758329917,23960000
2025-03-28,197.8424072265625,201.9186862004358,196.78633434474256,201.8791981138432,26656200
2025-03-31,196.8948974609375,198.02993141799834,192.94693230901544,194.91103533350986,32250800
2025-04-01,196.9146270751953,198.6122533007929,194.1017109315992,196.40140244720862,26054100
2025-04-02,200.02365112304688,200.68493345590244,193.98325440838602,194.22013773101884,36603000
2025-04-03,187.18287658691406,192.52250263705835,186.73873355533937,190.59787279337428,60551500
2025-04-04,178.83294677734375,181.6557423512859,174.37174211594544,180.23447254338618,92612800
2025-04-07,177.2142791748047,187.77508237238942,169.49600049171474,172.05231923501026,96706200
2025-04-08,172.5458221435547,183.5014162737921,170.0980729350363,183.2744124971355,61090600
2025-04-09,187.21249389648438,189.61089047591042,169.5058834440602,170.47313065644326,123015100
2025-04-10,179.34619140625,183.0671376737285,174.67771182689765,182.119634482438,67503000
2025-04-11,181.9617156982422,182.4453468543634,176.2569072195447,178.78360252439856,44954400
2025-04-14,184.10350036621094,185.52477035888626,180.66877459077438,185.3668481240794,35214600
2025-04-15,184.33047485351562,186.59069318142207,183.42244473821248,183.9159403482875,30715500
2025-04-16,182.56378173828125,184.30088100241105,180.18512909377583,183.28428116950147,35063300
2025-04-17,184.0541229248047,184.99176159434558,182.0604114557615,182.58351561014615,42359200
2025-04-21,180.36279296875,182.8796086990268,178.41841893111678,182.593387852705,26019000
2025-04-22,185.03125,185.65305930396255,182.14923737035483,182.74142308148424,34477100
2025-04-23,187.7751007080078,192.9666696869549,187.37043064785937,190.4103657543358,44866100
2025-04-24,191.53550720214844,191.84147206025244,187.4197557625463,188.2784332753273,29820100
2025-04-25,191.59474182128906,191.73291999762085,189.0581820714214,190.2129600579711,25029000
2025-04-28,192.4040985107422,193.5983496249535,190.02544571394068,191.96981990183153,22482300
2025-04-29,193.53912353515625,194.2991110653392,190.4991884747168,191.94020242256954,20118200
2025-04-30,192.3251190185547,192.93704878521032,188.23897577285575,190.6274928333569,29046100
2025-05-01,193.51937866210938,195.09855560182638,191.21968727748225,193.1640612151221,33169700
2025-05-02,197.87200927734375,198.59252376127057,195.60192630201362,195.74998403144562,30201800
2025-05-05,196.35206604003906,197.89177017137644,195.50325285734112,195.98688405153533,20834200
2025-05-06,194.21026611328125,196.00658229804756,193.09496121804708,194.03259986275359,24642100
2025-05-07,194.851806640625,195.97697603938124,193.48975392518133,195.52296850776065,23623300
2025-05-08,198.56289672851562,200.1026157623678,195.68088402359348,197.17125048182302,32646300
2025-05-09,198.19772338867188,199.648601825324,197.35878980780342,198.91822283113356,17203000
2025-05-12,205.16587829589844,207.00168273048533,203.142558163509,206.12326106911425,38207200
2025-05-13,205.91600036621094,206.8832476262787,205.25471800042948,206.21208570888018,28295800
2025-05-14,204.09005737304688,205.82715661860678,203.8433095509922,205.3336609744974,26316100
2025-05-15,205.42250061035156,205.48171767770225,202.71813907243308,203.89266110919436,21563700
2025-05-16,207.1201171875,207.39647352914204,205.07703809719166,205.70871188670074,28906400
2025-05-19,206.25155639648438,206.3699905235616,203.5768035644274,204.10978725685655,25859600
2025-05-20,206.36013793945312,207.0312847786684,205.25471252884364,205.94560341047458,22053100
2025-05-21,200.5665283203125,204.90928444103366,200.20133126258784,203.9420370892927,36704400
2025-05-22,200.55662536621094,201.71140335820118,198.9083517335261,199.6584596856768,31831300
2025-05-23,199.92495727539062,200.61584818009527,197.0528089498055,197.18112263935498,29114600
2025-05-27,204.9980926513672,205.0474452290644,201.5041500306713,202.96489295669687,31655900
2025-05-28,202.83656311035156,205.32378523731424,202.53059823740878,205.00795587373463,26046700
2025-05-29,203.43862915039062,204.36640332372585,201.8100996318621,204.25783368513785,32749500
2025-05-30,202.40232849121094,203.56697108471852,200.89221783205818,202.4714100561054,37768900
2025-06-02,203.03396606445312,203.16226467925708,200.03350438733185,202.6490400994602,30334300
2025-06-03,206.310791015625,206.88324777902835,202.876065495497,203.77423119636907,37702200
2025-06-04,205.7284698486328,207.27803836481118,205.43236944532657,206.45883377512382,27225300
2025-06-05,205.8173065185547,207.10039829501358,204.3072109468147,205.9850932420488,35728700
2025-06-06,209.14346313476562,209.37048199094932,207.8603864151541,208.74867261493023,32144500
2025-06-09,210.58447265625,211.4925028807431,209.78501208144047,211.08783281735052,33984400
2025-06-10,211.71949768066406,212.62752786659567,211.02860678487826,211.67016016405165,30182200
2025-06-11,210.8509521484375,213.12102004617157,210.5252432185202,212.77558213404723,31113400
2025-06-12,210.01202392578125,210.4956551220615,208.87698986671313,209.40995858359292,25367000
2025-06-13,206.17262268066406,208.6894536374392,205.5113402828168,207.11026145193125,60580000
2025-06-16,208.60336303710938,209.77122580475884,207.4849742055642,208.31633567764698,28974000
2025-06-17,206.40618896484375,208.2866516524059,206.22803144283753,206.910940923648,32843200
2025-06-18,207.49488830566406,209.2170073419927,205.6441158789091,206.2973350066823,42850500
2025-06-20,207.0594024658203,209.07842534859597,206.3171121983105,208.93986510273817,36978100
2025-06-23,209.5930938720703,209.60298563939907,204.68407403067602,206.33690529066698,35516400
2025-06-24,212.26535034179688,212.72061330076852,210.17703954668113,211.09747233456025,31772500
2025-06-25,209.79103088378906,212.52265370535912,209.71185144088253,212.453381131525,27725600
2025-06-26,213.1956787109375,213.3342389652794,210.51352973525488,210.6421982221206,26261200
2025-06-27,213.26495361328125,215.17512189247432,211.92884009653974,213.8291015062135,47717300
2025-06-30,213.57176208496094,214.48231815807094,213.1758799590362,214.45261265178826,25558000
2025-07-01,215.76895141601562,218.26305119645357,211.94862984752615,212.41379967051873,43864800
2025-07-02,218.7578887939453,218.82717646770357,215.12561690438258,216.1252290259459,35735200
2025-07-03,220.7868194580078,221.03424954771305,219.49028820426184,219.727811425141,23515700
2025-07-07,217.47125244140625,220.52949985893977,216.1648294073947,219.29234939774906,41551200
2025-07-08,218.97564697265625,220.00494958363095,218.06510598165755,218.31253609123118,36339300
2025-07-09,221.35096740722656,221.39056468138125,218.8469759356432,220.28208263601366,32425200
2025-07-10,222.48915100097656,223.72630151243447,220.56909099088432,221.09364159958767,33865900
2025-07-11,219.4210205078125,221.24210250938262,219.29236711876752,220.8759107758972,31579600
2025-07-14,220.89569091796875,221.04414293210453,218.78758170563503,219.09439260280516,24632200
2025-07-15,216.57061767578125,221.92499337685643,216.5409121710301,221.7666495958113,44215400
2025-07-16,218.7480010986328,219.0943941680691,214.68024976097442,217.95622177973868,48199800
2025-07-17,221.61819458007812,221.8953150894557,218.44120048973718,218.8073922124286,43548000
2025-07-18,220.04454040527344,223.04339203720733,219.6981322212549,222.97410435962962,49009900
2025-07-21,219.15379333496094,222.10317116739355,218.97565090180044,221.2421041013109,28191400
2025-07-22,220.97486877441406,221.50931112340353,218.3916980334409,219.34182112096312,30873300
2025-07-23,224.34982299804688,224.37952850514768,221.7666671370528,222.5089574700563,37478100
2025-07-24,221.25198364257812,223.52834343071726,221.18269597028353,223.20173390832943,29446700
2025-07-25,222.07345581054688,222.29119549456908,220.2523588985491,222.11303797949,24555500
2025-07-28,221.81613159179688,223.12256977094256,221.13322209832842,223.0038081553602,24934900
2025-07-29,220.40084838867188,223.37000972468644,219.77731967548945,223.29083027682714,28685900
2025-07-30,219.28244018554688,222.61779296065612,217.8572404531755,221.3608589789108,48924400
2025-07-31,217.13475036621094,219.73771975989402,216.6299984165412,218.19375840614265,42913900
2025-08-01,212.710693359375,214.33383411059933,210.1572130735586,213.99733281993994,63854100
2025-08-04,217.47125244140625,217.48115931033374,213.8587791355031,214.32394891706556,34989600
2025-08-05,218.5797576904297,218.98553157939048,215.99658682687482,218.29273031562641,31337100
2025-08-06,218.292724609375,218.71831222580607,217.12486180983464,218.6787149535204,23142100
2025-08-07,217.5801239013672,220.54928503026773,216.26379398865583,220.47010558793158,37088000
2025-08-08,218.05520629882812,219.29235680178914,217.48116665322203,218.79749660060475,28318100
2025-08-11,218.00570678710938,219.4012010099508,217.55042877903622,218.50056696452475,25212800
2025-08-12,224.4784698486328,224.64672049566195,218.8766490511182,219.56946537668225,43815500
2025-08-13,228.8431396484375,229.08067796821337,225.48798827901535,225.913560778938,41705800
2025-08-14,225.89376831054688,226.44800926616776,223.84504002609103,226.09170935156385,55945500
2025-08-15,224.79519653320312,226.42822913244146,223.7163898329369,226.28966888221478,33571400
2025-08-18,225.61666870117188,226.11152890045315,224.60714966609632,224.87437840224996,20144100
2025-08-19,223.88465881347656,226.62617345401785,223.36999997582078,225.67605032504468,25000700
2025-08-20,223.09288024902344,224.05291025060276,221.3905599432499,223.6075239865383,29229700
2025-08-21,223.64710998535156,223.9935181506197,221.4796199900623,222.1031486467713,24539400
2025-08-22,232.41604614257812,232.99997756114445,224.84467593025607,225.03272522482982,58205500
2025-08-25,229.97142028808594,231.8914801763655,229.97142028808594,231.73312129648113,28453700
2025-08-26,231.87168884277344,232.45562024105993,230.19905898841515,230.43659731572205,25121500
2025-08-27,233.51463317871094,233.6927756014667,231.1590937982639,231.33725132295444,25395400
2025-08-28,233.791748046875,234.5340383276685,232.93069615377357,234.52414656062098,25011200
2025-08-29,232.75254821777344,234.5835370265685,231.96076886526922,234.30641651848228,29254800
2025-09-02,231.49557495117188,231.99043510720423,229.09056184178257,229.60522063259762,33108600
2025-09-03,231.26795959472656,232.84161137590726,230.07040639091025,230.87207748313685,33252400
2025-09-04,234.15794372558594,234.23712316911275,231.17889078482077,231.82220299831602,30323800
2025-09-05,235.32582092285156,237.21617538677896,232.53480217929388,235.27633188305632,47542500
2025-09-08,235.80088806152344,236.107698972807,233.960007491887,236.05820993184045,31487700
2025-09-09,234.415283203125,235.51387345318176,232.99997517556892,235.45447754344949,35395800
2025-09-10,233.9995880126953,235.82068503464575,233.039573114005,234.8705468013701,33910200
2025-09-11,238.32464599609375,238.45329936293732,233.81152394409227,234.41525391783398,43629800
2025-09-12,235.88995361328125,237.84961085459705,235.75139336306106,237.7308341387407,46097600
2025-09-15,236.88958740234375,237.5724818031586,236.09780804985206,236.77081068321223,33014000
2025-09-16,236.49951171875,237.14464870014268,234.99086529400168,236.66823961934853,37059300
2025-09-17,237.10494995117188,242.45467383574072,235.24892793349636,237.03548088501972,79955600
2025-09-18,243.01048278808594,243.31816395743635,238.33568571838362,239.00067747192801,49167700
2025-09-19,241.16436767578125,243.73502583682014,240.69787846189215,243.73502583682014,56092000
2025-09-22,242.56385803222656,242.9608630772894,239.30836819944193,240.42992941166338,53572900
2025-09-23,242.01795959472656,245.3329985993615,241.62095455809856,243.17921522887335,41854500
2025-09-24,239.79469299316406,242.78219585096028,239.7549834049841,242.07749453608562,36002200
2025-09-25,237.501953125,238.19673464970197,235.7749645727109,237.19427195280005,37209500
2025-09-26,239.53663635253906,239.87409214265386,237.54166108710285,237.8294874622546,28942800
2025-09-29,239.81454467773438,241.11475357762586,239.0105996416043,241.0254297168939,26391500
2025-09-30,240.1520233154297,240.32075121714615,237.61113952989174,239.3083686620756,33447700
2025-10-01,240.6780548095703,241.2239329455022,238.75254858932885,238.77240338447385,28520000
2025-10-02,242.19662475585938,242.26609382277996,239.66567597526966,241.18424221466918,28687400
2025-10-03,243.9930877685547,246.23619493186112,243.19906257484865,243.51667871023943,34579600
2025-10-06,244.9657745361328,246.62329408143603,244.23131368484653,245.87889825987503,31507400
2025-10-07,242.3355712890625,245.78956350755766,241.3728181909118,245.51165695806787,31766600
2025-10-08,244.87644958496094,245.11466169892054,241.97827034992486,243.4472071907466,25825000
2025-10-09,243.29832458496094,245.40247850274264,242.18668324132722,244.46950002379532,26243100
2025-10-10,236.01315307617188,245.0451611258915,235.78487594768384,243.9136801634774,70569400
2025-10-13,242.5836944580078,242.80205175968854,239.59617644172624,240.02297122038243,36298600
2025-10-14,246.047607421875,247.73491660471703,238.56395532947255,239.42744957038843,45320800
2025-10-15,248.45947265625,250.8812427814342,245.21390268390743,248.48924727707015,45369000
2025-10-16,243.22885131835938,249.3825204235658,242.17677431213409,249.09469403582884,52740400
2025-10-17,241.59117126464844,243.32809474089152,239.66566510210706,241.5018474063295,55379500
2025-10-20,246.30567932128906,246.47440721405,244.30076911328536,244.7771781719498,32545000
2025-10-21,245.14443969726562,246.51411772328044,243.6754876914354,245.58113919505018,26337900
2025-10-22,241.5216827392578,245.01538442384918,238.97089446930474,244.19158462961133,46578400
2025-10-23,244.5786895751953,245.27345598043786,241.85915805207824,242.46460059338352,28591000
2025-10-24,247.56617736816406,249.23363178231855,247.10962310644888,247.9334229162411,26627000
2025-10-27,248.4296875,250.32541905060478,247.63566230733494,249.8986242623293,31798100
2025-10-28,247.09971618652344,249.0252073067946,246.25606153810065,247.68530392637044,28075900
2025-10-29,244.9955291748047,249.2634012326077,242.86160071828846,246.98058453706,56235300
2025-10-30,243.02041625976562,246.28582576745342,242.80205895161703,243.4372760812936,44538700
2025-10-31,244.3900909423828,244.9459040303369,241.86907725208525,243.15936628899047,37214700
2025-11-03,243.60601806640625,244.4198829617713,240.67806417657164,244.33055909729927,28887900
2025-11-04,239.39768981933594,242.23631978477073,239.1991872986648,239.98327755598584,34468700
2025-11-05,242.8516845703125,243.89384174521987,239.83440684953842,240.15202300160502,38229200
2025-11-06,238.55404663085938,242.96085704278133,238.2066558664789,242.43481855599123,40601200
2025-11-07,239.8046112060547,239.85424061856082,234.50451707743957,236.62852568767693,54978900
2025-11-10,242.20652770996094,243.40749286235013,240.43982965718843,243.1792005924966,31238000
2025-11-11,242.41497802734375,242.9112418919344,240.70782912157034,241.55146860451163,27357900
2025-11-12,241.8194580078125,244.5389894679801,241.51177683152503,243.01048826705525,34543200
2025-11-13,235.02064514160156,240.8666331296416,234.07774678445418,240.03291343351793,65710000
2025-11-14,235.70547485351562,236.94613448324262,231.52694170166683,231.5964107656507,58344400
2025-11-17,231.020751953125,236.06279470372763,230.02822421036316,234.69311671716093,55765900
2025-11-18,231.72544860839844,233.32341884758492,229.23420947677505,229.58158509282447,63092500
2025-11-19,231.6857452392578,234.60377924523291,230.69321749000216,232.05299080492708,57280500
2025-11-20,227.3980255126953,237.3133828430372,227.18958802873308,235.46728068634576,95483000
2025-11-21,233.83953857421875,235.33824999009613,227.86451741624566,228.2416827988891,99504100
2025-11-24,238.10739135742188,238.593735387003,233.72042070053112,234.19684490513868,36135300
2025-11-25,243.29832458496094,243.71518440953443,238.2463469856368,238.94112850469702,46160800
2025-11-26,245.45211791992188,246.9706841801686,242.94102390031014,243.2189304613506,34636600
2025-11-28,246.89126586914062,246.9508151080965,245.22382659929332,246.1567899175531,18911800
2025-12-01,243.78466796875,245.8392077385549,243.50676140251147,243.73505369567113,36920000
2025-12-02,243.33802795410156,245.52158598684827,243.28839853738128,245.52158598684827,31918500
2025-12-03,247.7646942138672,247.97311654947296,243.64569517837955,244.13203920274435,32846300
2025-12-04,249.93833923339844,250.77205888850196,246.6828343588952,247.10962915636065,40245800
2025-12-05,248.89617919921875,250.77205597378403,248.40983516700882,249.61080036522182,36956600
2025-12-08,248.99542236328125,250.8812341037025,248.3105758185624,250.81174989434447,29100000
2025-12-09,249.5115509033203,251.05989177286625,248.23119676727936,248.38006987213126,30170100
2025-12-10,252.90599060058594,254.65284911283777,248.66789291704768,249.0252035086654,51105200
2025-12-11,255.87364196777344,256.0820946038533,252.41966478127773,252.73726578616234,41345200
2025-12-12,251.95315551757812,256.27065694735774,251.54621553743846,256.02252502943406,57657700
2025-12-15,250.04750061035156,253.7794145209553,249.85893306562667,253.64046124629056,43120100
2025-12-16,248.8644256591797,251.11507010112945,247.44035877383777,249.30260476099497,43115300
2025-12-17,246.21546936035156,251.11507958323045,245.67769855306926,249.33248864222205,38132400
2025-12-18,247.6793670654297,250.3183795429759,247.18143903603925,249.1432614919246,39068000
2025-12-19,249.75074768066406,250.3582205168994,248.0279208613967,248.2470104217149,43610400
2025-12-22,252.52919006347656,254.06280176172635,251.15490379159434,251.2345741025572,40497300
2025-12-23,251.035400390625,252.17067570459957,250.41797448871745,251.3739878080867,24973500
2025-12-24,251.66281127929688,251.8121836217492,250.07938847150848,250.925872266895,12103000
2025-12-26,250.3781280517578,251.70261843116316,249.36235061876317,251.53332472492366,17429900
2025-12-29,248.8445281982422,250.45781022458533,248.3167256786223,249.22294318488622,25218800
2025-12-30,247.00218200683594,249.11339203129393,246.92251169706574,248.93414523097934,22123600
2025-12-31,245.1399383544922,247.2511483992098,244.99055082390532,247.1515567121519,35352000
2026-01-02,247.74908447265625,248.05779743875965,244.8411864239075,246.60385601216453,40007700
2026-01-05,251.6826934814453,252.4993027305365,248.53579993432874,248.7548742838663,37428100
2026-01-06,255.01881408691406,255.18812299425983,250.4777279445757,251.19474554482858,40677800
2026-01-07,254.4213104248047,255.73583256608075,252.91757319453964,255.33749620704148,33052000
2026-01-08,257.1997375488281,257.8570062052604,253.30595184421142,253.64453926277673,37957000
2026-01-09,259.1516418457031,260.47611707640004,257.02049522039874,258.5043110728011,36301500
2026-01-12,260.4163818359375,260.5757224660217,257.1698810790966,258.2055799790852,28423400
2026-01-13,260.2669982910156,261.8006251973436,259.3806717726527,261.3226033276642,33882400
2026-01-14,262.099365234375,262.3682354363099,259.11179698174664,260.0479041321928,37164300
2026-01-15,264.4097595214844,265.94335601465525,262.63713690135086,262.96575603814006,33465200
2026-01-16,264.6587219238281,266.11266329319164,263.61305480366576,264.76825150504897,33844900
2026-01-20,261.49188232421875,263.9815225833427,259.9781919874733,260.05787749479043,47911500
2026-01-21,266.6802978515625,267.4769705282831,261.83048379224016,263.5433573991926,59952800
2026-01-22,268.6719970703125,270.47449398775785,268.3035352151935,268.7118094284621,35110800
2026-01-23,263.712646484375,267.935066544356,263.36409077766166,267.9251286495007,42636700
2026-01-26,262.8861083984375,265.5848699628326,262.39811823571983,263.9715879177616,32119300
2026-01-27,263.63299560546875,263.76243136959306,261.5715661899831,262.9557903619885,26975500
2026-01-28,262.2088928222656,265.57489122387966,261.4719690507107,264.8778102049026,37139100
2026-01-29,262.27862548828125,263.96162478820776,258.33504370205276,262.97573693942996,43922900
2026-01-30,258.57403564453125,261.89025354526973,256.871130187759,259.9881647079238,59164200
2026-02-02,261.0935363769531,262.67694387669945,257.27942101207213,257.40888716337287,42896200
2026-02-03,261.6910400390625,263.9615905170808,257.4785581929134,261.96987850509583,54588000
2026-02-04,259.4403991699219,263.55328939161757,256.0744313537076,263.0653296673872,48826500
2026-02-05,254.7698516845703,260.5358514508403,253.99308519161283,257.42878547901046,48279600
2026-02-06,263.9217529296875,264.6188643039633,258.5042937198328,258.6636343308419,43354900
2026-02-09,265.7740783691406,266.56081319036696,262.2487392982776,263.74252343444306,29064800
2026-02-10,265.05706787109375,267.40727372057216,264.77822937384855,266.12264121064806,24661700
2026-02-11,263.8520812988281,267.8454435249658,261.0138853845763,267.3574837695425,41829400
2026-02-12,258.4644775390625,266.3516401251635,257.3192492049249,265.91346104914527,47628200
2026-02-13,261.87030029296875,264.0711640609934,257.43875907307796,259.5200945857015,45360300
2026-02-17,261.9499816894531,263.2644885671054,257.98646370312207,261.2927130550697,33734800
2026-02-18,262.8960266113281,265.8039396239448,260.7649104863768,261.94001332121513,36034700
2026-02-19,263.5035400390625,263.5433827940721,259.99810698503546,261.4819532957484,31006000
2026-02-20,263.5134582519531,266.2221879590529,261.0537229517273,261.7607722469699,47126600
2026-02-23,259.4105224609375,263.2744486444188,257.0304423991211,262.3084670985484,44001100
2026-02-24,262.23876953125,263.04544092005057,258.78314770012446,259.32091849561954,34884200
2026-02-25,263.48358154296875,264.1806929376056,261.3424971038912,264.15081847161343,26012100
2026-02-26,264.88775634765625,265.1367203745678,261.0337980736441,263.9118368124776,41206500
2026-02-27,260.3267517089844,261.67116354782814,258.69353308612426,261.0138948623686,40631500
2026-03-02,262.7167663574219,263.18481988848544,256.72172423689796,256.74163041590236,53495700
2026-03-03,258.1657409667969,260.0379554085336,252.26032123704508,255.73584950723875,59537000
2026-03-04,260.67529296875,261.87030201056433,257.7474737100763,260.1176160043469,37979700
2026-03-05,255.6959991455078,259.6794231900685,253.10676743832065,257.9167386000377,60414600
2026-03-06,249.850341796875,252.2503586974075,248.90428152025285,250.44786154819343,64192000
2026-03-09,252.5690155029297,253.59474605519165,243.3772680899403,246.5640045239366,65369500
2026-03-10,252.31008911132812,256.5823048742884,251.35406061851242,251.9117527700634,55879100
2026-03-11,251.80221557617188,253.32587416093008,249.54161802277875,251.29431925088056,50418100
2026-03-12,246.384765625,248.7748142282663,245.5582032241845,247.908424268805,61802900
2026-03-13,245.56814575195312,249.57149142600255,244.52249383466796,248.2270796472705,53933300
2026-03-16,247.8885040283203,250.42794017815856,247.2810311861673,248.72501952374324,48755700
2026-03-17,249.45677185058594,251.11283723653293,248.36936147481853,249.27719097589141,40642800
2026-03-18,245.43634033203125,248.6387163240215,245.29667308039598,247.8206696280403,43192600
2026-03-19,247.04251098632812,249.4966661940341,241.9446336813532,242.45341824329515,59219500
2026-03-20,241.64535522460938,246.9128276636263,239.7598396949907,246.38408626057796,76749900
2026-03-23,246.86293029785156,250.76365761006707,245.5261130554199,246.58359580607743,78746600
2026-03-24,248.18978881835938,249.5665197537807,244.0197128293134,244.92754236044698,45210800
2026-03-25,251.2225799560547,252.46961440848705,248.92803351906144,251.1427679243884,45671700
2026-03-26,246.85296630859375,251.26247830470308,246.57363180911813,248.2995232285758,46830200
2026-03-27,242.5232696533203,246.15463341864134,241.83490419072396,245.42635432838185,48114400
2026-03-30,239.04153442382812,244.78786354898818,238.12371891774902,244.7679219585388,51290500
2026-03-31,247.41163635253906,248.32945188649109,241.66530705287005,242.46339692754933,58660800
2026-04-01,248.96792602539062,251.84109820695582,248.51899667766813,249.32707254808628,51295900
2026-04-02,250.69381713867188,251.771256705617,244.28905017621042,244.35889141066053,30369200
2026-04-06,251.76129150390625,252.44965695551957,249.6562967446284,250.3945466187304,22151400
2026-04-07,252.3099822998047,252.87862207623573,248.92802558155137,250.6140185430932,34881900
2026-04-08,259.85205078125,261.64776820433946,257.7969404510919,260.89954753718933,46680200
2026-04-09,261.3385009765625,262.276273296629,258.16605271685324,258.16605271685324,26758400
2026-04-10,260.6800537109375,262.12662576477896,259.72233983507584,261.7774500505577,22365900
2026-04-13,264.4411315917969,264.73042164939943,259.40309439520496,259.62257366538563,23820000
2026-04-14,268.0824890136719,268.78084050946086,265.648275242013,266.45635115975784,24270400
2026-04-15,268.75091552734375,268.9504227815357,266.9551675685459,268.1423468558891,21670600
2026-04-16,269.3095703125,269.70861524496405,267.41405360423624,268.8107565356257,30847900
2026-04-17,275.125732421875,276.9713495314102,272.47203940924874,273.09056363678235,46462700
2026-04-20,276.6920166015625,277.01126473538915,273.87869950692345,273.99840994581405,22993900
2026-04-21,273.8587646484375,279.12623720536925,273.1105439417984,277.5200409236246,32235200
2026-04-22,275.8240661621094,277.35043504144795,274.24779763994167,276.9314180894915,20274300
2026-04-23,274.8663330078125,277.2107638512214,271.30482577460936,276.07348426995344,32886600
2026-04-24,275.99365234375,277.4701520604947,273.57941075069436,276.0136243794261,21568600
2026-04-27,276.4825134277344,277.5798793750334,275.5946102958115,276.1632653053457,23399400
2026-04-28,273.2601623535156,276.3129001815731,272.2725208341959,275.39506945151976,24139400
2026-04-29,271.4344787597656,273.7290402934027,269.71855822959566,273.27014016474544,29428900
2026-04-30,277.310546875,277.5599537765156,271.7936674312815,272.4820329150789,29220700
2026-05-01,278.617431640625,279.14617304461314,275.91386940100114,277.99890740711186,28936700
2026-05-04,277.22076416015625,280.12386414843724,275.4449882384273,278.03882610431344,28632300
2026-05-05,281.8896484375,282.27873780996407,279.33572425138726,279.4654207088753,24863200
2026-05-06,286.11956787109375,286.36897475746855,282.68772667896246,284.6829817699608,23330300
2026-05-07,281.5903625488281,286.8977179867352,280.48298013469935,286.8478487872096,28350400
2026-05-08,283.495849609375,284.29393951446093,281.9395225376543,283.3661531496334,22474300
2026-05-11,284.6530456542969,286.3689661990807,283.9148110351468,284.2440451646209,20150400
2026-05-12,281.8996276855469,283.38608301144234,277.61979691711826,283.36614142045306,27404600
2026-05-13,281.9993896484375,282.8872623260369,279.265869490763,282.24879653301366,20742300
2026-05-14,283.7751770019531,284.982297847797,281.2910636277208,283.1666083473194,17428700
2026-05-15,276.94140625,279.6649099006762,276.5822445105188,279.6349822928174,35408000
2026-05-18,275.3152770996094,278.4178841766605,273.2900943842351,278.07869446196264,27243300
2026-05-19,272.3523254394531,274.4273773802567,269.9879529799434,273.1604013320659,30276900
2026-05-20,279.2060241699219,279.4255034539349,272.76135856870656,274.25779992920155,31562000
2026-05-21,281.8197937011719,283.0069729079917,276.4924662972495,277.99889362333676,31680500
2026-05-22,284.4435729980469,285.9300283615987,282.99703126266184,283.426003818627,23849300
2026-05-26,289.82080078125,289.8606839643037,287.05735287329577,287.70583516264253,24506500
2026-05-27,289.6811218261719,291.0279251774643,288.6236390040142,290.4692561561424,24519900
2026-05-28,291.3371887207031,292.0454957966981,287.2968090922787,288.9528745725601,23710600
2026-05-29,289.740966796875,290.7186527721911,287.64594281844177,290.6887251630068,26952800
2026-06-01,288.29443359375,289.92054100094987,285.59084088861124,287.68586492882105,23826100
2026-06-02,290.9680480957031,291.17754135166444,287.71577261614937,287.7756278321383,18378800
2026-06-03,286.9875183105469,289.32196302331045,286.099615215707,289.30199098825983,29167300
2026-06-04,291.3172302246094,292.1851613207092,285.97991675028067,286.87777545503303,24307800
2026-06-05,280.9817810058594,288.7133941781847,279.4853397466996,288.4141181044229,35812800
2026-06-08,283.4359436035156,286.1594777271065,282.90720222917486,284.83264650495266,27277400
2026-06-09,284.3437805175781,290.17990751091946,276.961343069542,286.49865958181994,41761300
2026-06-10,281.3808288574219,288.31435227533143,281.0915387981565,283.9148112740411,39285000
2026-06-11,289.72100830078125,290.36946009205604,283.3960535524108,283.7651708592053,41468800
2026-06-12,292.2550048828125,295.0184222543192,289.6212535197146,290.93812920126356,34415200
2026-06-15,294.6400146484375,297.9100036621094,293.9200134277344,296.55999755859375,23889000
2026-06-16,292.0799865722656,296.79998779296875,291.5799865722656,295.5,23807700
2026-06-17,289.8800048828125,295.82000732421875,288.92999267578125,292.4700012207031,39920100
2026-06-18,295.5899963378906,295.9700012207031,291.4200134277344,294.54998779296875,32463200
2026-06-22,298.17999267578125,299.489990234375,296.1600036621094,297.1300048828125,22796200
2026-06-23,295.32000732421875,297.75,292.3999938964844,293.260009765625,26821700
2026-06-24,296.69000244140625,299.69000244140625,294.69000244140625,295.8800048828125,28664900
2026-06-25,298.9100036621094,301.5,296.7300109863281,299.5199890136719,27599900
2026-06-26,299.8299865722656,300.0299987792969,295.7300109863281,296.6000061035156,39832500
2026-06-29,298.9700012207031,299.1600036621094,294.67999267578125,298.1099853515625,24834100
2026-06-30,300.45001220703125,300.9800109863281,297.44000244140625,298.55999755859375,23230300
2026-07-01,299.32000732421875,302.7200012207031,298.9200134277344,299.92999267578125,20607900
2026-07-02,297.5799865722656,302.2300109863281,294.9800109863281,300.5400085449219,21178900
2026-07-06,298.8999938964844,300.4100036621094,297.6199951171875,297.75,18581300
2026-07-07,296.19000244140625,299.9700012207031,295.17999267578125,299.1700134277344,18057100
2026-07-08,293.4800109863281,295.1000061035156,290.67999267578125,294.0299987792969,24078400
2026-07-09,297.239990234375,297.8800048828125,294.8999938964844,295.2699890136719,16466800
2026-07-10,295.989990234375,298.2099914550781,293.6199951171875,297.69000244140625,15888500
2026-07-13,293.4800109863281,295.7799987792969,292.6000061035156,295.05999755859375,19375500
2026-07-14,294.510009765625,296.07000732421875,293.75,295.489990234375,18326900
2026-07-15,295.7699890136719,297.1400146484375,294.1499938964844,295.25,18832700
2026-07-16,295.5899963378906,297.80999755859375,294.3500061035156,294.6499938964844,24081300
2026-07-17,294.0400085449219,296.1300048828125,291.6400146484375,292.0299987792969,28738500
2026-07-20,292.30999755859375,295.989990234375,292.17999267578125,295.010009765625,20539900
2026-07-21,296.5400085449219,296.75,292.67999267578125,293.42999267578125,18190200
2026-07-22,293.7900085449219,296.44000244140625,293.4100036621094,295.70001220703125,19116000
2026-07-23,292.0899963378906,293.010009765625,290.1700134277344,290.8699951171875,27795100
2026-07-24,291.1700134277344,293.9700012207031,290.4800109863281,293.4100036621094,19771000
2026-07-27,292.9100036621094,295.5199890136719,291.1099853515625,293.9800109863281,19445500
2026-07-28,293.3699951171875,293.7699890136719,290.3800048828125,293.1600036621094,20531100
2026-07-29,288.57000732421875,293.6700134277344,288.260009765625,292.489990234375,33297400
2026-07-30,292.5899963378906,292.8399963378906,288.9599914550781,291.1499938964844,22198800
2026-07-31,291.20001220703125,293.95001220703125,287.8299865722656,293.55999755859375,28350700
2026-08-03,296.2200012207031,296.6600036621094,292.3999938964844,292.8999938964844,23175700
2026-08-04,301.7099914550781,302.3900146484375,297.2200012207031,297.5899963378906,20751800
2026-08-05,299.7699890136719,303.05999755859375,299.75,302.42999267578125,17791000
2026-08-06,298.25,301.3800048828125,297.95001220703125,299.6000061035156,16314100
2026-08-07,301.55999755859375,302.0299987792969,299.79998779296875,300.4599914550781,18416800
2026-08-10,299.9800109863281,301.3900146484375,299.0799865722656,300.510009765625,16226900
2026-08-11,300.989990234375,301.989990234375,300.6000061035156,300.92999267578125,14942800
2026-08-12,302.7099914550781,303.4100036621094,301.0,303.0199890136719,15480600
2026-08-13,303.5,305.04998779296875,302.7200012207031,304.0400085449219,14719300
2026-08-14,305.0899963378906,305.17999267578125,302.739990234375,303.2799987792969,13163400
2026-08-17,304.05999755859375,304.3299865722656,303.2300109863281,303.9599914550781,14546800
2026-08-18,300.2300109863281,303.1499938964844,300.1099853515625,302.45001220703125,18263700
2026-08-19,301.7200012207031,303.4100036621094,301.2300109863281,302.8800048828125,14995700
2026-08-20,297.6700134277344,300.0400085449219,297.0400085449219,299.2699890136719,21638700
2026-08-21,299.9599914550781,300.3299865722656,298.1700134277344,299.8500061035156,22949600
2026-08-24,297.9700012207031,299.739990234375,297.3999938964844,299.54998779296875,12868900
2026-08-25,299.2300109863281,299.7799987792969,297.9700012207031,299.6000061035156,14618000
2026-08-26,298.92999267578125,299.95001220703125,298.1300048828125,298.6400146484375,10555700
2026-08-27,299.80999755859375,300.32000732421875,298.1400146484375,298.7699890136719,13658700
2026-08-28,295.75,300.3900146484375,295.6700134277344,299.70001220703125,19052800
2026-08-31,293.92999267578125,295.3500061035156,292.7099914550781,295.0899963378906,20883400
2026-09-01,290.57000732421875,292.94000244140625,289.9700012207031,291.9800109863281,22801600
2026-09-02,294.010009765625,294.3500061035156,291.19000244140625,291.5400085449219,22395200
2026-09-03,295.19000244140625,296.17999267578125,293.42999267578125,295.7900085449219,16651200
2026-09-04,296.010009765625,296.17999267578125,293.55999755859375,293.70001220703125,13951100
2026-09-08,294.6700134277344,296.1000061035156,294.260009765625,295.3399963378906,17332400
2026-09-09,290.6400146484375,294.1600036621094,290.30999755859375,293.4599914550781,19141700
2026-09-10,287.70001220703125,289.8299865722656,287.17999267578125,288.4800109863281,27044700
2026-09-11,288.8900146484375,291.44000244140625,288.7699890136719,290.7099914550781,26353300
