Price,Close,High,Low,Open,Volume
Ticker,META,META,META,META,META
Date,,,,,
2020-01-02,207.95384216308594,207.96374966670473,204.47440252196083,204.95021983697868,12077100
2020-01-03,206.85350036621094,208.56843626979165,205.1484719660643,205.40621831494474,11188400
2020-01-06,210.7493133544922,210.927739185822,204.72223821666302,204.9006640479928,17058900
2020-01-07,211.2052764892578,212.7120488834595,209.90668266717276,210.96737540793467,14912400
2020-01-08,213.3464813232422,214.35760631734092,210.7592011294325,211.14580552041744,13475000
2020-01-09,216.39964294433594,216.47894833798279,214.39722335113538,215.6462492676695,12642800
2020-01-10,216.1617431640625,217.96590697301042,215.5273150927095,217.29181863884628,12119400
2020-01-13,219.97825622558594,220.0377314997937,217.30176300451834,217.68836741282854,14463400
2020-01-14,217.1530303955078,220.44413629993724,216.72678090388717,219.68083509001343,13288900
2020-01-15,219.22483825683594,219.75022328905106,218.2236359574362,218.689545721998,10036500
2020-01-16,219.8394775390625,220.69199177101737,218.4714857160289,220.6325164962698,10015300
2020-01-17,220.20623779296875,220.35492597036807,218.61025247639355,220.0971947542229,15905900
2020-01-21,219.51235961914062,220.43425667675686,217.21254803831434,220.22609320450323,14275800
2020-01-22,219.39341735839844,220.81096195244652,219.35375708773392,220.37478973090515,12212800
2020-01-23,217.84695434570312,219.5619053548799,217.36122954189034,218.82834170856364,11195000
2020-01-24,216.0428009033203,219.84936947725353,214.22872952215866,218.8779047645845,11905800
2020-01-27,212.99954223632812,214.1791856534623,210.650178032229,211.24496105588074,13810700
2020-01-28,215.8940887451172,216.8358309098469,211.66127082199432,214.25845836861734,13413800
2020-01-29,221.2867431640625,222.24830037009562,216.54835503324057,219.5123320537504,33181300
2020-01-30,207.7060089111328,209.58946307756923,202.96762073363075,204.7321243582591,48775500
2020-01-31,200.15235900878906,206.8733372918856,199.30975228448216,206.61559093454187,31359900
2020-02-03,202.41250610351562,203.35423322426226,200.73721531848193,201.6690349356694,15495600
2020-02-04,208.00340270996094,208.7667039889746,203.4137026585634,204.8213395474977,19628900
2020-02-05,208.28094482421875,210.87813228249038,206.89313819597234,210.66004622291484,12538200
2020-02-06,209.0145263671875,209.35156298788317,207.5176614545207,208.63782948172818,10567500
2020-02-07,210.4816436767578,210.967383613283,208.1025268892811,208.4693162805183,12242500
2020-02-10,211.2052764892578,211.93884011724154,208.82617492027316,209.67868908891847,11856400
2020-02-11,205.3863983154297,209.02444888187566,204.71230989966838,208.36028309599743,25030800
2020-02-12,208.92532348632812,209.3813258302524,205.59457176527894,206.0406666047991,13813700
2020-02-13,211.2845916748047,212.46423501084925,207.35905726566108,207.69610902307352,15396600
2020-02-14,212.31553649902344,213.05900768129823,210.79885649725966,212.13711067573826,10741700
2020-02-18,215.904052734375,216.08247857284684,211.5423456848754,211.69104900956313,15609200
2020-02-19,215.5967254638672,216.41950201628228,214.228733710941,216.09237289597561,12135100
2020-02-20,212.71205139160156,216.8655792462106,211.09623594075467,214.63516582675354,13109200
2020-02-21,208.350341796875,212.3750115450859,207.01210284110857,211.62161778756874,14092300
2020-02-24,198.97271728515625,201.87720413639323,196.44491221736035,200.0433176124331,23080100
2020-02-25,195.05709838867188,201.72850871686512,194.24422932404505,200.48939011295317,21433500
2020-02-26,195.48333740234375,199.45843935027182,193.7882317140009,195.47342989939133,16524500
2020-02-27,188.0982208251953,194.17486384025085,187.8503970823426,190.15020867647684,21682600
2020-02-28,190.79452514648438,191.06217899708437,180.2372408143527,181.1095700157063,32568900
2020-03-02,194.72996520996094,194.8588383823931,187.20604083380425,192.34094096110195,24949000
2020-03-03,184.27178955078125,195.5229915679651,182.36850535212912,194.511866637883,27984100
2020-03-04,190.0906982421875,190.1600961433349,184.76744964693935,187.52324816700101,23062500
2020-03-05,183.55804443359375,187.3447975852347,182.28918838170378,185.15402956344934,19333400
2020-03-06,179.5135955810547,182.18018136792298,174.72563924503544,176.77762701445522,24559600
2020-03-09,168.0244903564453,173.47661246240665,163.75201163538196,168.12362589966506,29949000
2020-03-10,176.63880920410156,176.73792960087926,168.02445563656354,173.14944754204475,24517800
2020-03-11,168.75804138183594,174.34894375307698,166.2004988435292,172.49521209053785,20373900
2020-03-12,153.1253204345703,165.14973209945882,152.99644726061157,158.15117758148926,43266300
2020-03-13,168.79771423339844,169.30326924656868,156.22810068211894,162.1064728706814,35028600
2020-03-16,144.7389678955078,157.7447677177131,141.8543111327493,150.99405163604348,39120400
2020-03-17,148.1193084716797,152.59996645140316,138.78131066892868,149.42782523273442,34255600
2020-03-18,145.68069458007812,146.8900603543709,135.9065269708406,138.53345221468916,37553100
2020-03-19,151.7969970703125,158.53779047574193,143.53950851010524,145.34365741244116,39862300
2020-03-20,148.4265594482422,157.88351988258455,146.71162375715974,154.66181192845772,32568400
2020-03-23,146.81076049804688,150.98410298108698,141.01168008224292,148.35717790867255,29830800
2020-03-24,159.5786590576172,159.9057882108282,151.2418799067256,153.85889800645307,30440400
2020-03-25,154.8501739501953,161.57115177000506,151.7275861217966,157.53657450192858,35184300
2020-03-26,161.9180908203125,162.57234902589062,155.65311547944728,156.87240386187312,26556800
2020-03-27,155.42510986328125,158.69638583006187,153.40287506390268,156.8228392049175,24879900
2020-03-30,164.50537109375,165.29840996886728,156.6840556288971,157.79430097848623,22515200
2020-03-31,165.34799194335938,169.4420295847573,162.77061915923906,164.03947541807867,23676300
2020-04-01,158.21067810058594,162.72105796616114,156.66424529203292,160.21308298396346,19507600
2020-04-02,156.81295776367188,159.9454535797899,154.56271388854063,157.71503983983848,20886300
2020-04-03,152.8378143310547,156.53535456754975,149.5169860585192,155.78196089154505,25983300
2020-04-06,164.10887145996094,164.75320708570277,157.13014698953972,158.75586999811065,28453600
2020-04-07,167.36032104492188,171.88062340287595,164.5648621453682,170.2945455005244,31411900
2020-04-08,172.7628631591797,173.4765966526272,166.2798015739834,169.75924101007092,21664200
2020-04-09,173.6649627685547,175.53850959806437,170.07647992999216,174.36877370464606,23534300
2020-04-13,173.26846313476562,173.4766417603016,167.97495095356805,172.1582174678078,19355400
2020-04-14,176.61898803710938,179.65234762485758,175.08247811249058,177.42193438375358,21011800
2020-04-15,175.42945861816406,176.6388395990374,171.31559085805145,173.6649549167508,17423000
2020-04-16,174.71571350097656,176.5000472172421,171.00826539751142,176.4009116840212,23593200
2020-04-17,177.67971801757812,178.71065814342688,175.12217514892365,177.64005774776027,20974800
2020-04-20,176.68841552734375,178.92873664609874,175.23121075566158,175.86563891213842,16110700
2020-04-21,169.3131561279297,173.853288160905,166.87456424632103,173.72441499563723,24850500
2020-04-22,180.6932373046875,183.17147461150617,176.58927692963414,176.89657593552604,33242000
2020-04-23,183.5184326171875,185.42171704056207,181.5556577930537,182.4775699303214,21426600
2020-04-24,188.41543579101562,188.7524724391057,179.2558651348406,181.63496693142514,28792000
2020-04-27,185.86781311035156,192.06340688069662,185.77860019028932,190.98289895737918,29197800
2020-04-28,181.31773376464844,187.5529713416116,180.97077453758243,187.01767881015118,21731000
2020-04-29,192.49954223632812,195.19586533888122,188.346014547985,189.26791146399665,45954500
2020-04-30,202.927978515625,207.86462270917676,199.81531324385696,205.118731697235,46230100
2020-05-01,200.5092315673828,205.4756137669369,197.3172606533983,199.84506577329986,30415600
2020-05-04,203.47320556640625,204.1175563898035,197.0297880882011,198.4572553035265,19250700
2020-05-05,205.26744079589844,208.54862447224508,204.70239544631238,205.21787302604636,21071200
2020-05-06,206.65524291992188,209.7580007057453,204.86100162397798,206.30828366476794,21857000
2020-05-07,209.42095947265625,209.75801124137712,207.22028353893103,209.32183905617606,15152000
2020-05-08,210.50149536132812,211.35400965041373,209.01455288915287,210.39245230833018,12506000
2020-05-11,211.32424926757812,213.12841332924486,208.53871289026586,209.05419049730784,12911900
2020-05-12,208.2710723876953,213.40597290270924,208.17193684357613,211.43329053203627,14704600
2020-05-13,203.31460571289062,208.94515391846076,200.3506282880669,207.60689964991752,20684600
2020-05-14,205.0096893310547,205.1286398749658,198.94296957623862,200.79668613999704,17178900
2020-05-15,209.0442657470703,209.50025291394357,202.343102786251,203.4831009553526,19383200
2020-05-18,211.3341522216797,212.7715267339531,209.103738801475,210.30319710358134,20151900
2020-05-19,214.99203491210938,218.57060997564648,210.97728768832476,211.41345984857227,31843200
2020-05-20,227.96807861328125,229.3261477219346,221.24710071828457,221.55439970264038,50162900
2020-05-21,229.37570190429688,235.13512224043916,229.18735347318037,232.67671538524047,47782600
2020-05-22,232.8650665283203,233.93566673401017,226.74877938987345,229.4946551120467,33925600
2020-05-26,230.1786651611328,238.8029274814234,229.65328009154226,237.6827745670303,33178300
2020-05-27,227.14532470703125,228.55296172382285,219.20505758647988,227.07594192588746,34697600
2020-05-28,223.4973602294922,229.6136480957041,222.05006298497125,222.3474544873753,29377200
2020-05-29,223.13055419921875,225.50967091525212,220.93980105083412,223.2395972377781,23241500
2020-06-01,229.89122009277344,230.41660521672765,221.55442576593646,222.6349336528641,18223800
2020-06-02,230.6941375732422,230.9716989198073,224.58775769689183,228.929633958953,20919000
2020-06-03,228.15643310546875,230.62474767491267,226.5406176115093,230.08945509538248,15380300
2020-06-04,224.32009887695312,229.61362472834423,222.65473083450817,227.56163718394748,17041500
2020-06-05,228.76112365722656,229.3360765026521,223.34864695784768,224.73646886520714,16750400
2020-06-08,229.38563537597656,229.53433868756787,225.43037837858236,227.03627128724105,15466500
2020-06-09,236.59234619140625,237.68277660516696,228.40425596266664,229.50459387983992,27462900
2020-06-10,234.6692352294922,239.11024723031758,233.23186066323433,238.86242350765383,20720700
2020-06-11,222.4762725830078,230.86263278953962,221.60394349218402,227.93831631404834,26708200
2020-06-12,226.59014892578125,229.64333847867215,222.54566465283318,227.89865009075905,22091400
2020-06-15,230.47607421875,231.73502303147188,222.84310618379425,223.13057506180579,15340300
2020-06-16,233.59864807128906,236.38419957650984,230.971722513685,235.07568298678672,15236700
2020-06-17,233.47967529296875,235.52174026803576,229.71275182999162,232.95429023145962,19578100
2020-06-18,233.88612365722656,234.0843796141801,230.12910747503136,232.94439651722732,15782500
2020-06-19,236.71128845214844,238.73353839854053,233.49950284758046,235.71999361104298,30081300
2020-06-22,237.1375732421875,238.60468549637406,234.8476843848803,236.48331496125397,18917800
2020-06-23,240.13128662109375,243.0556036069175,237.77199987359415,239.17963684344247,24017900
2020-06-24,231.9828338623047,241.1027438042469,230.65448721701455,239.10032389575963,20834900
2020-06-25,233.6283721923828,235.23428019830692,230.7139779243627,232.57760203013643,18704300
2020-06-26,214.1990203857422,231.06094249447975,213.52493193606986,230.61486278014593,76343900
2020-06-29,218.71929931640625,218.82834235704723,205.3070809473625,207.92409879678667,58514300
2020-06-30,225.0933380126953,225.51958755508608,216.56819590528403,218.66973623252326,33927100
2020-07-01,235.48211669921875,236.91949134115922,225.57907477480111,226.51089444123383,43399700
2020-07-02,231.3880615234375,237.91078399988285,230.58511504759153,236.91948906655,30633600
2020-07-06,238.18833923339844,238.30728978202592,230.2480724673563,231.7250921993472,26206200
2020-07-07,238.76329040527344,245.49417612610122,236.7410554631184,237.32591582434424,27887800
2020-07-08,241.45960998535156,244.8399291745789,234.53045329150478,236.03722575248477,29791300
2020-07-09,242.37159729003906,244.3839246791393,237.15739168530018,242.86724472826,22174900
2020-07-10,242.93663024902344,243.35297226079538,237.23668499997524,241.5686385489451,22982700
2020-07-13,236.9194793701172,247.97241137402958,236.34452651720005,244.85974601579528,24674900
2020-07-14,237.64309692382812,238.2378798510956,230.01013002900538,234.6989501731745,23378100
2020-07-15,238.18833923339844,242.6888265852968,235.97775582429836,239.4472880015589,19133600
2020-07-16,238.83267211914062,239.65544869823316,234.27272467146835,235.92818533327153,18880700
2020-07-17,239.92311096191406,242.0345740054455,235.7894129143792,238.902078392967,18152400
2020-07-20,243.28359985351562,243.9081204995895,233.58873665026343,237.97025842481224,20872200
2020-07-21,239.64552307128906,244.760607979897,237.99006253468102,244.0766121329838,19364200
2020-07-22,237.78189086914062,239.79421820490197,236.0471248813492,238.1684952556672,15427900
2020-07-23,230.57518005371094,240.30968727296178,229.7325734104521,237.54398139412177,21771800
2020-07-24,228.70162963867188,231.45742796868205,224.92478375022995,228.18615210813553,18325800
2020-07-27,231.46737670898438,232.90475139783084,228.82062094031815,229.44514161500106,13163100
2020-07-28,228.1167449951172,232.91462312218277,227.82927617056168,232.58749403674938,14170100
2020-07-29,231.25918579101562,231.66562033942958,228.30513115753575,229.12790775824203,13588300
2020-07-30,232.45863342285156,232.84523779450794,227.00651195664395,228.21589283740667,20615300
2020-07-31,251.4617919921875,253.62282288169436,246.8324463200946,253.593085242817,53005100
2020-08-03,249.76669311523438,253.17673518566826,248.15087743618457,250.45067395466143,23124900
2020-08-04,247.65518188476562,250.5993286530493,245.2760652874072,249.3701176547829,17183500
2020-08-05,246.9513702392578,250.07395811822374,245.61313125623738,248.01206299801274,13050100
2020-08-06,262.97076416015625,264.27928095879963,246.50535186633766,246.87212621476215,45241600
2020-08-07,266.1031799316406,276.4622227468874,261.1367832769081,261.7811188499135,72766400
2020-08-10,260.7105407714844,271.4759881242458,257.42935729827803,265.70667519444817,30248800
2020-08-11,253.90036010742188,263.60514536343936,252.9090652365863,257.9250148628608,28238300
2020-08-12,257.62762451171875,261.60269615659547,255.8630906956138,256.7156199692329,21415700
2020-08-13,259.0253601074219,262.851774371615,257.31043919341164,259.2731838466184,17374000
2020-08-14,258.9658203125,260.36354948357445,256.4281082755165,260.02651291246565,14792700
2020-08-17,258.8865661621094,261.80097543570025,257.14187754882556,260.2148976283439,13351100
2020-08-18,260.05633544921875,262.8418720731041,257.0031600569901,258.6784510837014,18690400
2020-08-19,260.3040771484375,265.57777232444016,259.0748813750512,259.1145416344258,23291500
2020-08-20,266.66827392578125,267.282871976935,259.18397862860735,259.2236388985947,20299700
2020-08-21,264.6856689453125,268.1353559405538,264.100808566831,266.35103716728554,15538600
2020-08-24,269.02752685546875,274.8365002201754,266.4303089079624,268.71030523947917,23685600
2020-08-25,278.3753967285156,280.6256249023249,267.90732667241116,270.0386043174784,42127200
2020-08-26,301.26446533203125,302.0178592082746,281.52777836633004,281.52777836633004,69015200
2020-08-27,290.66748046875,298.60776198914965,289.4779145343069,297.547069226995,30301300
2020-08-28,291.1036376953125,294.64256742942354,288.44697486350793,292.4319691112148,17157400
2020-08-31,290.6476745605469,294.2956325042199,289.0120137865058,291.39114572986756,17345100
2020-09-01,292.86810302734375,298.86542374770477,290.16185765703955,292.1444470193953,17295900
2020-09-02,299.86669921875,300.9571296299292,290.4989505638761,296.2782166171665,24341400
2020-09-03,288.5857849121094,295.009387165798,281.16099531666765,293.4133865436839,32294100
2020-09-04,280.2688293457031,286.48423773033767,268.77972461851283,284.74947158491176,30333700
2020-09-08,268.7995300292969,276.86865482377584,267.0746865754725,268.9184805775717,24864000
2020-09-09,271.3372497558594,276.05582330859846,268.98788560941557,273.3693922638843,22918800
2020-09-10,265.7562255859375,276.7298665418841,264.70545549324396,273.11164648670973,24814700
2020-09-11,264.28912353515625,269.0275422844676,260.3537117530146,267.7091031026115,18913900
2020-09-14,263.8331298828125,274.231833888043,263.3870653318415,268.5913635232722,24093800
2020-09-15,270.0485534667969,272.1302484280536,266.95568815618236,268.31378749780447,18478500
2020-09-16,261.2260437011719,270.0684082831144,259.51112273740233,264.9632451579217,29183400
2020-09-17,252.60174560546875,259.2235875410871,248.01204588823967,256.0316171077512,31281400
2020-09-18,250.33169555664062,256.9436457361105,247.87328848243533,256.1505916786772,28130800
2020-09-21,245.98980712890625,247.77414085618435,242.00481278493712,245.38511667482754,24709400
2020-09-22,252.53236389160156,253.09740921847296,246.0592097092851,251.1048968826202,30293100
2020-09-23,246.85227966308594,255.74418170008724,245.98984274655064,253.0379506453477,19641300
2020-09-24,247.35780334472656,250.04421905053735,243.4818368410572,244.35418115160107,20006800
2020-09-25,252.60174560546875,253.5236424995527,244.46320872552587,247.22891453373578,18351300
2020-09-28,254.58436584472656,257.3401644822639,252.60177602629912,257.1418933996532,18826300
2020-09-29,259.51104736328125,261.0376194162549,254.66360177094862,255.5656835760222,20200200
2020-09-30,259.6201171875,263.76372243232544,257.8357985443643,259.69943771719215,20142500
2020-10-01,264.3089599609375,265.99414311385937,262.4948733807721,263.04010371853553,20009800
2020-10-02,257.67718505859375,262.84182274311667,256.92379129394055,258.9361186241271,16367600
2020-10-05,262.34619140625,262.56427749613204,258.5693602261399,259.91753703229796,12822300
2020-10-06,256.4083251953125,263.3771266628919,255.99196805450927,259.50116023470514,18696900
2020-10-07,255.87298583984375,257.91505052336765,252.60172539588396,256.95349344408396,23133400
2020-10-08,261.46392822265625,262.3164272365639,256.89404342705984,257.48882636220674,16312800
2020-10-09,262.1479797363281,262.4453561411012,259.8878283042834,262.2173473961597,14107800
2020-10-12,273.3495788574219,277.74100816754435,265.5381699141355,267.8479040582493,31019300
2020-10-13,273.73614501953125,276.67036899006087,271.0100844746222,275.1635816185584,18063300
2020-10-14,269.4537658691406,276.32343172750234,269.1365442655314,275.20326373795046,15577800
2020-10-15,264.3981628417969,266.69797414764406,261.374725658758,265.2705071475953,15416100
2020-10-16,263.6150817871094,269.00772920564174,262.99056107382756,265.05247169075545,16622700
2020-10-19,259.12451171875,266.2122650488142,257.61775418171055,263.21856498440786,13587000
2020-10-20,265.23089599609375,267.3522818827323,260.5916425128417,260.7700683579075,18763200
2020-10-21,276.30364990234375,280.586021057658,273.9641781096813,277.12641139284636,28998600
2020-10-22,275.6989440917969,279.99126812648683,272.6457689850134,277.4337102381768,16720000
2020-10-23,282.3108825683594,282.75694712146,274.41026101852475,276.3730055560065,17535200
2020-10-26,274.6976623535156,282.7470008040622,271.8724966337441,280.695013495499,21322900
2020-10-27,280.8239440917969,282.033325094517,273.9046947153265,276.3333793505012,16287200
2020-10-28,265.3398742675781,276.3630668488689,264.9334397971636,276.3630668488689,23121800
2020-10-29,278.3853454589844,281.13125181160507,271.3967282134318,274.14260431413163,32368100
2020-10-30,260.819580078125,274.2913040530158,256.84450820010375,272.1104432269322,47247800
2020-11-02,259.0848083496094,268.1155201945895,255.0998139298487,262.29662424575497,27165700
2020-11-03,262.990478515625,267.699128460698,258.6089727709659,260.86912353452436,17961900
2020-11-04,284.8783264160156,286.42474400302376,276.1945736182633,278.55386026436815,35364400
2020-11-05,292.11474609375,294.7912541700032,286.43464621811086,289.3589477438813,23823600
2020-11-06,290.8558654785156,292.0355089320338,285.55243125292134,291.39117324150493,13891000
2020-11-09,276.3432312011719,290.03300950810046,276.10533013779497,287.3466091610849,25117700
2020-11-10,270.0584716796875,271.6148119869349,261.701862644346,270.722652596486,29067700
2020-11-11,274.07318115234375,275.9764501158663,270.10800218443785,271.08937429838187,14957000
2020-11-12,272.68536376953125,277.3147238557322,272.04102819165286,274.76708892660645,12899500
2020-11-13,274.5391540527344,275.34210055831124,270.7226623677045,275.30244028897164,10391200
2020-11-16,276.5315856933594,276.97768044889267,272.23929257055727,272.65561944059993,12970400
2020-11-17,272.6060791015625,275.26274199380117,270.91097340750423,275.26274199380117,15040300
2020-11-18,269.60247802734375,274.9753097532695,269.4736048486675,272.13026794843125,12152900
2020-11-19,270.56402587890625,271.08941095311593,266.8466700938607,268.66072640611867,12963700
2020-11-20,267.3522644042969,270.62352569100193,267.06478039364754,270.1873534858517,18114700
2020-11-23,266.0932922363281,268.59137483464673,262.2272480388358,268.53189955867924,20990800
2020-11-24,274.5094299316406,275.40158939822373,265.53819185986634,266.1527899312476,16930400
2020-11-25,273.19097900390625,277.74101931681827,270.27656935219704,275.7187993456942,12467000
2020-11-27,275.3916320800781,276.70014860060974,272.4276700276529,274.9753051656759,7808400
2020-11-30,274.5589294433594,275.2825855577572,268.65082074499577,273.62710988582904,16693300
2020-12-01,284.0555419921875,286.7816029719664,276.53161731822826,276.7298883993437,20738900
2020-12-02,285.0170593261719,289.23998469655885,278.3852949425003,282.8758590081693,17361600
2020-12-03,279.3964538574219,284.1546569401702,278.62324510017737,283.7581450585941,12921700
2020-12-04,277.2651672363281,280.99241510731923,276.8686251154019,277.8599199138845,10880300
2020-12-07,283.09393310546875,285.97860437373845,275.7782034762741,276.7595755694278,13007700
2020-12-08,280.9329528808594,283.93657504961703,279.09905136815115,283.5202481560011,10747700
2020-12-09,275.500732421875,285.1261988454356,269.38442867883555,281.1907563037856,25189700
2020-12-10,274.7076110839844,276.30361144849036,269.4933907373716,273.141378605421,20065100
2020-12-11,271.16864013671875,274.07315646049074,267.89737988367733,272.14011978702223,14391400
2020-12-14,271.8031311035156,274.806753220003,269.19602086754435,270.9902620847114,16376900
2020-12-15,273.1512756347656,273.6766606794515,265.1416267975304,272.43754215406807,23979500
2020-12-16,273.270263671875,275.44117155415506,270.1377683264025,272.36818173124277,15885000
2020-12-17,272.0906677246094,277.998777567719,271.2282156464043,274.658118193766,16377800
2020-12-18,273.9939270019531,275.58000502369697,268.77973596741606,273.3694063229228,26693200
2020-12-21,270.41534423828125,272.27898349056596,265.4588697383409,270.60369268943253,16553700
2020-12-22,264.76495361328125,269.1365677921802,262.32637660769075,269.1365677921802,17312900
2020-12-23,265.77606201171875,269.8007471510173,263.912453005065,264.5667112714952,14329000
2020-12-24,265.0722351074219,268.0461196379881,263.88269944634607,266.539362366525,6702000
2020-12-28,274.58868408203125,274.8860604477784,263.3474036780008,266.40057862337534,23299700
2020-12-29,274.3705749511719,278.0681154649613,273.8749275486116,274.53910837888566,16383000
2020-12-30,269.50335693359375,275.6592901874679,269.34474610917545,275.53044725380437,11803800
2020-12-31,270.78216552734375,274.67794790026755,267.46132098539584,269.6322596134671,12900400
2021-01-04,266.598876953125,272.60612217062203,262.89144337221967,272.3880360628086,15106100
2021-01-05,268.6111755371094,270.0287199587083,265.8751919806323,265.9545125123116,9871600
2021-01-06,261.0178527832031,265.4192044764678,257.74659177557726,259.71925890881255,24354100
2021-01-07,266.4005432128906,269.24555432407766,262.4750244472199,263.5852697343255,15789800
2021-01-08,265.24078369140625,266.6087754939091,260.88898455886226,265.97433223689694,18528300
2021-01-11,254.60414123535156,261.1764303010855,253.6723217455299,258.21246866434865,30412300
2021-01-12,248.90423583984375,257.45911577126066,248.1211195147358,254.39601812321422,26383500
2021-01-13,249.44944763183594,251.7393364270185,247.03068565955243,249.36023472120903,19528900
2021-01-14,243.5016632080078,252.80992112440126,242.48063073575494,251.19410569943693,29739400
2021-01-15,249.17189025878906,251.65012754449234,245.00845464399956,245.74200319995333,24942900
2021-01-19,258.8270568847656,259.9174871247992,250.5200023087561,254.66360696896973,28028500
2021-01-20,265.1515197753906,267.96679312000975,261.30529146240366,266.5888789529504,25199900
2021-01-21,270.4945983886719,271.21825445969336,265.1614276987964,266.91603879863516,20838700
2021-01-22,272.1104431152344,276.045884978016,269.6322059283925,269.6421285577539,21954000
2021-01-25,275.5898742675781,277.6616767485915,269.14645813213235,275.7187474305936,19087000
2021-01-26,279.5946960449219,282.905647414727,275.39161562612856,275.71875986267514,19373600
2021-01-27,269.77099609375,280.9825384725556,265.78597141936456,280.0705338960137,35346200
2021-01-28,262.69317626953125,284.29350289445864,262.39579986886315,274.76714216742033,37758800
2021-01-29,256.08123779296875,264.2396069718371,252.63155036892067,262.9905655241373,30389500
2021-02-01,259.7292175292969,261.8704183999122,252.69101684616678,257.26087236143474,22914300
2021-02-02,264.7549743652344,266.5095853401576,260.9781439897987,261.7018000093011,17320800
2021-02-03,264.3287658691406,266.8565858893887,261.5432297590339,263.30773338307216,14223400
2021-02-04,264.170166015625,265.82564179565304,261.70185141583977,264.6856587205512,16060000
2021-02-05,265.76617431640625,266.8268671421213,263.35733491932723,264.4774727682164,12454400
2021-02-08,264.25933837890625,267.510783914806,262.6931060011381,266.41046127473913,13755200
2021-02-09,267.10443115234375,271.01013559908193,263.43662780833625,264.12062373060746,14613400
2021-02-10,269.50335693359375,271.41654895302236,265.3894888847332,270.0783249536004,14687200
2021-02-11,268.0362548828125,271.1984579277582,266.1527702844874,269.5231973013296,12828600
2021-02-12,268.1452941894531,268.8193675206695,266.0040933856579,268.16510919851635,9097600
2021-02-16,271.58502197265625,274.19213198727215,267.6991332689265,268.4426043262391,15417200
2021-02-17,271.1885681152344,271.5850800468727,267.233280673253,268.8788339288771,12763200
2021-02-18,267.0449523925781,269.5826649616648,263.7141857382018,267.22337821729826,15249100
2021-02-19,259.2831115722656,267.91728234501386,257.8853820254984,267.5108477745137,25622600
2021-02-22,258.06378173828125,260.779950269616,255.2881681864634,255.7045253451955,17434900
2021-02-23,263.545654296875,265.1317322276039,252.74056078837012,257.2410330934261,21924600
2021-02-24,262.0091552734375,264.0611429978449,256.14070634660726,260.04638046071045,15736100
2021-02-25,252.47288513183594,264.6162469176073,251.828534410485,260.0166243406885,19053100
2021-02-26,255.3773651123047,263.23832572593903,254.2373821267223,254.2373821267223,26619500
2021-03-01,262.60394287109375,264.3287863643085,255.6549557487879,258.549550247898,22157300
2021-03-02,256.7453918457031,264.3882674335836,256.398432563095,263.4663703912783,15191700
2021-03-03,253.18663024902344,258.71804239737355,252.87933125477727,258.02415412891276,15513500
2021-03-04,255.39724731445312,264.17018348484106,251.2932716703931,254.23741890359054,31626500
2021-03-05,261.9794006347656,263.13922891518143,253.38487613689907,258.4008407623917,26820100
2021-03-08,253.08750915527344,263.2680973162432,252.82977791576698,263.23835967806787,18391800
2021-03-09,263.42669677734375,266.19241801606705,257.5483252867858,258.9063944580968,22039700
2021-03-10,262.593994140625,266.62857135494477,260.58166684791667,266.3014573722322,14210300
2021-03-11,271.4958801269531,275.4808751463395,265.4886348319139,265.7760886012566,21834000
2021-03-12,266.06353759765625,267.3918690959222,261.72166121793634,266.79711637424987,20600200
2021-03-15,271.3669738769531,273.5577270950663,266.1626757478061,266.7376134683723,16844800
2021-03-16,276.84881591796875,279.68393483210156,272.4078042369118,273.6766603955113,22437700
2021-03-17,281.5376892089844,283.7383652141493,273.01254656501544,273.30992295006973,21315000
2021-03-18,276.1945495605469,282.7073635915674,275.85751296216336,277.4336680480965,18728300
2021-03-19,287.58447265625,290.2510576502769,278.7520640611228,278.7718790631772,38930500
2021-03-22,290.98468017578125,297.10095206901144,284.2537801031509,287.9215829149258,28273100
2021-03-23,288.10009765625,295.40593764976325,287.28722841970466,290.59815039937365,23000900
2021-03-24,279.6839294433594,289.1805203182288,278.71244964849427,288.4667868520234,18675000
2021-03-25,276.3135070800781,285.55238201726075,275.33213489374356,278.53402803720337,24505600
2021-03-26,280.5563049316406,282.0234324480734,275.3520060903317,275.8773912394726,17629200
2021-03-29,288.28839111328125,290.62783256475734,282.2216711438117,283.2823336991601,21718800
2021-03-30,285.4929504394531,289.9240401511423,284.204279083377,287.3070069178583,17474500
2021-03-31,291.966064453125,293.91891647417685,286.09758576107686,287.46557746389414,19498200
2021-04-01,296.0601806640625,299.76761443789854,294.01811529914414,295.8024342727096,17616000
2021-04-05,306.2209167480469,308.0647107745958,298.0625486822573,298.2707423964187,28237000
2021-04-06,303.593994140625,308.6396816907689,302.59277658335463,306.1515217424256,17335200
2021-04-07,310.3644714355469,311.51437698240227,302.8405478699249,303.6732318344929,22855200
2021-04-08,310.29510498046875,313.1302240000469,307.3509580476352,312.1091915082921,20894100
2021-04-09,309.7399597167969,312.00011061408475,307.62849698671556,308.68918966598244,15988600
2021-04-12,308.8280029296875,309.43267826117784,305.249412826226,308.3422478867747,10881900
2021-04-13,307.0635070800781,311.692837158811,306.6273349193004,309.492161348312,14036900
2021-04-14,300.1838684082031,305.3485053262802,299.3214468592399,304.6248493043654,17421400
2021-04-15,305.14044189453125,307.4402536132836,301.4528231909882,303.6733143666534,14558300
2021-04-16,303.5146484375,306.2605545198828,301.9583082701033,305.4873457507172,13059200
2021-04-19,299.60894775390625,305.02143945188504,297.9435796554135,302.3548538676935,14553500
2021-04-20,300.015380859375,302.4440653471533,294.6227344452051,299.3611226269296,16796400
2021-04-21,298.8456726074219,299.3512426834739,294.80120275476366,299.3215050467602,14863500
2021-04-22,293.9387512207031,300.2830627469146,293.46294903258087,298.7068772430014,16375400
2021-04-23,298.5086669921875,299.95594921584023,294.5633020173308,296.1593026919247,17536800
2021-04-26,300.40203857421875,303.13799214192375,298.93491111623064,300.6994149668208,16172600
2021-04-27,300.92742919921875,302.68201045146435,298.48882172764996,301.63124017584755,15309300
2021-04-28,304.42669677734375,308.2134508908724,302.71174555790657,304.68441290284227,33907200
2021-04-29,326.6415710449219,328.9215370666334,318.8103176400919,327.24624637387615,56526800
2021-04-30,322.2501525878906,326.9489112739997,321.67521482139733,323.30095307824286,26332400
2021-05-03,319.7718505859375,325.68988151721123,319.0383021436549,323.3306253984266,18719500
2021-05-04,315.5886535644531,319.3853302579071,310.3942775786296,317.2342068523723,24032600
2021-05-05,312.2777404785156,318.26517075805026,311.7523553378031,315.42015894408314,15577600
2021-05-06,317.23419189453125,317.45227798871764,310.54295113207814,311.7820697917917,19012200
2021-05-07,316.3023681640625,320.12878226692106,315.9752541529607,319.5736595346805,15916700
2021-05-10,303.3064880371094,311.84152221893976,302.1763973813296,311.61354376348527,24239200
2021-05-11,303.8616027832031,304.1689017601003,297.08114978173637,298.1319198805301,18920100
2021-05-12,299.916259765625,302.3052841038309,295.59422852439974,298.50863794930353,24645500
2021-05-13,302.6026611328125,306.17129822076333,300.1343165029494,303.4154998795162,18079200
2021-05-14,313.1896667480469,314.09174860369416,306.3893690100581,306.8453863779117,19245700
2021-05-17,312.7138977050781,312.93198380502577,308.8676684434134,310.82052071278764,15401300
2021-05-18,307.2617492675781,313.7448261843899,307.1130610875427,312.8427442229503,14522400
2021-05-19,310.86016845703125,311.92086127549254,300.9274043092507,301.54200231563533,19106200
2021-05-20,315.8364562988281,316.47089956123494,310.43391719826906,310.8502441187937,17320200
2021-05-21,313.4771728515625,317.14494554649013,313.0608157149479,316.5105325905979,13600900
2021-05-24,321.8040771484375,323.1125937131732,315.2615245766794,315.439950403165,16445400
2021-05-25,324.9365234375,326.3144074465937,321.97253148283835,324.23268236442,16437000
2021-05-26,324.80767822265625,326.9587711328472,322.9836993061915,325.4916740978203,9686900
2021-05-27,329.8533935546875,330.8744261398363,323.91554650384444,325.14474255728777,20477700
2021-05-28,325.8684387207031,329.9723845728138,325.4718964918096,328.11866763524284,12037400
2021-06-01,326.2649230957031,328.5349970807944,323.79660826486094,327.27603308922255,11765900
2021-06-02,326.28472900390625,328.98105249667384,324.2724014515337,327.50403269155,11654300
2021-06-03,323.2017822265625,324.5301136988752,320.6640698239475,322.94403588426127,12610800
2021-06-04,327.47430419921875,329.56592209571414,322.3492958182066,323.06302941716547,13289400
2021-06-07,333.6500244140625,334.7503774849937,326.0666244730163,326.61185481963037,20136700
2021-06-08,330.7752685546875,335.3550460635353,329.347801506226,333.7689984558394,14580500
2021-06-09,327.3750915527344,333.86806007171225,327.1272678649579,332.81729005569315,13727900
2021-06-10,329.56591796875,331.03304541821626,325.6899509974329,327.9104723063442,13240200
2021-06-11,328.3763427734375,329.932652701607,326.06660882425405,329.6848289882906,13587900
2021-06-14,333.83837890625,333.887961803341,326.9389747420912,329.0107774921073,12250800
2021-06-15,333.8185119628906,336.9609296773633,332.11348375778454,334.05641302577015,15795200
2021-06-16,328.1979064941406,334.61158579150225,325.8584650203184,333.76900931696525,17232200
2021-06-17,333.5806579589844,335.0378626785236,327.2760066360262,327.61304327329054,17794100
2021-06-18,326.7902526855469,333.2237463610246,326.1359944767313,331.6178535993486,23039500
2021-06-21,329.39739990234375,330.0219205469245,324.79777691820135,328.2078338886737,11337500
2021-06-22,336.0787048339844,336.9609718056598,329.70468596146765,329.79389887120124,15345300
2021-06-23,337.6251220703125,340.43050354273737,335.2559430204176,336.3959260905471,14817800
2021-06-24,340.19256591796875,341.8975943029009,338.8146817809146,338.87415705290726,12329100
2021-06-25,338.3983459472656,341.1244070090632,336.72305509277095,339.607726973849,14594400
2021-06-28,352.5441589355469,355.02239636957165,338.7948722399633,339.47886819190785,29156100
2021-06-29,348.8267822265625,353.6345383636902,346.0114780457379,353.1686285434748,21417300
2021-06-30,344.68310546875,349.84777314361486,344.14782805963426,349.10430204570434,15107500
2021-07-01,351.3049621582031,351.5825234790626,343.4836320334063,343.80085361493576,17137000
2021-07-02,351.6123046875,353.33714809146704,349.5503944039377,352.00881658759465,11521300
2021-07-06,349.70904541015625,355.6667379814897,346.14037739528163,353.39666398353967,13488500
2021-07-07,347.4388732910156,353.3866415521066,346.95314856363893,352.16736841980776,14218900
2021-07-08,342.6410217285156,345.2976843782179,339.5779246041185,342.7203422489957,14406500
2021-07-09,347.3695068359375,347.65696052149144,342.26431485958125,342.31389774640746,13018700
2021-07-12,350.0856628417969,351.10669523968244,346.5963161596449,348.17247120578384,10018600
2021-07-13,349.0249938964844,355.36927477322456,345.76362542747296,348.4401335756202,11456000
2021-07-14,344.60382080078125,352.1079297982053,343.711661519161,351.47348659674924,13894200
2021-07-15,341.46142578125,346.1899217185131,337.25834517205516,346.1899217185131,14781600
2021-07-16,338.1901550292969,342.97809584923465,337.179045171872,341.9075107208976,11026100
2021-07-19,334.0168151855469,336.8320889577822,331.627790942661,334.6314131584542,14372300
2021-07-20,338.68585205078125,340.4602785646163,331.5881762473633,335.8507326304917,11024300
2021-07-21,343.2160339355469,343.50348766663694,338.27937458931103,338.5271983069589,9279700
2021-07-22,348.1328125,348.47977171968734,342.2048588880555,343.66206340920985,12385400
2021-07-23,366.5709533691406,372.0627053911015,354.0806314483372,357.7682497249188,33694300
2021-07-26,369.2176513671875,371.18042595459303,365.0145711113997,366.36271751347635,14925200
2021-07-27,364.6081848144531,369.9016960963588,361.3765536706244,368.67250006703915,15705400
2021-07-28,370.0305480957031,374.2633663025684,363.7358196168697,371.2994043200226,29676900
2021-07-29,355.2008361816406,362.33814212133433,353.63457312062775,357.85749955499455,33413200
2021-07-30,353.1983337402344,357.58979280263065,349.867597652045,350.91836774547977,15976200
2021-08-02,348.8862609863281,356.2713900270993,347.6867723455861,354.9827187252499,13180400
2021-08-03,348.1824035644531,350.69037839785096,344.673241474728,349.6594535052351,12406100
2021-08-04,355.7955627441406,357.3419802981205,348.450064236777,349.3521461852516,14180600
2021-08-05,359.810302734375,360.73219970957473,353.79313557019657,356.5093041046294,10247200
2021-08-06,360.34564208984375,361.9713501000102,358.25399398453993,358.25399398453993,8925000
2021-08-09,358.462158203125,362.5958715229837,357.6096590531238,360.59346658197126,7798900
2021-08-10,357.986328125,360.9304751555723,355.91452543710386,358.6802163961875,7469900
2021-08-11,356.82647705078125,359.2055785824935,354.6951992255373,358.9478624990702,8400300
2021-08-12,359.4930725097656,359.8400317588148,354.00129055177996,355.32965227693023,7170700
2021-08-13,360.0184631347656,361.48559043105394,358.3332800092168,359.810299682887,7195700
2021-08-16,363.36907958984375,363.75569914673264,354.2689990806307,359.36423946467784,11222100
2021-08-17,355.3296813964844,361.495537099571,351.979099677339,359.82024623999826,12328700
2021-08-18,352.3558044433594,356.7273885805119,352.05839780521046,353.1488283079139,10042400
2021-08-19,352.0285949707031,354.45727926547977,347.9444653459799,348.2914245669359,12004500
2021-08-20,356.24163818359375,356.85623617233426,350.23439359725023,351.5131724701607,8697700
2021-08-23,360.18695068359375,362.5065767504652,355.9739480286023,356.31098461077187,10942000
2021-08-24,362.32818603515625,364.75684023789097,358.69012066767607,360.4942845338797,9235100
2021-08-25,365.1831970214844,367.6316667466407,362.2192042585403,362.41747536878387,9684500
2021-08-26,361.2080383300781,366.2239880737597,360.96021460656846,365.17321790623237,7888700
2021-08-27,369.3861999511719,370.48652269932006,360.9106109436815,361.9217510386476,11219100
2021-08-30,377.34637451171875,378.1691360861547,367.29462825975367,369.3168786170108,13547300
2021-08-31,376.0774841308594,379.4280659124975,375.50251611701077,376.6425295145626,12345400
2021-09-01,378.7242126464844,380.984363857357,375.5124267815391,376.28563561020815,11567200
2021-09-02,372.0131530761719,378.42683236190425,370.80377207439494,378.1790086340969,14832900
2021-09-03,372.984619140625,373.8767784772449,369.862016084577,371.48775419959367,7509600
2021-09-07,378.8530578613281,379.62626663292235,369.9016665912914,372.60791241783016,10793800
2021-09-08,374.283203125,377.5544640235521,371.5274046568623,376.85065315181134,11067200
2021-09-09,374.70953369140625,376.52359034525597,373.2919890122419,374.3526819897668,9098900
2021-09-10,375.3934631347656,380.4490731082647,374.9672135938655,378.04020354167477,11549600
2021-09-13,373.2324523925781,378.4268279867525,371.0912517788471,378.35743008330803,13026300
2021-09-14,373.2522277832031,375.2942926398303,371.84457586409377,374.1146494141582,8711600
2021-09-15,370.6650085449219,374.27330631053246,364.4694153158542,373.7181835773616,17940300
2021-09-16,369.8125,370.30814748622225,366.4916557919265,369.54486124813184,11934200
2021-09-17,361.5450744628906,368.17683971497365,358.4423166085418,368.17683971497365,26299000
2021-09-20,352.6036071777344,357.88719567110746,346.7549430803481,356.17224460756535,19822800
2021-09-21,354.36810302734375,356.90581548877753,352.0980292916366,355.37921290978545,11751900
2021-09-22,340.2222900390625,346.7945796004399,337.7242379588481,344.20731461578043,43692900
2021-09-23,342.9483947753906,346.6261208464097,340.01417017387416,342.3536117509413,21806300
2021-09-24,349.8874206542969,351.2653350122628,339.38961185696587,340.2520335333708,18801900
2021-09-27,350.5020446777344,352.05838496337213,344.05862769451767,346.76487371815995,15205800
2021-09-28,337.6845703125,346.5566709453313,335.9696496557969,344.94085556790003,21710300
2021-09-29,336.6535949707031,342.2246968681128,335.92996916562356,340.162786850445,14452200
2021-09-30,336.4356384277344,339.81592789526684,335.2064120057987,337.48640875085874,16547100
2021-10-01,340.0240478515625,342.0165298799602,335.69209430346353,338.63621089401767,14905300
2021-10-04,323.39013671875,333.0156014474601,319.8908670335288,332.6091669200423,42885000
2021-10-05,330.0615234375,332.26219920558924,323.3207305857964,325.7196471719252,35377900
2021-10-06,330.7356262207031,331.4691747245333,322.96384802328623,326.8695521281811,26443000
2021-10-07,326.3541259765625,335.890378594045,326.11622486820954,334.06639950885625,28307500
2021-10-08,327.1768798828125,330.49772395211795,325.8485483054744,328.62419226348635,15946100
2021-10-11,322.6169128417969,327.5832793428931,322.4781170454003,324.77792829946685,14708200
2021-10-12,320.95147705078125,321.5561825542825,314.6071969633952,320.21792864671414,31658700
2021-10-13,321.71484375,324.15342064578897,319.8512045646959,324.1236830099349,14761500
2021-10-14,325.67010498046875,327.6427721065974,324.25256056573227,325.5015715404052,14302200
2021-10-15,321.93292236328125,326.2054007094238,319.70250897020327,325.8187812003698,21596400
2021-10-18,332.4208679199219,332.9660983313268,324.64911860402873,326.08650848182344,21585000
2021-10-19,337.03033447265625,339.4788340210917,334.34393383511576,336.6932978457845,18786300
2021-10-20,337.8134460449219,340.98560155556015,336.4950372510375,340.46021651337685,13639500
2021-10-21,338.90386962890625,339.330119130641,334.85936992096316,337.31779190524065,16354400
2021-10-22,321.78424072265625,326.7605607564553,318.31470838122334,323.5091145151321,35224500
2021-10-25,325.8287353515625,326.69115710668046,316.93681855417015,317.5117563069419,38409000
2021-10-26,313.06085205078125,327.33549311220946,306.90491895434997,325.4024861336373,65654000
2021-10-27,309.5020446777344,316.47084548411294,309.34343388923537,311.45489652400113,29971800
2021-10-28,314.1611633300781,322.6862744629049,305.42782825462723,310.2653517497801,50806800
2021-10-29,320.7532958984375,323.1621352287927,316.81785396180146,317.4027143186417,37059400
2021-11-01,327.1075134277344,330.5473080610597,323.16214869712104,323.20180896504496,31518900
2021-11-02,325.2240295410156,331.87564034805075,320.98128842176436,328.4953209834724,28353000
2021-11-03,328.73321533203125,329.2586004276397,320.3865290771259,324.63916248704476,20786500
2021-11-04,332.9263916015625,334.33401339052415,329.7542358838118,331.1024126520275,22495300
2021-11-05,338.160400390625,343.7711325959284,336.6833808173762,337.3475313931403,26872800
2021-11-08,335.6722717285156,341.78857452736924,335.39471036863415,341.4218002573743,18342500
2021-11-09,332.4505920410156,338.33888663242817,331.55843261090627,337.04029263097436,17556700
2021-11-10,324.7878723144531,330.2895468537602,322.67640935822544,329.59562832992003,21872600
2021-11-11,324.8869934082031,329.5659067272054,324.15344483445233,326.94890382100857,12376600
2021-11-12,337.9225158691406,338.88404283160503,326.9092143568686,327.30572624640484,25414300
2021-11-15,344.534423828125,350.57140562732303,340.21239295129374,341.34245331053467,25076600
2021-11-16,339.9744873046875,343.6323678721777,337.9026846129846,340.83690901944357,18181100
2021-11-17,337.8034973144531,344.276650749972,337.13934678040295,341.2432912688201,13602800
2021-11-18,335.7416687011719,339.4788395456353,332.3811645032816,336.7627012277553,17487200
2021-11-19,342.29412841796875,349.0349521165506,336.94114182774706,339.2211383258241,26488500
2021-11-22,338.04150390625,350.74988229883314,337.5458564263731,346.011493601287,27116800
2021-11-23,334.3141784667969,338.42804592460385,330.5968228871068,335.97954650603793,17225000
2021-11-24,338.0909729003906,338.80470630489276,329.9127915059308,333.07502406527504,13566200
2021-11-26,330.22015380859375,334.8098540575957,329.0107728148004,332.8768168926907,14750700
2021-11-29,335.0874328613281,337.70446606683015,332.3911093701691,333.95737234216773,16650900
2021-11-30,321.6355895996094,332.88679468252894,320.6145568886722,332.08384809683685,25390000
2021-12-01,307.89617919921875,327.62294019861577,307.5888802231193,327.414776755562,30329600
2021-12-02,307.6880798339844,311.8614234526496,304.52584625835294,308.689267246072,24396200
2021-12-03,304.1689147949219,311.0187659884353,296.89281406704816,310.9989509816925,27471000
2021-12-06,315.1029052734375,317.3135037928877,303.6732762774191,305.4477026203686,21758300
2021-12-07,319.9998474121094,323.6973876230622,318.20560638194684,318.7706516350471,18794000
2021-12-08,327.68243408203125,329.85337229580705,320.25764508948055,322.1708369530798,19937700
2021-12-09,326.9488525390625,333.20392019867387,325.1446887738211,326.67129120994196,16879200
2021-12-10,326.8794860839844,332.1135218307641,323.5289045553866,329.66502227155183,14528000
2021-12-13,331.57818603515625,338.1207377273347,326.72084759390367,328.06902424502766,22948700
2021-12-14,330.8347473144531,332.7777070826221,324.7977650571663,325.19427696326966,20461000
2021-12-15,338.68585205078125,339.1319166479426,321.15976377745073,329.5956636242752,24681300
2021-12-16,331.9846496582031,341.46142630217054,330.8347439657992,336.0291497145093,22635000
2021-12-17,330.8843688964844,334.1754453286551,327.870823604307,329.90296626812994,40012600
2021-12-20,322.6169128417969,327.02815666114145,319.7223186424487,326.9092061224686,17901800
2021-12-21,331.2907409667969,333.0750595421487,320.9316979963412,323.5685458479466,16116800
2021-12-22,327.5733947753906,331.5980494399973,325.40245663710306,330.89420831620754,16764600
2021-12-23,332.3216857910156,333.73926046044926,325.50157217835203,327.2264458403401,13987700
2021-12-27,343.16644287109375,344.841733582663,335.06758091224634,335.90026495348917,17795000
2021-12-28,343.2060852050781,349.63957874532895,342.1949754046615,343.6125197013411,16637600
2021-12-29,339.95465087890625,346.64589097074906,338.6659797027257,343.8900925578149,10747000
2021-12-30,341.3622741699219,344.2073157522339,340.2322137913024,341.0054225509634,10593300
2021-12-31,333.4219970703125,340.4502732567359,333.34267654879824,340.03391614857384,12870500
2022-01-03,335.59295654296875,338.11082360220985,334.2547024867432,335.35502521507095,14537900
2022-01-04,333.6004638671875,340.103355842502,328.9810261084693,336.9907056585959,15998000
2022-01-05,321.3480529785156,332.8371562358702,321.0209087490122,330.12098787578486,20564500
2022-01-06,329.56591796875,336.2175290132258,319.9107146206738,320.00985016827264,27962800
2022-01-07,328.9017028808594,334.06634020398093,326.01703144649423,329.84341476886055,14722000
2022-01-10,325.2140808105469,325.48171950640443,312.6841004601609,322.47809757856305,24942400
2022-01-11,331.45928955078125,331.7170359199198,322.44842203223953,323.9353644660303,16226800
2022-01-12,330.35894775390625,333.44186036917864,327.15705433912973,332.2622170190989,14104900
2022-01-13,323.63800048828125,332.70834363177676,322.9242668826204,332.0640079361479,14797100
2022-01-14,329.0107421875,329.8335338228713,318.4137982227158,318.98876615498534,16868500
2022-01-18,315.3804626464844,321.38770724912837,314.8749228247817,320.4757328930127,22645600
2022-01-19,316.8079528808594,324.25258771682417,316.55020651044543,316.7980302506369,20814700
2022-01-20,313.8042907714844,324.966280302167,313.22935307761765,321.080391235349,16925000
2022-01-21,300.5308532714844,315.5390405849981,300.40198010913116,312.0695088375882,28710700
2022-01-24,306.0226135253906,306.83548253324034,286.4941238429113,295.24724373871493,38878100
2022-01-25,297.5371398925781,303.56422945511866,294.98950489574133,297.3388990759173,25108500
2022-01-26,292.0652160644531,304.83309899106166,288.3181226187675,304.33745154982324,28348800
2022-01-27,292.07513427734375,299.08356599902004,291.69843738739166,295.15804679430795,21629900
2022-01-28,299.0835876464844,299.27193610509295,290.47915483437316,293.046605096765,21871600
2022-01-31,310.53302001953125,311.0584050556387,296.71436802993236,298.0625144426168,21579500
2022-02-01,316.22308349609375,316.87734178183337,309.40296951956975,311.8217315752421,18023800
2022-02-02,320.188232421875,325.1447066079721,314.1115902294131,324.96628079773285,58458300
2022-02-03,235.6902313232422,245.8410948797507,233.6977343463759,242.52025145901632,188119900
2022-02-04,235.026123046875,240.49807556869192,228.10688832560353,232.92458253075475,89342200
2022-02-07,222.95213317871094,236.22557090302277,222.05995871878767,235.6307879297406,88613800
2022-02-08,218.26329040527344,223.80464005138572,214.26837341391084,218.927471258292,94729700
2022-02-09,229.9803924560547,231.33846148499288,220.2756230677488,222.2482900293233,86563300
2022-02-10,226.08465576171875,232.95432278596698,224.7265713389725,226.28291173464223,49310400
2022-02-11,217.63880920410156,228.41418046566048,216.8656003535109,226.47125083503389,46156900
2022-02-14,215.8048858642578,219.0761618951234,212.9103067167767,217.4008711781249,38184000
2022-02-15,219.076171875,219.22486005892043,213.18787777639622,218.55078679053494,42685500
2022-02-16,214.65499877929688,215.56700343123342,210.51139320740756,210.5609609793981,45817500
2022-02-17,205.90187072753906,215.60664116164554,205.35665550630617,212.15693913832794,38747500
2022-02-18,204.36538696289062,208.91542751919894,203.39390694304603,207.56726567370444,37128400
2022-02-22,200.32089233398438,205.6738792012657,198.31847222951438,200.57862358467415,39852400
2022-02-23,196.7224578857422,205.13855651896256,196.32594600030123,202.38275807505894,44481400
2022-02-24,205.79281616210938,206.53628729690607,188.56410689144704,189.3967909321892,49957200
2022-02-25,208.64773559570312,209.48043476464565,201.4112801723448,203.15596878731102,37627600
2022-02-28,209.1929473876953,211.29448759324586,205.02951211449042,205.87210364692402,34239800
2022-03-01,201.71859741210938,209.9066875471143,200.45964869899032,208.0430483616429,27094900
2022-03-02,206.2983856201172,207.32932567756626,200.26140321055217,202.99737173398083,29452100
2022-03-03,201.20310974121094,207.25992166380965,199.66659975329932,207.20044639508353,27263500
2022-03-04,198.3184814453125,204.09773329009735,197.0595325209042,200.6083705463484,32130900
2022-03-07,185.83802795410156,199.14120168123245,185.64967953148735,199.04206615586997,38560600
2022-03-08,188.6334991455078,194.9877030604823,184.48989373978588,186.2147523045471,37508100
2022-03-09,196.7720489501953,197.36683197473633,192.2319162323501,194.03608031442005,31894700
2022-03-10,193.51068115234375,194.57135881377323,189.40672093356542,193.1438917592487,24853000
2022-03-11,185.97682189941406,191.8750230568434,185.0450023478886,190.96303363699852,34694500
2022-03-14,185.00538635253906,190.61610442525557,184.20243984151935,185.40189829285765,31010500
2022-03-15,190.35836791992188,190.6061916572676,184.2916476700059,189.13907936744985,31721700
2022-03-16,201.8573760986328,201.95649650852528,192.8266793674669,193.0051051808488,40640300
2022-03-17,206.03073120117188,206.22898715868908,199.35932066827604,199.9441810370378,29499700
2022-03-18,214.60540771484375,214.91270666982817,204.20672025274516,204.90062355850955,52128000
2022-03-21,209.64895629882812,212.8409269719916,205.82255751754292,212.63274839506389,30142300
2022-03-22,214.76400756835938,217.54955859989062,208.3503291456667,209.52997235144798,31998800
2022-03-23,211.601806640625,214.91272782980164,210.3131203024904,211.47293346902381,23717300
2022-03-24,217.65863037109375,218.74904569512475,212.9202267914641,213.12840537772053,31502300
2022-03-25,219.88905334472656,223.53701150483215,216.9845512720911,218.59044425279404,40039000
2022-03-28,221.6436309814453,222.0897106771945,217.628883467782,220.1963488462626,26224100
2022-03-29,227.85903930664062,228.8800718121414,223.3288144925983,224.1020384066852,31417900
2022-03-30,225.8665313720703,229.1377921857716,224.7364558793833,226.91730146383702,25588000
2022-03-31,220.42431640625,226.50095848284667,220.3251808740348,226.46129821957717,24192300
2022-04-01,222.8926544189453,225.30149365853208,220.7613614029989,222.59526293695754,19544800
2022-04-04,231.8539276123047,232.30992985103427,223.89383200941253,224.01278253866482,28054800
2022-04-05,229.82179260253906,234.7980969460223,229.00893869737314,232.0422984945777,29727200
2022-04-06,221.35614013671875,226.99661017964237,219.4825934997473,224.9347151034795,28995100
2022-04-07,221.00918579101562,223.5568208391309,216.6574019650015,221.98065051757655,21037200
2022-04-08,220.3945770263672,223.17020552086805,218.11459593710012,220.44414479208226,18375700
2022-04-11,214.5757293701172,218.68959770421912,213.34651808458696,216.51865916309515,20516600
2022-04-12,212.27587890625,220.09719467995484,211.27467655152802,218.3227835510992,20128800
2022-04-13,213.1184844970703,214.72437730811373,209.49034172860436,209.97608164874075,19231800
2022-04-14,208.350341796875,213.11848267360907,208.1719159864897,213.01934713942245,18379500
2022-04-18,208.93521118164062,211.52249123883075,206.48671179270767,208.17190994324702,16580800
2022-04-19,215.4182891845703,216.52853461621248,207.1806311048147,208.68740356630022,20089900
2022-04-20,198.67530822753906,212.2957046517589,197.18836598093702,211.75048946947976,43036500
2022-04-21,186.43283081054688,201.20311811315037,183.96450117399772,199.8450490008672,49954100
2022-04-22,182.50726318359375,191.04231093871272,181.67457928698613,188.7127624025358,36426800
2022-04-25,185.36224365234375,185.55057698247137,180.0786398818122,181.13931758710004,29281100
2022-04-26,179.37478637695312,185.5604712136734,177.93741197946932,185.00534856024166,31747400
2022-04-27,173.42703247070312,179.6325479655742,167.52883108777505,172.91155490901065,71062900
2022-04-28,203.9390869140625,206.7147155418311,191.22077206999722,201.1535507830585,100890600
2022-04-29,198.7248992919922,210.63034616352076,198.15985391157957,202.68017157699896,49193400
2022-05-02,209.29209899902344,210.03557018084996,199.240369225767,199.41879504894462,49915300
2022-05-03,210.1842498779297,213.02926131184137,206.27854567365722,208.61800216969073,41556300
2022-05-04,221.4652099609375,222.34746186757863,205.15841094441203,208.81627662972593,41375900
2022-05-05,206.4668731689453,218.25336736113462,204.3653331000741,216.83582310266792,41129200
2022-05-06,201.9961700439453,207.55733514909008,199.27010901448142,205.53508504215011,34747200
2022-05-09,194.50196838378906,200.80660420921586,193.8774477905192,198.10035838901905,36303200
2022-05-10,195.92942810058594,201.19321664925386,192.49955626673494,197.77323719295447,34452500
2022-05-11,187.0970001220703,198.92314071841457,186.6310903208202,194.62092459185249,31153400
2022-05-12,189.5752410888672,196.3259569009474,183.17146941432156,185.4316205639354,38262200
2022-05-13,196.89100646972656,198.14995534482927,189.61490485871443,190.90359137350006,24549800
2022-05-16,198.2986297607422,203.58223351596016,194.22440702177838,195.33466762129902,27112600
2022-05-17,200.85618591308594,203.67147517872874,196.63327470356344,200.36053841838304,24872700
2022-05-18,190.5665283203125,199.25026580247822,189.96183785388354,198.25897094773953,23960000
2022-05-19,189.62481689453125,193.5899969572623,187.94954102383508,189.5356039733506,24446900
2022-05-20,191.85520935058594,196.1871783731729,186.23456905164684,193.2727689309171,31465600
2022-05-23,194.5218048095703,195.27519865608267,189.57525266409456,193.4908647116595,25059200
2022-05-24,179.70191955566406,182.08102101762512,174.57692727127068,178.97827858926098,50406300
2022-05-25,182.229736328125,183.8356291645361,177.75900194507628,178.82958708537754,28030200
2022-05-26,189.96185302734375,191.15140392285537,180.67340921086296,181.2880223555462,23056500
2022-05-27,193.43136596679688,193.62962190857738,188.14776268187097,189.69418020410123,22562700
2022-05-31,191.954345703125,195.87988020083372,190.33853016005855,193.19346434021034,26131100
2022-06-01,186.9978790283203,197.79308044410078,183.38956601023835,194.79936545558363,36623500
2022-06-02,197.12889099121094,199.19078605787604,186.09577466544653,186.80950815490593,31951600
2022-06-03,189.1192626953125,194.89851447671586,188.12796767536602,194.27399377384188,19465000
2022-06-06,192.5590362548828,195.2057918492942,186.75995498137883,192.30130502364528,30574200
2022-06-07,193.9468536376953,194.81919804623945,189.82307808357928,190.2592351618906,18828700
2022-06-08,194.92823791503906,200.27131707822286,192.71765441688768,192.97538565794966,22267200
2022-06-09,182.3982696533203,197.71377350934452,182.08104801085352,192.58878046517898,23501600
2022-06-10,174.04164123535156,181.50609012398724,173.49642605155532,181.44659972815228,27450800
2022-06-13,162.83009338378906,171.0776741390652,162.60209979408089,169.1049918602242,31749300
2022-06-14,162.30470275878906,165.29841746325724,159.9553387871744,164.58468395588787,27244300
2022-06-15,167.8757781982422,170.6613141290513,162.55251490737075,165.74448533100573,30008300
2022-06-16,159.4696044921875,163.6429626444072,158.2205783731708,162.29480098577153,26944100
2022-06-17,162.3146209716797,164.45580630957073,158.5080373272939,160.27254091529267,31374200
2022-06-21,155.68287658691406,166.29963714436744,154.61227621435427,164.48556555136005,50724900
2022-06-22,154.49330139160156,159.390285021925,154.086866891369,157.00127603788218,47267800
2022-06-23,157.3680877685547,158.35938280961645,152.90726008377675,154.90968030199085,40499200
2022-06-24,168.67872619628906,168.7679390977407,159.89585369459297,160.32210319661192,68736000
2022-06-27,168.01455688476562,170.25487763124974,166.54742972686054,169.82862813839694,29174600
2022-06-28,159.28121948242188,169.80877910843427,159.21183672138187,168.420957502116,27744500
2022-06-29,162.51287841796875,164.88207247948387,158.92439593906067,162.1461041676376,28595200
2022-06-30,159.84628295898438,163.7916319403162,157.11031481693823,160.7384422088374,35250600
2022-07-01,158.63690185546875,159.2217621433084,153.65069034030827,158.91446318278108,31423900
2022-07-05,166.72589111328125,166.7853663869358,155.65312893111812,156.76337437522923,28618600
2022-07-06,168.2921600341797,170.09630910779737,164.0196809116976,166.7358195899737,23085900
2022-07-07,170.6910858154297,171.21647094718156,166.3194713031898,167.9749321123274,24083400
2022-07-08,169.39247131347656,170.89922861706972,166.686225442263,168.50029685970665,19249200
2022-07-11,161.4621124267578,166.0319823587457,160.50055519777845,165.61564033062461,21885600
2022-07-12,161.84872436523438,164.46574232541377,160.68891113440077,163.3654043690906,16639700
2022-07-13,162.0668182373047,163.54383804509905,158.22058895738138,158.76580420983865,16555100
2022-07-14,156.6741485595703,161.1746203649273,155.91084731663682,159.8165513084792,23765200
2022-07-15,163.26626586914062,163.54382722913314,158.42875707644262,159.14247548359506,23342800
2022-07-18,165.77423095703125,170.19541257482624,164.198075800227,165.29841367168555,23574300
2022-07-19,174.24981689453125,174.9536429313068,168.03439361548112,168.8869078373699,25933700
2022-07-20,181.4961700439453,182.00174009691054,175.16179657187416,175.9449279721321,24784300
2022-07-21,181.57545471191406,182.249542996904,177.31288432816922,179.05757274158512,27195800
2022-07-22,167.79647827148438,174.07137629177012,166.94396412198364,171.5634016094168,42583900
2022-07-25,165.1992950439453,169.08518450414397,163.37531599182617,167.52884419406948,26166300
2022-07-26,157.76458740234375,164.55496395320677,156.57503647124767,164.49548867554608,28468400
2022-07-27,168.10379028320312,169.38255404365438,160.60960328940018,161.17463351463593,43846600
2022-07-28,159.32093811035156,160.10405452704896,153.50204113629513,159.657974789641,73214300
2022-07-29,157.7150115966797,158.74595155199424,153.8192150963796,156.3172822730475,42065400
2022-08-01,158.5377960205078,163.75201720151597,153.8787127240558,155.88113278266974,40596700
2022-08-02,158.79551696777344,160.8276743398196,156.63448643098596,156.9318778971807,27374500
2022-08-03,167.3306121826172,168.06416085968183,160.1635530043311,161.27379865132355,31721900
2022-08-04,169.08518981933594,170.65142255669952,165.348003557644,166.83494600847538,23938200
2022-08-05,165.65530395507812,170.11613134467288,164.3567099573721,165.53635339832977,25832700
2022-08-08,168.7679443359375,175.96473933628346,165.67510931528614,166.5375309746696,27299100
2022-08-09,167.0629119873047,168.05420679058827,165.14972027742735,167.47925398956878,18655100
2022-08-10,176.78750610351562,178.90887631170045,172.43572265712888,174.457972463635,30262100
2022-08-11,175.94493103027344,181.50609582783787,174.8346704958459,178.14560684060112,24079100
2022-08-12,178.92872619628906,179.8803759384062,177.35257096418084,179.23602518954743,21274000
2022-08-15,179.31532287597656,179.86053806278343,176.64873733810558,177.4021310965874,15878700
2022-08-16,177.90769958496094,179.41447209085894,175.49884507628477,177.8779619475911,21156700
2022-08-17,173.3279266357422,176.5892803390604,172.65383820977354,175.22128847897727,20118100
2022-08-18,173.13955688476562,174.22997211114853,170.36392836368074,172.82233528191773,18844500
2022-08-19,166.49789428710938,170.81994055822395,165.59581231831734,168.71838513218586,26240800
2022-08-22,161.63064575195312,164.04940786700593,160.84751426544375,164.04940786700593,19499700
2022-08-23,159.70750427246094,163.6132081664498,159.30106977820242,161.06557329488396,18111800
2022-08-24,161.83880615234375,164.01966711697898,158.3791964989149,159.20197311267086,20891500
2022-08-25,167.3107452392578,167.40988077562878,162.5921871516085,163.742077693332,15550500
2022-08-26,160.37168884277344,169.43212368762408,160.26264579796614,167.01336169441478,24023600
2022-08-29,157.784423828125,161.63065328045607,157.62581299739847,159.26145882808834,20052700
2022-08-30,155.79190063476562,160.25272741333785,154.55278208516222,158.9541335935069,19567900
2022-08-31,161.51165771484375,166.3789189098485,160.72854146269484,165.61563278936217,40953000
2022-09-01,163.92051696777344,165.9031066673711,158.95413521562654,162.15601334520824,30145700
2022-09-02,158.9243927001953,166.46813175460187,157.8339623485163,165.99231447657763,22634200
2022-09-06,157.15988159179688,160.2824694990789,156.31729003024532,158.70631429044778,19339800
2022-09-07,158.99378967285156,159.55883503081463,155.44495208745863,156.38667922477052,16831200
2022-09-08,160.64923095703125,160.81774925591185,156.36684533746566,157.32840249210523,22530800
2022-09-09,167.67750549316406,168.06410985118802,161.60087879529817,161.82887235875899,22086800
2022-09-12,167.4891815185547,169.89802070055077,165.82379833481477,165.93284137140463,23220400
2022-09-13,151.7969970703125,160.22300395305948,151.3409947482943,160.13377591386535,44444100
2022-09-14,150.15142822265625,152.20340064312884,147.75249656335097,151.99523720059614,43064200
2022-09-15,148.24815368652344,152.85766887034347,147.4055469804249,148.49597740879247,34606300
2022-09-16,145.0165252685547,147.28659907579265,143.03393545484252,146.7612139852357,40122800
2022-09-19,146.73147583007812,147.28659855580412,143.83689652739272,143.9756772088242,22169500
2022-09-20,144.8182373046875,147.54429769602862,143.95581576664205,144.51093837163484,23217400
2022-09-21,140.8828582763672,148.2977566995173,140.76390770171622,145.115692693935,38338600
2022-09-22,141.57675170898438,143.32142537181252,139.64371445995508,140.3178028899763,34418500
2022-09-23,139.1876983642578,141.37845127369607,137.68092612104357,140.1889006084037,31710700
2022-09-26,135.182861328125,141.00177184409586,135.0044355321183,138.9002166711742,30497000
2022-09-27,133.23001098632812,138.20631496508062,132.9524496609116,136.71937281065303,30826500
2022-09-28,140.3772735595703,140.79361560887784,133.10117251155577,133.44811665633205,32658500
2022-09-29,135.2225341796875,138.6226682562599,134.0230607552248,138.14685096331397,38985400
2022-09-30,134.49888610839844,139.76267478552438,134.32046028508566,134.8656755106968,33166400
2022-10-03,137.4033966064453,138.40459908232745,134.91525167329377,135.94619178824445,27723100
2022-10-04,139.058837890625,141.15047059220228,138.12701832793766,139.26701646086826,34670700
2022-10-05,137.7701873779297,138.98949122936708,133.60675102497115,137.0366386919192,27979300
2022-10-06,137.85939025878906,140.2186618566196,135.41089062341658,136.5211360812192,36231100
2022-10-07,132.28829956054688,137.08616318033515,131.28709717066118,135.56948321426967,33214800
2022-10-10,132.6253204345703,134.92513155816465,130.72203629398763,132.3874193707211,24024000
2022-10-11,127.4210433959961,131.50518878521092,125.88454079530821,130.47423358950223,38481400
2022-10-12,126.39009857177734,128.5412066696093,125.15097995832855,127.20296764266038,34605200
2022-10-13,129.1558074951172,129.99841422113215,121.46336441940831,122.45465933191532,34325700
2022-10-14,125.65653991699219,130.6427443431372,125.41862370269885,129.8596280507722,23559400
2022-10-17,132.8731689453125,133.61664016062548,129.04676981879663,129.16573549889992,29612200
2022-10-18,131.64395141601562,136.6400705127759,130.25612963150132,135.89659941870124,25445000
2022-10-19,132.07020568847656,135.80739142500235,131.06900335762276,131.73316907721394,30691000
2022-10-20,130.38502502441406,135.57941606596407,130.1669389228935,131.7728319195805,26356300
2022-10-21,128.8782501220703,128.98729317086242,124.348040097076,125.21046185736593,46348600
2022-10-24,128.5907440185547,132.31800648070262,123.48557502628236,126.14224500754587,63563400
2022-10-25,136.3129425048828,137.1456416326247,129.45318430388568,129.740668266427,38433200
2022-10-26,128.68992614746094,134.37004234989396,127.411147107178,130.53372035500666,82791500
2022-10-27,97.08741760253906,101.60771958540467,95.54099253236453,97.12707030310553,232316600
2022-10-28,98.3364486694336,99.97208672735346,96.66116547189773,98.71314556260309,95928300
2022-10-31,92.34903717041016,98.45540986504903,91.7939068796394,97.36498697989708,121361400
2022-11-01,94.37126922607422,96.64133540102044,92.73563873008625,93.50884752374887,110189600
2022-11-02,89.75183868408203,94.37126885823125,89.69236341187202,93.38988905186778,71821100
2022-11-03,88.13603973388672,89.6725424051938,87.64039224708178,89.295853037895,60664000
2022-11-04,89.99966430664062,90.59443973026505,87.32316355586093,89.56349213325879,55638100
2022-11-07,95.87804412841797,96.0366473799833,92.28955386062118,93.95492959844655,81987300
2022-11-08,95.6302261352539,96.94865024901628,93.96485029760152,95.08501088129792,52088300
2022-11-09,100.5866928100586,103.98683455524989,99.86304421903829,100.83451653036997,107677300
2022-11-10,110.89616394042969,111.76850073569403,103.69936079981403,106.18751313338271,80671000
2022-11-11,112.03614807128906,113.89978735355452,107.86279738275933,108.27914699531694,59961700
2022-11-14,113.2257080078125,115.25785807460645,109.83548116552747,110.02382205922324,53395000
2022-11-15,116.0608139038086,117.70635957873935,113.41405821741367,115.05960389234444,50670500
2022-11-16,112.24432373046875,115.0695126545756,111.67928594564738,113.50326491314802,33287800
2022-11-17,110.47981262207031,111.35215696681517,108.84418210163332,109.44887259042972,35093800
2022-11-18,111.07460021972656,113.32483638895054,109.65704816363142,112.80936635172509,33357700
2022-11-21,108.9036636352539,111.39181607334933,108.23949783494731,110.54920931683293,24351100
2022-11-22,110.46990966796875,110.64834305828951,107.37706675673539,108.90366185992863,29029000
2022-11-23,111.26294708251953,111.68920422890963,109.76609709938876,110.74747701764295,21343100
2022-11-25,110.44017028808594,111.74867927547221,110.05355831267225,110.33112724222208,12007600
2022-11-28,107.83304595947266,111.06466908990997,107.43652653119547,109.81563553787952,23309400
2022-11-29,108.50713348388672,109.97425319109101,107.59514403607353,108.58643888708252,23899200
2022-11-30,117.07191467285156,117.13139750383256,108.42782278422197,108.55669594886484,43348600
2022-12-01,119.39154815673828,120.14492675954844,117.36930585676437,118.1623371591402,36551400
2022-12-02,122.41500091552734,122.96021611715648,116.58618982465244,116.80427590530408,39950500
2022-12-05,121.3642349243164,123.58473338295278,120.29363461707071,120.69015408971502,35474900
2022-12-06,113.12657928466797,119.50060593921687,112.74988237378976,118.86617779381996,43689200
2022-12-07,112.93822479248047,114.87124676294755,111.89736215424148,112.7697064797689,29461100
2022-12-08,114.32604217529297,116.31853947098587,113.59247850687862,115.37681234494076,30619400
2022-12-09,114.89108276367188,116.51680582776,112.8787552857445,114.29630732414842,26033400
2022-12-12,113.71143341064453,114.71264334504619,112.15510077026792,114.17734320872192,24747100
2022-12-13,119.10408020019531,122.22666055478824,117.6072228281434,121.06683980846766,44701100
2022-12-14,120.53154754638672,123.05935265645726,118.35070171403657,118.35070171403657,36922000
2022-12-15,115.13890075683594,117.59730780116884,113.01753033834721,117.29992387771452,34531000
2022-12-16,118.3903579711914,122.23657971267696,117.7856674375095,119.183396968375,67064000
2022-12-19,113.48343658447266,116.77453514998675,113.33474084591141,115.81297794533405,29769900
2022-12-20,116.07071685791016,116.30863308058215,111.48102416799355,112.27406311760701,28742500
2022-12-21,118.71746826171875,119.29241350219432,114.61350836378021,115.68410100799696,20392800
2022-12-22,116.10047149658203,117.58741397575608,113.38431778927813,116.1797693476061,23618100
2022-12-23,117.01245880126953,117.15123949159809,114.53422138400184,115.0199538001518,17796600
2022-12-27,115.86253356933594,117.5675618364134,115.03976463271712,116.90339613513855,21392300
2022-12-28,114.613525390625,117.12150041606034,114.50448234056431,115.23803848944327,19612500
2022-12-29,119.213134765625,119.97642856196946,114.76221492156402,115.38673559064442,22366200
2022-12-30,119.29241943359375,119.37172483725053,116.71505431858502,117.13140390629331,19583800
2023-01-03,123.65412139892578,125.26993689605494,121.21553689802785,121.75083704158786,35528500
2023-01-04,126.26123046875,127.92660615490277,124.75445802924148,126.27113797211675,32397100
2023-01-05,125.8349838256836,127.40123166743142,123.45587442453174,125.0320297704694,25447100
2023-01-06,128.88815307617188,129.19545204150296,124.9427964767583,127.84729051950087,27584500
2023-01-09,128.3429718017578,131.79267435307256,128.1546233214168,130.01826286252302,26649100
2023-01-10,131.83229064941406,132.27837024954658,126.04312553468338,126.16207606113016,28684400
2023-01-11,131.73316955566406,132.68481924934517,129.20536471009615,129.8199777912905,25423000
2023-01-12,135.51992797851562,136.48147008401705,130.6130062840878,132.27838952682893,30757700
2023-01-13,135.78756713867188,136.19400166584558,133.66619672063948,133.79506989412366,22423800
2023-01-17,134.18167114257812,135.55957037535876,133.08133325697926,134.99452505190794,21147600
2023-01-18,131.862060546875,136.0552340156963,131.64397444438683,134.62776684521396,20215500
2023-01-19,134.96478271484375,136.25346899669938,130.98969596078695,131.33665519565676,28625200
2023-01-20,138.15675354003906,138.72179884510555,133.43819566551292,134.70705181876295,28688600
2023-01-23,142.02279663085938,142.50852135573203,137.45292743544155,138.07743281398595,27470100
2023-01-24,141.89393615722656,143.73774507844354,140.1294326346161,140.45656173163377,21970200
2023-01-25,140.26821899414062,141.9236795516066,139.088575721669,139.9906576507307,26622000
2023-01-26,146.01773071289062,146.2258941555542,142.05255141383566,143.1429666455006,25482100
2023-01-27,150.41909790039062,151.85647252156616,146.1069589109038,146.94956565053786,35771900
2023-01-30,145.77981567382812,149.80447027435721,145.67077263719494,148.1093645810106,28040100
2023-01-31,147.67323303222656,148.57531520819273,146.23585815487422,146.6621077896495,29842100
2023-02-01,151.78709411621094,152.2430964973396,145.77984849772523,146.74140591200688,55661000
2023-02-02,187.12673950195312,195.4437029742972,178.591689945036,181.78366068183163,150475700
2023-02-03,184.90625,195.05711596317784,181.29793690534038,181.87288980447352,76809700
2023-02-06,184.4403533935547,189.03996179085743,183.90506072542962,184.9062632741274,42483800
2023-02-07,189.95191955566406,192.09312012094964,182.79476933118949,183.96450515195008,47080700
2023-02-08,181.8332061767578,189.16879710609436,181.32765125110058,188.34602056954392,36139100
2023-02-09,176.37115478515625,185.02515345636516,175.72681926747376,184.509691092602,37118800
2023-02-10,172.63400268554688,177.33274600863183,171.84097885758246,174.81486359032888,33433600
2023-02-13,177.86801147460938,179.4243515078164,174.2894519129695,176.6685532858945,31463200
2023-02-14,177.91758728027344,179.9299145233757,174.34893505957058,175.61779119928158,24034600
2023-02-15,175.6177978515625,176.6388303288191,173.80372647545715,174.8842342230846,25308900
2023-02-16,170.93890380859375,174.31922322248573,170.29455301472416,171.24620282331836,25827500
2023-02-17,171.3750457763672,171.67242210850705,168.22272052206372,168.73819804103596,24171300
2023-02-21,170.58204650878906,176.619029467264,170.3837905327102,172.79263013769287,34592600
2023-02-22,169.63035583496094,171.25607864920406,168.21281157738866,169.5808031973344,22433200
2023-02-23,170.54234313964844,172.1779885623624,167.9055105848363,170.50269800483608,20017800
2023-02-24,168.90672302246094,169.23385212671894,166.20049241118272,167.17195709518748,19791300
2023-02-27,168.06414794921875,171.61298587076692,167.58833058362544,170.38378974915403,19277000
2023-02-28,173.41714477539062,176.00442525665616,170.37386195170444,170.4035995907796,46051100
2023-03-01,171.9103546142578,176.3017987557463,171.54358035250698,173.07016779754176,30998400
2023-03-02,173.01068115234375,173.4864984236013,169.93766120564743,170.87940337141325,17352000
2023-03-03,183.6373748779297,184.99544401107892,175.50875995980698,177.36247652852418,45877700
2023-03-06,183.29042053222656,188.00899392583824,183.03268930417306,186.36344076544492,33209400
2023-03-07,182.90380859375,188.7028895567601,182.4081611653204,187.35472794639318,36701500
2023-03-08,183.3598175048828,183.64728636833115,179.76141220423,181.2780921799188,19432400
2023-03-09,180.10836791992188,187.28533312080012,178.7304686513036,184.7278056589579,26582800
2023-03-10,177.94732666015625,183.16154706370955,177.24351581257753,179.43426888152695,25665000
2023-03-13,179.3252410888672,182.18017523686387,173.29818141681156,176.4108467930736,24728000
2023-03-14,192.33103942871094,192.62843092188572,184.93597286944848,185.94709789585886,41642600
2023-03-15,196.02854919433594,196.05828682863768,189.17869840894608,191.27033106859906,42123600
2023-03-16,203.1460418701172,203.96881839258782,194.38299921959626,196.53410718154342,50447100
2023-03-17,193.90719604492188,200.14243431213578,193.72875509737597,198.81410277601756,50141100
2023-03-20,196.08802795410156,197.62453796620042,191.95433032702135,196.7521936752625,25186300
2023-03-21,200.40017700195312,201.77807628307767,196.22681889275694,201.4311170239478,31827000
2023-03-22,198.07061767578125,205.56480417472733,197.93183700453997,200.73720319016448,28477800
2023-03-23,202.501708984375,206.07037646367976,200.39024613195645,201.0742419926531,27389700
2023-03-24,204.21665954589844,205.77299981949574,201.77808253088455,203.39388295313782,27716400
2023-03-27,201.07427978515625,204.0679950040307,199.60716737945347,203.02713219977034,18527200
2023-03-28,198.9330291748047,199.27998839816146,196.177230896691,198.40764415152128,19127300
2023-03-29,203.5624237060547,203.92919799665844,200.7768721952202,201.7879972778657,18851100
2023-03-30,206.03073120117188,206.27855492955837,201.0544416258621,201.60956435729426,22608300
2023-03-31,210.0950469970703,210.3230405925682,204.97005409451702,205.43596391529096,25440300
2023-04-03,211.2152099609375,211.63155200058463,206.387593549827,207.02202167585494,17924600
2023-04-04,212.85084533691406,214.35761784282738,210.68981455693785,211.5324212849849,21026400
2023-04-05,209.6390380859375,213.31674876543607,208.11245061815816,212.2857936142951,19396600
2023-04-06,214.21884155273438,215.0515256680938,206.83368218453202,207.42846519605177,26104400
2023-04-10,212.88058471679688,213.7826667269681,208.8261921119088,212.84093957529885,16106100
2023-04-11,211.9884033203125,214.13951126472867,211.55223117933252,213.60420359135924,16710100
2023-04-12,212.13711547851562,214.9523894555701,210.72947848998837,212.96979959128493,18972200
2023-04-13,218.4318389892578,219.22486281474858,213.81240108857065,213.85204622946125,23310400
2023-04-14,219.56192016601562,220.17651818419773,215.6562157096552,215.98334485267608,21591200
2023-04-17,216.95481872558594,219.05635923123276,215.2398826549583,217.87671579141596,15481900
2023-04-18,215.99325561523438,218.52106075783294,214.32788736305116,217.99567564546845,12281000
2023-04-19,213.82229614257812,215.4381115885571,211.07640517251718,211.61171286211123,15898100
2023-04-20,211.2152099609375,214.8631679041083,210.91781846805821,211.62162937104753,16475400
2023-04-21,211.0367889404297,211.55226656835998,207.75560495729772,208.38012563871405,17717200
2023-04-24,210.9376220703125,212.05779007834377,208.8757421166724,211.81987387171196,15750900
2023-04-25,205.74327087402344,209.42096668543763,205.32692880816302,208.98480961117474,19198200
2023-04-26,207.57711791992188,212.24612292252635,207.0616555323662,210.65013774445944,41992700
2023-04-27,236.48330688476562,239.58606473531918,234.7088956844878,237.80173090551267,71196500
2023-04-28,238.22799682617188,238.3370247438833,233.69777188796778,236.92938780573903,39554000
2023-05-01,241.06309509277344,241.8759642001365,234.4016070438007,236.54279260820323,29143900
2023-05-02,237.15740966796875,242.78795773263934,236.90958593006684,241.06309907149617,24350100
2023-05-03,234.96665954589844,239.6455732934947,230.72391803127564,237.38542183714281,34463900
2023-05-04,231.48721313476562,236.12646648431465,230.90233758777302,234.00509578477568,17889400
2023-05-05,230.7536163330078,232.63707051688766,227.84912965326185,230.21832376395497,27000500
2023-05-08,231.23939514160156,233.56892937905184,228.26551006114116,229.40549329159964,16400500
2023-05-09,231.33847045898438,233.82663017174102,229.06841194563827,229.44510882268386,16865600
2023-05-10,231.05101013183594,234.6890604898904,228.71155363342422,234.1141076501327,19119000
2023-05-11,233.7373809814453,236.13632757224548,230.27777200625135,231.02124306408945,20449000
2023-05-12,231.774658203125,234.89724621443213,229.43520163353872,234.67916012630428,16161400
2023-05-15,236.7807159423828,238.16852284298355,233.28144592604744,234.85760129014986,20653200
2023-05-16,236.74102783203125,237.55388169029442,233.46975201609268,233.7373907173731,18163800
2023-05-17,240.3791046142578,241.71734364737938,236.06696576918233,236.37426476658152,21193100
2023-05-18,244.70114135742188,244.9390424423486,239.09040883985995,239.1994518791044,22943300
2023-05-19,243.5016632080078,246.52511548669978,241.29107995629087,245.315734575223,21733600
2023-05-22,246.15834045410156,251.36263833291363,242.9861848843443,243.27366885675846,27738500
2023-05-23,244.59210205078125,249.41970323490676,244.50287401661294,244.66148482629066,17748100
2023-05-24,247.04058837890625,247.41727012429223,242.81766277139562,243.1447918766224,17724300
2023-05-25,250.49026489257812,253.39475115795756,247.00090324742874,251.19407567233077,22371400
2023-05-26,259.7589416503906,260.02658040081684,250.51015779219784,250.7282287690767,25727200
2023-05-30,260.23468017578125,266.31132167705607,259.0154070259148,262.940925664259,23816500
2023-05-31,262.41558837890625,262.6931497421419,256.2001802172078,257.7366752187053,25473700
2023-06-01,270.2369079589844,271.6148224918179,263.57543478497155,263.58532716339073,25609500
2023-06-02,270.2369079589844,272.95307675520934,268.7598881304285,270.28649085876737,19416900
2023-06-05,269.02752685546875,273.1711321141078,267.2134403187121,267.9469888352594,20742900
2023-06-06,268.7598571777344,274.1624262569552,267.3423127906372,267.7884075776989,19419000
2023-06-07,261.3052978515625,271.8625807149981,260.51224391346034,269.30505361291546,26163600
2023-06-08,262.2767333984375,265.3200153296861,256.62637186766335,258.35121493205895,20899400
2023-06-09,262.6435852050781,265.61746978448156,259.42187691072445,260.1950856912926,16949800
2023-06-12,268.6904296875,269.38434811275147,263.0202225116279,264.84423147196054,15442500
2023-06-13,268.9581604003906,273.3198522484866,266.74756171115075,272.48716809809827,16164000
2023-06-14,270.9704895019531,272.5961975421648,265.98427695032746,269.5232072981204,19175100
2023-06-15,279.37664794921875,281.5178487136144,269.0572939381977,269.9296080997618,25973500
2023-06-16,278.5538635253906,285.3442395585109,277.6914418131458,282.2712193553558,43127700
2023-06-20,281.8548278808594,282.32073763157575,273.8154418388248,276.30360138540755,20701600
2023-06-21,279.1882629394531,281.52770398687585,275.9367871755133,281.06179425259563,20556200
2023-06-22,282.4001159667969,282.7768128958016,275.37183825791345,276.6505869881599,17563100
2023-06-23,286.2165832519531,287.1484028647073,276.5217204794401,279.05943296679476,51092000
2023-06-26,276.04583740234375,287.2673007108386,275.1834158502656,286.18679311382806,24232700
2023-06-27,284.55120849609375,286.83120507390686,278.2069267505543,279.55510363818735,26108300
2023-06-28,282.8065490722656,287.02944505240964,281.5872453744649,282.340639228578,16722100
2023-06-29,279.0792541503906,284.0753889556589,278.2465700581659,282.0234012362909,15395700
2023-06-30,284.4818115234375,286.53376890451335,281.9440990867374,282.2811357109331,19694900
2023-07-03,283.5301513671875,286.88073290993367,282.3703532958794,284.2042548786633,8629300
2023-07-05,291.8074645996094,295.52482034373986,283.8671830495328,285.14596189605084,33865500
2023-07-06,289.4482116699219,295.5248547405756,288.7741383436563,293.31428629533394,47600500
2023-07-07,288.00091552734375,293.6215711054286,286.1471988438877,289.6365461155744,25586000
2023-07-10,291.53985595703125,295.53477346549835,284.5512082858447,292.97721550858023,37058300
2023-07-11,295.6933898925781,297.5669216854234,289.35900041008506,291.3415903824076,27585900
2023-07-12,306.6471252441406,306.7561834015163,297.48757110889034,299.12320145419704,36677100
2023-07-13,310.6816711425781,313.48702179287335,307.5888365628321,310.88983455608445,30281000
2023-07-14,306.18121337890625,312.1389046779914,304.68434858283683,309.07580744281717,23054100
2023-07-17,307.9159851074219,308.9964928062854,302.05742922495097,304.86281044247795,25323100
2023-07-18,309.33355712890625,311.4648653357093,304.9421280436291,308.17375905316084,20731900
2023-07-19,313.2591247558594,315.9058653137581,307.81689494508896,310.3050549337283,21763700
2023-07-20,299.88653564453125,312.7932151799263,299.5891592620239,310.77096502311366,23836900
2023-07-21,291.6983642578125,302.80084583909525,288.6650051439267,301.9186093592084,42139300
2023-07-24,289.07147216796875,294.9300282701008,285.79028868592326,293.2051849386824,24915700
2023-07-25,291.9066467285156,295.70329335700313,289.3193509866379,292.6203803553864,19585600
2023-07-26,295.97088623046875,299.14301133786523,289.35893681509447,298.56807368309666,47256900
2023-07-27,308.99652099609375,322.51779778619095,307.14280439627186,322.28978907131307,64229200
2023-07-28,322.6466064453125,323.3603398318648,311.51435619098106,314.1214660648028,39220300
2023-07-31,315.82659912109375,322.82513953546345,314.82538147123347,320.8722871378495,25799600
2023-08-01,319.9007568359375,321.31833148178566,311.92084528786495,314.7757793342165,22817900
2023-08-02,311.5738830566406,315.6183830009451,307.94574026174797,315.2317634870685,20461100
2023-08-03,310.4636535644531,313.1996371815222,307.23202249512775,307.23202249512775,15180200
2023-08-04,308.0250549316406,315.6381920030264,307.4996698792332,312.21821272193796,17612800
2023-08-07,313.8042907714844,314.30986081830895,307.75738622328373,310.5032922794214,16236500
2023-08-08,309.91839599609375,315.12269327969364,307.41039131092145,311.663054133199,15183500
2023-08-09,302.5530700683594,310.8997853919067,300.21362891825964,310.156314310015,19955800
2023-08-10,303.0785217285156,309.621074738082,301.22480493038836,305.2593828156786,14358900
2023-08-11,299.0141906738281,302.0673654764671,297.745304234176,299.93608761646493,14046300
2023-08-14,303.52459716796875,303.5444121758859,295.6537130002151,298.3599590509755,15641900
2023-08-15,299.3215026855469,304.5555384693023,297.4182031951271,303.4750306746695,11623600
2023-08-16,291.7281494140625,298.45901919205147,291.71822678564473,297.58670519685023,18547700
2023-08-17,282.6081848144531,293.47276558013704,282.46941929607937,290.4988816651136,23950100
2023-08-18,280.7843017578125,283.20306391773346,271.991520167081,276.60103575190874,35347900
2023-08-21,287.3763732910156,287.97115625621416,279.396461784683,280.9825396079064,20181500
2023-08-22,285.0964050292969,290.35025563572106,284.2537983560618,290.0032963876927,12980200
2023-08-23,291.6786193847656,294.81111508897186,285.1658344882448,285.98859599429807,18287000
2023-08-24,284.2538146972656,296.8531644997961,284.144786778373,295.90152985922856,18360900
2023-08-25,283.0146789550781,285.8795355852113,273.6271155393811,283.6391995492964,23701400
2023-08-28,287.73321533203125,288.9128584699036,283.3120190960079,285.49287958247294,14239300
2023-08-29,295.3959045410156,296.5458100488153,285.67130573792576,286.0678175763602,20844500
2023-08-30,292.5311279296875,295.69336104721475,290.87565215344677,294.5831156113279,17717000
2023-08-31,293.314208984375,298.47884600085996,293.0862003082704,293.2249658379628,17229900
2023-09-01,293.79998779296875,299.1133139449209,291.90661090057637,296.76394986830445,12842300
2023-09-05,297.5371398925781,298.7663660643128,292.9375475703508,294.43438220602286,14956000
2023-09-06,296.5657043457031,300.65972681313633,293.08624961534355,299.0835715746785,15418100
2023-09-07,296.07000732421875,304.37703166595776,289.676144279648,295.4058265509968,33748700
2023-09-08,295.29681396484375,302.59272896122013,294.196461037625,296.61522269992525,17548000
2023-09-11,304.88262939453125,306.3497566042671,298.6572991967648,298.78617236239313,19489300
2023-09-12,299.0340270996094,305.97309149092956,297.61648263441475,303.6633574024578,13480400
2023-09-13,302.4044494628906,304.5059900169056,298.69701585352163,299.72794086935227,13210900
2023-09-14,309.0065002441406,310.14648352356824,302.3747338096857,304.0698399078246,19343100
2023-09-15,297.6957702636719,309.2840101140606,296.14935263325515,308.89739058049656,28131100
2023-09-18,299.916259765625,300.9571375613304,295.2076089926441,295.59422852439974,14234200
2023-09-19,302.4142761230469,303.50470632444024,297.20005641123794,299.84682652498753,15924400
2023-09-20,297.0614013671875,305.3783511175254,296.8234699835404,302.39454333216247,19379500
2023-09-21,293.15570068359375,297.6462661213436,290.7170930404742,293.12596304169836,21319600
2023-09-22,296.4764709472656,302.7216470856656,295.6735244833445,296.6945570394368,25369600
2023-09-25,298.21124267578125,298.3302234798701,291.1433351844772,293.06644978298425,18987000
2023-09-26,296.3575134277344,297.6858449572033,293.4332116377571,295.0688421646148,19417200
2023-09-27,295.1480712890625,298.6770779649397,284.2934125858477,297.8345016800585,36429800
2023-09-28,301.31396484375,303.66332872549503,294.11718502598364,296.33767574089586,22167100
2023-09-29,297.59661865234375,307.93584693640213,296.75401197888146,304.704216042569,25373700
2023-10-02,304.14910888671875,304.50596053027635,299.0042859286593,300.1046087482149,16265600
2023-10-03,298.32025146484375,304.0994866817158,297.03158036045915,301.61135737230416,17362300
2023-10-04,302.91986083984375,304.2283772759008,295.9015067543039,296.1295154558936,16880500
2023-10-05,302.1368103027344,303.54443225598413,296.8928513033326,301.978199473143,19130000
2023-10-06,312.68414306640625,313.5564874187688,298.2905520081828,298.81593709513936,21803900
2023-10-09,315.5886535644531,317.541505874317,309.1056062125338,309.7796795347402,22503700
2023-10-10,319.03839111328125,321.8338503783934,315.3904326371778,316.34206740226483,19038000
2023-10-11,324.9662780761719,325.97738791097737,320.13867709965075,320.19815236923245,22036300
2023-10-12,321.3381652832031,327.662631720703,319.8809605389769,325.1447341503426,20530500
2023-10-13,311.9505920410156,322.22039260310345,309.65078063069194,320.71363525767725,21341000
2023-10-16,318.3543701171875,319.01855105073963,312.77337465622486,315.86624034074185,16536100
2023-10-17,321.1795349121094,321.57604680606164,314.5378472437151,315.4101915615611,16387800
2023-10-18,314.21075439453125,323.1026711047013,312.81302491646005,318.5922912851323,16851000
2023-10-19,310.0869140625,319.08788750004817,309.03614402821887,317.09537533508325,18709200
2023-10-20,305.963134765625,312.55523915239206,303.80211935646275,311.40536380308697,22312300
2023-10-23,311.2765197753906,314.59733347334077,304.5852792316508,306.80577011666287,17796800
2023-10-24,309.8291931152344,315.5787213935738,307.9259239452391,314.0223812193745,19525500
2023-10-25,296.922607421875,308.1738123771197,296.2386114119102,307.3014678860385,42192500
2023-10-26,285.8398742675781,292.43197892863674,276.9677733145693,292.43197892863674,66684100
2023-10-27,294.14691162109375,296.704438848398,290.41963355930477,291.91649836108155,29596300
2023-10-30,300.02532958984375,306.7066477918955,296.4467391323724,296.4863994004334,28435100
2023-10-31,298.6473693847656,301.03639345003336,294.2757557468523,300.66961921940054,19434200
2023-11-01,309.1352844238281,310.0175210505434,299.2223365843718,299.2223365843718,20434600
2023-11-02,308.16387939453125,316.04468693927066,305.64598156201987,314.5378991409536,21631800
2023-11-03,311.86138916015625,312.8031011868626,308.31253639094047,309.82921641467783,16764300
2023-11-06,313.0508728027344,315.5588473330183,311.7126490795683,313.22932885081644,12887700
2023-11-07,316.044677734375,318.2056935641624,312.37687415015614,314.2999888616323,14055600
2023-11-08,316.99627685546875,318.53277182519207,312.13893797333276,315.37056897639883,13609700
2023-11-09,317.7596130371094,321.3580188733632,316.0248467167497,316.63947505329315,16103100
2023-11-10,325.9080505371094,326.2351948324801,316.6790963861259,317.1549288830637,19096200
2023-11-13,326.32440185546875,329.4370524090673,322.86479200320247,323.36043950075,16908900
2023-11-14,333.38238525390625,335.1568115946723,330.4283155624995,331.62780417236013,17179400
2023-11-15,329.8137512207031,335.4542221949826,327.14716524859887,334.98831233456497,14531200
2023-11-16,331.28082275390625,331.66741200788823,323.53881252614497,326.50277439703774,18932600
2023-11-17,332.1234436035156,332.5794307757708,326.4829733409951,327.38505530805384,14494400
2023-11-20,337.010498046875,338.8939521370626,331.2808152503726,331.97473371871814,16960500
2023-11-21,334.0465087890625,336.9410724577099,332.97589354028605,335.3847324721616,12027900
2023-11-22,338.51727294921875,339.9348475941971,335.6326012688178,336.25712187256374,10702700
2023-11-24,335.28570556640625,338.8840808634013,333.83839314189083,337.1691599420157,5467500
2023-11-27,331.78643798828125,336.94115367224947,331.290790504135,333.25353518012435,15684500
2023-11-28,336.0390930175781,336.4257126007519,330.4977574222185,330.4977574222185,12637200
2023-11-29,329.30816650390625,336.9411188190531,327.90051448369286,336.7329553677821,16024500
2023-11-30,324.3020935058594,330.59682164758357,319.593443122573,329.00085151227404,23146400
2023-12-01,321.992431640625,324.01465154921027,317.96777657976315,322.64668993525703,15276400
2023-12-04,317.23419189453125,318.0668760036283,310.92957067483053,314.52797610294596,19037100
2023-12-05,315.5192565917969,319.078001589407,312.644507483201,316.2032524808111,16952100
2023-12-06,314.6865234375,319.4447260301232,314.2800889688766,319.1275044567712,11294300
2023-12-07,323.7469482421875,325.38257852662645,315.0037213010435,315.0037213010435,15905100
2023-12-08,329.8533935546875,330.26975074319756,320.18826782318274,320.27748073816616,14087400
2023-12-11,322.4483947753906,327.0182798666103,317.2143590609615,326.5325248079935,25802500
2023-12-12,331.31060791015625,331.5584316540226,321.73469481692894,321.7743550864856,18485500
2023-12-13,331.8260498046875,335.4244551825213,329.74435468699323,331.02310334456655,16353300
2023-12-14,330.2696838378906,331.78636358920426,325.77911984855695,330.9437570047156,19607300
2023-12-15,332.0045166015625,335.7119500187242,328.3367132008549,329.0999994185291,31776900
2023-12-18,341.6200256347656,344.5344349076749,334.0861787405234,334.5421961519274,18993900
2023-12-19,347.3100280761719,350.52184376682237,342.1156530575935,342.5716401904211,17729400
2023-12-20,346.2394714355469,351.87001904403724,344.7624517579326,345.61495082632456,16369900
2023-12-21,351.0075378417969,353.30734881378453,346.17001484965505,349.9072152421134,15289600
2023-12-22,350.31378173828125,354.0906135610264,348.1626581106124,352.48469012486964,11772800
2023-12-26,351.7411804199219,353.8724888040851,350.3732187747808,351.8997912451386,9898600
2023-12-27,354.71502685546875,355.87485515386163,352.21697469605425,352.9703684711443,13207900
2023-12-28,355.2008361816406,358.7496590159659,354.6952660445902,356.56882813936073,11798800
2023-12-29,350.87872314453125,356.8661526201397,348.7573678571759,355.8649351224526,14987100
2024-01-02,343.2754821777344,350.0856725621482,337.05015209068665,348.2616937741124,19042200
2024-01-03,341.47137451171875,344.921091847354,340.19259554865863,341.97694461960975,15451100
2024-01-04,344.0982666015625,345.11929909621364,340.41064851615806,341.5010789113967,12099900
2024-01-05,348.8862609863281,350.4227560194501,343.2457904424102,343.96941637649724,13920700
2024-01-08,355.537841796875,355.85506343366256,348.9853666048785,351.61232236037006,13890200
2024-01-09,354.3185119628906,357.50059022164334,352.2665243572093,353.2974794746207,13463900
2024-01-10,367.2449951171875,369.69349454560995,355.9541325367698,357.0346705179699,22117200
2024-01-11,366.4519958496094,369.5349084412359,359.7706477096314,368.8905728121484,17205400
2024-01-12,371.2300109863281,373.7776460956339,366.32311946752475,366.9377174545656,19310000
2024-01-16,364.2611999511719,372.3402469912931,364.0332214951215,370.39731754067816,15306900
2024-01-17,365.1632385253906,365.3317719420293,355.4881921825926,363.1112511531766,12724800
2024-01-18,372.8557434082031,373.5694769229854,367.7208432542545,368.25612070140227,16354300
2024-01-19,380.112060546875,381.0141123293726,374.6797533320612,375.7007859201314,21670800
2024-01-22,378.45660400390625,386.95200941692633,377.84200594402876,384.5729074665943,17680500
2024-01-23,381.8467712402344,384.9990814617669,378.75390603497135,381.2718033118794,15506100
2024-01-24,387.2989196777344,392.70145859414,384.4340629686961,386.60500116462015,15698500
2024-01-25,389.75726318359375,392.0471516396951,382.3027375420606,386.7734865525037,15091100
2024-01-26,390.7089538574219,393.33587907319196,388.18113392185984,390.91711729854256,13163700
2024-01-29,397.5290832519531,399.42246020474215,389.6780443214767,391.5515760143711,18742400
2024-01-30,396.577392578125,402.8225376750017,396.0916678100326,400.0766619883151,18614700
2024-01-31,386.7437744140625,394.5353371545359,383.7302296999333,385.61368380179516,20180800
2024-02-01,391.3433837890625,397.01359160077834,389.6284327898342,390.51069973653455,29727100
2024-02-02,470.8551330566406,481.72963881592403,449.0664915252919,455.59912098341835,84707600
2024-02-05,455.4107360839844,467.7919981396143,455.22238765663445,465.78959358537116,40832400
2024-02-06,450.7615966796875,463.05364680414374,449.05656832277816,459.96081170368444,21655200
2024-02-07,465.502197265625,467.4153892805509,452.2089282038192,454.0130922939199,23066000
2024-02-08,465.9085693359375,466.4934296544483,460.98183282884037,464.2432012847288,18815100
2024-02-09,464.0350341796875,469.4673410411531,463.4006211841716,468.8329280456372,18413100
2024-02-12,464.81817626953125,474.9789490756288,462.5183648227148,464.1143653554513,19382000
2024-02-13,456.1146240234375,463.8170050865518,451.1284116736069,452.89291546087304,20916600
2024-02-14,469.1600646972656,469.98282618084056,462.0326517085822,463.8566307551382,16858400
2024-02-15,479.8164367675781,484.366476420445,468.10924721096126,471.1426069795392,24212300
2024-02-16,469.1997375488281,474.79062539009806,465.1254995337819,473.94801862403494,23324600
2024-02-20,467.6434020996094,472.034831556268,462.49857878513245,465.63107452057716,18015500
2024-02-21,464.4480285644531,465.41060608263723,458.25579479701133,462.9297393124739,12921800
2024-02-22,482.40948486328125,486.23992842019754,472.41654676636847,476.5645485214587,21625800
2024-02-23,480.3255310058594,490.57645821723105,478.658395960272,484.31475349723246,18374300
2024-02-26,478.05303955078125,482.419388801166,476.92178017882867,479.7698100644105,12101400
2024-02-27,483.32244873046875,483.5407662161046,476.2470421891275,476.3065805684811,10809600
2024-02-28,480.31561279296875,487.29180850441577,479.0553434545367,481.2881234084936,12715500
2024-02-29,486.3788757324219,487.93686726454155,478.91640943030325,484.70180744595217,17732000
2024-03-01,498.4556884765625,500.3907764734073,488.0856846060254,488.34367413066025,16273600
2024-03-04,494.3771667480469,500.5594971142455,492.62072412682585,499.1503515840117,12324100
2024-03-05,486.4681701660156,491.7871336101802,484.15601582408954,491.2115858850194,15325300
2024-03-06,492.29327392578125,499.12062411100493,490.5070619679342,493.8214963331061,11757900
2024-03-07,508.27001953125,515.8713680175964,497.542754953555,499.4282074814689,18586400
2024-03-08,502.07781982421875,519.5629636532714,495.52832561465306,510.2547468573878,18597100
2024-03-11,479.8889465332031,493.51387789657764,472.3570385649575,493.2062528362001,20428300
2024-03-12,495.92523193359375,498.46563690206807,481.0201963453091,489.48491194914317,15448200
2024-03-13,491.7772521972656,497.14585137802413,487.27198978393096,491.59863706276775,12090700
2024-03-14,488.06585693359375,497.5130167599525,484.4239615573876,496.4313625069967,12620000
2024-03-15,480.39501953125,488.0658397573239,477.61643073962875,485.2674452189563,29153600
2024-03-18,493.17645263671875,493.6130875886428,483.0842738072249,488.1452478161507,11755300
2024-03-19,492.44207763671875,492.82910735533255,477.59658066238825,484.4338634191074,10903100
2024-03-20,501.65106201171875,504.3105740199144,491.3802985259637,495.6771461475813,11711100
2024-03-21,503.8739929199219,511.0982457279674,502.1373861162138,510.7708149111131,9712500
2024-03-22,505.6799621582031,506.06699186474566,500.48007571593536,503.11972128020517,8120600
2024-03-25,499.17022705078125,503.3380953120619,496.41150443106284,501.9190467966136,8380600
2024-03-26,492.09478759765625,506.09678408775653,491.4199688696871,501.26406081847875,11205400
2024-03-27,490.0802917480469,496.0641709946274,484.3346265696149,495.47865983348026,9989700
2024-03-28,481.8636169433594,489.11769797253595,481.4369152016469,489.0680624753985,15212800
2024-04-01,487.5895080566406,493.6229620607857,478.0927438247273,483.4712757226848,9247000
2024-04-02,493.5634460449219,493.7222251422253,480.94079550745505,481.3873636113719,11081000
2024-04-03,502.8617248535156,503.3578981717305,494.9328849193272,495.11150004572073,12099200
2024-04-04,507.009765625,525.9437264523161,506.672341112813,512.4676419362434,26476300
2024-04-05,523.3040771484375,526.6383471527769,510.4729824465434,512.9042437043852,19263300
2024-04-08,515.2759399414062,527.4222518776436,514.9187097239936,525.2292047918388,13260600
2024-04-09,512.9440307617188,521.8453515412855,502.8617544246005,518.2331950359386,10863800
2024-04-10,515.8515625,518.5606494016819,501.928910292975,505.3922206037786,11418500
2024-04-11,519.1560668945312,519.8507216900733,513.3309966786047,517.1217682967572,10369500
2024-04-12,507.98223876953125,516.2088008915841,505.43190063751956,513.787472668167,11984500
2024-04-15,496.4015808105469,514.5615428654139,493.4741460488993,512.7653372648631,13512900
2024-04-16,495.9352111816406,500.9068477028601,493.30546812148475,494.2978148508964,9847900
2024-04-17,490.38800048828125,499.30918796557245,483.41180413654007,499.24964958405695,12193700
2024-04-18,497.9595031738281,508.28986501966875,495.2206471982187,495.99467632150186,14808700
2024-04-19,477.3882751464844,498.95195140359095,472.08914694846294,498.95195140359095,25215400
2024-04-22,478.04315185546875,488.2444739766785,469.7768874878293,485.9719917197624,17271100
2024-04-23,492.30316162109375,494.9428072503399,485.2277254126733,487.4902744828821,15079200
2024-04-24,489.7230224609375,506.09674053713906,480.87127790932203,504.1715858072767,37772700
2024-04-25,438.0019836425781,442.35836983181287,411.32769996695043,418.17488602057387,82890700
2024-04-26,439.89739990234375,443.0232861124123,428.654094250066,438.08138838825266,32691400
2024-04-29,429.3089904785156,436.3943598912081,425.28006561859786,436.195878453334,21502600
2024-04-30,426.8777770996094,436.2554348890997,426.43120898791216,427.7510167239678,18429500
2024-05-01,435.8287048339844,446.5162667930731,423.8411409701157,425.3197579943867,20344900
2024-05-02,438.2996520996094,440.562201203768,428.9715998380439,435.48139130558843,15221300
2024-05-03,448.5010070800781,450.69411509659585,440.4530898609674,442.5171576767287,16489100
2024-05-06,462.1159973144531,462.59233462582085,449.87044284737243,452.0932897323867,15094600
2024-05-07,464.6563720703125,467.9212009325345,457.7794172557727,462.7213143300044,13406800
2024-05-08,468.9830322265625,471.9402058578811,459.4564983423583,459.9526716667021,11683900
2024-05-09,471.7814025878906,472.43632465049456,464.0510146073822,466.40287104786233,9437700
2024-05-10,472.5555114746094,473.8455500732435,466.00601718642696,473.4386842914545,10750000
2024-05-13,464.42816162109375,469.7272890553807,459.30764931420595,469.13187501336745,14668800
2024-05-14,468.23870849609375,468.92343001319455,456.5587706493255,459.8235991585729,10478600
2024-05-15,477.8546447753906,478.8072891405804,467.59378339452235,471.3448527592267,13100500
2024-05-16,469.60821533203125,474.0340729044409,469.1318780385458,471.36465799748123,16608200
2024-05-17,468.29833984375,469.1815126685142,464.83505951456476,467.2265884372279,10807300
2024-05-20,465.2518005371094,469.5784476860999,463.4655886777014,466.3533210681569,11745100
2024-05-21,461.07403564453125,467.0975871671568,458.73208176825443,463.5449691486391,11742200
2024-05-22,464.1998596191406,470.09440044310406,462.08615666012173,464.2891671729567,10078600
2024-05-23,462.21527099609375,470.72959284124823,458.0077304397397,469.26093902351244,11747900
2024-05-24,474.55999755859375,476.1775273800848,462.7312126296393,464.04111742441904,12024300
2024-05-28,476.24700927734375,477.17978725076165,471.2058714243165,472.93254487428226,10175800
2024-05-29,470.7295227050781,476.17752617925936,470.07460059335506,471.0272448580583,9226200
2024-05-30,463.4754638671875,468.11966893547435,461.15337647505135,468.06013056265147,10719600
2024-05-31,463.2571716308594,465.52965393072293,450.9818484598858,462.2350557963907,16919800
2024-06-03,473.83563232421875,475.9294996806374,464.6564250347683,467.25636863239123,11279400
2024-06-04,473.33941650390625,475.22489935660434,469.60821371186694,473.3493496612414,7088700
2024-06-05,491.2711181640625,492.8489456650612,480.2064593427849,480.74233500026116,15690500
2024-06-06,489.9810791015625,498.97173709860135,487.133049134123,489.20704994565904,10667300
2024-06-07,489.18719482421875,495.0916694898727,486.4185694824564,492.1146295476639,9380700
2024-06-10,498.7534484863281,498.81298686453346,489.63378005499686,490.0803178915368,11220900
2024-06-11,503.58612060546875,503.71513050642415,494.45651994785885,496.33206952203005,9673700
2024-06-12,504.9456787109375,510.07612434807345,500.60912858458613,510.0562580327931,11983200
2024-06-13,500.24200439453125,505.4617277237476,497.5229536973603,501.8396681310123,9954600
2024-06-14,500.7981872558594,503.7682397757163,497.41092202237064,499.2982464674773,10243300
2024-06-17,503.2517395019531,507.3442620321648,492.70255969673593,498.3248218231231,11266600
2024-06-18,496.15936279296875,502.62596344611273,491.7191677926502,501.195563022246,13060400
2024-06-20,498.3546447753906,500.31150990328194,493.45749528868265,498.652632230771,11801200
2024-06-21,491.48077392578125,500.09297514636967,489.1067263628177,500.09297514636967,22359200
2024-06-24,495.58319091796875,504.41389519417567,490.99400267681284,495.87126563892224,13525300
2024-06-25,507.1953125,507.3045644664891,492.19599361461826,493.7356460502404,12063200
2024-06-26,509.698486328125,510.383887800089,501.3147622286422,503.27162738652333,8882300
2024-06-27,516.095458984375,519.3933277808096,510.47322776643625,510.8208696393797,10121200
2024-06-28,500.85784912109375,518.4000954188623,500.48037812073636,513.7016545830614,15855100
2024-07-01,501.314697265625,503.2020216669204,489.8814685939762,501.58291625890564,10328200
2024-07-02,506.1026306152344,507.0959625693369,496.11965660213826,497.4209190368857,7739500
2024-07-03,506.5595703125,507.87077580738145,502.6458398685603,502.9935121259422,6005600
2024-07-05,536.3098754882812,537.2634960736218,508.1886781515911,508.1886781515911,21354100
2024-07-08,525.7904663085938,539.190504390823,523.1382870220716,538.733549875278,14917500
2024-07-09,526.4658813476562,533.8959841966067,524.667953121388,530.1908757911539,8753200
2024-07-10,531.1246337890625,535.2866968575805,524.8368259127777,527.2506151441854,10983300
2024-07-11,509.2812805175781,531.8895244068907,504.98013638714235,527.3499903194348,16458300
2024-07-12,495.54345703125,504.7019779354112,490.93441299316135,494.44087322434433,19750500
2024-07-15,492.8515930175781,503.3014344107721,490.0801883381436,495.3051241917836,12539200
2024-07-16,486.5240478515625,500.58963142634576,482.55072018571695,498.1559561053816,14075800
2024-07-17,458.90936279296875,475.97482668415233,456.05850528893654,475.97482668415233,28076600
2024-07-18,472.677001953125,476.04438141112735,461.4424203212603,471.83266375516723,19267200
2024-07-19,473.6107482910156,483.46458424586564,472.5379328105717,472.88560505542085,15149400
2024-07-22,484.1500244140625,488.77895530251675,480.6733623158493,483.33548487567145,12023100
2024-07-23,485.4313659667969,491.9178220255653,484.4678328165319,486.5736915826986,9455500
2024-07-24,458.1941833496094,473.1239602274661,457.5087819303117,469.16057574428834,17649700
2024-07-25,450.3866271972656,460.45899705158166,439.69836609184694,460.1709526223855,18240500
2024-07-26,462.5946960449219,466.63753399730916,456.3565726815499,461.1046981366571,14222400
2024-07-29,462.6045837402344,470.7995717926328,461.91918231436165,466.7467910394615,11339600
2024-07-30,460.1014404296875,469.57783596951856,453.6547256053789,463.88603283345884,11390400
2024-07-31,471.663818359375,473.32269613102295,463.6377091692654,467.8792258794459,24285800
2024-08-01,494.4210205078125,523.6547716585801,488.8186442383986,517.5259306837595,43083100
2024-08-02,484.8849792480469,497.8082048153056,472.97491084752545,485.73923000978033,24044700
2024-08-05,472.5578308105469,480.256153607523,447.7940416649235,448.340392438967,21396200
2024-08-06,490.79541015625,499.20893351019396,475.4583614663161,475.8060337333228,20955000
2024-08-07,485.659912109375,506.7483318209171,483.61362022739144,499.7751518451447,20105300
2024-08-08,506.23175048828125,506.55953668319745,491.4211679453795,494.18262946631637,16156800
2024-08-09,514.3174438476562,514.8836502692486,502.32792131826227,504.32449769396317,13696600
2024-08-12,512.5095825195312,514.5657867339853,505.70525325253175,513.4134878308477,9767400
2024-08-13,525.0155639648438,527.9558478978068,514.6948927145733,516.5424752985086,13743800
2024-08-14,523.24755859375,530.4392723612109,519.6417586898049,524.5388780300436,11444200
2024-08-15,533.7470092773438,536.1707413680679,523.1878870724586,528.2439121362164,13482100
2024-08-16,523.903076171875,530.1014573197285,521.1614705192093,528.3532441619528,14776700
2024-08-19,525.750732421875,528.1148065447744,519.2741890909025,523.3567686125551,9879700
2024-08-20,523.2177124023438,527.5486857302659,522.3734045061494,524.8269052919596,7944400
2024-08-21,531.5913696289062,535.8031469941357,523.4162690815034,523.6348335836792,13423300
2024-08-22,528.3829956054688,540.6009650477762,525.0653012290355,533.4191952832433,15708300
2024-08-23,524.479248046875,536.2700929585844,521.55884980876,533.3397517008707,11323900
2024-08-26,517.6451416015625,524.479270276633,511.5163004380435,524.081913244852,9584000
2024-08-27,515.6386108398438,520.5159048538387,511.87390443058763,515.5194158515097,6282700
2024-08-28,513.3340454101562,517.6153031156273,509.0329016673362,514.2180646497437,9106100
2024-08-29,514.764404296875,523.684565573268,512.2413632137636,515.5888867116108,8317400
2024-08-30,517.8338623046875,520.0489730917525,511.7646188064961,517.8735737554629,9157500
2024-09-03,508.3475341796875,521.9859615332059,505.22845751609213,516.1749942685213,12459100
2024-09-04,509.3210144042969,513.1453787891634,500.70884337263965,502.6955072728807,8335200
2024-09-05,513.4135131835938,518.1517257651456,507.74159650154314,508.307802962019,8640900
2024-09-06,496.93414306640625,521.0820696565472,494.9276235238455,518.4000613773472,14744500
2024-09-09,501.42401123046875,507.92037993887993,498.7320599932226,502.7848710640587,11047800
2024-09-10,501.42401123046875,510.7513818768451,496.6957417525211,504.7715348360927,9899000
2024-09-11,508.4170837402344,509.6984904565573,492.29532543071457,503.6292467318183,10782500
2024-09-12,522.0952758789062,523.1979204782829,511.7844848502824,513.6022993894097,11970500
2024-09-13,521.121826171875,524.0621107021185,513.6618931917054,516.8703967615143,10321400
2024-09-16,530.2294311523438,531.0446869851908,514.4402669362904,521.5393768501115,9527600
2024-09-17,533.251953125,538.9988566946421,527.5348463816464,534.5245992433219,11690800
2024-09-18,534.8726196289062,541.0868659284195,530.8458001640214,533.9976488950548,10323500
2024-09-19,555.9017333984375,558.8547755441265,543.393738974814,546.8538127706381,15647000
2024-09-20,558.1387939453125,561.2707987619654,553.1176944195414,556.7965408444652,22066800
2024-09-23,561.1813354492188,570.696598725916,559.1927762027452,566.2422454333392,12830700
2024-09-24,560.1075439453125,564.5022427843289,551.0198138385321,563.4383563302257,12993000
2024-09-25,565.0590209960938,573.580004208347,560.4952510598988,560.8233803106601,16543400
2024-09-26,564.5917358398438,574.0970460697704,559.1330900425771,572.436555499505,14400800
2024-09-27,564.1144409179688,567.5745750797583,561.2807684246667,566.8387572234752,9398400
2024-09-30,569.1654052734375,571.392581823153,561.5690947166503,564.4525297734127,12792300
2024-10-01,573.1723022460938,579.7047261626475,566.8387463764593,574.6736740742251,15259300
2024-10-02,569.5332641601562,572.705018338464,566.0831432657689,571.5715250916941,6524700
2024-10-03,579.4363403320312,580.0229313102662,565.4766159470373,566.8885366691163,11581000
2024-10-04,592.5309448242188,593.4357124935896,578.1039391514795,580.3907699305325,14169500
2024-10-07,581.4348754882812,599.5009195077625,580.6990575803541,594.7979355563699,12014200
2024-10-08,589.4984130859375,590.1645633879729,582.6179549512773,586.3167064096679,7857400
2024-10-09,587.132080078125,590.9898899372046,578.2829670054293,590.5921538066963,9529700
2024-10-10,580.4902954101562,586.8536486528583,579.1877915177303,584.2088915296315,7740400
2024-10-11,586.5752563476562,587.82805834101,579.376681824714,581.4845497009563,8587100
2024-10-14,587.04248046875,596.6670986656153,586.585150741633,590.8207303998246,8252000
2024-10-15,582.9163208007812,587.2314602827565,576.821381994876,586.7840223253323,9564200
2024-10-16,573.490478515625,578.7502561624128,570.7463179400054,578.074153352245,11268400
2024-10-17,573.629638671875,581.6236236428501,571.9095546343025,579.9930514580655,8701200
2024-10-18,573.1723022460938,580.6293988605148,571.9593103260983,577.7758214109436,7694300
2024-10-21,571.8698120117188,573.937930513858,565.8544327374575,572.7348910706112,8171900
2024-10-22,578.6806030273438,580.1919272386083,568.8471645216868,571.0047339757137,8544500
2024-10-23,560.4654541015625,581.6535493433651,559.2822589840049,576.6522939692993,14248400
2024-10-24,564.5321044921875,565.6257877856776,558.3079044414983,563.885798473118,7184700
2024-10-25,569.9707641601562,577.9647500652169,568.4494872870167,570.6468669862153,11337900
2024-10-28,574.8527221679688,580.4107723688168,570.8358540442795,578.67078290133,10925100
2024-10-29,589.8862915039062,590.2740144668209,572.108565553997,576.8313941446783,13019100
2024-10-30,588.4146118164062,597.7608636426235,586.0084723536592,597.5420905900066,26864900
2024-10-31,564.333251953125,586.52558067794,559.7893867410456,581.6535861943853,26838400
2024-11-01,563.91552734375,570.3882965161611,559.3418659763402,564.3629652502584,15303200
2024-11-04,557.47265625,565.4368452329544,554.6986381254013,560.87307535209,12064600
2024-11-05,569.1553955078125,570.1993768247104,563.4283359927113,564.0547369200507,9775400
2024-11-06,568.7775268554688,569.722104436324,551.994085485955,559.53074043899,18305400
2024-11-07,588.315185546875,591.39742768716,571.9195264894807,573.5899087480227,14653700
2024-11-08,585.9686889648438,589.7071287920577,581.1762546419226,588.156055247851,9415700
2024-11-11,579.8340454101562,583.6421534545929,573.2121696554306,583.0057999151439,10209100
2024-11-12,581.4745483398438,596.2296222338206,577.059944903041,585.1732389751623,16287700
2024-11-13,576.68212890625,582.2898800347385,571.8797417717248,579.2771839216865,10757600
2024-11-14,573.8583984375,577.4378414789874,569.7321744285508,573.6993404002395,11053700
2024-11-15,550.9104614257812,569.2946816423462,548.3452030486293,567.9523677618081,17712900
2024-11-18,551.2285766601562,556.6971138862053,546.9432344613651,553.8534284072965,14327300
2024-11-19,557.88037109375,558.2183921757821,547.4503270456743,548.7031290595829,9522400
2024-11-20,562.2850341796875,563.110242576314,551.0297815177419,559.709823243458,9797300
2024-11-21,559.8688354492188,566.739279664007,545.9091133005595,566.2620449532839,11154700
2024-11-22,555.9414672851562,560.6046406773982,551.4175075908335,560.32621328156,9164000
2024-11-25,561.8772583007812,569.3145100236936,553.2071704273792,558.8844673779386,13599800
2024-11-26,570.2591552734375,574.196524718473,561.9668965889452,562.7623082089277,10356600
2024-11-27,565.9439697265625,571.6908743519631,560.8731072719025,571.601423170664,7200200
2024-11-29,571.0346069335938,575.1509386081322,563.6570700717043,565.7450327371056,7130500
2024-12-02,589.4387817382812,591.0992116485587,572.2775064388576,574.196458750282,12522400
2024-12-03,610.1396484375,610.6864900333547,587.8677630350062,591.5963112149323,14907200
2024-12-04,610.2689208984375,614.2460390304662,601.6385211482492,609.4536043990507,14697000
2024-12-05,605.4466552734375,616.353933785045,603.5774048146206,613.5500580968196,8081200
2024-12-06,620.2017211914062,626.1872423031517,605.0489118572826,606.6098772133706,16935500
2024-12-09,610.0601806640625,622.8168057440383,602.7024868767651,620.3509509110658,11426000
2024-12-10,615.7772216796875,622.0113739130567,609.234845211511,614.0272799520044,10938900
2024-12-11,629.0607299804688,634.7480401253283,617.9745502630952,619.8039905100828,10837200
2024-12-12,627.1815795898438,633.0179957315453,623.6221024715439,627.8875399219128,7474700
2024-12-13,616.80126953125,627.469929936179,613.3611012669363,623.6319649076017,8453300
2024-12-16,621.1697387695312,628.0457867533739,615.5376035416824,626.8814975325155,10885600
2024-12-17,616.3933715820312,629.2597698587709,613.5076105410767,623.0902515630854,12897800
2024-12-18,594.2528686523438,624.2744678389638,593.3871523945554,617.9457625285903,17075500
2024-12-19,592.6406860351562,608.5122478337648,592.0734823017316,607.3878008993366,14958100
2024-12-20,582.3714599609375,600.143601343373,577.1472819775203,587.6752614717944,48989400
2024-12-23,596.8995361328125,598.133488050275,583.3664537804558,586.6999520795082,10205800
2024-12-24,604.7608642578125,604.99967413285,596.3325519539701,599.7555744761255,4726100
2024-12-26,600.3825073242188,603.318010427164,595.9942238388753,602.5020361613814,6081400
2024-12-27,596.8599243164062,598.8898690255031,586.8991472446073,596.4618673609139,8084200
2024-12-30,588.3319702148438,594.0039468527602,582.6998357068834,585.8542270232425,7025900
2024-12-31,582.6301879882812,591.048538740922,580.9783186606066,589.3569487521584,6019500
2025-01-02,596.292724609375,601.9348206194616,584.9289090505599,586.8195277648132,12682300
2025-01-03,601.6561889648438,606.5022314682295,593.4765866809927,601.7855544308446,11436800
2025-01-06,627.1004028320312,627.8864953892827,602.641281410124,608.8207596792694,14560800
2025-01-07,614.8509521484375,628.9910220723464,605.2384303850833,628.5930258941997,12071500
2025-01-08,607.7161865234375,613.4080846789525,599.8251969713253,610.3830585744919,10085800
2025-01-10,612.8309326171875,626.811816790901,594.4020628949343,607.0296506844576,19256600
2025-01-13,605.337890625,605.9746965682851,595.5064814439484,604.1138991919983,10785000
2025-01-14,591.3272705078125,602.5119785361296,585.6552929558646,602.0940612489228,13598000
2025-01-15,614.084716796875,619.3984789584875,603.5169556717734,607.2087300599234,15524300
2025-01-16,608.2933349609375,613.2190007447427,606.7111893194766,608.4923634164871,8355300
2025-01-17,609.7561645507812,621.8961113451103,600.7008856525179,620.9806532892833,17280600
2025-01-21,613.427978515625,618.4431675349931,606.0146090104106,614.791235345522,11674000
2025-01-22,620.433349609375,630.5831936184607,616.3833603918935,620.2343211513619,12274000
2025-01-23,633.3196411132812,633.468866899262,618.0949061109532,624.2743234364817,9910200
2025-01-24,644.3053588867188,648.7931865048288,631.0807466276091,633.2699382382675,19065300
2025-01-27,656.634521484375,660.6048877765638,622.0255505721228,623.5281336668538,28399200
2025-01-28,671.0133666992188,679.222789585596,656.2264085295512,662.7243202820943,20950100
2025-01-29,673.1627197265625,677.7002892439266,662.3959298804792,671.6800579089199,21377800
2025-01-30,683.6210327148438,707.294001197109,672.774619401076,693.3927409364592,29322900
2025-01-31,685.7903442382812,701.8310551092019,682.2080746968453,687.6014000766061,19303900
2025-02-03,694.0296630859375,700.5374751524545,671.9288779782597,672.5856051378313,21415700
2025-02-04,700.7265014648438,704.2292080677055,688.2083581609453,699.0448111623289,13826300
2025-02-05,701.4031372070312,714.6078889974233,695.5719738179728,700.0896222542642,17778200
2025-02-06,708.4881591796875,715.364207246352,700.0399258686745,702.4082250040422,13080700
2025-02-07,711.0056762695312,721.4440718312758,708.249280988419,713.2744305821955,16427100
2025-02-10,713.8715209960938,717.652818700605,707.8313687608933,715.0257888589608,12904300
2025-02-11,716.2597045898438,720.1007048878689,706.5476987131067,709.8115954275665,12998000
2025-02-12,721.8123168945312,723.5238281436095,709.0951445232752,711.7818770685368,12016500
2025-02-13,724.9765625,725.4144007817218,714.5082858683488,717.9712107274046,12569100
2025-02-14,733.0466918945312,737.2658278537506,722.0510531620941,722.5685149916063,16901200
2025-02-18,712.8466796875,733.3752202222611,702.9655255960394,732.3801385123259,21938700
2025-02-19,700.30859375,703.5226878675882,691.9698051227019,700.6369269472729,17535500
2025-02-20,691.4224243164062,702.1593313419692,690.2283144244507,693.8504254939003,12587400
2025-02-21,680.1879272460938,700.4079900217689,679.0037778663954,693.1538679639241,15660400
2025-02-24,664.8438720703125,683.8897484077801,659.1918158891808,682.9046273446285,15677000
2025-02-25,654.26611328125,664.7144694629277,638.703023401866,662.6944247816905,20579700
2025-02-26,670.3864135742188,679.650619839028,654.7636219966097,656.4055307530449,14488700
2025-02-27,655.00244140625,685.2629040436697,654.3357538023921,679.0933865536915,12500000
2025-02-28,664.91357421875,666.336533697634,639.4394474020801,654.8035105893175,17534200
2025-03-03,651.8281860351562,677.8993359462462,647.6389313945824,670.3665609910959,10843800
2025-03-04,636.852294921875,646.5543416023255,620.5827332440298,642.3352048660629,21495200
2025-03-05,653.2410888671875,656.2562148067185,634.5236092639633,637.8472080229061,13770000
2025-03-06,624.841552734375,647.3602531536812,621.040333910999,644.812846805576,13446500
2025-03-07,622.5827026367188,631.6678021460568,597.6559216844704,622.294150848658,21375700
2025-03-10,595.0487670898438,607.1091498209839,583.9834658430217,605.0792054575583,21999900
2025-03-11,602.7308349609375,611.9054572036264,590.4117211785095,592.1232321992892,17401500
2025-03-12,616.5126342773438,630.2149246910475,606.3528312442298,626.8018027522027,15747000
2025-03-13,587.7349853515625,617.4481060645986,583.6252936627146,617.1993356753703,16480300
2025-03-14,605.1494750976562,606.4044031406513,592.381232702444,600.3688460487675,12364500
2025-03-17,602.4603881835938,610.6272679434014,595.5881924170304,605.01006095703,15473900
2025-03-18,580.01123046875,597.8290917063831,572.34227369431,597.6298861819188,20297700
2025-03-19,581.7044067382812,589.9311027976759,572.4518964146898,581.9235510596104,20537500
2025-03-20,583.6365356445312,607.7389439842362,577.172720940167,580.4096129893901,24336500
2025-03-21,593.8452758789062,595.1300513212973,578.6069941650959,581.0670032780688,25015900
2025-03-24,616.3540649414062,620.0291850741187,609.7309218178737,612.4897086743648,15741300
2025-03-25,623.7839965820312,631.3234729455945,618.674681768664,624.2321938231848,15312500
2025-03-26,608.5158081054688,624.2222248223229,604.163437823038,622.3697410659778,12609800
2025-03-27,600.1497192382812,611.7726353131792,597.67968012305,599.5720414465346,10436500
2025-03-28,574.4139404296875,599.3230823357646,571.605306475786,597.8888875675808,17602800
2025-03-31,574.0355224609375,576.3661119756351,551.0685259953154,561.2274014987903,21124700
2025-04-01,583.6365356445312,587.5307390242879,567.70106709451,568.537705940541,12836600
2025-04-02,581.5748901367188,590.2696609066593,571.0475136953103,572.5912500878843,13470800
2025-04-03,529.4758911132812,550.3314393515183,528.1612075786397,544.016982785148,34777500
2025-04-04,502.6943664550781,515.9108358048159,492.2068365877987,504.5767280238223,38589800
2025-04-07,514.1679077148438,537.1946573822175,479.95643891438516,483.14354512484755,36606100
2025-04-08,508.39129638671875,545.2221314563009,500.8318811641039,541.0589972717423,28034200
2025-04-09,583.407470703125,585.5189153793327,500.08485719899596,507.2159828753818,39216600
2025-04-10,544.0867309570312,578.9555415344041,533.141064552052,573.1689763297147,28173500
2025-04-11,541.377685546875,545.1922554454453,526.4581222037267,533.3501954996136,17642300
2025-04-14,529.3364868164062,555.5204964254532,526.1494412576809,553.926912857093,14130900
2025-04-15,519.4166870117188,535.7704467995947,515.41288054515,529.9639426413264,15558700
2025-04-16,500.2840881347656,511.29947867102186,493.6310371089192,506.459094542153,18735100
2025-04-17,499.45751953125,505.2540241094821,496.0015129816489,503.2123040095489,14593500
2025-04-21,482.705322265625,491.50966603004946,477.8649073178194,489.34840447960073,16166000
2025-04-22,498.2622985839844,504.8356859267328,484.3984265448332,489.886213659528,17399400
2025-04-23,518.1716918945312,533.1809196011152,514.4368162114096,526.398387792126,18173900
2025-04-24,530.9996948242188,531.7466698835482,515.4127909372843,516.637810582109,13910000
2025-04-25,545.062744140625,547.6422639879924,534.0871710746434,544.5946081566364,17098900
2025-04-28,547.5228271484375,556.2375374162976,538.409766598872,553.3990561017924,15179000
2025-04-29,552.203857421875,554.3252716550422,541.9254723342877,543.7978948573555,11835000
2025-04-30,546.7858276367188,546.8854000110363,527.3644731031741,536.2286028212618,29244000
2025-05-01,569.9022827148438,590.558627980007,568.1991573093333,589.6921415778174,31159000
2025-05-02,594.6121215820312,601.9026058918658,575.9974995584959,581.1068141330562,24739300
2025-05-05,596.8530883789062,600.7772002962906,585.6783084359005,588.8355064073843,13887700
2025-05-06,584.9413452148438,593.6262086030198,584.2143087960085,590.1403242884969,10600700
2025-05-07,594.4029541015625,600.6476855016655,584.3038359796805,587.9789559689339,13139100
2025-05-08,595.59814453125,608.8345220578558,594.2137360230962,603.8447184228645,14622800
2025-05-09,590.1004638671875,604.5220462267766,589.3236412362096,601.2851535548689,10427300
2025-05-12,636.8510131835938,637.8071631499196,618.5252614130806,628.3753263945498,21965100
2025-05-13,653.3842163085938,658.2544484118764,640.2374406337076,642.9364721174845,18570800
2025-05-14,656.70068359375,659.9973314154452,651.671063189936,658.5432587283299,12348200
2025-05-15,641.2831420898438,654.6589696292252,636.0045299274248,651.6412216753015,14341800
2025-05-16,637.7574462890625,637.8570186595293,623.6246741050281,635.3870402976211,18519000
2025-05-19,637.8471069335938,640.4067492915384,625.2680394833011,625.7162367689098,9592400
2025-05-20,634.5304565429688,636.7713819580241,629.7100110253076,633.4448867170665,6743500
2025-05-21,632.9369506835938,644.0021281038256,627.6284302053292,629.2418916838421,11464600
2025-05-22,634.0025634765625,640.6556140942819,628.166212891271,631.4927078056375,8228400
2025-05-23,624.5308837890625,629.899158954327,620.1386973377448,621.4832280829075,8454100
2025-05-27,639.7294311523438,640.4863756807556,630.1980211513535,632.8472662118028,9508400
2025-05-28,640.984375,648.2549209907568,639.958499945528,640.0082861312126,9042900
2025-05-29,642.4484252929688,650.6850908623647,636.9208212538034,649.0218431897822,8858800
2025-05-30,644.8786010742188,646.790840509364,630.227966818394,639.9087359485001,16241000
2025-06-02,668.1941528320312,670.5446198991036,641.6615825955165,641.7910631431,15766300
2025-06-03,664.1604614257812,672.8552932556931,662.3478552754221,668.7419453527419,11585000
2025-06-04,685.1754760742188,686.2212292149324,665.8736317013958,666.6206069146197,14031900
2025-06-05,681.8587646484375,691.5794100418087,679.4983282686153,688.8703488193835,13083100
2025-06-06,694.8960571289062,699.9754637799698,689.0795839414949,693.3622292653906,11728000
2025-06-09,691.2606811523438,702.345795960264,691.1411700052762,695.6429591747781,12773200
2025-06-10,699.567138671875,700.3937473880201,688.7708312874433,698.5213248498013,10850100
2025-06-11,691.3403930664062,706.0109642368116,689.199040180601,700.871802415462,9582500
2025-06-12,690.5635986328125,692.5754712333077,684.229263706634,690.5038430500748,7322700
2025-06-13,680.115966796875,691.7687926211445,678.2634828033605,685.1754960763989,9274400
2025-06-16,699.8262939453125,704.839891030923,691.2444358848513,697.0454302800655,13720300
2025-06-17,694.9522094726562,703.6636471536132,693.7860487635145,699.7066458929623,10066100
2025-06-18,693.4970703125,699.2980647722242,692.6299173050131,695.8991705300261,10068300
2025-06-20,680.1209106445312,699.5273387091719,676.4529395748931,698.460826828492,22538600
2025-06-23,696.248046875,696.7663067524254,676.5326356722177,681.4564999402276,11080100
2025-06-24,709.8733520507812,710.8601081222891,699.8162879347926,702.5872352556954,13823200
2025-06-25,706.3648681640625,714.2390846812559,703.0756608117819,710.9897247556078,9320400
2025-06-26,723.718017578125,725.84100327131,708.7271116959034,712.0262960706955,13964800
2025-06-27,731.2333984375,733.0275060697373,723.4887618360168,724.1466398304902,18775700
2025-06-30,735.6788330078125,745.4567832484664,731.851350759088,742.1176905331245,15402100
2025-07-01,716.8704223632812,735.3399177465482,713.0330238804761,734.4727647300622,13431200
2025-07-02,711.2388916015625,717.946886332231,710.4713875973353,712.9931517050737,9336700
2025-07-03,716.6611328125,726.6484187341657,712.0861007528597,724.23628063908,8601700
2025-07-07,716.0032348632812,724.6250009558648,711.1790804792781,715.2556849998467,9457100
2025-07-08,718.315673828125,720.5483463866185,712.4748320749653,719.2127580119818,7770700
2025-07-09,730.3861694335938,735.1206520424314,720.3589752323313,720.3589752323313,11418000
2025-07-10,724.8642578125,733.3962917497249,717.2492014044612,729.1601755610233,9913600
2025-07-11,715.1660766601562,722.791049443565,707.3815924903404,720.1397657932962,10873900
2025-07-14,718.5648193359375,725.6217068153527,714.2091004956787,715.2556580979717,8939400
2025-07-15,708.0693359375,722.1032960553172,707.501190694441,721.5352116480268,11529500
2025-07-16,700.6136474609375,711.6375132851348,696.985585155631,711.0394977501286,13067600
2025-07-17,699.1185913085938,703.5939743779064,694.8326508122145,702.0888975460598,11803300
2025-07-18,701.979248046875,702.407835998619,689.3905035678976,699.8960490076172,12779800
2025-07-21,710.6408081054688,714.6576719200774,703.4544009949688,704.4909815749821,9404400
2025-07-22,702.5074462890625,714.2589075119218,699.1185294508831,713.8502737130124,8921100
2025-07-23,711.2488403320312,712.2953979460707,702.627074466955,704.0623726003058,8771600
2025-07-24,712.4649047851562,721.256099225235,711.6675303636672,714.7075545657141,10920800
2025-07-25,710.3517456054688,718.2957401275581,709.5743254141869,714.5778842585692,8271700
2025-07-28,715.28564453125,722.3724029167645,710.3518030699777,712.8635901780652,8715700
2025-07-29,697.7131958007812,722.1032264585367,697.6234630507284,717.6478585379464,13267000
2025-07-30,692.9389038085938,706.1854660197899,688.9419939778502,705.7768321791035,27077300
2025-07-31,770.913330078125,782.1863801577031,763.0092430876867,772.667590247117,38831100
2025-08-01,747.5599365234375,763.4976919253356,742.8752779436865,758.2448880761048,19028700
2025-08-04,773.833740234375,774.3121526971289,755.9323902785536,757.5172228150747,15801700
2025-08-05,760.9658813476562,780.5716045689521,760.5073622166124,773.9134347006891,11640300
2025-08-06,769.4680786132812,771.1127127816184,757.9757760743282,767.4845892138412,9733900
2025-08-07,759.3412475585938,772.4682063669705,757.0686667309535,770.9631295472946,9019700
2025-08-08,766.786865234375,767.3849416766147,756.101914160301,760.2582747146965,7320800
2025-08-11,763.3680419921875,770.9332736584846,762.171949999175,767.5643106154529,7612000
2025-08-12,787.419189453125,791.077183084039,769.9065806861354,770.4747258826147,14563100
2025-08-13,777.5316772460938,792.861439232817,775.687684264025,788.5655214330485,8811800
2025-08-14,779.5748901367188,785.2363270315518,769.986322264654,775.3387743217048,8116200
2025-08-15,782.664794921875,793.6488143059948,778.269228256533,781.5883668624648,13375400
2025-08-18,764.8631591796875,773.2755899130946,754.0884756033142,772.5579712024165,16513700
2025-08-19,749.0250244140625,764.6637703117248,746.9119549568848,764.613945820292,12286700
2025-08-20,745.27734375,747.7492835360712,728.611993296026,745.1278702665168,11898200
2025-08-21,736.6854858398438,743.0646026719377,730.7150636889187,742.2772053426181,8876300
2025-08-22,752.32421875,754.4273720053774,731.9908982789533,736.81505282597,10612700
2025-08-25,750.839111328125,756.40089964729,747.6794841015795,752.354165267511,6861200
2025-08-26,751.636474609375,752.4039786334924,745.4966249237331,748.3472672479323,7601800
2025-08-27,744.9384155273438,751.6863183207686,740.4132689939565,749.8423255190061,8315400
2025-08-28,748.65625,750.5899148175357,738.3799332684189,741.5694916361576,7468000
2025-08-29,736.286865234375,744.69929631257,732.9477723395529,742.845387064901,9070500
2025-09-02,732.70849609375,733.5956032036421,719.3722015925617,723.6681190637612,9350900
2025-09-03,734.6422119140625,737.8317704037993,731.5922106765231,733.5956541941185,7699300
2025-09-04,746.204345703125,758.6734271200463,743.3835736708148,746.1245900119145,11439100
2025-09-05,749.9918823242188,755.4739147328357,742.596139272426,750.1613099282893,9663400
2025-09-08,749.84228515625,764.0058841473341,749.5632315279836,753.5302097254976,13087800
2025-09-09,763.1986083984375,763.7966239723705,750.9686728075005,755.0154070864886,10999000
2025-09-10,749.5234375,763.1986490989516,748.5466583985636,762.6305038555339,12478300
2025-09-11,748.4469604492188,754.6266574243845,745.9251963321232,752.1847098305358,7923300
2025-09-12,753.12158203125,755.0950940814577,741.3302125458187,746.2839468005753,8248600
2025-09-15,762.2018432617188,771.5412279036273,749.5333431691193,754.9954213012545,10533800
2025-09-16,776.455078125,778.8073536198926,762.600463821585,764.4942810293646,11782500
2025-09-17,773.1858520507812,780.7311297077449,763.8066193659058,777.4419223006557,9400900
2025-09-18,777.7011108398438,786.203274581819,770.8336042127465,778.1994774600552,10955000
2025-09-19,775.837158203125,788.2165669565625,766.6771780735046,783.8508708699721,23696800
2025-09-22,763.175048828125,783.6916948825968,762.4868363426395,779.8217552362186,11706900
2025-09-23,753.4404296875,768.6009504341728,749.1216451610411,767.254476840496,10872600
2025-09-24,758.686767578125,759.1356124217834,750.5779133776451,755.5349916265823,8828200
2025-09-25,746.96728515625,754.806942419776,742.6186096970315,751.4955472633491,10591100
2025-09-26,741.8206787109375,749.9794521140951,735.4372562509625,748.0544659269957,9696300
2025-09-29,741.4715576171875,748.8324179023273,737.2325826153279,746.777703342028,9246800
2025-09-30,732.4749755859375,741.0426584785586,724.4159185837501,740.3245554260684,16226800
2025-10-01,715.4791870117188,719.9774365591268,708.3576941566364,719.618385039583,20419600
2025-10-02,725.1640014648438,725.8821654223162,716.2771410193245,720.7056259804448,11415300
2025-10-03,708.7167358398438,729.1037149276121,708.3377167266436,727.7372737109582,16154300
2025-10-06,713.8035278320312,715.0203947681905,688.718804278428,703.3607165744016,21654700
2025-10-07,711.230224609375,716.636147605649,703.9192222306009,715.8581417735932,12062900
2025-10-08,715.9779663085938,717.783268775081,705.9739546774089,711.5993392573523,10790600
2025-10-09,731.607177734375,731.607177734375,710.5918290846139,716.416706057987,12717200
2025-10-10,703.4703979492188,733.3626856542741,702.6824691715568,729.0239332852144,16980100
2025-10-13,713.8433837890625,718.072374881022,705.8042950194317,711.1603595995662,9251800
2025-10-14,706.8117065429688,713.6937706407739,697.5158763660478,705.9439682909708,8829800
2025-10-15,715.6886596679688,722.0222242634773,707.6695373823591,715.1999404706222,10246800
2025-10-16,710.2228393554688,723.6080097298942,702.0540824517458,715.6886043056783,9017000
2025-10-17,715.0602416992188,716.6760344343375,704.2882698394852,705.2458014471516,12232400
2025-10-20,730.2706298828125,731.866515781436,718.3117433877071,719.3191330444083,8900200
2025-10-21,731.367919921875,736.5843338414116,726.859625303898,734.1107864324557,7647300
2025-10-22,731.5075073242188,738.6788588958609,722.1518950553793,731.9264616753367,8734500
2025-10-23,732.095947265625,740.4841042897723,731.1982575844598,732.7941435868839,9856000
2025-10-24,736.4446411132812,739.2872845910176,729.253383189777,734.8787064697904,9151300
2025-10-27,748.872314453125,753.7895182960361,746.069606274355,747.7851152228061,11321100
2025-10-28,749.4906616210938,756.4326283200122,743.5860359773924,750.677577029167,12193800
2025-10-29,749.7200927734375,757.1906533932021,740.5838813084906,752.7921200604676,26818600
2025-10-30,664.7410888671875,679.1935516668058,648.4833846789722,667.414190282622,88440100
2025-10-31,646.6681518554688,673.139345897249,643.8953948481166,672.7603267493847,56953200
2025-11-03,636.0557861328125,657.6196984387726,634.5297257704245,654.298319497033,33003600
2025-11-04,625.6926879882812,640.0752642850032,624.3860886703497,626.410791028598,27356600
2025-11-05,634.30029296875,640.5639703518489,624.9146693781357,630.6697208898194,20219900
2025-11-06,617.3344116210938,634.3501538797125,616.3968476378337,634.2005186436334,23628800
2025-11-07,620.0972900390625,620.516183502649,599.6404837711106,614.8907991985972,29946800
2025-11-10,630.1211547851562,633.3527401283538,616.5065400363918,629.4529098843899,19245000
2025-11-11,625.4533081054688,627.9268552540688,617.7832543081277,626.3709044869131,13302200
2025-11-12,607.43017578125,627.3583261459861,606.1934022078184,626.5005716840028,24493300
2025-11-13,608.3079223632812,616.0478021853295,601.4357808374693,611.4796659420805,20973800
2025-11-14,607.8790283203125,612.088052043071,593.6560102918138,600.2288811530552,20724100
2025-11-17,600.4483032226562,610.1031845088386,593.8554651895852,607.4600346656293,16501300
2025-11-18,596.1395874023438,602.0940719298206,582.2656968950795,590.065358149623,25500600
2025-11-19,588.7886962890625,593.7857099116716,579.7422168855177,592.1798400423816,24744700
2025-11-20,587.6217041015625,605.1460720070379,581.8367012414765,601.9344542639864,20603000
2025-11-21,592.70849609375,596.5684523172222,580.3506215479276,586.9734117815261,21052600
2025-11-24,611.459716796875,615.1002729325323,596.0797338085368,597.1668722231478,23554900
2025-11-25,634.5695190429688,635.3973829418613,616.6960233021972,622.3812488080194,25213000
2025-11-26,631.96630859375,636.7039864006342,629.9914644832529,636.0357415239101,15209500
2025-11-28,646.2691650390625,646.3688812783262,633.8514494094911,634.4299618769652,11033200
2025-12-01,639.2074584960938,643.6459265392308,636.1055410281542,637.8908755177382,13029900
2025-12-02,645.4213256835938,646.1893476978298,636.4147821721649,640.6737247939117,11640900
2025-12-03,637.9407958984375,647.1668005690203,635.8961259576193,642.7383158920676,11134300
2025-12-04,659.81396484375,674.3461154685141,658.3377626918029,674.2463992276428,29874600
2025-12-05,671.673095703125,672.9398207362489,660.6717397649775,662.2775487290173,21207900
2025-12-08,665.0702514648438,674.9545781663558,663.344758713728,667.603701448277,13161000
2025-12-09,655.2557983398438,662.7562492699393,651.6451938720459,662.0481300460407,12997100
2025-12-10,648.4435424804688,652.812185461044,641.7310198416047,648.2640167126568,16910900
2025-12-11,651.016845703125,653.5801862453618,639.1377070000864,641.6212380225077,13056700
2025-12-12,642.5587768554688,709.1555875928369,636.9533606253732,648.1143349664432,14016900
2025-12-15,646.3570556640625,651.8372704406642,637.5627451568915,644.5502809809109,15549100
2025-12-16,655.9798583984375,661.3602142938313,642.054686531657,642.3541401459643,14309100
2025-12-17,648.343505859375,660.0526000253047,648.0440522221027,654.4426118233187,15598500
2025-12-18,663.2669067382812,669.366012780715,655.2911433094866,655.8601356908653,20260300
2025-12-19,657.5969848632812,669.8051880946751,657.0080086354003,665.2333263832898,49977100
2025-12-22,660.3220825195312,672.380589007267,655.4807431709672,660.4718397886508,15659400
2025-12-23,663.7559814453125,664.8140915262984,657.0778915122911,658.8746741689592,8486800
2025-12-24,666.3613891601562,666.9902722948509,661.0209394131572,661.3503688947783,5627500
2025-12-26,662.10888671875,667.7588423243637,660.1424238558649,666.8704124858896,7133800
2025-12-29,657.5171508789062,659.0743707339258,653.2248195668056,656.8383689858442,8506500
2025-12-30,664.7642211914062,671.0230153954109,656.6686764849229,657.5171386037911,9187500
2025-12-31,658.9146728515625,663.8159033150052,658.2658058687088,663.5663484641349,7940400
2026-01-02,649.2518920898438,663.2070415689074,642.3542224297569,661.5499631466852,13726500
2026-01-05,657.616943359375,663.3567049684374,646.5966230035071,649.8508280292294,12213700
2026-01-06,659.4437255859375,664.3350252422523,650.7392812609531,658.3956073528642,11074400
2026-01-07,647.5349731445312,657.9763704555172,643.6618768302103,654.4726104611178,12846300
2026-01-08,644.9096069335938,645.9477331499952,634.5879917891143,644.7299347572825,11921700
2026-01-09,651.8970947265625,653.7837438291153,641.7052537227476,644.2906685217797,11634900
2026-01-12,640.826904296875,652.8055375702352,640.0882316599212,651.3681600668523,14797200
2026-01-13,629.96630859375,641.1263941859123,622.9887038024194,641.1263941859123,18030400
2026-01-14,614.4240112304688,627.3309804807691,613.7252454803604,625.3844405077801,15527900
2026-01-15,619.694580078125,623.0585745209008,613.1362714280776,617.378703801015,13076100
2026-01-16,619.1455688476562,627.9598630097294,618.9758886129073,623.0685636897582,17012500
2026-01-20,603.0443115234375,610.3113781504126,598.9316523845154,606.7976262932837,15169600
2026-01-21,611.8685913085938,617.169133937088,599.0115204374271,605.659634898437,14494700
2026-01-22,646.476806640625,659.3937675491238,625.4343255489129,628.2293275614567,21394700
2026-01-23,657.5870361328125,665.3032527677875,643.3025186421843,643.6219561683764,22797700
2026-01-26,671.1627807617188,674.0776252750454,660.1124846991261,663.9456740004919,16327400
2026-01-27,671.7716674804688,675.6148486525956,663.4764668627315,673.3888389297905,13297400
2026-01-28,667.5392456054688,676.4733214975852,664.9139236867763,673.2989910894674,25709600
2026-01-29,736.995361328125,742.6752321400184,711.2812198864386,736.1169233837337,59852900
2026-01-30,715.2241821289062,730.8662626744616,712.3193905555435,726.2045952530067,23744600
2026-02-02,705.152099609375,720.0156002559207,702.2672920108814,713.3275184694113,14365200
2026-02-03,690.4683227539062,715.7232596178901,685.1877035052055,706.1104025957663,13760700
2026-02-04,667.7987670898438,687.603466213174,666.2715231343633,686.5053883494637,16882800
2026-02-05,669.0166015625,680.2864759062725,652.3363345630947,662.3984025060512,17131800
2026-02-06,660.2822265625,670.7934451675868,645.3488423980709,664.3050190645899,18159300
2026-02-09,676.0140991210938,682.0932819515241,657.6069922476072,661.9991209626965,14837500
2026-02-10,669.5256958007812,679.4380681924739,668.597359057372,676.3934502400131,10455800
2026-02-11,667.4993286132812,678.0605068549233,655.9299390360635,672.7998711552045,14323800
2026-02-12,648.6529541015625,674.7963229561075,644.1310518439949,668.7770306530766,14960100
2026-02-13,638.630859375,650.2700710327099,633.4401061931457,643.9513250294082,12336400
2026-02-17,638.151611328125,641.4557148619026,627.6803003409905,638.3612593202278,12674700
2026-02-18,642.0746459960938,643.8515057528024,627.0315334227189,632.67143641335,14649200
2026-02-19,643.6318969726562,646.0375787806976,635.5861905818066,637.432932921519,10035700
2026-02-20,654.4924926757812,662.1688021543367,637.6426055733327,638.5509584025834,14183500
2026-02-23,636.1152954101562,656.5288937722072,634.8675211939732,651.3780476889771,8605900
2026-02-24,638.16162109375,639.9683956881865,627.8599900449855,631.9527259539814,10135600
2026-02-25,652.5260620117188,652.7157261405878,640.9966397738364,641.3859599741169,11330700
2026-02-26,655.8401489257812,659.823034651462,646.3470725216666,649.3916295582877,10637700
2026-02-27,647.02587890625,648.2836451675449,636.983793627941,642.3043203814821,15703000
2026-03-02,652.396240234375,658.764884603327,633.3701817354564,636.0254184162494,9816100
2026-03-03,653.91357421875,657.866484005116,637.7025010942567,647.1356255764312,12263800
2026-03-04,666.541015625,671.5720803574089,656.4989309709863,656.788453587829,10810100
2026-03-05,659.393798828125,669.5057662619517,649.1520579976961,660.751362594833,13341400
2026-03-06,643.7117309570312,648.3135076492586,634.9773114336934,646.7463568472266,13159400
2026-03-09,646.2373046875,646.596649067328,625.6640164348609,633.6497720389343,13489700
2026-03-10,652.9053344726562,659.1242214972237,647.8443550809549,652.3962328583322,9859300
2026-03-11,653.6939086914062,657.9463328691638,647.2054829186618,653.5941111270305,8977200
2026-03-12,637.0436401367188,652.336368433984,635.7659510050273,647.5948263527883,11617500
2026-03-13,612.6171875,628.0496188589474,608.4645611002024,622.7790526456299,18957600
2026-03-16,626.8690185546875,634.1622468505053,622.5230098937741,631.4147932406764,15134900
2026-03-17,622.0834350585938,635.9605885584036,621.1243629754691,627.4085169382369,10348800
2026-03-18,615.1099243164062,622.0735023862151,614.04090772979,615.769347359454,11726300
2026-03-19,606.1382446289062,612.4323990135786,601.7023533616688,611.5832104537112,13247700
2026-03-20,593.1102905273438,603.400802317344,586.7062525156723,602.9712077810872,21214900
2026-03-23,603.5006713867188,608.0764476338709,598.4553596033379,605.2290499891692,13638000
2026-03-24,592.3709716796875,600.443507118967,590.4527665679026,598.5452420228083,10739700
2026-03-25,594.3391723632812,603.1110107561809,592.850561795072,598.1855830392399,12585000
2026-03-26,547.032958984375,582.460145169462,542.8468364624507,581.9506076701073,35780100
2026-03-27,525.233154296875,543.0966023049141,519.7782492802263,539.599843303006,30133000
2026-03-30,535.8833618164062,539.0504095872608,528.0505941707193,535.8833618164062,22795200
2026-03-31,571.6002197265625,573.1587727471259,546.2637174010383,549.4707059552647,32898300
2026-04-01,578.6936645507812,592.0013387220274,573.2887005646345,579.5928556215499,23608100
2026-04-02,573.9281005859375,577.9643377947169,559.1817578546791,565.5158531822124,13518500
2026-04-06,572.4894409179688,582.2503530791108,571.4703658572956,577.1550997330287,9515700
2026-04-07,574.5175170898438,574.6973431004155,564.2370671243236,571.9498894780604,9580800
2026-04-08,611.8529052734375,629.3667024291958,591.2820049792073,605.4388670235439,32036600
2026-04-09,627.8081665039062,636.9097166035551,622.4231426572783,626.3894374266143,19012900
2026-04-10,629.2767333984375,637.9886903650855,623.7518859014353,633.882449891805,13294800
2026-04-13,633.9425048828125,634.4120404303904,623.8218795800174,628.9171329935918,9538900
2026-04-14,661.8765258789062,665.6430543798978,638.7779398291946,642.624350345733,17818000
2026-04-15,670.9581909179688,677.8717665104965,663.6049593103575,666.3824145357423,14952600
2026-04-16,676.2432250976562,676.9525896021297,667.131674939706,675.3640350842893,9544800
2026-04-17,687.9124145507812,690.8796961433965,674.5048580761284,677.9716157075654,16283500
2026-04-20,670.2887573242188,682.7472426832454,667.381478611767,680.7290935491282,12534000
2026-04-21,668.220703125,675.5738733736962,666.7120915784461,670.3786762058809,8660100
2026-04-22,674.09521484375,677.7518600207422,669.1298460769134,673.7355628200382,9215600
2026-04-23,658.5396728515625,668.9400066983026,652.4452846667049,663.0854475032797,11667000
2026-04-24,674.4049682617188,680.0396994180859,653.2345872360809,659.7085674039201,13348300
2026-04-27,677.9916381835938,681.8680504402118,670.2188736545023,670.3786986745525,12805200
2026-04-28,670.7183837890625,677.5520159823654,665.0136491453696,673.6156618787633,10606800
2026-04-29,668.5004272460938,673.6256820299297,663.1953464496755,668.290599742094,18947500
2026-04-30,611.3433837890625,620.2751083620838,599.4444385151393,618.7465567527638,52765000
2026-05-01,608.1863403320312,618.3069655430758,605.548770151405,614.120842749119,21404000
2026-05-04,609.8447875976562,613.4314904063681,602.1919069095087,607.3771038685389,16203900
2026-05-05,604.3998413085938,613.7811000159977,599.8040642277598,612.7420849871345,17171300
2026-05-06,612.3125,619.3759607512419,597.5461564796674,600.4934370812971,19915500
2026-05-07,616.2388305664062,624.4012480600104,612.9718390781961,614.150739078972,12307400
2026-05-08,609.0654907226562,616.1988937552933,605.4987892063378,614.6303402495529,13557000
2026-05-11,598.3054809570312,604.3498668649182,597.5262348938886,604.010215830275,15940600
2026-05-12,602.441650390625,603.1909559259367,592.0512559095129,594.2692320029287,11351600
2026-05-13,616.0590209960938,619.3260125714435,596.1074810052941,598.275515544453,14634400
2026-05-14,617.8573608398438,623.152441138389,614.4305441468357,615.429618202359,10651200
2026-05-15,613.6612548828125,620.6248329546977,608.7458274653094,613.421486859321,13272600
2026-05-18,610.64404296875,615.0199919776213,603.1309869574205,608.5459509764945,13772400
2026-05-19,602.052001953125,613.361527578881,599.9939118379299,608.3561568042173,11749900
2026-05-20,604.499755859375,607.4370360716302,597.2564688338498,600.2037495434126,11329700
2026-05-21,606.8175659179688,609.0354809096541,594.2591985256718,599.4443949814065,13476100
2026-05-22,609.6949462890625,614.2407210713809,606.3880135859368,607.3171451453314,11688600
2026-05-26,611.7730102539062,613.9009818092591,604.7394901495815,608.3261927003538,12234200
2026-05-27,634.6718139648438,637.908804248614,608.4361186960156,608.8357727220844,23143600
2026-05-28,634.7017211914062,642.4046039468743,628.7272779804616,638.9078448274123,16772400
2026-05-29,631.92431640625,633.9124639439917,622.7727642602187,632.9133899267435,19806500
2026-06-01,599.9139404296875,635.1613007084701,598.974869401479,629.8162791560948,29138800
2026-06-02,597.0765991210938,608.3161816139932,596.1274666259658,602.68138962268,18252000
2026-06-03,622.4031372070312,623.5720977596394,599.7142043737263,602.4416570391962,23020100
2026-06-04,626.9888916015625,641.8051764288737,621.8536364911718,623.0924785224576,21469200
2026-06-05,592.450927734375,628.567480013855,582.3702434655938,622.8827460758752,30091600
2026-06-08,584.8479614257812,591.4518261333767,578.6836307521693,591.4518261333767,19512400
2026-06-09,584.0487060546875,597.0766092757164,580.4720040020986,590.4527436689563,16977400
2026-06-10,570.4512939453125,590.7724873942649,570.0716409197756,580.192266144374,17064000
2026-06-11,567.9036254882812,571.6401524850257,556.4942175026772,565.3060574843756,17628000
2026-06-12,566.4549560546875,575.5365655300229,560.3806300495169,572.4194595335534,14326400
2026-06-15,593.47998046875,601.27001953125,579.2999877929688,579.9000244140625,17653300
2026-06-16,600.2100219726562,605.8099975585938,592.0,593.6500244140625,11344400
2026-06-17,567.5800170898438,593.8099975585938,566.1900024414062,592.0,20478300
2026-06-18,577.219970703125,580.219970703125,563.0999755859375,572.8200073242188,28824600
2026-06-22,563.8499755859375,575.8099975585938,559.8099975585938,572.02001953125,15405500
2026-06-23,562.2000122070312,572.2000122070312,561.02001953125,562.25,13103300
2026-06-24,557.6699829101562,569.0399780273438,555.5499877929688,561.8900146484375,13963600
2026-06-25,542.8699951171875,556.3400268554688,540.1799926757812,555.5499877929688,16968600
2026-06-26,550.25,556.8499755859375,540.4000244140625,543.3400268554688,18867700
2026-06-29,562.5999755859375,570.9000244140625,558.0,560.0,15011400
2026-06-30,563.2899780273438,565.5399780273438,551.4299926757812,560.9400024414062,18111100
2026-07-01,612.9099731445312,628.280029296875,595.0999755859375,607.9099731445312,45536300
2026-07-02,582.9000244140625,610.0,580.4199829101562,607.9000244140625,21705900
2026-07-06,600.2899780273438,603.5800170898438,581.760009765625,594.8400268554688,17674100
2026-07-07,615.5800170898438,625.3699951171875,603.6599731445312,607.5900268554688,18560800
2026-07-08,603.1199951171875,616.0,598.010009765625,614.3900146484375,13606500
2026-07-09,631.47998046875,633.27001953125,577.0700073242188,583.989990234375,26579700
2026-07-10,669.2100219726562,677.8599853515625,658.010009765625,660.3400268554688,40608900
2026-07-13,656.72998046875,676.6199951171875,654.2000122070312,661.3800048828125,19840700
2026-07-14,661.0399780273438,666.5,649.0499877929688,652.0,16748200
2026-07-15,681.3099975585938,686.0800170898438,656.6599731445312,663.5999755859375,19003400
2026-07-16,664.5399780273438,681.9000244140625,660.1599731445312,677.280029296875,15816000
2026-07-17,646.010009765625,652.2000122070312,626.0,647.7000122070312,22267900
2026-07-20,645.8499755859375,653.2999877929688,636.010009765625,646.7000122070312,10225200
2026-07-21,643.8099975585938,655.8800048828125,643.2000122070312,654.1799926757812,9140500
2026-07-22,627.1699829101562,649.0,624.0,647.7000122070312,11019600
2026-07-23,606.0999755859375,614.6500244140625,597.219970703125,608.4099731445312,15494800
2026-07-24,595.1900024414062,609.97998046875,594.4500122070312,605.2999877929688,11503500
2026-07-27,593.8699951171875,611.260009765625,593.1300048828125,607.219970703125,11195300
2026-07-28,593.4099731445312,601.0,587.0,596.8200073242188,12009300
2026-07-29,585.6099853515625,599.969970703125,582.219970703125,593.25,22371100
2026-07-30,539.030029296875,539.8800048828125,524.489990234375,526.0,42271500
2026-07-31,556.7100219726562,558.3300170898438,540.219970703125,543.5999755859375,24261500
2026-08-03,590.239990234375,597.52001953125,559.3599853515625,562.239990234375,25938100
2026-08-04,587.9400024414062,592.7899780273438,578.25,581.5,17959200
2026-08-05,588.77001953125,601.0,580.1199951171875,600.4600219726562,14897200
2026-08-06,589.9000244140625,595.3099975585938,586.0,586.9500122070312,11811500
2026-08-07,592.0999755859375,598.739990234375,585.6199951171875,585.6400146484375,11250300
2026-08-10,594.9199829101562,608.2100219726562,592.030029296875,599.1300048828125,14967300
2026-08-11,599.1199951171875,612.4299926757812,593.4000244140625,598.0,13146900
2026-08-12,578.8499755859375,604.5,578.2100219726562,601.0700073242188,16186900
2026-08-13,594.969970703125,595.8499755859375,579.3900146484375,580.7100219726562,11164200
2026-08-14,589.8499755859375,601.8599853515625,589.2899780273438,596.97998046875,8758000
2026-08-17,568.969970703125,590.239990234375,564.75,589.75,17225600
2026-08-18,543.6699829101562,560.6599731445312,543.2100219726562,557.47998046875,27094900
2026-08-19,546.030029296875,554.0700073242188,537.27001953125,541.3400268554688,16971700
2026-08-20,545.8300170898438,549.989990234375,539.3099975585938,546.9500122070312,13872200
2026-08-21,549.9000244140625,553.8699951171875,543.22998046875,546.8900146484375,13848000
2026-08-24,559.02001953125,561.4199829101562,546.2999877929688,550.2000122070312,12990600
2026-08-25,570.0499877929688,570.7999877929688,561.4000244140625,563.8800048828125,9769100
2026-08-26,576.1400146484375,593.3400268554688,561.8800048828125,590.3099975585938,31416300
2026-08-27,571.0999755859375,588.3900146484375,567.6199951171875,576.47998046875,15221400
2026-08-28,578.02001953125,589.1900024414062,571.0,571.5499877929688,16042400
2026-08-31,572.3400268554688,578.6799926757812,569.1400146484375,577.6300048828125,13383800
2026-09-01,578.5399780273438,584.9500122070312,556.0999755859375,558.3499755859375,15796900
2026-09-02,592.8499755859375,600.3800048828125,577.0,578.7899780273438,16552700
2026-09-03,610.6799926757812,619.4600219726562,604.3499755859375,604.489990234375,19737100
2026-09-04,616.77001953125,617.4600219726562,605.27001953125,612.3499755859375,15966200
2026-09-08,613.47998046875,624.7999877929688,609.739990234375,616.2100219726562,18909700
2026-09-09,653.6900024414062,657.8599853515625,638.5599975585938,648.6400146484375,35843200
