Price,Close,High,Low,Open,Volume
Ticker,MSFT,MSFT,MSFT,MSFT,MSFT
Date,,,,,
2020-01-02,151.54425048828125,151.64803557454536,149.38365201536385,149.80822213313544,22622100
2020-01-03,149.65733337402344,150.91218480225075,149.12897790879228,149.37429608665437,21116200
2020-01-06,150.04409790039062,150.11014950002246,147.66648505583996,148.20428443592868,20813700
2020-01-07,148.67604064941406,150.64794302838786,148.43073697243855,150.31772820129783,21634100
2020-01-08,151.044189453125,151.71407758514792,149.02510968153575,149.94973123016297,27746500
2020-01-09,152.93118286132812,153.05384188381842,151.93107993006555,152.6953089852153,21385000
2020-01-10,152.22354125976562,153.9973171823089,152.07257854367748,153.61992478868552,20725900
2020-01-13,154.05398559570312,154.08228931660122,152.1481201411499,152.61986801825498,21626500
2020-01-14,152.96893310546875,154.35587267015467,152.58209648748715,154.15773227665707,23477400
2020-01-15,153.9596405029297,154.67670653765384,153.384121875317,153.4312851488826,21417900
2020-01-16,156.7806396484375,156.84669124133654,154.76155992975546,155.06348538883978,23865400
2020-01-17,157.6581268310547,158.00721561011963,156.08247644695953,157.9600379489106,34371700
2020-01-21,157.09194946289062,158.68645864077382,157.0258978890876,157.26177168707994,29517200
2020-01-22,156.33726501464844,158.02613070819066,156.31839106592938,157.94120513725719,24138800
2020-01-23,157.2996063232422,157.3750877078265,155.93154041958098,156.79955474739776,19680800
2020-01-24,155.7145233154297,158.0638327809762,155.15786431003815,158.04495883600987,24918100
2020-01-27,153.11044311523438,154.1482938867752,151.14797081779244,152.04428863143318,32078100
2020-01-28,156.11077880859375,156.393815954086,153.8558250377088,154.52569881083977,24899900
2020-01-29,158.54502868652344,159.21491704236274,156.32782218345113,158.35633240490503,34754500
2020-01-30,163.0171661376953,164.21540956252485,161.13960473946636,164.21540956252485,51597500
2020-01-31,160.6112518310547,162.65863555385778,159.99798545017555,162.47938348314258,36142700
2020-02-03,164.5267791748047,164.63999404803988,160.77165605102132,160.79995976933012,30107000
2020-02-04,169.94239807128906,170.43301974275775,166.34768266319725,167.13078562453822,36433300
2020-02-05,169.73489379882812,173.79192874094554,168.32909422810408,173.63153617768324,39186300
2020-02-06,173.2540740966797,173.43334053564186,169.88578842969076,170.74437274440535,27751400
2020-02-07,173.4993896484375,175.1410770270383,172.16905751732648,172.51816064750537,33529100
2020-02-10,178.03765869140625,178.16974753059193,172.8956093420017,173.20696469078302,35844300
2020-02-11,174.01832580566406,179.924602910482,173.1314376634959,179.87742525250712,53159900
2020-02-12,174.2730712890625,175.34865565201176,171.57467341056173,175.09390781966596,47062900
2020-02-13,173.32965087890625,175.70725035631924,172.53710332316263,172.73524381125003,35295800
2020-02-14,174.87692260742188,174.93353004235755,172.32947286250848,172.89557600506723,23149500
2020-02-18,176.65066528320312,177.09410933712462,175.01842203596405,175.12220712085204,27792200
2020-02-19,177.18048095703125,178.0319405494964,176.41416443662806,177.91841645341376,29997500
2020-02-20,174.4747314453125,177.15211900829618,171.33377748279395,176.86829430160537,36862400
2020-02-21,168.9591522216797,173.60437352839702,167.69141802674864,173.29216774559882,48572600
2020-02-24,161.6743621826172,165.1369917090435,154.42744187826224,158.72261999532847,68311100
2020-02-25,159.0064697265625,165.41137248279898,158.60910642870195,164.80588644043308,68073300
2020-02-26,160.99317932128906,163.9165403125389,159.13888503210237,160.5579939912632,56206100
2020-02-27,149.6497802734375,158.02252986335748,149.46056861111845,154.51260805417675,93174900
2020-02-28,153.2732391357422,154.88157433959893,143.8030562222492,144.1909495095758,97012700
2020-03-02,163.47190856933594,163.5949026496789,153.55706992157735,156.3952882488152,71030800
2020-03-03,155.63841247558594,165.56272015494937,153.50974893073658,164.42743581821443,71677000
2020-03-04,161.35269165039062,161.49459677203134,156.6885460281868,159.40378432160293,49814400
2020-03-05,157.30352783203125,161.65545403204987,156.75480387804353,157.09539066203848,47817300
2020-03-06,152.85694885253906,154.3138942279223,147.58731781911428,153.84085795286106,72821100
2020-03-09,142.49745178222656,149.24295410550792,141.9108913840012,142.85696399322785,70419300
2020-03-10,152.24200439453125,152.34607296024774,144.35176220231784,149.63084915826624,65354400
2020-03-11,145.3451690673828,149.19567786157322,142.99889812654817,148.65642387157212,56371600
2020-03-12,131.5608673095703,145.19377837676913,131.1067564557763,137.46436615258762,93226400
2020-03-13,150.2646942138672,153.17859919394692,133.1407764964393,139.54569124869116,92727400
2020-03-16,128.11721801757812,141.29602386362046,127.71986904619045,132.45023456641974,87905900
2020-03-17,138.66586303710938,139.54570359494014,127.71979651062317,132.45015934434994,81059800
2020-03-18,132.82862854003906,138.1266425206825,127.73876618687149,130.5580593688643,81593200
2020-03-19,135.0140380859375,142.05280667661373,131.5041021024752,135.0708001368095,85922700
2020-03-20,129.94309997558594,139.16730942925798,128.53344635957905,138.126623613961,84866200
2020-03-23,128.64694213867188,132.98942614254727,125.37353917862465,129.62139571659822,78975200
2020-03-24,140.34039306640625,141.53245367137308,133.6516679084339,135.99792369782372,82516700
2020-03-25,138.99703979492188,146.00744400632377,136.65078285830256,140.87973021265088,75638200
2020-03-26,147.69142150878906,148.211764422316,140.36881303206195,140.39719406044296,64568100
2020-03-27,141.62704467773438,146.53716306538357,141.15400844672263,143.56649611206657,57042300
2020-03-30,151.58921813964844,151.93927483997578,141.92035440787237,144.21931847637944,63420300
2020-03-31,149.20513916015625,155.89386596934028,148.11714684043403,150.80398997511287,77927200
2020-04-01,143.90708923339844,149.2429375812106,142.68666205442855,144.74909318494593,57969900
2020-04-02,146.88722229003906,147.09535941069365,142.2514724629254,143.67058132052205,49630700
2020-04-03,145.53436279296875,148.8929237102213,143.9828041677828,146.73587914437556,41243300
2020-04-06,156.35740661621094,157.521071752868,149.08210675823807,151.67435061344497,67111700
2020-04-07,154.6733856201172,160.83231189639517,154.45577856898353,160.4444187383773,62769000
2020-04-08,156.2250518798828,157.68199806717024,154.68294814432875,156.7359249898349,48318200
2020-04-09,156.23443603515625,158.34417399168134,154.52204685726437,157.38864581705784,51385100
2020-04-13,156.58448791503906,156.641264403409,153.54760262178084,155.48705455059172,41905300
2020-04-14,164.33282470703125,164.38013122910206,158.94021321720373,159.88628591492517,52874300
2020-04-15,162.61099243164062,164.20985772371654,160.11336089467187,161.9676554409461,40940800
2020-04-16,167.49269104003906,167.7197536667839,163.57595095320664,164.9004612886677,50479600
2020-04-17,168.96859741210938,170.2930934758854,166.38580843385955,169.82005710511905,52765600
2020-04-20,165.6195068359375,169.110517878392,165.55328924470845,167.10484810402983,36669600
2020-04-21,158.76991271972656,164.30442883992933,157.1521222009458,164.14359822815481,56203700
2020-04-22,164.1625518798828,164.61666276960204,161.60815827581536,162.14741225062102,34620200
2020-04-23,162.17581176757812,165.6195164820533,161.693319794491,164.72075013096483,32790800
2020-04-24,165.13699340820312,165.14644893831272,161.50407768863286,162.78126717777104,34277600
2020-04-27,164.6639404296875,167.36023870290072,163.95438597316996,167.06695850395437,33194400
2020-04-28,160.65257263183594,166.19655818752892,160.25522390495402,166.12087065346748,34392700
2020-04-29,167.8616485595703,168.09816670121606,162.61095736377231,163.87869113837226,51286600
2020-04-30,169.54566955566406,170.67148377407221,166.72636293755244,170.29306052505186,53875900
2020-05-01,165.15591430664062,169.00642259892936,164.6261014808525,166.31957965837367,39370500
2020-05-04,169.19561767578125,169.34699275403744,164.4274181980878,165.0802105916358,30372900
2020-05-05,171.01206970214844,173.74621880637977,170.1984467280906,170.87962012199586,36839200
2020-05-06,172.6960906982422,174.2665747211143,171.83517558038187,172.26090537465083,32139300
2020-05-07,173.69894409179688,174.5977102209606,172.73394594797495,174.23819799492594,28316000
2020-05-08,174.720703125,175.02345332485953,173.47189464038965,175.0045278283873,30877800
2020-05-11,176.66961669921875,177.39808226581636,172.98939456730636,173.27320482134522,30892700
2020-05-12,172.66773986816406,176.95344845601588,172.46907266619553,176.72640022519468,32038200
2020-05-13,170.05657958984375,174.12469536846862,167.01967966093866,172.7055862202919,44711500
2020-05-14,170.79446411132812,170.94583917314944,166.20600679682212,167.96570219171386,41873900
2020-05-15,173.2826385498047,176.97231543994963,167.45482862020927,169.4037356153074,46610400
2020-05-18,174.9383087158203,176.15873616301894,174.03954252621836,175.73300632962054,35264500
2020-05-19,173.72727966308594,176.5371158497052,173.59483010434613,175.0517752504839,26799100
2020-05-20,176.13702392578125,176.31728065263576,174.5052459973766,175.3306168244194,31261300
2020-05-21,174.0214385986328,177.09525661913764,173.88862010567996,175.89039384126738,29119500
2020-05-22,174.09732055664062,174.99860432695908,173.17707305777867,173.79374166252967,20826900
2020-05-26,172.25686645507812,176.93398853317638,171.8109726717298,176.78219182477463,36073600
2020-05-27,172.48452758789062,172.65530248461448,167.54176906562353,170.95710776267882,39517100
2020-05-28,172.0955352783203,174.70448091194282,171.12786404793408,171.46939932810795,33810200
2020-05-29,173.8506317138672,174.8183173188777,171.15630616184887,173.35729981066802,42130400
2020-06-01,173.45220947265625,173.61348802494285,172.15248471379252,173.1770761664217,22622400
2020-06-02,175.42555236816406,175.51093259082862,172.0481551166513,174.79940178302797,30794600
2020-06-03,175.85243225097656,176.40268436775008,174.1637339681085,175.34013654287895,27311000
2020-06-04,173.53756713867188,176.3077911894076,172.94937314484073,174.84678806804004,28761800
2020-06-05,177.59805297851562,178.10086682904225,172.67425840814317,173.25297060087948,39893600
2020-06-08,178.6985321044922,178.87878883238318,174.9796007158058,176.40266186089056,33211600
2020-06-09,180.064697265625,180.91852827671923,177.65497196351984,178.35702076730806,29783900
2020-06-10,186.74356079101562,188.3373967476079,181.21259492226793,181.32644965381985,43872300
2020-06-11,176.71580505371094,185.71903276484798,176.52606638990972,183.22394110740433,52854700
2020-06-12,178.1103515625,181.8862033655673,175.68164819844708,180.76672098608847,43373600
2020-06-15,179.248779296875,181.03235384944128,174.5716442657707,175.1124144347992,32770200
2020-06-16,183.64129638671875,185.54819302875526,181.63952321525466,182.99616783408825,42556700
2020-06-17,184.27696228027344,186.25027574878882,183.7551702253078,185.02643488567597,25687800
2020-06-18,186.25025939941406,186.4115379338591,184.04925109754151,184.04925109754151,23061600
2020-06-19,185.14028930664062,189.06793833918633,184.400298508924,188.4038458894573,44441100
2020-06-22,190.2823028564453,190.46254515240918,185.21619293576407,185.74746691069572,32818900
2020-06-23,191.55355834960938,193.48891551805355,191.09816827081005,191.72431877206205,30917400
2020-06-24,187.6923370361328,192.8248494174064,186.4779922790731,191.25948742661063,36740600
2020-06-25,190.0641326904297,190.32028787065366,185.44392995969915,187.65442105125143,27803900
2020-06-26,186.259765625,189.6371623789604,184.88414249446612,189.48536568805383,54675800
2020-06-29,188.26153564453125,188.3469158529833,183.62235612896023,185.73796999200283,26701600
2020-06-30,193.0714569091797,193.9158059998674,187.59742509113957,187.73024356126592,34310300
2020-07-01,194.200439453125,195.7658156516249,191.4207331819274,192.72045793900065,32061200
2020-07-02,195.680419921875,197.3501545246881,194.48505358442102,195.1301677892324,29315800
2020-07-06,199.89266967773438,200.30062143506157,197.4165424949141,198.1185912644786,31897600
2020-07-07,197.568359375,203.65906048150194,197.3217006083153,199.65551321746923,33600700
2020-07-08,201.91342163085938,202.3213589127099,197.9857731079921,199.29499410765712,33600000
2020-07-09,203.3269805908203,205.28131555395652,200.62315866150968,205.23387728787407,33121700
2020-07-10,202.71034240722656,203.09931598071202,200.25319330353184,202.66290413404784,26177600
2020-07-13,196.44883728027344,204.7310483657811,195.9080671439751,203.47874771927465,38135600
2020-07-14,197.66319274902344,198.137546449428,191.6673550273695,195.55706116113717,37591800
2020-07-15,197.36911010742188,200.49036601836565,194.51350562552136,198.8111496204807,32179400
2020-07-16,193.46047973632812,195.14917834786672,191.9330597027307,194.86456313191647,29940700
2020-07-17,192.47381591796875,194.52301347474997,191.06023628416662,193.9822576326965,31635300
2020-07-20,200.7465362548828,201.4106286872803,192.59712687547508,194.48506023255374,36884800
2020-07-21,198.04269409179688,202.9664884191698,197.3596235217493,202.70085147260994,37990400
2020-07-22,200.88880920410156,201.41060121414287,197.70115148727237,198.46960223109352,49605700
2020-07-23,192.1511993408203,200.10137235400663,191.78120401670046,196.56269764115507,67457000
2020-07-24,190.974853515625,192.4548351386783,187.37924340277607,190.13998614831087,39827000
2020-07-27,193.39401245117188,193.50785270867794,190.55737206725937,191.13608416979247,30160900
2020-07-28,191.6578826904297,194.20041170242473,191.3922457630907,193.1663240584175,23251400
2020-07-29,193.59324645996094,194.15298040006812,191.6483932266433,192.11326510422728,19632600
2020-07-30,193.4414520263672,193.97274038237816,189.33356132079433,190.69020608720186,25079600
2020-07-31,194.49452209472656,194.5799167727827,188.80227701479487,193.91580993255508,51044000
2020-08-03,205.43310546875,206.47668945732616,199.64599869209448,200.67060447829826,78983000
2020-08-04,202.34982299804688,203.75392056729805,199.5226786078573,203.18469025802023,49280100
2020-08-05,202.01779174804688,203.9721270209977,200.7180670128789,203.8772504737923,28806400
2020-08-06,205.25286865234375,205.2718323790918,200.6990698627939,201.44854240090544,32656800
2020-08-07,201.5813751220703,204.6362145752695,200.11087553199408,203.82982184764134,27820400
2020-08-10,197.568359375,201.01217262455825,195.7658207101696,200.8129376573723,36716500
2020-08-11,192.94813537597656,196.99910596543356,192.7204403652862,196.53424855661615,36446500
2020-08-12,198.4601287841797,199.4942165085806,194.2478650715753,194.76016076380623,28013100
2020-08-13,197.99526977539062,200.5093535572689,197.47347770925523,198.69731859856634,22588900
2020-08-14,198.18499755859375,198.83960807157098,196.86629466872947,198.05217908321634,17958900
2020-08-17,199.49420166015625,200.35752891493178,198.2039589476091,198.84908754194612,20184800
2020-08-18,200.6421356201172,201.46750643555848,198.4790838805201,199.73137013580597,21336200
2020-08-19,199.4249267578125,201.7073380929286,198.9969791672048,201.1272268444215,27627600
2020-08-20,204.0657958984375,204.46521457627492,198.67362198094685,199.27274274214116,26981500
2020-08-21,202.58221435546875,205.65394317773766,202.42054594494113,203.3810516231777,36249300
2020-08-24,203.2193603515625,204.95969353187164,202.021090073676,204.26545250984773,25460100
2020-08-25,205.86317443847656,205.99631398949958,202.65830591741502,202.65830591741502,23043700
2020-08-26,210.31385803222656,211.20780126292092,206.70957075245423,207.20409531837257,39600800
2020-08-27,215.477783203125,219.82384972072043,208.64958927330213,211.96858760041155,57602200
2020-08-28,217.69358825683594,219.3388155145878,215.47775473653246,216.9993472514701,26292900
2020-08-31,214.47923278808594,217.49390391341316,213.3190105239383,215.87720527831104,28774200
2020-09-01,216.13397216796875,216.30514535953128,213.4331186639683,214.46020134670846,25725500
2020-09-02,220.29933166503906,221.45004902915983,216.21003979403585,216.7996556522302,34080800
2020-09-03,206.65249633789062,218.07401180492377,204.42715773754352,218.03597815421034,58400300
2020-09-04,203.751953125,207.66056760203185,195.13588685722308,204.56030973531264,59664100
2020-09-08,192.7298583984375,199.73873084324882,192.2923915711213,196.3816986090303,52924300
2020-09-09,200.93702697753906,204.31308396863093,196.57193517347744,197.4278449167671,45679000
2020-09-10,195.30702209472656,204.2179091134677,194.1087663570984,202.9435570623291,35461500
2020-09-11,194.03268432617188,198.40729363618516,191.37939858486314,197.04735500062918,33620100
2020-09-14,195.34510803222656,198.9493952369475,194.03272208163065,194.23243866542157,30375800
2020-09-15,198.54995727539062,199.5009581300524,196.79059988981783,198.20759638726756,21823900
2020-09-16,195.00274658203125,200.3283431648329,194.6128327120966,200.29981429738623,26328100
2020-09-17,192.96759033203125,194.3180098283197,190.16214066313728,190.24772725890895,34011300
2020-09-18,190.57107543945312,193.6713332416722,186.6339321767802,192.8629911592998,55225300
2020-09-21,192.61570739746094,192.7773903131104,186.75755314054098,187.52786151375366,39839700
2020-09-22,197.25660705566406,197.9032952203945,192.17826567778008,195.01224432710944,33517100
2020-09-23,190.7612762451172,197.90330263555938,190.2287180372216,197.7130908374914,30803800
2020-09-24,193.23388671875,195.49727363931507,189.4393876774126,190.05754700595773,31202500
2020-09-25,197.63697814941406,198.79718568670492,192.6156809581105,193.57620097997778,29437300
2020-09-28,199.17764282226562,202.15428046222738,197.8652568576087,200.54708652258188,32004900
2020-09-29,197.1044158935547,199.7767402673034,196.67646844596257,199.0920185467079,24221900
2020-09-30,200.0239715576172,201.5931168500027,196.41967091199885,197.551364024827,33829100
2020-10-01,202.04962158203125,203.50465153877147,200.96548132973228,203.02915117353297,27158400
2020-10-02,196.08688354492188,200.6516908987254,195.46872423543033,197.80819290175853,33154800
2020-10-05,200.0715789794922,200.10010784631453,196.83816713211058,197.06641257781172,21331600
2020-10-06,195.82061767578125,199.88138146216883,194.7840300775394,198.58803404418717,28554300
2020-10-07,199.5485076904297,199.81478676432883,196.5908945021514,196.9142313045831,25681100
2020-10-08,200.2617645263672,200.84187563629666,198.1125077886739,200.19518750026828,19925800
2020-10-09,205.23550415039062,205.2830570981348,200.87991823945055,200.87991823945055,26458000
2020-10-12,210.5515899658203,212.89105852593914,206.18649938983765,208.06947707751453,40461400
2020-10-13,211.9400634765625,214.17492142049753,209.6291237184592,211.80692392954865,28950800
2020-10-14,210.03802490234375,213.23338798265985,208.39279767832116,212.0731659140789,23421700
2020-10-15,208.89683532714844,209.56253297254858,205.4256737650071,206.4622756461877,22733100
2020-10-16,208.89683532714844,211.39795751708903,208.5734985438284,209.36281642336837,26057900
2020-10-19,203.723388671875,211.40747673142792,203.24788828089612,209.61959061778887,27625800
2020-10-20,204.13233947753906,206.71906311300145,202.64878038007848,205.22599923044717,22753500
2020-10-21,204.27499389648438,206.29111113797111,202.67730485689108,202.67730485689108,22724900
2020-10-22,204.3605499267578,205.47321905932836,201.3268552222806,203.4475828248149,22351500
2020-10-23,205.63490295410156,205.68245589725836,202.71533798662145,204.49370487394282,18879600
2020-10-26,199.78627014160156,205.7395305315812,197.90329242904681,203.37154758566112,37111600
2020-10-27,202.8009490966797,204.1513686811001,200.0240281118137,201.2222840641838,36700300
2020-10-28,192.7488555908203,198.607024621871,192.19728783819525,197.49435530937347,51195600
2020-10-29,194.6888885498047,197.1995301279508,193.40503164153142,194.0707438227818,31432600
2020-10-30,192.5491485595703,194.27996260842124,189.8387902580295,193.52867830113843,36953700
2020-11-02,192.41603088378906,195.2214808850895,190.31431232371153,194.27998468668173,30842200
2020-11-03,196.31509399414062,197.92228771553013,193.16728357467176,193.89955827547783,27512000
2020-11-04,205.78709411621094,207.62253348770093,202.0116191998531,203.53322651784097,42311800
2020-11-05,212.3489532470703,213.13828561895033,210.31381220177101,211.16020229745342,36080100
2020-11-06,212.7579345703125,213.36657460037193,207.3467368207677,211.3694667927054,25231900
2020-11-09,207.68910217285156,216.94233758860318,207.20409690001915,213.44266096892412,44395000
2020-11-10,200.6707000732422,205.8917003784362,199.4439152641953,203.9896985273652,44045100
2020-11-11,205.93922424316406,207.35620613498025,201.8023649968637,201.98305746897677,29440800
2020-11-12,204.8836669921875,208.3738390780917,203.95169003331475,206.56694290113697,21593900
2020-11-13,205.90122985839844,206.7666442870984,203.6663861220281,205.7585855069091,18621100
2020-11-16,206.58592224121094,207.07094198920106,204.00871791849252,204.34155952810386,24953300
2020-11-17,203.95166015625,207.01386971538886,203.59027516934893,205.51130105759668,24154100
2020-11-18,201.26283264160156,205.1626063829174,201.1198002972269,203.71329634478465,28372800
2020-11-19,202.5404815673828,203.12211144423998,200.16628461776338,201.54885769573278,24792700
2020-11-20,200.6049041748047,203.37002133531357,200.23304339047263,202.3307199828359,22843100
2020-11-23,200.33790588378906,202.41650835982227,198.47860216689892,201.13883447735535,25683500
2020-11-24,203.9134979248047,204.28535867251247,199.14604498028865,199.84208903643668,33979700
2020-11-25,203.9230499267578,205.27700496539273,202.57863910648877,205.10538362416776,21012900
2020-11-27,205.21978759765625,206.21142601667475,204.08513140142963,204.85747104569143,14512200
2020-11-30,204.11375427246094,204.77165061209422,201.03396893960857,204.14235782857054,33064800
2020-12-01,206.15423583984375,207.21261112545957,203.4272517872102,204.53328996973545,30904500
2020-12-02,205.35328674316406,205.44864163250293,202.90282321758022,204.88608561309852,23724500
2020-12-03,204.27584838867188,206.31631786058674,203.71327783050998,204.62863528432734,25120900
2020-12-04,204.39028930664062,205.36285400037403,203.2651625924951,204.2568011760588,24666000
2020-12-07,204.32347106933594,205.5153341839875,203.08394506938657,204.39975205456687,24620000
2020-12-08,205.96351623535156,206.85979980104426,202.98862997399976,204.01840165272458,23284100
2020-12-09,201.94931030273438,205.21977604983914,201.38675434522085,205.15303927393487,32440600
2020-12-10,200.72885131835938,203.16978500107612,200.57628932591146,201.92071460477283,26733300
2020-12-11,203.34141540527344,203.3986370668293,199.38443493743736,200.28071849667674,30979400
2020-12-14,204.23773193359375,206.15425780448263,202.9791316093424,203.18890075490353,28798400
2020-12-15,204.17095947265625,205.40095602118834,202.36886270906425,205.16258335643218,27000600
2020-12-16,209.0814666748047,209.87286580443688,204.73355084622102,204.76215440700523,35023300
2020-12-17,209.2148895263672,210.6165217639002,207.7846537369752,209.64395735336262,32515800
2020-12-18,208.42352294921875,209.47236851032108,205.97305948244417,208.42352294921875,63354900
2020-12-21,212.2374725341797,213.5818977933264,207.1744396955976,207.4318862354392,37181900
2020-12-22,213.52467346191406,215.13607479940188,211.53188172877358,212.33281028911077,22612200
2020-12-23,210.740478515625,213.16233803150052,210.53070943758334,212.7332702079101,18699600
2020-12-24,212.3900146484375,213.2100170826922,210.91210142344104,211.12187050307205,10550600
2020-12-28,214.4972381591797,215.51746547086722,212.64746418476392,214.01094867262256,17933500
2020-12-29,213.72494506835938,216.61402086713673,213.18146290824112,215.78448857316525,17403200
2020-12-30,211.36978149414062,215.13608086568783,211.16955662296598,214.75467591016954,20272300
2020-12-31,212.07537841796875,212.62840471424002,209.46280892505516,211.38886401908798,20942100
2021-01-04,207.5653533935547,212.628385721211,204.81929604332316,212.18024401338542,37130100
2021-01-05,207.76565551757812,208.35682975255156,205.66797850568545,207.15542194049814,23823000
2021-01-06,202.37838745117188,206.42119298469675,202.08280768192805,202.30210645441338,35930700
2021-01-07,208.13748168945312,209.1386498496108,203.77050701978357,204.0851461523831,27694500
2021-01-08,209.40562438964844,210.32098186986488,206.93608695061204,208.50934079732144,22956200
2021-01-11,207.37469482421875,208.72864985432813,206.65003259041848,208.30911162404655,23031300
2021-01-12,204.9337615966797,207.00284934438994,203.39865544372427,206.4307490700466,23249300
2021-01-13,206.27818298339844,206.6786473478846,203.98026681062188,204.06609203445853,20087100
2021-01-14,203.11256408691406,207.34606452038847,202.8455878928311,205.86815123585768,29480800
2021-01-15,202.75979614257812,204.53328946684098,202.16863655086178,203.58934296382472,31746500
2021-01-19,206.37353515625,206.88841374691182,202.740737816412,203.80864277429654,30480900
2021-01-20,213.90609741210938,215.2886559996151,207.18398515320732,207.5749198269977,37777300
2021-01-21,214.50680541992188,215.77494980554735,212.07540120835768,214.24935885539745,30709400
2021-01-22,215.44119262695312,219.3695836914555,215.29817486027105,216.51864163299658,30172700
2021-01-25,218.85472106933594,219.09309374636427,213.79168773711206,218.4637863872222,33152100
2021-01-26,221.5244598388672,223.28840861584396,219.3791061148144,221.07631811924728,49169600
2021-01-27,222.06797790527344,229.25730592090014,219.43634881456967,226.9307862882382,69870600
2021-01-28,227.81748962402344,231.35494595830795,224.15608941190865,224.6519085705631,49111200
2021-01-29,221.17172241210938,226.94987407210942,220.59009246833065,225.01428899918173,42503100
2021-02-01,228.50401306152344,231.22146705062914,221.61980986829332,224.1274947645994,33314200
2021-02-02,228.37054443359375,231.040321211228,227.5886896521305,230.0773008751623,25916300
2021-02-03,231.6982421875,233.69103427666695,228.1321816996905,228.427776040609,27158100
2021-02-04,230.75428771972656,231.9270918000538,229.19056349507096,231.37406542742858,25296100
2021-02-05,230.93544006347656,231.96521174500666,229.23822781496764,230.96404361998185,18054800
2021-02-08,231.19287109375,232.34658659294607,229.61007317756622,231.84123772980857,22211900
2021-02-09,232.43238830566406,233.37633460972975,230.15354654314694,230.62074758686083,23565000
2021-02-10,231.52659606933594,234.48240822021572,229.68635163313002,233.6051986080707,22186700
2021-02-11,233.11895751953125,233.74825035400383,230.88777811855226,233.39546343401466,15751100
2021-02-12,233.595703125,233.89128292843307,231.44080472737835,232.58499071287687,16561100
2021-02-16,232.3656768798828,234.68266680852793,231.6219553099753,233.6338212360362,26728500
2021-02-17,233.37869262695312,233.4838187487911,230.2631591892616,230.62632480699676,21653500
2021-02-18,232.98683166503906,233.12062720680663,230.18667690425352,231.08502464867303,16925600
2021-02-19,230.2918243408203,233.05375830942427,229.53682368458402,232.94863218954157,25262600
2021-02-22,224.11807250976562,227.38651912425996,222.1015730817524,226.899124179311,36446900
2021-02-23,222.93304443359375,224.4239133780641,218.5942185745613,220.1233231539587,30228700
2021-02-24,224.15631103515625,224.7775015366936,218.85224710793744,219.81748539347333,26339700
2021-02-25,218.8426971435547,224.1945337785198,217.78188435010034,221.79576547197954,39542200
2021-02-26,222.08248901367188,224.93998302961114,219.36832759287157,221.2701494526982,37819200
2021-03-01,226.44039916992188,226.9469119322539,222.8183385683915,225.4464768789382,25324000
2021-03-02,223.50643920898438,226.78445210469692,223.10505255325617,226.50729480119938,22812500
2021-03-03,217.47605895996094,223.22929686707522,217.18935003891934,221.87222352894128,34029500
2021-03-04,216.68283081054688,222.18759526620298,214.32228361038455,216.69239700995695,44727800
2021-03-05,221.33705139160156,222.93304647278703,216.4248222073289,219.34922125325087,41872800
2021-03-08,217.3135986328125,223.0286010289096,217.06512533998108,221.11722762448446,35267400
2021-03-09,223.42044067382812,224.9495452618804,221.40394110736247,222.56032845718752,33080500
2021-03-10,222.1206817626953,226.49772821826227,221.75751618181397,226.49772821826227,29746800
2021-03-11,226.62200927734375,228.571603879023,223.92696557628574,224.54817072866422,29907600
2021-03-12,225.3031768798828,225.370081959634,222.8948419134509,223.64027649643293,22653700
2021-03-15,224.40476989746094,224.76793547462583,221.53771007593699,224.54813163810934,26034900
2021-03-16,227.17633056640625,229.42218594435104,225.48476073616115,225.80969076967455,28092200
2021-03-17,226.5359649658203,227.97906119030745,222.8948010361049,225.68540440109052,29562100
2021-03-18,220.4960174560547,223.812251183883,220.1233002587038,222.25447733162704,34833000
2021-03-19,220.14244079589844,222.16849196675588,219.18675408019257,220.78274914550676,46430700
2021-03-22,225.532470703125,226.40213436741084,219.94169863887137,220.0659425548919,30127000
2021-03-23,227.0520782470703,230.368312705393,226.56468321474753,226.96606993241753,31638400
2021-03-24,225.02598571777344,227.45342339988957,224.89219016966658,227.3100762349969,25620100
2021-03-25,222.04420471191406,226.44036857962652,221.30833658385814,224.87304325492036,34061900
2021-03-26,226.0008087158203,226.22062717768958,221.28927982619135,221.28927982619135,25479900
2021-03-29,224.8157196044922,226.30658835779485,221.60461206560177,226.1058877567179,25227500
2021-03-30,221.57595825195312,223.48733157452293,220.85919325598945,223.1815048432536,24792000
2021-03-31,225.3222198486328,228.5046577799914,222.09199467370163,222.58895575814168,43623500
2021-04-01,231.61074829101562,232.0790255841072,227.50129130983493,227.90267809646753,30338000
2021-04-05,238.03286743164062,238.88342791865526,231.94513389980173,232.00247276233438,36910600
2021-04-06,236.87649536132812,238.3482463965933,235.93992652070483,236.63757369710436,22931900
2021-04-07,238.82608032226562,239.81043637350302,236.23617775031423,236.82869878782242,22719800
2021-04-08,242.02764892578125,242.87820947789177,240.83304058952368,241.5689234077923,23625200
2021-04-09,244.51246643066406,244.646261995429,241.25357103856228,241.66450935083208,24326800
2021-04-12,244.56980895996094,246.25182703657708,243.33696483947543,243.42298773302826,27148700
2021-04-13,247.03546142578125,247.70445382432965,245.4490179032841,245.85998537594716,23837500
2021-04-14,244.26397705078125,247.36039284010613,243.85303874101194,246.0702390380511,23070900
2021-04-15,248.00074768066406,248.41168604324963,246.309192386725,246.500312265364,25627500
2021-04-16,249.18576049804688,249.43424839254266,246.1849191890606,247.97204879271342,24878600
2021-04-19,247.2744140625,249.893015946749,246.39519846521125,248.66017170495928,23209300
2021-04-20,246.81564331054688,248.6696777428783,245.45855543622233,246.39513885175572,19722900
2021-04-21,249.0328369140625,249.12841142074208,245.8504129148692,247.4655258324469,24030400
2021-04-22,245.77398681640625,250.1796889584141,244.31177259860783,248.6792536850278,25606200
2021-04-23,249.57757568359375,249.92163806126072,245.86950662395327,246.45249067643994,21462600
2021-04-26,249.95985412597656,250.81042932030428,248.6410309291481,250.0649948328601,19763300
2021-04-27,250.3612060546875,251.527144809431,248.59318010848577,249.98847430178904,31014200
2021-04-28,243.2795867919922,245.171856823487,241.74093073064057,244.7322199736426,46903100
2021-04-29,241.3204345703125,244.7513607810362,237.96597962533752,244.13972189863736,40589000
2021-04-30,241.00506591796875,241.86519270079532,238.53940705534927,238.6732026105505,30945100
2021-05-03,240.6992645263672,243.07892977459548,239.99205108430252,242.17101569943725,19626600
2021-05-04,236.8095703125,240.07803123597864,234.8695277293232,239.8486612079356,32756100
2021-05-05,235.54808044433594,238.44380971230865,234.9268899795364,238.0233052697771,21901300
2021-05-06,238.6636505126953,238.78789445794553,233.84699565822487,235.52899910622892,26491100
2021-05-07,241.27268981933594,243.03114998686556,240.03984571236424,240.9764146694537,27032900
2021-05-10,236.2266082763672,240.57498525028228,236.16926941322524,239.75309418580025,29299900
2021-05-11,235.31871032714844,235.67232428967642,231.82090841094862,233.71316381907252,33641600
2021-05-12,228.40911865234375,233.5507177051827,227.52033703130473,231.43864370631172,36684400
2021-05-13,232.2605743408203,234.7166965487015,230.72191792668391,231.0850835966739,29624300
2021-05-14,237.1536865234375,238.13804281452326,234.61157057956143,234.6975788964235,23901100
2021-05-17,234.31524658203125,235.66276826258542,232.728817820849,235.6245472128188,24970200
2021-05-18,232.308349609375,235.49078841035117,232.13631840202916,235.35699284135924,20168000
2021-05-19,232.88308715820312,232.98845603876603,228.55341861359128,229.23351488389122,25739800
2021-05-20,236.10159301757812,237.50969767500212,233.59191664793866,233.68771184739012,21800700
2021-05-21,234.84674072265625,237.8736876013957,234.43485354561165,237.14569382470793,21863100
2021-05-24,240.22052001953125,240.58452421046962,237.08820432202634,237.35641332073013,21411500
2021-05-25,241.1209716796875,242.10760089186203,240.25887330938028,241.16886928165923,17704300
2021-05-26,240.90060424804688,242.28954668456396,240.1917579060202,240.84311836926693,17771600
2021-05-27,238.81243896484375,240.89106621746035,238.7549676903661,240.5941215551288,24426200
2021-05-28,239.16680908203125,241.46576193477253,239.0518665550967,240.43123534348288,18270200
2021-06-01,236.98281860351562,240.70902330225366,236.56135779002153,240.65155203751777,23213300
2021-06-02,236.88706970214844,238.77412110013952,235.48853873601223,237.68212307529706,19406700
2021-06-03,235.36404418945312,235.96750722171058,232.76814608791946,234.89467106098934,25307700
2021-06-04,240.23013305664062,241.0539221494448,237.088243171596,237.32771657512865,25281100
2021-06-07,243.12294006347656,243.39114906663502,239.2913661711621,239.45420630763013,23079200
2021-06-08,241.93515014648438,245.23030587769338,241.8776642631127,244.4160906173062,22455000
2021-06-09,242.91220092773438,244.7705165933857,242.54821134914607,243.1229386598986,17937600
2021-06-10,246.40850830078125,246.61924603470985,242.98883619347527,243.58272547111343,24563600
2021-06-11,247.0311737060547,247.60588643152087,245.80504193815267,247.12693967190552,18999700
2021-06-14,248.9469451904297,249.00441645938554,245.98702867626147,247.04071732809936,19150500
2021-06-15,247.48133850097656,249.0427095066787,246.82997796871686,248.83197177770197,18038900
2021-06-16,246.5426025390625,249.60784381199792,243.70723170634307,248.47753664071396,27220000
2021-06-17,249.9143829345703,250.72859817343692,245.23029939600022,245.2877706615591,27565500
2021-06-18,248.50628662109375,251.25543610006036,247.8549261016525,248.6978770009707,37202200
2021-06-21,251.571533203125,252.42404307695548,247.05986374534035,248.87985524946583,26696100
2021-06-22,254.33030700683594,254.59851601169785,251.35124308569456,251.6577760148479,24694100
2021-06-23,254.1003875732422,255.5946990320162,253.29576057487068,254.7900720336447,19518700
2021-06-24,255.46058654785156,256.5717463708945,254.29195546090864,254.9529042283444,21446900
2021-06-25,253.8608856201172,255.996998318781,253.61185322675826,255.01995762348398,25611100
2021-06-28,257.4051818847656,257.5775957253318,254.71350307641555,254.98171212816092,19590000
2021-06-29,259.9722595214844,260.21173286835983,256.69628050647634,257.5487904204081,19937800
2021-06-30,259.49334716796875,259.9339699994056,258.2480972924599,259.29219771509827,21656500
2021-07-01,260.163818359375,260.3937033900851,258.24803181657046,258.25759087112823,16725300
2021-07-02,265.95904541015625,266.29431388206353,261.02590119734646,261.3324340420949,26458000
2021-07-06,265.9687194824219,267.6067092239565,262.75018203961656,266.32313540922155,31565600
2021-07-07,268.14306640625,268.87107467397936,265.48012418215734,267.63538412285556,23260000
2021-07-08,265.73876953125,266.99360740328524,263.29612410075583,265.24064631130216,24618600
2021-07-09,266.2369079589844,266.3422622068924,263.72723179599774,264.1103833296634,23916700
2021-07-12,265.6429748535156,267.98979588025134,264.9341139390114,267.4054950035508,18931700
2021-07-13,269.14886474609375,270.9401205051956,265.7100313735913,265.8345329448103,26120100
2021-07-14,270.6145324707031,271.71610427305967,268.73703995210985,270.4612659855572,23113700
2021-07-15,269.1968078613281,270.6145007583491,268.04732397373385,270.1259657212331,22604200
2021-07-16,268.9286193847656,272.1375686860977,267.6929284961445,270.19304591114116,26186800
2021-07-19,265.3460388183594,268.5645463527231,262.8938342495344,267.18517762868595,32935600
2021-07-20,267.55877685546875,269.13929503242093,264.6276255505508,266.32308625199624,26259700
2021-07-21,269.5511779785156,269.66612050122745,265.6142504127117,267.1564446467367,24364300
2021-07-22,274.0916442871094,274.35985328231106,271.4861729483263,271.8884718248349,23384100
2021-07-23,277.47308349609375,277.779587266143,274.4365475767936,275.2699104262512,22768100
2021-07-26,276.8790588378906,277.49212460846854,274.57056160813,276.83117586382014,23176100
2021-07-27,274.4747619628906,277.3867366280159,271.035928428635,277.2430584755565,33604100
2021-07-28,274.1683349609375,277.9328501720767,271.8789549948285,276.82168997630873,33566900
2021-07-29,274.4365234375,276.4672532443601,274.0341952528421,274.18746174068355,18168300
2021-07-30,272.9134521484375,274.5897658444149,271.95555860787897,273.1625138234118,20944800
2021-08-02,272.82720947265625,274.69508409233026,271.7926682142206,274.3023442842748,16267400
2021-08-03,275.0304260253906,275.135809530106,272.04180245033456,273.402024324928,17879000
2021-08-04,274.446044921875,275.4805569222393,272.66434801294275,274.1682476532474,16191300
2021-08-05,277.329345703125,277.4347292005121,274.0533659477351,274.8005217895427,13900200
2021-08-06,277.2718200683594,277.3101439901318,275.50929969046035,276.3618388625209,16589300
2021-08-09,276.1894226074219,279.2738408759265,275.6913285064386,277.549644252639,16117600
2021-08-10,274.3790588378906,277.07073764983113,273.19128006894726,276.6396738152466,18616600
2021-08-11,274.8674621582031,276.5054513255652,273.8233328579722,275.1164945090813,13955900
2021-08-12,277.6070861816406,277.76035263480225,274.28319488720257,274.56099216059465,14561300
2021-08-13,280.5191345214844,280.5670175063844,277.1185948484272,277.29103790576875,18249000
2021-08-16,282.19537353515625,282.40611123158624,277.80820582745525,280.84474046702564,22507600
2021-08-17,280.7393798828125,281.074648413446,278.8235931164337,280.0784603423911,20075300
2021-08-18,279.02154541015625,282.94682679080387,278.58004973759836,280.27878590638954,21813000
2021-08-19,284.8182678222656,285.490088665484,277.01570926895175,277.0636839198015,29850500
2021-08-20,292.1026611328125,293.5230684413254,286.05638932311723,287.64954056023623,40817600
2021-08-23,292.3808898925781,293.1006853030909,289.6936654087505,291.03727765066435,22830200
2021-08-24,290.4326477050781,293.3406200208981,289.8376215126441,292.73598718389235,18175800
2021-08-25,289.8471984863281,292.3232815826595,288.32123587171554,292.04495251552714,20006100
2021-08-26,287.0448303222656,290.2503159413958,286.9104837323351,288.8683063071112,17666100
2021-08-27,287.6494445800781,288.7531250293206,284.87581884584097,286.94883316309097,22605700
2021-08-30,291.3636169433594,291.9682498481404,288.9355079671407,288.9930892639242,16348100
2021-08-31,289.7224426269531,292.23692312498054,289.35774161636004,292.16015783837884,26285300
2021-09-01,289.6744689941406,292.8991678511316,289.34816523699277,290.6725935556559,18983800
2021-09-02,289.02191162109375,291.14290105479273,288.0909748362211,290.0296430024722,16285600
2021-09-03,289.0122985839844,290.4134922673868,288.1677338580256,288.8683160554501,14747900
2021-09-07,288.0909118652344,288.96426715610795,286.1906707011484,288.8875018649386,17180400
2021-09-08,288.11968994140625,288.50357495760755,285.4900468274503,287.70701428120356,15046800
2021-09-09,285.2789306640625,289.9720110672176,285.03899884685137,288.70516404309024,19927000
2021-09-10,283.8009338378906,287.84140660459923,283.48423673576656,286.4018157451152,19633400
2021-09-13,285.0294189453125,286.51701392472955,282.2366088163071,285.56686392320825,23652900
2021-09-14,287.7166442871094,289.25221376514764,286.0947028700539,287.4958964728086,21853400
2021-09-15,292.54412841796875,293.0239921430995,289.6649460671842,291.0469559386454,28356300
2021-09-16,292.927978515625,293.01435046119434,288.6476028000496,291.5267848065768,19550800
2021-09-17,287.79345703125,292.23699967637344,287.467153222757,291.92030251442793,41372500
2021-09-20,282.44775390625,286.6897617780861,277.86025823894886,284.395999300158,38278700
2021-09-21,282.92755126953125,285.5572235689827,282.22696919676986,283.78172248901336,22364100
2021-09-22,286.55535888671875,288.12932568723215,282.6492911094491,284.7798868463927,26626300
2021-09-23,287.49591064453125,288.78194172532284,285.5476653767462,286.81451245521663,18604600
2021-09-24,287.29437255859375,287.72623226962907,284.9718196101101,286.2194826708354,14999000
2021-09-27,282.322998046875,284.53035916304015,281.142522901756,284.21366203503686,23571700
2021-09-28,272.1018981933594,279.069528394677,271.3629186493173,278.1289850116234,43186200
2021-09-29,272.56256103515625,275.2209951886973,271.6124403531808,273.61826695321446,26353700
2021-09-30,270.56634521484375,276.23830803362955,270.27840943903544,274.20369075422246,32343600
2021-10-01,277.4571228027344,278.301687374449,269.9616561615891,270.75821680304153,30086300
2021-10-04,271.7083740234375,276.16152262576014,268.96356808295144,275.82561222271863,31350700
2021-10-05,277.13079833984375,278.70473550593067,272.6104627485689,272.6104627485689,24993000
2021-10-06,281.3056335449219,281.80471044780717,274.0117300480355,274.270845855537,28002600
2021-10-07,282.9755859375,284.6935059183277,282.08304662293614,283.2922830435044,20430500
2021-10-08,282.9755859375,284.6935059183277,281.92948674808355,284.2904075857707,17685700
2021-10-11,282.38055419921875,285.9699246769011,280.960147351055,281.1233138675637,19298600
2021-10-12,281.0849609375,283.5418606976777,280.57630659547624,283.4458821015579,17974100
2021-10-13,284.3767395019531,285.3076759763524,281.6703020046008,283.03312739677557,23416300
2021-10-14,290.55743408203125,291.05648172385895,285.83556297646015,287.1599913093113,27262900
2021-10-15,291.95867919921875,292.18903370330804,288.41728256762934,290.16399355489904,25384800
2021-10-18,294.9145812988281,295.79751392665924,290.4998302940227,291.34439492137415,22729300
2021-10-19,295.8168029785156,296.843689092521,294.8474688799696,295.9319655865493,17682100
2021-10-20,295.02972412109375,297.22750747620495,293.7820612638545,296.7572212605968,16537100
2021-10-21,298.2448425292969,298.49435169218145,294.0220192983192,294.79942529790196,16918100
2021-10-22,296.7093200683594,298.5615868809637,295.40407560259746,297.89937264623074,17449300
2021-10-25,295.7207946777344,296.939637875098,294.11803710740327,296.90124058009036,17554500
2021-10-26,297.6210021972656,299.81878579139044,296.1718339720267,298.4751735047065,28107300
2021-10-27,310.1550598144531,312.9670535510442,303.2738027325777,303.2738027325777,52588700
2021-10-28,311.28753662109375,311.7865842427679,308.417932252952,311.2683233315921,26297900
2021-10-29,318.2647705078125,318.62947157711153,310.8556743947785,311.0764222231841,34766000
2021-11-01,316.1053466796875,318.1399636800593,313.2261650477916,318.0151944565091,27073200
2021-11-02,319.7138977050781,320.02101741036,316.7099471564869,317.00746021830776,26487100
2021-11-03,320.5489501953125,321.41269899381626,317.3338575616903,320.4529715980219,21500100
2021-11-04,322.89056396484375,322.9865425254482,316.23966268343344,319.48354472746985,23992200
2021-11-05,322.5260009765625,325.14606743028844,320.952063205826,324.87734491876967,22570100
2021-11-08,323.41851806640625,324.0519416472353,320.97122498059144,323.71603120896236,20897000
2021-11-09,322.42041015625,325.07884433236194,321.0575844525398,323.5336680917774,21307400
2021-11-10,317.477783203125,321.1535552109362,316.63324777065986,321.0959739152807,25500900
2021-11-11,319.0420837402344,320.32811458361215,317.1994240467713,317.90961275273645,16849800
2021-11-12,323.1594543457031,323.6489247572405,320.34745971838737,320.4722289831761,23831000
2021-11-15,322.5355529785156,324.27265700662844,320.57770113283607,323.9463532471072,16723000
2021-11-16,325.8369445800781,326.95023148794974,321.99803632750536,322.1611735266542,20886800
2021-11-17,326.0581359863281,329.0098960712893,324.9812796361216,325.8850760747881,19053400
2021-11-18,328.1253662109375,329.2599387046323,324.1352167372241,325.15438659772514,22463500
2021-11-19,329.8945007324219,331.8078723346504,329.0195768042026,329.44263177761013,21963400
2021-11-22,326.7407531738281,336.20177166262135,326.4715391090011,331.34626493417426,31031100
2021-11-23,324.6736145019531,326.3754584116151,320.7123087229874,324.067875438659,30427600
2021-11-24,324.8947448730469,325.13511563845185,321.04881262656716,323.3275227878649,21661300
2021-11-26,316.9817199707031,324.91395501030433,315.4818087833129,321.4718586551738,24217200
2021-11-29,323.6640319824219,325.97158534962614,321.8468150001387,322.0391233399611,28563500
2021-11-30,317.8567199707031,324.7697863608636,316.3183410190401,322.4045459611877,42885600
2021-12-01,317.36627197265625,326.2119266473579,316.7028757470775,322.22177836447145,33337600
2021-12-02,316.7990417480469,320.6449739601022,315.1741330410827,317.57784067361735,30766000
2021-12-03,310.5686340332031,319.8854066749846,305.78043811748984,319.2027326168605,41779300
2021-12-06,313.6261901855469,314.8376683407075,306.93427569570224,311.4724773249387,30032600
2021-12-07,322.01995849609375,322.8660390443126,317.38560254163633,318.8662948497607,31021900
2021-12-08,322.0679626464844,322.57754746432244,318.05856561396024,322.3948633464057,24761000
2021-12-09,320.27008056640625,323.52949356795324,319.3278164061056,321.52962129274965,22214200
2021-12-10,329.3463439941406,329.7886178898005,321.89485189896294,322.0775359880214,38095700
2021-12-13,326.3273620605469,330.54828700278097,326.0196804228618,327.55805926915104,28899400
2021-12-14,315.6933898925781,321.75075164875943,311.6263053995195,320.38543259627,44438700
2021-12-15,321.7603759765625,322.2795851671007,312.0013264864769,315.95300870998227,35381100
2021-12-16,312.3858642578125,323.78906948093504,310.5782712717892,322.7794945853097,35034800
2021-12-17,311.32818603515625,312.4050716507524,305.0304840740271,308.52067208536005,47750300
2021-12-20,307.5881042480469,310.3667755304143,305.3382370063855,307.72269664260455,28326500
2021-12-21,314.6838073730469,315.10686227817746,307.48227910762097,310.8378750297764,24740600
2021-12-22,320.3661804199219,320.760362669551,313.2031195933652,315.6548897596977,24831500
2021-12-23,321.7987365722656,323.43326935301656,319.91423817274443,319.93345726891704,19617800
2021-12-27,329.25994873046875,329.2887920541107,322.51031757686,322.53916090050194,19947000
2021-12-28,328.10614013671875,330.5675347673697,327.21196780790996,329.93295233791673,15661500
2021-12-29,328.77911376953125,331.0385752783578,326.59652864573826,328.1541263644873,15042000
2021-12-30,326.25048828125,329.91373694625986,325.7697466785753,328.7407262620481,15994500
2021-12-31,323.365966796875,326.28885396518314,322.91406861710993,325.47161689597885,18000800
2022-01-03,321.85650634765625,324.9813267976335,317.07793359354395,322.43340214531065,28865100
2022-01-04,316.33758544921875,322.2891685868689,313.5588850186426,321.9333951684874,32674300
2022-01-05,304.1940002441406,313.51077298431005,303.80941290749814,313.30884042531306,40054300
2022-01-06,301.79034423828125,306.4247001927171,299.49238536143025,301.0884509560254,39646100
2022-01-07,301.9442443847656,304.30948524862293,298.14637335333606,302.04999347076523,32720000
2022-01-10,302.165283203125,302.597962334878,292.95428801782003,297.56939515988586,44289500
2022-01-11,302.847900390625,304.4150929012101,297.9539558539571,301.3095218517947,29386800
2022-01-12,306.0112609863281,310.9532989363436,304.86709358053514,307.35736099935986,34372200
2022-01-13,293.0600280761719,308.5206922774309,292.2908533568236,308.1264806975711,45366000
2022-01-14,298.2520751953125,298.8481900342401,292.05049734205875,292.5312389014695,39846400
2022-01-18,290.992919921875,297.8675197676401,290.11796658264785,292.3582391420896,42333200
2022-01-19,291.64666748046875,301.8191755170397,291.04095775062984,294.4926786966677,45933900
2022-01-20,289.9833068847656,299.6462002381442,289.541032877528,297.16558676731063,35380700
2022-01-21,284.62786865234375,292.39663994676283,284.22403280045586,291.0313502433303,57984400
2022-01-24,284.95477294921875,285.666261131879,265.4174271692936,280.94540441346044,85731500
2022-01-25,277.3782653808594,283.6279058744891,274.1861636133682,280.2915581603582,72848600
2022-01-26,285.28173828125,296.61763605655403,281.7434863259966,296.12727012123656,90428900
2022-01-27,288.2911376953125,295.4637946124978,286.45470114422875,291.00252753568583,53481300
2022-01-28,296.3868713378906,296.59839885177183,283.1087884211751,288.6661610944425,49743700
2022-01-31,299.0020751953125,300.34814589285327,294.5696221023162,297.05026534834326,46444500
2022-02-01,296.8675231933594,298.6654918462446,293.37733494145994,298.45396439636784,40950400
2022-02-02,301.3864440917969,302.9825093458668,296.9828649919706,297.703977220742,36636000
2022-02-03,289.646728515625,299.2423385828115,288.40640733788615,297.5693383559152,43730000
2022-02-04,294.1560974121094,296.9059245774293,288.4160430007419,288.6467895203125,35096500
2022-02-07,289.3583984375,295.9830028319127,288.3488234105986,294.3773422215108,28533300
2022-02-08,292.8292541503906,293.79073713074837,288.3968316951647,289.646747832777,32421200
2022-02-09,299.2231140136719,299.91538294226615,295.55027128070327,297.93473032420275,31284700
2022-02-10,290.7333068847656,297.2136945346378,289.11802208324127,292.3293725846551,45386200
2022-02-11,283.6760559082031,292.5697768991017,282.8876325187875,291.51213934526896,39175600
2022-02-14,283.63751220703125,285.3297318388345,280.128104788829,282.45487744042305,36359500
2022-02-15,288.8968505859375,289.21412712294915,285.57972189739905,288.45457654151164,27058300
2022-02-16,288.5596008300781,289.8795515618136,282.95219184742473,287.47087375855756,29982100
2022-02-17,280.10992431640625,285.95817072943447,279.4065799267549,285.53424115249396,32461600
2022-02-18,277.4122314453125,283.1256081080043,275.8514129414356,282.34519885606585,34264000
2022-02-22,277.2099304199219,280.8903974019096,274.1075520292779,274.58928762159644,41736100
2022-02-23,270.0320129394531,281.04450907473114,269.868239331168,279.5800143024753,37811200
2022-02-24,283.8289489746094,284.37813456051526,261.60166355056816,262.5555199373533,56989700
2022-02-25,286.44964599609375,286.75796386461934,280.9963949831395,284.35892976880194,32546700
2022-02-28,287.87554931640625,288.212770094987,282.29704319923974,283.5591880367457,34627500
2022-03-01,284.1758728027344,289.0124881625568,281.4781355105427,285.57288855148806,31217800
2022-03-02,289.2243347167969,290.45757630502305,282.9714179221345,284.57075375767255,31873000
2022-03-03,285.1103515625,292.0569692471533,283.3086360922176,291.82574561580225,27314500
2022-03-04,279.2717590332031,284.85990985728677,276.6800484526404,283.53995896520416,32356500
2022-03-07,268.7217712402344,279.1079901922431,268.35564745891236,277.9903600081898,43157200
2022-03-08,265.7735290527344,273.58726615536074,260.1372168079997,267.6522801991081,48159500
2022-03-09,277.9614562988281,279.0212805569592,270.52345705468474,273.0862941142346,35204500
2022-03-10,275.1577453613281,276.1308607136372,270.33074508462164,272.6816172407287,30628000
2022-03-11,269.83935546875,278.9345249185214,269.22271985726513,277.441127086034,27209300
2022-03-14,266.3420104980469,274.97470517723553,265.7446629920697,270.09954271533127,30660700
2022-03-15,276.6607971191406,277.3063358721881,268.5483846755829,270.10920358547907,34245100
2022-03-16,283.6362609863281,283.8096787213844,272.8550174149433,278.54910553558244,37826300
2022-03-17,284.43597412109375,284.81171260660994,278.7996616158856,282.5764817272433,30816600
2022-03-18,289.4556884765625,290.0048741986634,282.0369767782839,284.5805258339528,43390600
2022-03-21,288.23199462890625,289.17620681599607,284.12759866402473,287.9718680378315,28351200
2022-03-22,292.9530944824219,293.85875989793885,287.8563228402571,288.84869714839016,27599700
2022-03-23,288.5500183105469,292.15342106739143,286.8446846467914,289.53277788187336,25715400
2022-03-24,292.9915771484375,293.08793014220737,287.42271518108265,288.21276856606795,24484500
2022-03-25,292.5868835449219,294.3404079254056,288.3572608939785,294.08028132501425,22566500
2022-03-28,299.35052490234375,299.4468485037341,293.2131884282858,293.2131884282858,29578200
2022-03-29,303.8883972167969,304.28342386238455,297.7607062548544,302.44319069026733,30393400
2022-03-30,302.3949890136719,304.40866924528797,300.198276345619,302.29866543748443,28163600
2022-03-31,297.0478210449219,303.6283461991608,296.64317958234875,302.43362184596117,33422100
2022-04-01,298.11724853515625,298.8013048013512,294.37897586444814,298.0690573372068,27110500
2022-04-04,303.4644775390625,303.59934819649135,298.39661041143324,298.7627341145734,24289600
2022-04-05,299.52392578125,303.3681663887453,298.5508104784777,301.82660661689823,23156700
2022-04-06,288.5596008300781,295.7856342398464,285.8715081688589,294.04175386251336,40110400
2022-04-07,290.36126708984375,292.5579799187454,285.5246529796034,285.8233266543766,31411200
2022-04-08,286.1220397949219,290.1204393434208,285.4572423231668,289.4652859924413,24361900
2022-04-11,274.8398132324219,281.9213032700954,274.58930130303617,281.13127920546333,34569300
2022-04-12,271.7567443847656,280.1196691925059,270.24408720975697,278.6744620730792,30966700
2022-04-13,277.11358642578125,278.0385105603026,271.02444128433206,272.4022274692682,21907200
2022-04-14,269.60809326171875,277.7783384197441,269.11674301597424,277.5663736108414,28221600
2022-04-18,270.2729187011719,272.14205510022083,268.17255863306326,268.7217442498862,20778000
2022-04-19,274.8783264160156,275.71657107306396,268.2400250211419,269.17459327763214,22297700
2022-04-20,275.8995666503906,279.11758595882566,274.94573968215394,278.82852699073885,22906700
2022-04-21,270.5523986816406,282.58614693419463,269.82979513911937,278.0385607971482,29454600
2022-04-22,264.0199279785156,272.8549690161298,263.39367777780495,271.3904744390606,29405800
2022-04-25,270.46563720703125,270.8413756866367,260.87908697872507,263.3070532274066,35678900
2022-04-26,260.3491516113281,268.1917907684052,260.13718680152584,267.3632197682349,46518400
2022-04-27,272.8742980957031,280.34119944845656,268.96260761022705,271.7952151207864,63477700
2022-04-28,279.05023193359375,280.3509242304786,271.17865749905854,274.77241647879845,33646600
2022-04-29,267.3825378417969,279.29105809866707,266.3998077256145,278.0674307607547,37073900
2022-05-02,274.0786437988281,274.5314764230111,266.1300066784379,267.56556930704056,35151100
2022-05-03,271.4869079589844,273.7510711128351,269.9164452309345,273.58726807497914,25978600
2022-05-04,279.38739013671875,280.25450833918546,266.62139669213593,272.26732383050563,33599300
2022-05-05,267.21875,275.88999102064156,264.318692205309,275.10958168100854,43260400
2022-05-06,264.69439697265625,269.04927528391744,261.36076616080453,264.7714617150036,37780300
2022-05-09,254.9152069091797,262.41101195577926,253.70125314465557,260.19503987214216,47726000
2022-05-10,259.6555480957031,263.750301637101,255.38737675510967,261.76555286102507,39336400
2022-05-11,251.0323944091797,261.44751510704526,249.82805548109343,255.97500607449467,48975900
2022-05-12,246.02236938476562,250.3868926130945,240.88706627938942,248.27688839647124,51033800
2022-05-13,251.58160400390625,253.43148171105642,246.0223855668309,247.94932803549173,34925100
2022-05-16,251.94775390625,256.10995712688276,246.43669669823026,250.46399981871846,32550900
2022-05-17,257.0733947753906,258.5282163055622,252.87264501904795,256.3893090476885,28828800
2022-05-18,245.36891174316406,254.56252427185584,244.10382723032592,253.98308927658698,31356000
2022-05-19,244.46115112304688,248.83585464293373,243.24435524609143,245.19508938818183,32692300
2022-05-20,243.90103149414062,249.6760190694131,237.99085911430905,248.42057161150723,39199300
2022-05-23,251.71368408203125,252.5345479716084,244.7412185194128,246.73060439189265,33175400
2022-05-24,250.718994140625,252.37035900338427,244.80882139282033,249.0483255820953,29043900
2022-05-25,253.5194854736328,255.5088559710711,248.3142970660737,249.28967862489,28547900
2022-05-26,256.7835998535156,257.95210669352673,252.46685283903992,253.2780498622008,25002100
2022-05-27,263.8720397949219,263.96861721941957,258.3867839504424,259.2752549960121,26910800
2022-05-31,262.54901123046875,265.3495796777819,259.709805919586,263.1863868585538,37827700
2022-06-01,263.08013916015625,268.16944748829445,260.78173234380733,265.7648261496329,25292200
2022-06-02,265.16607666015625,265.2336837998182,252.63111175251524,255.38340607068776,44008200
2022-06-03,260.7624206542969,264.074846353105,259.20763325124227,261.0424863281772,28059000
2022-06-06,259.53594970703125,264.7797759619563,258.0584066884809,262.73246453455715,22400300
2022-06-07,263.1574401855469,263.76584558835543,256.8223496712607,257.49836222355793,22860700
2022-06-08,261.1390075683594,263.64020598603173,260.3664178533954,262.39442533216015,17372300
2022-06-09,255.7117919921875,263.36024154522255,255.55727398983487,258.5992716409578,26439700
2022-06-10,244.31626892089844,251.64602827171365,243.87203349036625,251.64602827171365,31422800
2022-06-13,233.95416259765625,240.4824068795414,233.24919461693813,236.70645685368288,46135800
2022-06-14,236.10772705078125,237.31487111467933,233.22988499278367,235.49932172717016,28651500
2022-06-15,243.12844848632812,246.54708847653447,237.97153296010552,239.79673406143797,33111700
2022-06-16,236.5712432861328,238.93724247462407,234.68810167633953,237.5466102902709,33169200
2022-06-17,239.1593780517578,241.9116724347951,235.66349352878527,236.3105209841857,43084800
2022-06-21,245.0405731201172,246.0159401392919,240.95558733169304,241.67987371090587,29928300
2022-06-22,244.4514923095703,248.35298995386094,241.7861089374633,243.254000161548,25939900
2022-06-23,249.9850311279297,250.47755532769025,244.93435931975776,246.8078492299289,25861400
2022-06-24,258.52203369140625,258.79243283430566,252.74704478148087,252.83395563405963,33923200
2022-06-27,255.80833435058594,259.1013975165965,254.25351742662792,259.01448667805846,24615100
2022-06-28,247.6866455078125,257.7590479870569,247.53212753900692,254.92950951957212,27295500
2022-06-29,251.3370819091797,252.98844687606802,246.99134817655838,248.7586090036057,20069800
2022-06-30,248.0246124267578,250.6320551562228,244.22935890804,248.23707094153858,31730900
2022-07-01,250.6803436279297,250.86383187727745,245.88075254538774,247.59973919232516,22837700
2022-07-05,253.83831787109375,253.9638655979413,246.00636479876073,247.37767900159608,22941000
2022-07-06,257.08306884765625,258.8020409501888,253.40369581093594,254.70741739613206,23824400
2022-07-07,259.19793701171875,259.8353125390256,255.93381513155052,256.0303925395583,20859900
2022-07-08,258.48333740234375,258.9082544536916,254.26316663768768,255.71173945693104,19658800
2022-07-11,255.4412841796875,257.3920178707807,253.19115172489805,256.5421839550465,19455200
2022-07-12,244.97299194335938,256.8223224888686,243.39887133033,256.764381930095,35868500
2022-07-13,244.05555725097656,244.85710267048802,239.60360939385333,241.61229886642806,29497400
2022-07-14,245.36891174316406,246.39256746391416,237.5079908622042,241.97925680708025,25102800
2022-07-15,247.9184112548828,251.44326589652985,246.03526953214475,246.9526960395664,29774100
2022-07-18,245.5330810546875,251.89714046464383,244.6156545937457,250.84451446983314,20975000
2022-07-19,250.63206481933594,250.81555306514318,244.98262500187312,248.748908389752,25012600
2022-07-20,253.2781524658203,255.78901825254198,250.0333630587044,250.98941181771295,22788300
2022-07-21,255.7599334716797,255.80823689999386,248.2177023750916,250.88308496004234,22404700
2022-07-22,251.43360900878906,256.23321499283503,250.18785755232344,256.14630415666,21881300
2022-07-25,249.95603942871094,252.5345118478316,248.00530543442562,252.05165427259675,21056000
2022-07-26,243.26365661621094,250.97007463688564,241.01355313399756,250.9507414709721,39348000
2022-07-27,259.5263366699219,260.79142143505817,249.97542707523482,252.2062272013175,45994000
2022-07-28,266.9333190917969,268.3142846363358,258.68610373864,260.5016528744498,33459300
2022-07-29,271.11480712890625,272.3316174034338,267.1457328087097,268.17905488402175,32152800
2022-08-01,268.47845458984375,271.6363322420064,266.38283993190936,268.29496636983305,21539600
2022-08-02,265.39788818359375,268.3626412541174,263.0415404728972,266.537425174636,22754200
2022-08-03,272.7855529785156,273.7802383800219,267.1264470117995,267.27132785781305,23518900
2022-08-04,273.9250793457031,274.0699307149256,270.5644096945988,272.13850053519735,18098700
2022-08-05,273.21044921875,273.9250689272582,269.1254639343299,269.57935118815436,16774600
2022-08-08,270.70928955078125,276.11730051736697,269.74357435929414,274.3113883534034,18739200
2022-08-09,272.6213684082031,273.37462502798235,268.0921621074516,270.05259210657965,23405200
2022-08-10,279.2462463378906,279.87395540358807,277.1023571419585,278.29019759892526,24687800
2022-08-11,277.1795654296875,281.2259144656879,276.687070719345,280.87827114074025,20065900
2022-08-12,281.9019470214844,281.9019470214844,277.10234096743113,278.58955073001846,22619700
2022-08-15,283.408447265625,284.09409682100915,280.1636287959346,281.02312948938925,18085700
2022-08-16,282.67449951171875,283.9589172842201,280.46303283251734,281.97918336040345,18102900
2022-08-17,281.9292907714844,283.8938524278254,280.1389197170631,280.4002056199427,18253400
2022-08-18,280.81640625,282.5003080383182,279.76151632304703,280.8357509194147,17186200
2022-08-19,276.9259338378906,279.9260110820991,276.35495606289055,279.58728744368415,20570000
2022-08-22,268.7967529296875,273.3549182202422,268.28383861490187,272.98716276174565,25061100
2022-08-23,267.5289611816406,269.87093596211275,266.52247730381634,267.5289611816406,17527400
2022-08-24,266.8999328613281,268.29351690361904,266.24183017802443,266.5321774149117,18137000
2022-08-25,269.861328125,270.02583166772644,265.6708883290783,268.3903061400595,16583400
2022-08-26,259.44818115234375,271.3033054111038,259.34174115157504,270.08391175079885,27549300
2022-08-29,256.6803894042969,258.78042347023177,255.34486862600002,257.2803991374211,20338500
2022-08-30,254.49322509765625,258.4416942626222,252.25768976691393,258.07396828165844,22767100
2022-08-31,253.04150390625,258.4996828935802,252.9060026363371,256.8351555238569,24791800
2022-09-01,252.0060272216797,252.4802522057439,247.17688880265302,250.5253477936383,23263400
2022-09-02,247.80589294433594,256.2060856971304,246.26715020417384,253.26410148725907,22855400
2022-09-06,245.08651733398438,249.51886860124202,243.81874738590238,247.9414362596074,21328200
2022-09-07,249.77047729492188,250.48661397846638,245.0574662441124,246.48975437812405,24126700
2022-09-08,250.18663024902344,252.03506518749612,246.57687045645707,249.20920755279656,20319900
2022-09-09,255.93507385253906,256.6802716592623,251.89951112638678,252.10273346738484,22084700
2022-09-12,258.0545959472656,258.8288258614007,256.61263518710047,257.212644911898,18747700
2022-09-13,243.8671112060547,252.00600375133774,243.47999634028216,250.49629269213037,33353300
2022-09-14,244.08966064453125,246.0348627486326,241.80573492367802,245.35743028204908,23913000
2022-09-15,237.47019958496094,243.2961347228246,236.1540384880937,241.71868768706014,31530900
2022-09-16,236.8507843017578,237.39273027700912,234.25716671987198,236.3862465227536,39791800
2022-09-19,236.63790893554688,237.2379185278828,233.08621305250247,234.6539876734692,26826900
2022-09-20,234.63461303710938,235.66044153829108,231.91519584554464,234.26687239156138,26660300
2022-09-21,231.24746704101562,239.67670753574686,231.19907583276708,236.3959844466539,28625600
2022-09-22,233.21205139160156,235.99921986469724,229.91198331599648,230.2023010595065,31061200
2022-09-23,230.25064086914062,233.35717293349165,227.6183189581972,231.8184154017902,34176000
2022-09-26,229.7958221435547,233.66688257896323,229.26354838030127,229.4087220067833,27694200
2022-09-27,228.78932189941406,234.00557453802256,226.9408872481293,232.24423519066093,27018700
2022-09-28,233.29910278320312,234.5184812999227,227.16346179841986,229.1764146595356,29029700
2022-09-29,229.84417724609375,232.21519843693235,226.85378707356358,231.18936994540456,27484200
2022-09-30,225.3924560546875,232.7861798495217,225.22793778149074,230.60870866268925,35694800
2022-10-03,232.97976684570312,233.82171772604818,227.09575348399042,227.82157728205974,28880400
2022-10-04,240.8573760986328,242.28966427196394,237.08308345370094,237.18953820241006,34888400
2022-10-05,241.1670379638672,242.5025584054372,236.23144526431753,238.06052054576585,20347100
2022-10-06,238.83473205566406,242.2703009633561,238.1476271342794,239.93798363059574,20239900
2022-10-07,226.68931579589844,233.5410948826366,225.65379998930908,233.13462052161643,37769600
2022-10-10,221.860107421875,226.99893677306147,219.42133569410282,225.53761706316808,29743600
2022-10-11,218.14390563964844,221.67624187674608,216.8858082240652,220.28265795591057,30474000
2022-10-12,218.47299194335938,220.5149770877484,216.7406987483208,218.13426821962295,21903900
2022-10-13,226.68931579589844,228.48935957942223,212.0663836762347,212.7631757709487,42551800
2022-10-14,221.1923828125,229.5925913283704,220.9794733149992,227.94737889006004,30198600
2022-10-17,229.87322998046875,231.25714167375685,227.5602721133645,228.21836002283007,28142300
2022-10-18,230.81195068359375,236.06690750411659,227.7828415320167,235.39916206358598,26329600
2022-10-19,228.8571014404297,231.88621112377126,226.73769337233603,229.39904756859667,19985700
2022-10-20,228.53768920898438,233.5313599425322,227.29895124255845,228.16994856599382,21811000
2022-10-21,234.3152618408203,235.16689978355862,226.9408971162325,227.17316603704901,26299700
2022-10-24,239.2799072265625,239.85088505869388,233.52170816579923,235.90240190553322,24911200
2022-10-25,242.5800018310547,242.94774252500142,237.9056946583769,239.28959165367502,34775500
2022-10-26,223.86341857910156,230.61841449713438,222.64402516459023,223.71824496136685,82543200
2022-10-27,219.44068908691406,226.15697979477318,218.50195596106514,223.5923939728555,40424600
2022-10-28,228.26670837402344,228.97318740219828,218.76326447934332,218.94714217799373,40647700
2022-10-31,224.64730834960938,227.3473663725247,223.69888795758465,226.22475535763192,28357300
2022-11-01,220.81494140625,228.1409296481597,220.0020223387947,227.03767812320683,30592300
2022-11-02,213.00509643554688,223.8440621960301,212.94701812750728,222.06337802281334,38407000
2022-11-03,207.34365844726562,213.3050945982589,207.08235775345725,212.9954026993864,36633900
2022-11-04,214.25347900390625,214.44702903809562,206.5500636010322,210.53726518655444,36789100
2022-11-07,220.5246124267578,221.04721381188003,214.14704442988435,214.83416409790135,33498000
2022-11-08,221.4923553466797,224.18274067732156,218.56002878294467,221.32783708020688,28192500
2022-11-09,217.27294921875,221.2601516912574,217.09875857930578,220.04075814745045,27852900
2022-11-10,235.14752197265625,235.48624560984527,227.42476185380536,227.84089369162848,46268000
2022-11-11,239.14442443847656,239.99606241623323,234.1313937515766,235.15723711883936,34620200
2022-11-14,233.76365661621094,236.0475827819004,231.49908988674315,234.1894756115481,31123300
2022-11-15,234.17010498046875,239.03796188941354,232.29263846364998,237.74116029609917,31390100
2022-11-16,234.5971221923828,236.60604855552322,233.3257795259496,235.62584176038104,24093300
2022-11-17,234.548583984375,236.07226408161256,230.61810181463593,230.76366974368625,23123500
2022-11-18,234.10214233398438,236.5477869566877,231.97676193163215,236.32456307646515,27613500
2022-11-21,234.90768432617188,237.45036963154155,234.07306028423957,234.3059689787537,26394700
2022-11-22,237.79974365234375,238.07148033059326,233.6072243246812,236.40223227361014,19665700
2022-11-23,240.2744903564453,240.9538320187203,237.06216314669393,237.87737314142396,19508500
2022-11-25,240.1871795654297,241.36146712631268,239.44959583276983,240.01248322560096,9200800
2022-11-28,234.62619018554688,239.37189647637996,233.69452596138473,238.81872361988414,24778200
2022-11-29,233.23843383789062,235.6258367832805,231.18099474535325,234.27685297681788,17956300
2022-11-30,247.61138916015625,247.79578505485316,232.7822689392651,233.4713249444162,47594200
2022-12-01,247.17471313476562,248.56251016658027,243.51595261951238,246.37890225412923,26041500
2022-12-02,247.49496459960938,248.50427013338341,242.3222385687394,242.44840731366295,21528500
2022-12-05,242.81719970703125,246.3303923254423,240.74034652754588,244.57378861196725,23435300
2022-12-06,237.88706970214844,244.42819318650004,236.58661356400265,243.41888770234414,22463700
2022-12-07,237.15919494628906,238.89638442921668,235.06294286518101,237.60562791314456,20481500
2022-12-08,240.09979248046875,241.4002634352855,235.88785939315616,237.61533452681962,22611800
2022-12-09,238.17823791503906,240.98296029845363,236.95542284837845,237.47948221736485,20609700
2022-12-12,245.05902099609375,245.08813458227053,239.87659533709365,240.14833201376896,30665100
2022-12-13,249.33888244628906,256.13232821113195,245.60248135221084,253.96811982675712,42196900
2022-12-14,249.6300506591797,254.84158999041878,246.8059142850901,249.54270989920707,35410900
2022-12-15,241.6623077392578,246.69916567601095,240.04158720461845,246.2333334693487,35560400
2022-12-16,237.4697723388672,242.4678019516118,236.3245836806278,241.21587335248572,86102000
2022-12-19,233.3549041748047,237.97445766545272,231.66625680711488,237.63477938812645,29696400
2022-12-20,234.66502380371094,235.74227076964473,231.38475533277932,232.3358335702815,25150800
2022-12-21,237.2174530029297,238.37234134182555,233.02493348625407,234.55831327324242,23690600
2022-12-22,231.16160583496094,234.84948021515527,226.9690712195299,234.14101004366566,28651700
2022-12-23,231.68565368652344,231.821522034393,227.03700146219919,229.14296825844733,21207000
2022-12-27,229.96788024902344,231.8797366085177,228.87121912390276,231.65652750812146,16688600
2022-12-28,227.60955810546875,232.6464155156222,227.26018028486453,229.8999205275325,17457100
2022-12-29,233.89834594726562,234.7814975020751,228.69650658121392,228.69650658121392,19770700
2022-12-30,232.74351501464844,232.87938337029664,229.6767552059716,231.18102152042397,21938500
2023-01-03,232.51055908203125,238.49849510687616,230.39487805775428,235.90728230837536,25740000
2023-01-04,222.33982849121094,225.99857440296276,219.29248275940205,225.42598740565919,50623400
2023-01-05,215.75018310546875,220.8355690846838,215.21640927420395,220.49589078973162,39585600
2023-01-06,218.2928466796875,219.09835714227594,212.87751216247153,216.4198034707522,43613600
2023-01-09,220.41819763183594,224.41663581790868,219.72915641914315,219.76796959383623,27369800
2023-01-10,222.09719848632812,224.48460157088834,220.62204584662,221.03935048334114,27033900
2023-01-11,228.8129425048828,228.9876239869565,224.29044544975034,224.46512693182402,28669300
2023-01-12,231.4721221923828,232.821105949786,226.6681880812586,228.3180220940589,27269500
2023-01-13,232.17091369628906,232.30678205223143,227.98809344348456,230.00671959501415,21333300
2023-01-17,233.25784301757812,233.80131636600996,230.09402846864725,230.94806647820474,29831300
2023-01-18,228.85179138183594,235.22793302598163,228.57035512507287,234.4418366169308,30028700
2023-01-19,225.0862579345703,228.57033632786354,223.8731426355433,226.88167450054485,28623000
2023-01-20,233.1316680908203,233.63632824749806,227.59015038517927,227.92982862321074,35389800
2023-01-23,235.4220428466797,237.93561455180438,232.57849247852556,233.98571827354252,31934000
2023-01-24,234.89794921875,236.7515930613996,233.34517042755766,235.34438219144687,40234400
2023-01-25,233.51016235351562,236.1207891156233,224.08667522306712,227.5610395748184,66526600
2023-01-26,240.68209838867188,240.9829486422917,234.85914439539755,236.46045082013288,33454500
2023-01-27,240.83738708496094,242.458107545592,239.5466304719591,241.64289751902396,26498900
2023-01-30,235.54818725585938,238.35290934630353,235.0532267167277,237.2950615090347,25867400
2023-01-31,240.49769592285156,240.6335642533175,235.78110272448055,236.26634887736424,26541100
2023-02-01,245.2919464111328,247.65023576111176,238.2267631452796,240.6821076556318,31259900
2023-02-02,256.79229736328125,256.8796381260482,249.65917223320272,251.182852423541,39940400
2023-02-03,250.72674560546875,256.40413270612515,249.5136299693063,251.88163406046186,29077300
2023-02-06,249.193359375,250.67821177974244,247.2620886936707,249.84360240972865,22518000
2023-02-07,259.6648864746094,260.83917372488975,252.40559427354566,252.8423276033304,50841400
2023-02-08,258.8594665527344,268.5935048183664,258.3547915146365,265.13855400297484,54686000
2023-02-09,255.8411407470703,265.89545501462214,255.04533006072302,265.7207439153009,42375100
2023-02-10,255.33657836914062,256.29735645047873,252.96857433969222,253.81289806172634,25818500
2023-02-13,263.3139953613281,266.49720913120274,259.26702917112374,259.742590569191,44630900
2023-02-14,264.1388854980469,266.85625191813295,261.33414871350027,264.62413161713886,37047900
2023-02-15,262.0276184082031,263.39944334315715,258.97262606555677,261.0546954493352,28922400
2023-02-16,255.05177307128906,259.5174863332623,254.8085423074043,256.8711344345461,29603600
2023-02-17,251.0725555419922,253.047588426155,249.06833614983722,252.36656000925092,30000100
2023-02-21,245.8284912109375,248.5721416274502,244.77773242454728,247.58947974202172,28397400
2023-02-22,244.69989013671875,247.45326436545926,243.56157186049097,247.21003358389876,22491100
2023-02-23,247.8716583251953,249.88560171481558,243.6978093067613,248.64026115369037,29219100
2023-02-24,242.47193908691406,244.20374132379087,241.3822697726449,243.19190765277392,24990900
2023-02-27,243.386474609375,245.97445391978178,242.6373195783351,245.6242009691581,21190000
2023-02-28,242.66647338867188,244.68043129479227,241.99515408663171,242.32595921726772,22491000
2023-03-01,239.60177612304688,244.13558648881542,239.1347623459425,243.9701913432016,27565300
2023-03-02,244.31076049804688,244.59290171146822,238.95968256617152,239.87423280619296,24808200
2023-03-03,248.37753295898438,248.69859936512998,244.58313878749726,245.36148024067188,30760100
2023-03-06,249.91476440429688,253.07676463691814,249.04886339595808,249.48667584365674,24109800
2023-03-07,247.26841735839844,250.71257368875254,246.5290010946981,249.36019623261095,21473200
2023-03-08,246.83058166503906,247.6478334867659,244.01883456634258,247.16137194826737,17340200
2023-03-09,245.48797607421875,252.53193017156482,244.76800759955387,248.8932070956166,26653400
2023-03-10,241.8589630126953,245.9452372856859,240.89577859254197,244.2815470078051,28333900
2023-03-13,247.04464721679688,250.92661597294014,239.0764041542882,240.7011840514009,33339700
2023-03-14,253.72865295410156,254.00107026600773,248.93213379575317,249.79803486123274,33620300
2023-03-15,258.2527160644531,259.26456442561187,252.19139432118732,252.9405641280701,46028000
2023-03-16,268.72137451171875,269.0716125790634,256.15119488258745,258.0289293565625,54768800
2023-03-17,271.8639221191406,275.65831665347815,268.8381452248547,270.7256186044692,69527400
2023-03-20,264.85888671875,269.96673338942173,262.5433248107774,269.4802718017387,43466600
2023-03-21,266.3669128417969,267.5538803349331,262.2222505034053,267.4371343013886,34558700
2023-03-22,264.91729736328125,273.4303763569465,264.8102603593326,265.9972279895284,34873300
2023-03-23,270.1418762207031,273.4498093699548,267.7484933121212,270.4142935461412,36610900
2023-03-24,272.9730224609375,273.0313954676099,267.826251303453,269.73317213434575,28172000
2023-03-27,268.896484375,273.8389205347129,268.0597550905618,272.90492269572303,26840200
2023-03-28,267.7776184082031,268.66298193563654,264.68370058234905,268.32245293412296,21878600
2023-03-29,272.9146423339844,273.52758857930763,270.8714980799914,271.4065938576128,25087000
2023-03-30,276.3587341308594,276.7576360774144,273.8583448770266,276.533882815841,25053400
2023-03-31,280.49371337890625,281.43744995850153,275.33723290766795,276.0474774481902,32766000
2023-04-03,279.4527282714844,280.46454697415277,276.26154151333856,278.761931454292,24883300
2023-04-04,279.4040832519531,282.5855611844231,277.93498937950386,279.4527472277195,25824300
2023-04-05,276.6408996582031,279.37481068956913,275.2593657381629,278.1100227693913,22064800
2023-04-06,283.7044677734375,284.1714520003858,274.39358376220207,275.5416262418042,29770300
2023-04-10,281.55426025390625,281.75856581319096,277.00095709388467,281.3791115118309,23103000
2023-04-11,275.1719055175781,278.2366379066347,274.0141540154808,278.0128548411792,27276600
2023-04-12,275.8139953613281,279.23870411334195,274.32542401576865,277.0788133677007,27403400
2023-04-13,281.9920654296875,282.05043844818863,275.5026841124763,275.91129524198396,24222700
2023-04-14,278.3922119140625,280.6688482565068,276.00853859815146,279.22891147364464,20987900
2023-04-17,280.98016357421875,283.7043659155023,278.41166217437114,282.0795713658837,23836200
2023-04-18,280.56182861328125,283.86005216252715,279.23866745372095,283.6751943988744,20161800
2023-04-19,280.6397705078125,281.2235008029145,276.8356363979775,278.2463575328291,17150300
2023-04-20,278.3630065917969,281.2039550334732,277.3608970127179,277.52630699953454,23244400
2023-04-21,278.02252197265625,278.51869257683563,275.3956176560884,277.2928296281938,21676400
2023-04-24,274.14056396484375,277.234482358,271.173160031667,274.45190651995864,26611000
2023-04-25,267.96246337890625,273.97512034038175,267.91379941457996,271.94171485112884,45772200
2023-04-26,287.3722839355469,291.4585727273819,284.8037824567908,288.6662882525056,64599200
2023-04-27,296.57611083984375,296.9361172975543,287.25552138127716,287.9560271426598,46462600
2023-04-28,298.94036865234375,300.56513364270495,295.0973104351293,295.7783684985938,36469600
2023-05-01,297.2864074707031,300.24410228095644,296.8875053999733,298.6582327311371,21294100
2023-05-02,297.14044189453125,300.8083512230657,295.6810572722288,299.42681707438953,26404400
2023-05-03,296.1577453613281,300.25374274084976,295.8561416167109,298.3176355367741,22360800
2023-05-04,297.14044189453125,299.42681707438953,295.1848569994441,297.9479549880525,22519900
2023-05-05,302.2386169433594,303.52288282414327,296.03136154416666,297.44211220444237,28197100
2023-05-08,300.29266357421875,301.80071196646674,297.8019831892665,301.7326002338405,21318600
2023-05-09,298.6874084472656,301.6451031506541,298.0160890953245,299.66033160181695,21340800
2023-05-10,303.8536682128906,304.5249876536261,299.3393196181208,300.2635789224399,30078000
2023-05-11,301.71319580078125,302.695857722587,297.9674652772338,301.7034867589505,31680200
2023-05-12,300.6040344238281,302.2385380136494,298.2982115576061,302.1412397708911,19774700
2023-05-15,301.08074951171875,301.5088380158988,299.2613882145806,300.7305114762556,16336500
2023-05-16,303.299072265625,305.21573217875385,301.4407853698495,301.4407853698495,26730300
2023-05-17,306.1656494140625,306.58491370331046,302.986977417283,304.4983225212711,24315000
2023-05-18,310.5729064941406,311.07995152372933,305.8926785291236,306.6824666262682,27276000
2023-05-19,310.39739990234375,310.7971739556616,308.47655029580653,308.83731401909836,27546700
2023-05-22,313.16650390625,314.5413277664758,310.07561254298156,310.65088838415517,24115700
2023-05-23,307.3943176269531,314.66818336254534,307.38455760354833,312.04529609718725,30797200
2023-05-24,306.0194091796875,308.60328539686515,304.8103271006574,306.8774578305602,23384900
2023-05-25,317.7882995605469,318.7438294879401,312.0159906409768,315.1751430242443,43301700
2023-05-26,324.5843505859375,325.0816057625892,315.79914213912696,315.9356336414489,36630600
2023-05-30,322.9463195800781,327.3632951279749,322.2735326633113,326.866039835357,29503100
2023-05-31,320.1966552734375,327.55827021551164,319.1630749897936,323.99934398362257,45950600
2023-06-01,324.2821350097656,325.2084444667975,316.6182558412687,317.7980580790412,26773900
2023-06-02,327.03173828125,329.07934907114736,324.2528400489723,325.9104368208326,25873800
2023-06-05,327.55841064453125,330.11303775129284,326.31034741083954,326.85637321581873,21307100
2023-06-06,325.3546447753906,327.0024814933911,323.8823396547661,326.9634711655118,20396200
2023-06-07,315.31170654296875,326.14449888626166,314.45365769277373,323.37536016910263,40717100
2023-06-08,317.1448059082031,318.4903798108397,315.28245664141156,315.85773263123184,23277700
2023-06-09,318.6365966796875,321.75673881470783,316.3159729270914,316.8814888323344,22529000
2023-06-12,323.5703430175781,323.81410551348466,317.0472562466259,320.3819105271756,24260300
2023-06-13,325.9494934082031,328.5723804542734,322.1468041193806,326.12499527780267,22951300
2023-06-14,328.9233703613281,330.58096729872784,324.50639495848685,325.9982202996805,26003800
2023-06-15,339.4149169921875,341.1114945004108,328.78687775426107,329.0598905688736,38899100
2023-06-16,333.78887939453125,342.70085137133475,333.41838536086453,342.5545998111812,46552000
2023-06-20,329.6156311035156,333.54508130008793,327.48026928452794,330.84420359010136,26375400
2023-06-21,325.2376708984375,329.30364243212927,323.78485594149885,327.9775589781728,25117800
2023-06-22,331.2342529296875,331.6340270315193,325.0231887076145,325.783726576518,23556800
2023-06-23,326.6612243652344,329.52787360599757,325.13041855453594,326.0176878258627,23146900
2023-06-26,320.4014587402344,327.72406452687306,320.29418775939905,325.39371033432894,21520600
2023-06-27,326.2225036621094,327.7630696544983,321.08397083431,323.5800965917035,24354100
2023-06-28,327.4705505371094,329.5474118113246,325.48144019271336,326.3102386492254,20259500
2023-06-29,326.69049072265625,327.72404134255896,324.3211263632283,326.35897729326905,16997000
2023-06-30,332.0435485839844,334.17891054970244,328.78688502474677,329.32315064368396,26832800
2023-07-03,329.55718994140625,332.39458944231734,328.1726353949494,330.72726202126387,12508700
2023-07-05,329.71319580078125,333.1258712588089,326.37854101667716,326.7295447808277,18172400
2023-07-06,332.7552795410156,334.43236661409844,327.1292521462773,328.8843301211992,28161200
2023-07-07,328.80633544921875,333.2623207283037,328.5918232764179,330.8539462339244,21214800
2023-07-10,323.55078125,326.8659745717447,319.41657937452953,326.2516884002901,32791400
2023-07-11,324.17486572265625,324.55511973893175,318.84134117994995,322.800041689948,26698200
2023-07-12,328.786865234375,333.1258197926784,327.29503995487715,328.20182929500714,29995300
2023-07-13,334.11065673828125,335.16369770913235,330.56146024108614,331.0879956045949,20567200
2023-07-14,336.6261901855469,342.66175094916304,335.7194009948272,338.91756321276256,28352700
2023-07-17,337.10400390625,338.33254651423374,333.66207903866245,337.05523355881655,20363900
2023-07-18,350.5206604003906,357.6287821253503,333.63281964458815,337.20147590350757,64738600
2023-07-19,346.2207336425781,353.4166072525743,343.64661716979606,352.72433009882633,39732900
2023-07-20,338.21563720703125,349.03869970926394,336.75306199743676,344.7484850456873,33778400
2023-07-21,335.1929931640625,341.56006971565506,331.35129303428135,340.4387679481885,69405400
2023-07-24,336.4994812011719,338.2643490243122,333.76935318489967,337.2210384138867,26678100
2023-07-25,342.2230224609375,343.11032143509397,336.4604740174563,338.44955437650464,41637700
2023-07-26,329.3426513671875,336.0705206538034,324.79891447113727,332.92109821610006,58383700
2023-07-27,322.468505859375,332.8137710712754,320.8401594248719,331.98500245672983,39635300
2023-07-28,329.9277038574219,331.5268003348271,324.8574610945914,325.34498615387326,28484900
2023-07-31,327.5388488769531,329.27443689751834,325.0426931980882,328.5138989953868,25446000
2023-08-01,327.94830322265625,330.0934250583603,325.37418677597503,326.827001708787,18311900
2023-08-02,319.3288879394531,325.3059494426346,318.2173166114524,325.3059494426346,27761300
2023-08-03,318.5098571777344,321.6495195711113,317.81757996467144,317.86632056535905,18253700
2023-08-04,319.6019592285156,326.7783443053676,319.0754237791291,323.5996710730836,23741500
2023-08-07,321.87371826171875,322.84876819218033,319.3483425125627,320.1771409046875,17741500
2023-08-08,317.9150695800781,320.5477167225477,314.9411787114309,318.802368731708,22327600
2023-08-09,314.19036865234375,318.94858760325343,313.03978705069517,318.3245710835293,22373300
2023-08-10,314.87286376953125,320.0698965106326,313.1665264082013,317.88576445394,20113700
2023-08-11,313.0008239746094,314.3658880842269,311.2457160426732,312.26953644201075,24355500
2023-08-14,315.9552307128906,315.97472100192863,312.09401103937836,313.3713539974467,18836100
2023-08-15,313.8295593261719,316.97898134379494,312.8935197157339,314.9411305404492,16966300
2023-08-16,313.06744384765625,316.9954627703804,312.4811692512175,313.4582836388938,20698900
2023-08-17,309.6280212402344,314.50381263909213,308.9733414603899,313.20426358487214,21257200
2023-08-18,309.2371520996094,311.0936633520083,304.4199558180871,307.29267431715726,24755000
2023-08-21,314.5135803222656,315.3831966115051,309.78435031765304,310.65396660689254,24040000
2023-08-22,315.08026123046875,318.6174101401044,314.1031469540319,318.050696980202,16084600
2023-08-23,319.5163879394531,321.66605140677217,316.0573948399172,316.40917150691627,21166400
2023-08-24,312.6473083496094,325.35957674760573,312.6375276630827,325.23254709942444,23281400
2023-08-25,315.5884094238281,317.91391657239774,311.5040487015702,314.11295718549064,21684100
2023-08-28,316.2919921875,318.68590494671366,314.35729464100035,318.20712835870484,14808500
2023-08-29,320.8940734863281,321.45103572909153,314.5135190428488,314.5135190428488,19284600
2023-08-30,321.26544189453125,322.26208781651366,318.97899784822044,321.1481929412585,15222100
2023-08-31,320.2590026855469,323.33690686450706,319.30141990622377,321.6660497077852,26411000
2023-09-01,321.13836669921875,324.39214396761776,319.3013871740993,323.727713447218,14942000
2023-09-05,325.9164733886719,327.1867399112931,321.13839981294905,321.47061510740485,18553900
2023-09-06,325.2618713378906,326.8056990885685,322.6236503266788,325.7504285755841,17535800
2023-09-07,322.35986328125,325.4572996917217,321.4999977101508,323.7082861250948,18381000
2023-09-08,326.6199951171875,328.4667555070914,321.92007759322064,322.53566438985524,19530100
2023-09-11,330.2060852050781,330.6751109123213,327.75351820340376,329.5220931094113,16583300
2023-09-12,324.17724609375,329.08237965274225,323.8939043767627,328.1345774558951,17565500
2023-09-13,328.3691101074219,329.1410389438137,323.59103551016267,323.7278160398698,16544400
2023-09-14,330.94866943359375,333.0592103619418,328.8674109262189,331.38835303568044,20267000
2023-09-15,322.6627197265625,329.6783939916595,322.1057573596053,329.20939816193993,37679800
2023-09-18,321.5293273925781,322.83865737625007,318.8911060489949,320.29815345634984,16834200
2023-09-19,321.1286926269531,321.8517776748913,317.08345387408724,318.7054676141424,16505900
2023-09-20,313.428955078125,322.0471106852366,313.1749256275898,321.9689546587249,21436500
2023-09-21,312.2173156738281,317.9041277757012,307.79098930609734,311.95350556074925,35560400
2023-09-22,309.7550048828125,314.09339463566073,308.91467110299936,313.9663650092456,21447900
2023-09-25,310.27294921875,310.39997887585656,307.7910700190704,309.34467850848546,17836000
2023-09-26,304.9965515136719,308.6509504072707,302.92504360895043,307.9181144910141,26297600
2023-09-27,305.6316223144531,307.1070447852302,302.6025617027996,305.1528159801847,19410100
2023-09-28,306.4621887207031,308.2600757204857,302.3680768122536,303.8728115871533,19683600
2023-09-29,308.52386474609375,312.1587314237549,307.77149741019485,310.4780935014134,24147300
2023-10-02,314.4354248046875,314.5233913479347,307.96693177846345,309.0417636602757,20570000
2023-10-03,306.2178955078125,314.03481069195016,304.0877634575696,313.48759919542874,21033500
2023-10-04,311.66046142578125,312.7157618822206,306.81398140643597,306.8432936513831,20720100
2023-10-05,312.0512390136719,312.65707498694155,307.6933171593875,311.78742886180316,16965600
2023-10-06,319.77044677734375,321.65627028707706,309.0612521971817,309.30553078090355,25673600
2023-10-09,322.2718811035156,322.7408769349448,315.78382712320234,317.3179038998877,19891200
2023-10-10,320.8746032714844,323.52257487302114,320.1710797301385,323.38576454759857,20557100
2023-10-11,324.8123474121094,325.2031871666955,321.6074137138443,323.63001764409694,20063200
2023-10-12,323.5812683105469,325.9947425190422,321.19710634672276,323.00477428590006,19313100
2023-10-13,320.2297058105469,326.190079660526,318.8910340646987,324.7732817040409,21072400
2023-10-16,325.0273132324219,328.4472132631376,323.03399172229655,323.47367526332005,22158000
2023-10-17,324.46063232421875,325.828586634413,319.9170559493173,322.0471583622745,18338500
2023-10-18,322.55517578125,327.9097726895979,320.78660134672003,324.8807125035586,23153600
2023-10-19,323.737548828125,329.1703024841639,323.33692834747904,324.5485406563444,25052100
2023-10-20,319.1939697265625,324.32382025517603,318.0018889823848,324.1283854502297,25027700
2023-10-23,321.7832946777344,325.1152580837002,316.96612824184217,318.0213985858915,24374700
2023-10-24,322.96563720703125,324.24565474799095,320.1026990318568,323.71800459686386,31153600
2023-10-25,332.8735656738281,338.2770069491987,329.8933489527061,337.1239893295993,55053800
2023-10-26,320.3860168457031,333.81155756370936,319.45774634837835,332.7465065726092,37828500
2023-10-27,322.2620544433594,329.0139176156299,320.8843197467533,322.86786051864124,29856500
2023-10-30,329.5904541015625,331.6814932194884,324.23585648353105,325.77971392594014,22828100
2023-10-31,330.3721923828125,331.2418386618225,327.03047725787985,331.0952774404079,20265300
2023-11-01,338.1500244140625,339.4691349616439,331.8769361620282,332.01374650613616,28158800
2023-11-02,340.3484802246094,340.8467882699962,336.87970636333785,339.29318001958046,24348100
2023-11-03,344.7259216308594,346.2795596471139,339.3811050850171,341.6284859220493,23637700
2023-11-06,348.37060546875,349.3575005821622,345.2633887474612,345.36110615399525,23828300
2023-11-07,352.2790222167969,354.164845685057,349.44539667177366,351.17487827159056,25833900
2023-11-08,354.8879699707031,355.54261993465985,352.2985928972702,353.4027369651116,26767800
2023-11-09,352.4354553222656,356.4416310081341,352.1129908166349,354.00859546088725,24847300
2023-11-10,361.20989990234375,361.6300519453443,352.8067099465058,353.21708130319655,28042100
2023-11-13,358.2882995605469,360.03734267871334,357.52615152445077,359.79306407971893,19986500
2023-11-14,361.7961730957031,363.43774810881337,358.94301547087497,362.5192580985715,27683900
2023-11-15,361.9429931640625,365.3306622150657,359.436476024947,363.5193258281366,26860100
2023-11-16,368.3072204589844,368.48345088606146,362.4424045116938,363.20609957538716,27182300
2023-11-17,362.1192321777344,366.5447423144695,359.3287982048387,365.8006186204478,40157000
2023-11-20,369.5506286621094,370.95073116555085,363.24523724780994,363.4606399313925,52465100
2023-11-21,365.27197265625,368.3561243217149,363.3627202596963,367.8176325584251,28423100
2023-11-22,369.95208740234375,371.8515394102055,367.13228112759265,370.09894608755127,23345300
2023-11-24,369.5408020019531,370.0695230751344,367.2986899991627,369.44288626548433,10176600
2023-11-27,370.69610595703125,372.68370265137486,368.33650717542696,368.9043706026068,22179200
2023-11-28,374.70068359375,374.994400937648,370.25557188472965,370.44160282909473,20453100
2023-11-29,370.93115234375,376.26721663239306,369.55062106548934,375.7385254123956,28963400
2023-11-30,370.9898986816406,372.1452267516367,367.6218003340975,370.578664516551,30554400
2023-12-01,366.68182373046875,370.2555237215733,363.5486996979007,368.88479316220673,33040500
2023-12-04,361.42413330078125,361.79616532164505,355.31454343634607,361.3849610271203,32063300
2023-12-05,364.7334289550781,365.28172122334854,357.9776614584204,358.7903292029664,23065000
2023-12-06,361.09124755859375,366.3587983701644,360.3373530283443,365.73219133144767,21182100
2023-12-07,363.19622802734375,363.68577677525514,358.66300184093467,360.53308164351836,23118900
2023-12-08,366.40771484375,366.6328881744278,360.53312909562084,361.4828549867559,20154400
2023-12-11,363.5389404296875,363.83268764840955,358.44765064841334,360.77790780370736,27708800
2023-12-12,366.5545959472656,366.5937682209635,362.7165198765075,363.09838231575895,24838300
2023-12-13,366.5447692871094,369.7464376106383,363.0200118977458,368.16027437565873,30955500
2023-12-14,358.28118896484375,365.9475401487158,356.5188251808004,365.50693426286074,43277500
2023-12-15,362.98089599609375,364.61597239957655,358.6238993402138,359.1819921925265,78502300
2023-12-18,364.8606872558594,365.20337736605416,360.9736688806633,361.7275930990288,21802900
2023-12-19,365.4580383300781,365.4580383300781,362.1095108541582,363.7250161772289,20603700
2023-12-20,362.8731384277344,368.1700598934919,362.785023231556,367.161590586535,26316700
2023-12-21,365.7321472167969,366.58395739776404,362.30530541678434,364.77262075610525,17708000
2023-12-22,366.7503967285156,367.3378613138971,364.91948884316713,365.86921479028837,17107500
2023-12-26,366.82867431640625,369.06101542962205,365.6929176265688,367.1615638820972,12673100
2023-12-27,366.2510681152344,367.2203652351963,365.01739550459973,365.87900622442777,14905400
2023-12-28,367.43572998046875,368.59105792655595,366.3391454974242,367.5238451750327,14327000
2023-12-29,368.1798400878906,369.2764245304369,365.6733528250178,368.14066782074684,18730800
2024-01-02,363.1179504394531,368.04281055620135,359.10364399056556,366.04544293017665,25258600
2024-01-03,362.8535461425781,365.45794912599047,360.8072359155438,361.2967846745382,23083500
2024-01-04,360.2491455078125,365.3012923191343,359.49525117073273,362.92209250603474,20901500
2024-01-05,360.06317138671875,364.28307999206555,358.8392992881915,361.25767175006894,21004600
2024-01-08,366.8580627441406,367.35741205524755,361.2967958412056,361.58071261682426,23134000
2024-01-09,367.93511962890625,368.13092123395006,363.4312643972459,364.23413165308716,20830000
2024-01-10,374.7691955566406,376.1399561660862,368.45403366179033,368.50297659226095,25514200
2024-01-11,376.59033203125,382.5138608324762,372.4291670394017,377.9316910243427,27850800
2024-01-12,380.35003662109375,380.55563874578314,376.6098767088899,377.4323150873344,21661200
2024-01-16,382.1124267578125,385.7938434606626,379.51782397721394,385.43158211314164,27202300
2024-01-17,381.32916259765625,381.9557695556543,376.7665639671979,379.87031666196907,22234100
2024-01-18,385.6371765136719,385.75466344784127,381.96556042243856,383.5321225973024,23392100
2024-01-19,390.3368835449219,390.3368835449219,385.27493541414515,387.4877057228784,29331100
2024-01-22,388.2220153808594,392.2460923450514,385.36303712070327,391.6586277842315,27016900
2024-01-23,390.56201171875,391.0319893054533,385.69589563777015,387.4778603727062,20525900
2024-01-24,394.1455383300781,397.1513752160577,392.079656679383,393.14686950723774,24867000
2024-01-25,396.4072570800781,398.5025403738,394.1161721859946,395.8687653294727,21021200
2024-01-26,395.48687744140625,397.68007633393063,394.01823107466254,395.917682766026,17803300
2024-01-29,401.1558837890625,401.41045873539736,395.8785331996652,397.57238286313674,24510200
2024-01-30,400.049560546875,404.41632830339967,397.9543068235812,403.64286256632073,33477600
2024-01-31,389.2696533203125,406.6388669659615,388.9073919493629,398.4535945955144,47871100
2024-02-01,395.3400573730469,399.4718507500115,393.40143322301293,393.4308049580275,30657700
2024-02-02,402.62457275390625,404.0246753472104,395.124680500137,395.3694549344779,28256700
2024-02-05,397.17095947265625,402.5657971362689,395.5456537728456,401.33212452419457,25352300
2024-02-06,397.0143127441406,399.44248577195293,394.48825385108364,397.39617518548,18382600
2024-02-07,405.39532470703125,405.64009909216526,398.8843320384044,398.92350430633786,22340500
2024-02-08,405.4541320800781,406.87383568951475,403.9071708692484,405.39538860876115,21225300
2024-02-09,411.7594909667969,412.0238664464446,406.41362634312986,406.5702855474464,22032800
2024-02-12,406.580078125,411.94551383927785,406.0807287884979,411.769283442755,21202900
2024-02-13,397.8269348144531,401.49855072964925,394.9581860838381,396.4757753769111,27824900
2024-02-14,401.6720886230469,402.01541247950905,396.8460370500132,400.27921574475005,20401200
2024-02-15,398.7980651855469,401.3190066322356,396.57141418180584,400.34791702088137,21825500
2024-02-16,396.3458251953125,400.49507828913886,395.7376668083811,400.17136177032233,22296500
2024-02-20,395.10003662109375,396.76756266074034,390.4112964520626,395.5414273661721,24307900
2024-02-21,394.501708984375,394.609624467944,389.63641199991355,392.5301035768011,18518900
2024-02-22,403.79083251953125,404.9482969480148,400.76964859968683,402.3587150074255,27009900
2024-02-23,402.505859375,407.92046175721333,401.162019956702,407.73411674298126,16295900
2024-02-26,399.7593688964844,404.2911603614398,399.58278265548927,403.6045125913183,16193500
2024-02-27,399.7005310058594,400.524490398334,396.13982903252327,400.2007738907874,14835800
2024-02-28,399.9359130859375,401.48573495033145,397.58173927175767,400.38712249937714,13183100
2024-02-29,405.7428894042969,406.29219561123216,398.17027676875426,400.83834831741547,31947300
2024-03-01,407.5673828125,407.93031407980567,403.0355914321904,403.41813008815376,17823400
2024-03-04,406.9984130859375,409.38201264934025,404.4480459696284,405.54665828189934,17596000
2024-03-05,394.96270751953125,406.3412493979287,392.99110225962716,406.056777618859,26919200
2024-03-06,394.4133605957031,397.4247558475786,390.7840183450358,395.27656457076307,22344100
2024-03-07,401.32879638671875,401.9565620702222,394.56050584072034,398.3664344564578,18718500
2024-03-08,398.4645080566406,402.58433424165736,396.61057729290076,400.1712786506048,18002200
2024-03-11,396.7969970703125,397.93485423983793,393.5992565104688,396.0515271512708,16120800
2024-03-12,407.3515319824219,407.6360037253644,399.02363143663507,399.83777202306123,22457000
2024-03-13,407.1750183105469,410.19620253246603,403.5947092048327,410.1177430442753,17115900
2024-03-14,417.1018371582031,419.65220477798977,410.0098592258052,412.2169029464952,34157300
2024-03-15,408.4698181152344,414.53182378938754,404.9091164524236,411.28501994441507,45079900
2024-03-18,409.3526306152344,412.69753127897746,405.8802070917239,406.34123515822085,20106000
2024-03-19,413.36456298828125,413.6196087209555,407.6164248857175,409.8528945727863,19837900
2024-03-20,417.1115417480469,417.82758546767997,412.62878476581204,413.94319796336094,17860100
2024-03-21,421.17254638671875,422.5948752417206,419.004747660182,421.6237557740876,21296200
2024-03-22,420.5545959472656,421.65320840400005,417.93558766825475,421.4962894258474,17648500
2024-03-25,414.78680419921875,419.24995422394994,413.5606690168653,417.1213703760103,18060500
2024-03-26,413.59991455078125,417.85705232022457,413.3056540804049,417.48430243445387,16725600
2024-03-27,413.3841247558594,416.34648660093063,411.0103437373624,416.33666794000516,16705000
2024-03-28,412.6876525878906,413.81569090376234,411.1181936577938,412.9230609501764,21871200
2024-04-01,416.4642028808594,419.720825298805,414.15906261710444,415.856044584665,16316000
2024-04-02,413.39398193359375,414.31603809824145,409.86270618972446,412.0893571765106,17912000
2024-04-03,412.42291259765625,415.17926256521645,411.0888617244366,411.71665741417434,16502300
2024-04-04,409.90191650390625,420.48592418548293,409.5978373618215,416.8761593197056,19370900
2024-04-05,417.3960266113281,418.36714603884514,410.33350586860576,411.99124304246095,16554800
2024-04-08,416.4837646484375,419.12240981995205,415.21838482354366,417.0527081073557,14272400
2024-04-09,418.1415710449219,419.5736887198931,413.5705349702072,418.2985199584035,12496900
2024-04-10,415.1792297363281,415.93451830181,411.68719880938414,414.1296507389469,16216600
2024-04-11,419.7601013183594,421.17261173139167,414.29643464676553,417.69039907707906,17966400
2024-04-12,413.8451232910156,417.06250067629605,411.7557842388935,415.95406972864896,19253800
2024-04-15,405.7428894042969,418.6712525249299,405.5368771254888,418.4554515197094,20273500
2024-04-16,406.6648864746094,410.4119627811132,405.8311384974836,406.6550977488978,16765600
2024-04-17,403.9772644042969,410.88286711080787,402.49608331512337,409.28398181705415,15855500
2024-04-18,396.5517272949219,404.02627254838046,396.2378594372626,402.79031869935466,21029900
2024-04-19,391.5000915527344,397.738683518828,390.1758594431205,396.31635459832717,30565800
2024-04-22,393.3049621582031,395.1588931129713,388.1944385754191,392.44175811164087,20286900
2024-04-23,399.7887878417969,400.40676483693346,395.3648819975192,396.52234656320184,15734500
2024-04-24,401.25030517578125,404.5952057239604,399.01383568119996,401.7407592748994,15065300
2024-04-25,391.4216003417969,392.2553782643455,380.62179192671005,386.5072408836068,40586500
2024-04-26,398.5625915527344,405.1150505614492,398.0132854043954,404.3009099992489,29694700
2024-04-29,394.57037353515625,398.5626776003093,391.5687964569437,397.51309850869376,19582100
2024-04-30,381.89697265625,394.4820415046003,381.74005368851095,393.82481984555585,28781400
2024-05-01,387.3999328613281,394.050490048908,382.8583225669511,385.11439972061993,23562500
2024-05-02,390.2445068359375,392.29460134045365,387.11540734616494,390.0679505478797,17709400
2024-05-03,398.89617919921875,399.3768146946621,394.1878013235466,394.5997959874596,17446700
2024-05-06,405.6448059082031,406.02734455936377,398.61168058742396,400.9560656726651,16996600
2024-05-07,401.5249938964844,406.7532518204941,401.2797668251692,406.74343315845897,20018200
2024-05-08,402.7020568847656,404.3597941214035,398.9451617518151,400.3773092630151,11792300
2024-05-09,404.4480895996094,404.84044690561177,401.28956389363333,402.73150019277335,14689700
2024-05-10,406.8218688964844,407.44966453116945,403.93799631140473,405.0562460600837,13402300
2024-05-13,405.8213806152344,410.36299080631596,402.97675254945415,410.0294855785296,15440200
2024-05-14,408.60711669921875,409.51935413927424,403.69275704643184,404.15378509704203,15109300
2024-05-15,415.7511901855469,416.46855556809163,410.0418362179186,410.66092785109674,22239500
2024-05-16,413.6973571777344,418.0506409370668,413.06845922359344,414.493323488297,17530100
2024-05-17,412.930908203125,415.5939858480529,410.7886784280323,415.2205635959117,15352200
2024-05-20,417.9720458984375,419.37726753163014,412.7147152549324,412.9309055053418,16272100
2024-05-21,421.6080017089844,425.46991744124085,417.4905802068074,419.4362626425402,21453300
2024-05-22,423.0623474121094,424.919622461389,419.7310859592396,422.6398032435963,18073700
2024-05-23,419.603271484375,426.0889486573305,418.05065430726955,425.4698570651074,17211700
2024-05-24,422.70855712890625,423.59296088139126,417.05816150216543,419.7900037534496,11855300
2024-05-28,422.8657531738281,423.3570918822038,419.2101919839553,422.1877033571548,15718000
2024-05-29,421.7357482910156,423.4750768037088,418.3160195321069,418.3160195321069,15517100
2024-05-30,407.4869079589844,416.9500674611062,407.0643338259667,416.9500674611062,28394500
2024-05-31,407.93890380859375,409.53083651523417,397.5028738526741,409.53083651523417,47995300
2024-06-03,406.35675048828125,409.2163453409128,401.83645840787784,408.3319416725267,17484700
2024-06-04,408.862548828125,409.22613462860147,402.58322652606506,405.2855890840112,14348900
2024-06-05,416.6650695800781,416.7338342090642,409.08860495020656,410.57245747625547,16988000
2024-06-06,417.1662292480469,417.9425528471417,413.29447761268017,416.66508413024746,14861300
2024-06-07,416.5078430175781,418.8957420228007,415.67256118761725,418.81714102196315,13621700
2024-06-10,420.458251953125,420.6646058483147,416.54721437209554,417.34318081391007,13982900
2024-06-11,425.1849060058594,425.3224952545953,417.88361916349896,418.1096457911631,14551100
2024-06-12,433.41973876953125,435.71920053687387,425.7450298401941,427.7791794767063,22366200
2024-06-13,433.9307556152344,435.7094296372952,431.7590465451533,433.2134201697404,15960600
2024-06-14,434.9035949707031,435.4637283515464,429.15492551069684,430.68790003484014,13582000
2024-06-17,440.6031188964844,443.1286073434569,433.0856417971322,434.92324397820295,20790000
2024-06-18,438.6082458496094,442.3424381224516,437.1833815521162,441.919864030814,17112500
2024-06-20,437.9793395996094,438.79494866589,433.62605582240985,438.56892206249415,19877400
2024-06-21,441.9886474609375,442.77477739903867,438.77530310305696,439.6302276576991,34187100
2024-06-24,439.91522216796875,444.90721036131976,438.6770389987755,442.0082999216464,15913700
2024-06-25,443.1385192871094,443.6003790040793,439.01126096572114,440.4852775106536,16413400
2024-06-26,444.32745361328125,445.7425115856911,440.42622281234816,441.2221891732116,16507000
2024-06-27,445.0054931640625,448.267989524247,443.9441847148766,444.3470860716105,14806300
2024-06-28,439.2077331542969,447.4916975183524,438.6770788922511,445.22171482768863,28362300
2024-07-01,448.81829833984375,449.447196335744,437.94005138791704,440.88808384173325,17662800
2024-07-02,451.3241271972656,451.6287548273333,445.26099374388446,445.349461110364,13979800
2024-07-03,452.788330078125,453.0339994689676,449.9484075142332,450.2530351597629,9932800
2024-07-05,459.4606628417969,460.2369864186551,451.0194672052492,451.6483651745115,16000300
2024-07-08,458.1635437011719,459.598274429734,456.4143789671548,458.46817132419625,12962300
2024-07-09,451.57965087890625,459.23468742094946,450.0663190511327,458.9104170237532,17207200
2024-07-10,458.1734313964844,458.37978529575963,450.9114295315087,453.2305642637646,18196100
2024-07-11,446.8234558105469,456.72883147324404,443.7279978013262,454.96002402992053,23111200
2024-07-12,445.693359375,448.45468069664645,442.8436006787632,446.459846610387,16324300
2024-07-15,446.09625244140625,449.33910606074033,443.61007966105154,445.4476817175394,14429400
2024-07-16,441.733154296875,446.430351284593,438.92271119875926,446.35175028412175,17175700
2024-07-17,435.83709716796875,437.1440749862863,431.5722805813875,434.92321432561624,21778000
2024-07-18,432.74169921875,436.9475578488645,426.8751131633182,436.6429302135875,20794800
2024-07-19,429.53814697265625,433.49836608097274,424.51667935003445,425.5976305961669,20940400
2024-07-22,435.2671813964844,436.898429671943,431.306992206013,434.1371082507153,15808800
2024-07-23,437.1441345214844,440.6228216077749,435.4244487287082,436.21057880982977,13107100
2024-07-24,421.4703674316406,433.8324669900576,420.18306232506063,432.82031037979385,26805800
2024-07-25,411.1523132324219,422.35483218497876,410.27774573844266,421.3721545577555,29943800
2024-07-26,417.90325927734375,421.490056226304,410.0418390958428,410.95575198353527,23583800
2024-07-29,419.3379821777344,424.66407745687695,417.34314804369717,424.10394408211863,15125800
2024-07-30,415.5939636230469,421.6177512482942,410.13024936818454,420.3108034246303,32687600
2024-07-31,411.1031494140625,414.4737261342931,405.06949500365346,413.2159000993034,42891400
2024-08-01,409.8846130371094,420.05533154219523,405.9342601346404,413.50088916463085,30296400
2024-08-02,401.4139099121094,407.81114983489476,397.3358044115477,405.3446197900361,29437900
2024-08-05,388.3049621582031,394.09294634268963,378.90073239916643,382.4285705967925,40709200
2024-08-06,392.6877746582031,398.64282840268,391.59701693545804,393.07103331037194,24946500
2024-08-07,391.5282287597656,402.9764167958112,390.58486666117705,401.5613886423986,20650900
2024-08-08,395.71441650390625,398.82948747665125,393.01205329948556,395.4687471216862,20203000
2024-08-09,398.9866638183594,400.98149772413467,395.29181721770595,397.03114540515713,19276700
2024-08-12,399.7630310058594,401.6792641246606,397.23754263585204,400.008700380632,16762900
2024-08-13,406.83831787109375,407.7620371122612,402.475227409518,402.49487016333154,19414300
2024-08-14,409.6388854980469,410.4840036540826,405.305304565642,407.6145724584555,18267000
2024-08-15,414.482421875,414.56116454959863,411.16483466760724,413.27153919674845,20752100
2024-08-16,411.96221923828125,414.787581998409,410.81040112271256,414.05909962624725,22775600
2024-08-19,414.97467041015625,415.19125033166955,409.9835081573214,412.4446299731582,15234000
2024-08-20,418.1938171386719,419.2373304106215,415.08298552534507,415.14205004692775,16387600
2024-08-21,417.5440979003906,419.76893159636126,415.1617187597954,417.48500333716095,16067300
2024-08-22,409.0876159667969,420.1528389914807,408.1622318516386,417.7606059891525,19361900
2024-08-23,410.30841064453125,412.74000030450156,405.68148941527863,410.4954583139899,18493800
2024-08-26,407.0596618652344,410.7907306533513,404.94310328054127,409.89487877847426,13152800
2024-08-27,407.40423583984375,407.91613833509496,403.8700687036349,406.43946532338146,13492900
2024-08-28,404.214599609375,408.5461674240689,400.97575531583215,408.4280383994025,14882700
2024-08-29,406.6954650878906,415.4865852646763,404.2146650393698,408.48716903331825,17045200
2024-08-30,410.65289306640625,410.9974260333262,405.7207960910566,409.13683384861065,24308300
2024-09-03,403.0726318359375,413.35027748692255,400.7001071362785,411.4109125689516,20313600
2024-09-04,402.54107666015625,404.8446830658677,398.0815251485243,399.59758459335677,15135800
2024-09-05,402.0390319824219,406.67577709695456,399.8141682348964,401.2809872314555,14195500
2024-09-06,395.45306396484375,404.2638620080845,394.56703607993364,402.6985921439958,19609500
2024-09-09,399.4104919433594,402.294919165343,395.8960031892495,400.90684301767806,15295100
2024-09-10,407.7586669921875,409.85551750473985,401.3597503882825,401.8519747424291,19594300
2024-09-11,416.4611511230469,417.3963592828998,403.21045111442425,409.03840014283475,19266900
2024-09-12,420.3595886230469,420.7238298297295,413.2223356546228,416.72697057085117,17395700
2024-09-13,423.893798828125,425.1145057080557,418.8435717530032,419.2078129966604,15874600
2024-09-16,424.6321105957031,426.7880557127787,421.5606353721957,423.90362815097126,13834700
2024-09-17,428.3828430175781,434.9786612819886,425.54762597309116,433.3838592052121,18874200
2024-09-18,424.11029052734375,429.2491133188561,423.71651710377296,428.23513248274287,18898000
2024-09-19,431.8677673339844,434.63406555161,430.10559589287107,434.3682752397946,21706600
2024-09-20,428.5009765625,432.4092391189892,427.4673174405253,430.42066355244185,55167100
2024-09-23,426.7684020996094,429.6725079875257,423.6969266994437,427.52641684805,15128900
2024-09-24,422.4958190917969,426.6108070315339,419.4735546779715,426.26624401276456,17015800
2024-09-25,425.39013671875,426.3844395741606,421.90520976014716,423.14559476109406,13396400
2024-09-26,424.6025390625,428.53047950890726,422.45644824495844,428.3237537072511,14492000
2024-09-27,421.3637390136719,425.1341945131492,420.82230422369577,424.8093096047705,14896100
2024-09-30,423.6083068847656,423.7264659769529,418.7549815080826,421.5508124966524,16807300
2024-10-01,414.1477355957031,421.81659955830685,412.2969671899716,421.78706729834266,19092900
2024-10-02,410.6430969238281,416.24461251055664,410.22961524498584,416.00832438993655,16582300
2024-10-03,410.062255859375,413.02542591560956,407.84724636027164,411.1353013004486,13686400
2024-10-04,409.5897216796875,413.2223397680441,408.51667620718774,411.73581262468696,19169700
2024-10-07,403.171142578125,410.6233966552464,402.6395318501973,409.5306729821077,20919800
2024-10-08,408.26068115234375,409.19591936395466,401.82240877121177,404.50993429186275,19229300
2024-10-09,410.9679870605469,413.842590771439,407.85712525174335,409.3928629741536,14974300
2024-10-10,409.3731994628906,410.8597268157618,406.7250296963955,408.77270009487955,13848400
2024-10-11,409.8457336425781,410.6431347710615,406.82346860139154,409.66854006802475,14144900
2024-10-14,412.62188720703125,417.4456803506331,411.0270549042709,411.27316710591384,16653100
2024-10-15,412.22802734375,415.9098858066577,408.80216519233556,415.61453317923247,18900200
2024-10-16,409.6488342285156,409.88509232928357,404.0965585595149,408.71362588431356,15508900
2024-10-17,410.239501953125,415.92961477123424,409.12707001088165,415.79177751966756,14820000
2024-10-18,411.6570739746094,413.12389293089865,409.78662744422246,410.6529471112624,17145300
2024-10-21,412.2674255371094,412.44461909285747,407.31564977599334,409.6487883889798,14206100
2024-10-22,420.8616943359375,423.88392916296095,411.53896348036403,411.9819473916582,25482200
2024-10-23,417.9969177246094,424.37612597688815,415.95910173602493,424.1595460644349,19654400
2024-10-24,418.1248779296875,419.3554387186423,415.8310957950025,418.71552307399537,13581600
2024-10-25,421.49169921875,425.7937351729216,419.9362835126177,420.1233311665373,16899100
2024-10-28,419.9559631347656,425.2227696357769,419.670464602579,424.9471252042487,14882400
2024-10-29,425.23260498046875,426.43363353122214,419.17822176857095,421.3440208086144,17644100
2024-10-30,425.8036193847656,431.68077966192817,425.3803136298507,430.6372663836306,29749100
2024-10-31,400.0307312011719,409.6881704469,399.9814907408766,408.9005934690843,53971000
2024-11-01,403.9881591796875,409.0383852046151,401.16279656048295,402.64932353081855,24230400
2024-11-04,402.1078796386719,404.0374205874987,399.26283871579096,403.42703719981586,19672300
2024-11-05,405.0612487792969,408.4477546696806,401.73380740675793,402.019305938334,17626000
2024-11-06,413.6456604003906,413.91148078515863,404.13588205792996,406.0063586804049,26681800
2024-11-07,418.8139953613281,420.2119257079772,413.35031719618456,414.7285393416903,19901800
2024-11-08,415.9689636230469,419.8673720771894,415.2207729945687,418.7057298172818,16891400
2024-11-11,411.5094299316406,418.20366938728347,409.5306783384117,415.94927334689254,24503300
2024-11-12,416.4513244628906,417.8394007087299,410.71200186963034,411.7456609678349,19401200
2024-11-13,418.58758544921875,422.65333320998997,411.70626883397995,415.0829505962656,21502200
2024-11-14,420.2513122558594,421.51140536702854,413.4684464166278,418.39068982634956,30246900
2024-11-15,408.54620361328125,416.2248913266483,407.2073678244848,413.2912534776132,28247600
2024-11-18,409.29443359375,411.8933627455597,405.6913474607701,408.41825976061074,24727000
2024-11-19,411.2928161621094,411.4404774532615,405.149836063281,406.6855735772408,18133500
2024-11-20,409.0285339355469,410.800559418531,404.19488776660336,410.3870777929387,19191700
2024-11-21,407.2629089355469,414.07906953202513,404.717960528392,413.80287334750346,20780200
2024-11-22,411.3368225097656,411.73138418459337,405.4774898240383,405.7832773797643,24814600
2024-11-25,413.10247802734375,415.36135617252853,409.2159842267064,412.69804256956826,27691100
2024-11-26,422.1775207519531,423.21327891734404,413.16166540924917,413.8916059444426,23458900
2024-11-27,417.2454528808594,421.42789081016514,416.28862504102557,419.33665679394954,18332400
2024-11-29,417.7090759277344,419.10980447039015,412.1259395107062,414.384847961252,16271900
2024-12-02,425.1269836425781,427.11953971126485,415.58829615007085,415.84477479075025,20207200
2024-12-03,425.3439636230469,426.5967051479557,421.93093157664276,424.00241788094525,18302000
2024-12-04,431.4794921875,433.698935348809,426.754535872994,427.1490975254907,26009400
2024-12-05,436.60882568359375,438.62112911545074,430.24644042721326,431.9726738856543,21697800
2024-12-06,437.54595947265625,440.04159877439776,435.7703869006791,436.2931878578621,18821000
2024-12-09,439.9626770019531,442.2413029263077,434.51765390142566,436.5891402244184,19144400
2024-12-10,437.3092041015625,443.51378920495125,435.6027181772746,438.3548361326827,18469500
2024-12-11,442.8923645019531,444.23391032066826,438.0194510528632,438.0194510528632,19200200
2024-12-12,443.45458984375,449.96496224230685,443.0106891858234,443.0106891858234,20834800
2024-12-13,441.1957092285156,445.2992167545738,439.5286583553318,442.34983294961415,20177800
2024-12-16,445.45703125,446.039014950384,439.23272866925197,441.19569319284585,23598800
2024-12-17,448.2880554199219,449.1068002031095,443.4644812477741,444.8849272856994,22733500
2024-12-18,431.44989013671875,446.50262602359174,431.08488976149135,445.19070178831043,24444500
2024-12-19,431.0947570800781,437.1612287919841,430.39440791706704,435.6224173363725,22963700
2024-12-20,430.6706237792969,437.7136411325363,422.80886164173944,427.22800034083093,64263700
2024-12-23,429.3389587402344,431.70635881030796,426.9518110200716,430.80871372187636,19152500
2024-12-24,433.3635559082031,433.6299083717355,428.2933766162313,428.74712104240933,7164500
2024-12-26,432.1601257324219,434.9517090842379,430.70024449975995,433.1169536147247,8194200
2024-12-27,424.68304443359375,429.30935275325726,420.5598195240772,428.69777768381334,18117700
2024-12-30,419.06048583984375,421.7435474622816,416.17028459927946,420.2737923808389,13158700
2024-12-31,415.77569580078125,420.9346790911402,414.94710727917607,420.313230174155,13246500
2025-01-02,412.89532470703125,420.2836247921959,409.21600045312425,419.7509500092328,16896500
2025-01-03,417.6005554199219,418.2713132207811,413.8423008464514,415.36136467137544,16662900
2025-01-06,422.03948974609375,428.42162361284306,419.7016808979234,422.1874466156374,20573600
2025-01-07,416.6338806152344,424.801430542522,415.0851952170159,423.1738448521772,18139100
2025-01-08,418.7940979003906,421.17137158470763,415.8151230042094,417.70903085107875,15054600
2025-01-10,413.26031494140625,418.94206877538755,409.3836648034606,418.86316848876044,20201100
2025-01-13,411.52423095703125,412.8164377086338,406.690782868284,409.6007014640922,17604800
2025-01-14,410.02490234375,414.03960580749714,405.1421150215387,412.1358238822972,16935900
2025-01-15,420.5203857421875,422.3353935398116,412.5895665870108,413.43790279096226,19637800
2025-01-16,418.8138427734375,423.6571645662551,418.6264508238549,422.8779150872359,15300000
2025-01-17,423.20343017578125,428.57942688248704,422.3551241092644,428.1947089431654,26197500
2025-01-21,422.6806335449219,425.0480336398343,419.82002384260585,424.3575582513444,26085700
2025-01-22,440.1402587890625,441.1957044539868,430.0787709144918,431.6175824572203,27803800
2025-01-23,440.643310546875,440.68277574358376,435.50407496539947,435.9972845633218,18389300
2025-01-24,438.029296875,440.5841189283991,435.40541825453283,439.1143639891968,15549500
2025-01-27,428.6583251953125,429.28964793288844,417.74853125025015,418.2516146753107,35647800
2025-01-28,441.1266174316406,442.2905847023314,425.5214606154873,428.6977312054732,23491700
2025-01-29,436.3227844238281,440.81100977301065,434.41900262341227,440.6235877197962,23581400
2025-01-30,409.35406494140625,417.11717867451154,407.548931179693,413.08272804700266,54586300
2025-01-31,409.4231872558594,414.97673266362114,409.2752303832896,413.28996411007114,34161900
2025-02-03,405.3393859863281,409.7683985075356,403.1100689884043,406.01014380943144,25679100
2025-02-04,406.76971435546875,408.2986823038951,404.1754268282418,407.08537575034575,20532100
2025-02-05,407.67718505859375,408.20982973334895,404.82641922275565,406.74994863541014,16316700
2025-02-06,410.1728515625,412.5205341470821,408.3775613386283,408.3775613386283,16309800
2025-02-07,404.18524169921875,412.96436600470287,402.5576561425311,410.8238533335017,22886800
2025-02-10,406.6217346191406,409.81772327895646,405.3394016663598,408.0914896331453,20817900
2025-02-11,405.852294921875,406.88802298158646,403.74134350470337,404.0767525043344,18140600
2025-02-12,403.4848937988281,405.17166210079324,398.87830316572246,401.6797299133385,19121700
2025-02-13,404.96453857421875,405.4182829681306,400.8412835235649,401.4726062482461,23891700
2025-02-14,402.8832092285156,403.35670130819824,400.3678521686821,402.25191655873215,22758500
2025-02-18,404.0767822265625,405.0237362453633,400.9794114377888,402.4590402622825,21423100
2025-02-19,409.1371154785156,409.84733856693146,402.1138149948078,402.34070226719325,24114200
2025-02-20,411.3016662597656,414.4447616167347,407.75332449561745,410.47141636340496,23508700
2025-02-21,403.4736022949219,413.1994268757111,403.1573381232245,412.49767332735263,27524800
2025-02-24,399.3124084472656,404.62009578289485,394.6867174896375,403.7700887978409,26443700
2025-02-25,393.283203125,397.25657880262406,392.09714469383994,396.44608593506547,29387400
2025-02-26,395.0920104980469,398.91710270889797,389.6755831630129,393.3919661639477,19619000
2025-02-27,387.97552490234375,401.03224256641477,387.6197164134029,396.61410618114576,21127400
2025-02-28,392.3837585449219,393.0163471729864,382.0846775634414,388.1040123360274,32845700
2025-03-03,383.98236083984375,394.1925192721913,381.67940898205217,394.1925192721913,23007700
2025-03-04,384.1009826660156,388.0249203607145,376.5792952112664,378.9514422192701,29342900
2025-03-05,396.366943359375,397.00942552278195,384.29862476159957,384.82247395089007,23433100
2025-03-06,392.2849426269531,397.4838909032578,388.12376908504734,389.70521049036057,23304600
2025-03-07,388.7464599609375,390.2191619837315,381.0666253730808,387.76795648683793,22034100
2025-03-10,375.7490234375,381.9166113327009,372.8431337183802,381.3631114017718,32840100
2025-03-11,376.0356750488281,381.5212666884101,372.5367409966354,374.6024872406928,30380200
2025-03-12,378.82293701171875,380.7503233781215,374.55308456142495,378.5066728711865,24253600
2025-03-13,374.3751525878906,380.8491715851453,373.07049136146827,378.71423026442886,20473000
2025-03-14,384.0515441894531,385.7021804869834,375.10656321193693,375.3734195488383,19952800
2025-03-17,384.1899719238281,388.15342385678485,381.0962841175908,382.2131776873556,22474300
2025-03-18,379.0700378417969,382.87537263830677,376.67813379609476,382.57886557924786,19486900
2025-03-19,383.32012939453125,385.1585333246225,379.5444456387846,381.0566918328374,19185500
2025-03-20,382.3515319824219,387.24410971121733,378.8328407062668,381.2642891356356,18470500
2025-03-21,386.72027587890625,387.19468720298374,378.35841433019584,378.7735544022507,39675900
2025-03-24,388.5191345214844,390.81222312553433,385.28708673252123,390.81222312553433,21004500
2025-03-25,390.5749816894531,391.7610400507305,388.08423198363494,389.3493790004213,15775000
2025-03-26,385.4452209472656,390.72325787798576,384.0614710304359,390.4168571879551,16108400
2025-03-27,386.048095703125,387.6888383797828,382.9050004114053,385.6033351411741,13766800
2025-03-28,374.4048156738281,384.6149747790714,372.5565178920864,383.5771397086297,21632000
2025-03-31,371.0343933105469,372.6948931611048,362.97893300010196,368.2174556076631,35184700
2025-04-01,377.7554931640625,378.4078388750376,368.89946352111616,370.30297052308924,19689500
2025-04-02,377.7060852050781,380.61194495123306,372.2501138660857,373.584455994143,16092600
2025-04-03,368.78082275390625,373.10014336261634,365.0644702169303,370.4413527847735,30198000
2025-04-04,355.664794921875,370.2436515761853,355.30898645827625,359.90502676066706,49209900
2025-04-07,353.7077941894531,366.6953473866903,340.78946619633433,346.808801297969,50425000
2025-04-08,350.446044921875,369.3145404099518,346.1860561796805,363.98709615832223,35868900
2025-04-09,385.95916748046875,388.66739600040677,349.00301621371585,349.43791334353114,50199700
2025-04-10,376.92523193359375,379.44563241847453,363.5324334212975,377.6269854135807,38024400
2025-04-11,383.9428405761719,385.52425170247653,374.49376732812806,376.22346214057205,23839200
2025-04-14,383.310302734375,390.07093573374146,379.75206690221165,388.6575350248574,19251200
2025-04-15,381.2544250488281,387.3429548173336,379.702634359307,384.0021677861047,17199900
2025-04-16,367.2982482910156,377.18221973337427,363.730149078798,376.25315416820064,21967800
2025-04-17,363.5126953125,369.97682098932336,362.6330375516977,369.41342738591277,21120200
2025-04-21,354.953125,360.25094859286406,351.543173455908,358.6102059570081,20807300
2025-04-22,362.5638122558594,363.5027713530303,355.6845470865514,359.1637239988867,19485000
2025-04-23,370.0459899902344,375.9763723537339,368.69186067990836,371.6965961898571,20545500
2025-04-24,382.8061828613281,383.9428636514652,370.8367085183124,371.3408006891215,22232300
2025-04-25,387.30340576171875,387.60980644654984,380.1375268589871,382.5096738423667,18973200
2025-04-28,386.62139892578125,388.18305301396595,382.1538550582223,387.41210451108003,16579400
2025-04-29,389.46795654296875,390.51565493433395,385.8504199570639,386.7597282920122,14974000
2025-04-30,390.6737976074219,392.05754733836756,379.97933510918136,385.771326898526,36461100
2025-05-01,420.464111328125,431.91962985286955,419.9699127886788,426.1078502028247,58938100
2025-05-02,430.2294921875,434.3412277785372,425.0008630376841,426.7305579775838,30757400
2025-05-05,431.1091613769531,434.40051033348516,427.0962415401901,427.84743296236513,20136100
2025-05-06,428.2823486328125,432.65107712392626,426.1671945058241,427.18524232094876,15104200
2025-05-07,428.3218688964844,433.0365119798482,426.10783898687293,428.8061738000786,23295300
2025-05-08,433.0859680175781,438.5221520354275,430.60508165893515,432.8487322038109,23491300
2025-05-09,433.63946533203125,435.6261229679929,430.8225275981773,434.89471877509555,15324200
2025-05-12,444.04730224609375,444.1560114514232,434.67728663767485,440.7658165502587,22821900
2025-05-13,443.9287109375,445.4409573721911,440.19254074927665,442.5844751269483,23618800
2025-05-14,447.6845703125,448.6334230518337,442.940276452347,442.940276452347,19902800
2025-05-15,448.694580078125,451.7246251089068,446.0209967126778,446.35766502511365,21992300
2025-05-16,449.82342529296875,449.91254071320964,444.3376746324017,447.6251542704443,23849800
2025-05-19,454.3784484863281,455.0914021356244,446.38743262939596,446.4666664897976,21336500
2025-05-20,453.6852722167969,453.8535912700005,449.87295142774695,451.13050930908776,15441800
2025-05-21,448.1401062011719,453.2991005803846,447.38753565613104,450.12052955644793,19216900
2025-05-22,450.4076843261719,455.7449399531106,449.45708954496587,450.49682997275477,18025600
2025-05-23,445.7734680175781,449.2491205375805,444.51591011589574,445.5754438212613,16883500
2025-05-27,456.18060302734375,456.4380677238799,451.65532857824905,452.0118204825961,20974300
2025-05-28,452.8831787109375,457.9926743719098,452.45739496057166,456.7054113344306,17086300
2025-05-29,454.19024658203125,457.2004982884002,450.85323834601354,457.0321490211595,13974800
2025-05-30,455.8537902832031,457.16087682654637,451.08099341488645,455.2200705832806,34770500
2025-06-02,457.44805908203125,457.58667299374565,452.41779739511384,452.66535029783114,16626500
2025-06-03,458.43829345703125,459.5968543955761,456.3489311405408,456.9529759669727,15743800
2025-06-04,459.3294982910156,461.1316908447896,458.4878122988585,459.4582306475514,14162700
2025-06-05,463.1021728515625,465.05289099241804,459.487906406924,460.40879598021155,20131700
2025-06-06,465.7757568359375,468.7067748339504,464.19141216551986,465.4885869985769,15285600
2025-06-09,468.12255859375,468.7958952647425,464.0329796350046,465.10242514198006,16469900
2025-06-10,466.3104553222656,468.1720277278758,462.38919566775553,466.5778015728124,15375900
2025-06-11,467.99383544921875,470.81594475736864,465.0628173622344,465.4192790589967,16399200
2025-06-12,474.1826477050781,475.7174938929388,468.88500933710617,470.37032681118086,18950600
2025-06-13,470.3109130859375,474.48960742449077,468.13246560456287,471.74673205457395,16814500
2025-06-16,474.4499816894531,475.98479752096426,470.3504913231842,470.55842728964666,15626100
2025-06-17,473.36077880859375,474.0539088222925,469.4395189734987,470.7466055851971,15414100
2025-06-18,475.5392150878906,476.29178558337986,469.81579317674493,473.3211507460615,17526500
2025-06-20,472.7270202636719,478.7277002496467,472.2022093150259,477.5097592999014,37576200
2025-06-23,481.24285888671875,482.97572926336846,467.8849134818946,473.52910172023695,24864000
2025-06-24,485.3126220703125,487.0356109071577,482.0350238939456,484.1640031375646,22305600
2025-06-25,487.45147705078125,489.71907018583636,484.59969288856837,487.2237477118272,17495100
2025-06-26,492.5808410644531,493.16506236350125,487.98624409592895,488.154593387658,21578900
2025-06-27,491.0855407714844,494.41263722515527,488.20402140418383,492.6797669341534,34539200
2025-06-30,492.5411682128906,495.8583832017286,490.4815111095117,492.17479474651304,28369000
2025-07-01,487.233642578125,493.1749126279045,486.17413905224953,491.61039147776194,19945400
2025-07-02,486.28302001953125,488.66943364597034,483.9164299655294,485.1937811955959,16319600
2025-07-03,493.9571533203125,495.2345347518064,488.6100166980764,488.9763901568408,13984800
2025-07-07,492.84814453125,493.86806132382594,490.38252718836065,492.51147619590915,13981600
2025-07-08,491.7589111328125,493.3234624825612,489.27347018920887,492.37283752871576,11846600
2025-07-09,498.58148193359375,501.8194631786975,494.8483646402868,495.40288075164045,18659500
2025-07-10,496.57135009765625,499.502368126141,492.8778497571002,498.12595942487985,16492100
2025-07-11,498.3933410644531,500.08659454551145,492.9273533491097,493.59080845907414,16459500
2025-07-14,498.0962219238281,499.03693501960714,496.1257105345073,496.61090454240406,12058800
2025-07-15,500.8688049316406,503.32451019369137,497.86846519506315,498.0961945076101,14927200
2025-07-16,500.67083740234375,501.760076321519,496.97736708309617,500.23514183467364,15154400
2025-07-17,506.6912841796875,508.3449206172861,500.67078077223215,500.730191050298,17503100
2025-07-18,505.0574645996094,509.6025628871289,502.46311478523944,509.44409517028413,21209700
2025-07-21,505.06732177734375,507.0774803175347,500.60145783110823,501.7501069031347,14066800
2025-07-22,500.32421875,506.19619667447284,500.32421875,505.968437121084,13868600
2025-07-23,500.9183349609375,501.8293429250601,495.79895793496456,501.78972599996087,16396600
2025-07-24,505.8793640136719,508.6420329312165,502.33438916388565,503.79000158856684,16107000
2025-07-25,508.681640625,513.2167663968169,505.3643953860848,507.4537274302719,19125700
2025-07-28,507.4834899902344,509.9590192096989,505.1267813382861,509.04804137949895,14308000
2025-07-29,507.55279541015625,512.5533521818816,506.5526719682665,510.4838436674275,16469200
2025-07-30,508.21624755859375,510.89974304598894,504.45345515414937,510.127348903314,26380400
2025-07-31,528.2779541015625,550.0131135040644,526.6936395202101,549.7952354974353,51617300
2025-08-01,518.9797973632812,530.5553736121248,515.7616096000787,529.7632164041114,28977600
2025-08-04,530.39697265625,532.981410508703,522.960473635689,523.0991177691142,25349000
2025-08-05,522.5841674804688,532.0406760929504,522.0791498987046,531.9218555369729,19171600
2025-08-06,519.8016357421875,526.495475261871,518.9005698550214,525.7033181364377,21355700
2025-08-07,515.7418212890625,522.9208551796034,512.483986539974,521.6434435727333,16079100
2025-08-08,516.9300537109375,519.524403327164,514.3257923084495,517.4845698020915,15531000
2025-08-11,516.6627197265625,522.4257584225397,514.6327376205326,517.1875004407061,20194400
2025-08-12,524.0595703125,525.7825288027884,517.5836082950698,518.6233183732385,18667000
2025-08-13,515.4844360351562,527.4857972911225,514.2862580919234,526.901545781552,19619200
2025-08-14,517.3657836914062,520.8018496782777,515.0487221853349,517.445017549053,20269100
2025-08-15,515.078369140625,520.9503168823401,513.9990723038397,517.6529556536844,25213300
2025-08-18,512.0383911132812,517.7024328589179,508.9885829187347,516.4844919382945,23760600
2025-08-19,504.7801818847656,510.11740696385556,503.5721224631474,509.9589996924715,21481000
2025-08-20,500.7698669433594,505.9981835608303,499.50239716393804,504.87923949406314,27723000
2025-08-21,500.1250915527344,503.48744166230597,498.617506554828,499.57959198776825,18443300
2025-08-22,503.09075927734375,506.5621975190336,498.3100856343386,500.13506667774504,24324200
2025-08-25,500.1449890136719,504.04291093011733,500.00611695670057,502.4956437530773,21638600
2025-08-26,497.9430847167969,500.8590951140394,494.44189267773186,500.24412923099453,30835700
2025-08-27,502.604736328125,503.1502662118434,495.8205578102606,497.9034268047853,17277900
2025-08-28,505.4810791015625,506.91922816363694,501.3748491905692,502.95187030654046,18015600
2025-08-29,502.5551452636719,505.44140176386463,500.3730863144936,504.5090702372647,20961600
2025-09-02,500.9979248046875,501.87074834041937,492.75574161607386,496.38587753866574,18128000
2025-09-03,501.22607421875,503.64616490840893,498.220801883355,499.6788070917271,16345100
2025-09-04,503.82470703125,504.00323087503085,499.0440334241921,500.1846427841772,15509500
2025-09-05,490.9605407714844,507.79205789513924,488.35199810583333,504.9157294675595,31994800
2025-09-08,494.1344299316406,497.1099483047291,490.990285532587,494.0451377441344,16771000
2025-09-09,494.3427429199219,498.1514030762742,493.6385453300377,497.3380873986388,14410500
2025-09-10,496.2867126464844,499.1233892811019,492.66650462093776,498.8754294126598,21611800
2025-09-11,496.9215087890625,499.0638857033828,493.8170463660224,498.15138006137016,18881600
2025-09-12,505.73895263671875,508.367321245748,499.73833579713096,502.5154742767582,23624900
2025-09-15,511.1544189453125,511.26350676755015,502.8626547877709,504.63805606783444,17143800
2025-09-16,504.885986328125,513.0091239663263,504.4495745277025,512.6620043570016,19711900
2025-09-17,505.8579406738281,507.1175961354426,501.80132099339164,506.4530503919847,15816600
2025-09-18,504.3008117675781,508.88310546808697,503.51725007824297,507.31598208941665,18913700
2025-09-19,513.7034301757812,515.0622454615835,506.1456179521661,506.39357782967863,52474100
2025-09-22,510.25189208984375,513.5150225661836,508.3574445613838,511.3826037577857,20009300
2025-09-23,505.0744323730469,510.3907077578639,503.17008724169204,509.60711582016205,19799600
2025-09-24,505.98687744140625,508.29784998729696,502.7832554652563,506.21501140620444,13533700
2025-09-25,502.8923645019531,505.84805701475193,500.9186136455738,504.15198973027213,15786500
2025-09-26,507.28619384765625,509.74596656687834,502.4856945681329,505.8976246789574,16213100
2025-09-29,510.40057373046875,512.6322125671903,504.72728094557834,507.325895548039,17617800
2025-09-30,513.7232666015625,513.9315141469417,505.5009089039439,509.05168089535164,19728200
2025-10-01,515.4688720703125,516.2623314762835,507.51430077675985,510.5989067561486,22632300
2025-10-02,511.53125,517.3434144406598,506.51254498360566,513.4157691025699,21222900
2025-10-03,513.1281127929688,516.2425031799986,510.7973143114264,512.8801529316524,15112300
2025-10-06,524.256591796875,526.6965386672223,513.9712214168786,514.377848960065,21388600
2025-10-07,519.7040405273438,525.4765536672338,517.1847899970462,523.9788663400786,14615200
2025-10-08,520.56689453125,522.6497936321297,518.8213080060119,519.0097599169904,13363400
2025-10-09,518.1369018554688,520.0511445409561,513.1777050939771,518.0773939158137,18343600
2025-10-10,506.7903137207031,519.3073539147757,505.4711804745103,515.3995037763443,24133800
2025-10-13,509.8551025390625,512.1958293204747,507.50444767633473,512.1958293204747,14284200
2025-10-14,509.3789367675781,511.07500383118867,501.87070570435134,506.06619700641784,14684300
2025-10-15,509.2401428222656,512.9694689959882,505.83814063109804,510.75768630195654,14694700
2025-10-16,507.4349670410156,512.6321960787722,503.9833851231019,508.3970827878481,15559600
2025-10-17,509.3889465332031,511.2734052578957,503.1700935064365,504.8859867353243,19867800
2025-10-20,512.5726928710938,514.4671401409408,509.2401268135401,510.41049011219013,14665600
2025-10-21,513.4356079101562,514.4572316509175,508.8533142722573,513.2769402267872,15586200
2025-10-22,516.2921142578125,520.943843958813,513.4852520447155,516.8971823641815,18962700
2025-10-23,516.3119506835938,519.6743010066873,514.3778516149157,518.1964698863214,14023500
2025-10-24,519.3370361328125,521.0628270774097,516.4607380708425,518.5237205252405,15532400
2025-10-27,527.1824951171875,530.2175212473691,524.6929685473742,527.440383046071,18734700
2025-10-28,537.6464233398438,549.2013167264516,536.3570441492753,545.511702993095,29986700
2025-10-29,537.1305541992188,541.8120671168963,532.3498815675878,540.4929039137475,36023000
2025-10-30,521.4695434570312,530.6043464776645,517.8592331602406,526.1509968235328,41023100
2025-10-31,513.5843505859375,525.0004316167937,510.896444053691,524.5640198650095,34006400
2025-11-03,512.8107299804688,520.676008789008,510.3906395365282,515.5680119038287,22374700
2025-11-04,510.1327819824219,511.34279700787874,503.6957236126803,507.5837474278435,20958700
2025-11-05,503.02130126953125,510.6287232020861,502.4460174356622,509.11117977922714,23024300
2025-11-06,493.04339599609375,501.5732213085109,491.7639146320967,501.53353925537283,27406500
2025-11-07,492.7657165527344,495.304823297102,489.22484220934433,492.89466053302914,24019800
2025-11-10,501.8707580566406,502.7138276367279,494.72950196106785,495.95940345274505,26101500
2025-11-11,504.5289306640625,505.441436360325,498.2505996850444,500.68058840039413,17980000
2025-11-12,506.9688720703125,507.4945458106546,495.0469415436793,505.2033686484966,26574900
2025-11-13,499.1828918457031,509.3095642884979,497.1992129195551,506.1455939798088,25273100
2025-11-14,506.01666259765625,507.4250879884235,493.38063720960855,494.1641988801248,28505700
2025-11-17,503.3486022949219,507.94082387806293,500.7896697837805,504.300789978241,19092800
2025-11-18,489.7604064941406,498.8754133867433,482.8076023204449,491.32749949419616,33815100
2025-11-19,483.14483642578125,491.14898819063853,478.88983663624714,486.1005289347495,23245300
2025-11-20,475.41387939453125,490.45844852333465,472.50235794747454,489.60385435710714,26802500
2025-11-21,469.1436767578125,475.9008266883901,465.31794169549005,475.48346109105705,31769200
2025-11-24,471.0118103027344,473.89352206444323,465.0694984877541,472.0055061050608,34421000
2025-11-25,473.9829406738281,476.12932719889915,461.9592459889855,471.08136597664605,28019800
2025-11-26,482.4393005371094,485.2315832491155,478.16642081896737,483.24419169180504,25709100
2025-11-28,488.9082946777344,489.5243812398697,483.5820692635899,484.5260924315005,14386700
2025-12-01,483.6715087890625,486.77183499200703,481.59468809959253,485.3608038657598,23964000
2025-12-02,486.91094970703125,490.38888506208144,483.2541563831954,483.6516286444489,19562700
2025-12-03,474.7182922363281,481.18723109312356,472.2042431453193,473.3171775583083,34615100
2025-12-04,477.8086853027344,478.2856702042714,473.4861025034468,476.7355071807625,22318200
2025-12-05,480.1140441894531,480.35252146637674,475.8610275749173,479.47806435073966,22608700
2025-12-08,487.9245300292969,489.1964595164875,481.32640529111774,481.8331998835391,21965900
2025-12-09,488.918212890625,489.0175885389743,485.4204144751398,486.01663804004494,14696100
2025-12-10,475.5430603027344,481.19719183884354,472.084987996716,480.97857754952304,35756200
2025-12-11,480.422119140625,482.96597801292137,472.86007818396723,473.6252433732215,24669200
2025-12-12,475.5132751464844,479.4085762318817,473.3370788032073,476.79515128743174,21248100
2025-12-15,471.82666015625,477.6894594742654,469.5411415575728,477.0733729131614,23727700
2025-12-16,473.3867492675781,474.87729294411884,467.9114757916915,468.93498123657525,20705600
2025-12-17,473.1184387207031,476.9739832708393,472.0055042784347,473.903466892556,24527200
2025-12-18,480.9289245605469,486.51349034093164,474.87732052138307,475.1754171439269,28573500
2025-12-19,482.856689453125,484.7745151206103,479.44828972039977,484.2875835443981,70836100
2025-12-22,481.86297607421875,485.6489546100234,479.6470235443271,483.05539282771,16963000
2025-12-23,483.78082275390625,484.7546252629152,481.6841087754749,481.9226163967179,14683600
2025-12-24,484.94342041015625,486.0762481946253,481.77352833631136,482.61817584356095,5855900
2025-12-26,484.6354064941406,485.04282544173617,482.8964387136479,483.64171061957336,8842200
2025-12-29,484.02923583984375,485.27135560420123,481.1276307272214,481.80333660098637,10893400
2025-12-30,484.4068603515625,486.5929730105466,482.43933166580535,482.8666136001516,13944500
2025-12-31,480.5711669921875,485.06269150087525,480.25317705215497,484.7645645601486,15601600
2026-01-02,469.95849609375,481.6046121327098,467.1960229709088,481.3363251826272,25571600
2026-01-05,469.86907958984375,473.0687813775576,466.5401924921144,471.071443053882,25250300
2026-01-06,475.4933776855469,475.7219083069673,466.78859294331005,470.81304872472026,23037700
2026-01-07,480.422119140625,486.6128550141313,474.936929133209,476.73551614076564,25564200
2026-01-08,475.0959167480469,479.6172511411785,472.86010104573086,478.20618966596595,18162600
2026-01-09,476.258544921875,476.7951491709672,469.2231916595613,471.07145138115897,18491000
2026-01-12,474.1717529296875,477.95773148860775,472.68120923483104,473.6649886945649,23519900
2026-01-13,467.70281982421875,472.7805908527595,463.01257439213845,471.68751939768345,28545800
2026-01-14,456.4840087890625,465.24841354789686,454.2879494306214,463.51936213123724,28184300
2026-01-15,453.7811279296875,461.32327541703046,453.02590941718984,461.1940901109254,23225800
2026-01-16,456.9609680175781,460.2699922453042,453.6023014516422,454.94376661538865,34246700
2026-01-20,451.65460205078125,453.92022725149957,446.44764578645413,448.37541805572727,26130000
2026-01-21,441.3102111816406,449.8361378186282,435.9144504613163,449.74670883889326,37980500
2026-01-22,448.2959289550781,449.9851935867555,441.89652570286836,444.79810039972057,25349400
2026-01-23,463.0125732421875,468.1301005814363,447.6897705604439,449.02131930234236,38000200
2026-01-26,467.3152770996094,471.2602507862521,459.0874767807031,462.3766075757791,29291200
2026-01-27,477.5503234863281,479.82589540353166,470.17711748937944,470.7137217228436,29213900
2026-01-28,478.59368896484375,480.69037244143027,474.9865685400099,480.1637149068934,36875400
2026-01-29,430.76715087890625,439.7104135269112,418.36581575660404,437.2162272399066,128855300
2026-01-30,427.5773620605469,436.8286672682951,423.7615739365565,436.4013853645445,58566800
2026-02-02,420.70098876953125,428.02452201181774,419.58805431821895,427.5276741085398,42219900
2026-02-03,408.6176452636719,419.3893041977899,405.9843574339844,419.34957819955315,61424100
2026-02-04,411.5788879394531,417.15350712085007,406.6600813351222,408.4089957411405,45012400
2026-02-05,391.1882629394531,405.7260079125925,389.8467674620769,404.87144402823185,66289200
2026-02-06,398.61114501953125,399.25704122003975,390.4429643868461,396.6535630940219,53515300
2026-02-09,410.99261474609375,412.2744908996196,398.3428555009064,402.2977759502542,45480500
2026-02-10,410.6646423339844,421.009018998737,410.09825878894065,416.9746165751398,44857900
2026-02-11,401.8207702636719,413.8345489802859,398.4819668946231,413.5563153661985,42491000
2026-02-12,399.3067321777344,403.6392618034954,395.50089045865866,402.44681466699853,40802400
2026-02-13,398.7900085449219,402.98340606348665,395.54060384789733,401.90028127287496,34091600
2026-02-17,394.3581237792969,397.9950542597942,392.04282577248057,396.7032617740463,32078800
2026-02-18,397.0808410644531,400.02217209191446,393.8215201082963,395.6201070500213,23223400
2026-02-19,396.8517761230469,402.7976819572589,395.0690225854118,399.07278661262325,28234000
2026-02-20,395.6267395019531,398.5050592846536,393.56508699389525,394.51123443489973,34015200
2026-02-23,382.9182434082031,393.7642745182822,381.55377772275136,393.405742102137,43238300
2026-02-24,387.429931640625,387.78846403174964,380.1693467763097,382.5895619940176,33884700
2026-02-25,398.9831237792969,399.84960746436826,388.5852587696308,388.95376053046306,43625500
2026-02-26,400.0986022949219,405.8453028142193,397.1306190557743,403.0765245044552,34405900
2026-02-27,391.15484619140625,395.2183958601928,388.30640407164015,389.30236795593413,51367200
2026-03-02,396.9413757324219,399.57073485574693,389.0533591512552,391.2743390590049,35474900
2026-03-03,402.2996826171875,405.05852201627056,391.0851500003899,391.5532542396072,38199200
2026-03-04,403.5645751953125,409.3710312257941,398.69429724653685,399.6504140582061,35808000
2026-03-05,409.0224304199219,409.9486695143622,402.7677785996419,402.78771732924594,39001300
2026-03-06,407.30938720703125,411.38287590243635,406.8612216895844,407.54843921074234,31123900
2026-03-09,407.757568359375,408.55432729115563,401.8714182880504,403.2857003455267,30131900
2026-03-10,404.122314453125,408.5443965203919,401.30371964643086,408.37506928692744,31706400
2026-03-11,403.245849609375,407.35918518479474,399.96912002302975,403.9330670994013,25512100
2026-03-12,400.2380065917969,404.4808221962511,400.0886180975,402.9968458288957,27263900
2026-03-13,393.9534912109375,403.16615688192843,392.65875035547907,399.3815063856616,26848000
2026-03-16,398.33575439453125,399.01300251860397,393.1965772756644,396.4633374914087,27733700
2026-03-17,397.7979431152344,402.7677932271478,396.1446394015159,398.6544574759768,26228300
2026-03-18,390.20867919921875,396.3936061005556,389.42185925959103,395.5271224277118,25908500
2026-03-19,387.4498596191406,390.90585551603124,385.4977789148814,388.52551763585893,25138800
2026-03-20,380.3287048339844,385.43800417098345,378.58576812261686,385.2288602760525,50853200
2026-03-23,381.4541931152344,385.64719283721575,380.1395134056624,382.3505545919761,29680100
2026-03-24,371.2355651855469,380.9263046350485,370.34917314154325,380.8167328036651,42733600
2026-03-25,369.5424499511719,375.5381416220395,368.13813722010167,375.39872248264555,31181200
2026-03-26,364.4928894042969,373.2075730440749,363.7160388213271,369.32332012922615,36836600
2026-03-27,355.3300476074219,360.9871459448897,355.07111764854045,360.43934753557875,37883400
2026-03-30,357.5111999511719,363.88536295562653,354.84202394218255,360.43933630538186,44797000
2026-03-31,368.67596435546875,371.3949263066763,361.6046146993887,363.07862179545566,45244400
2026-04-01,367.8791809082031,372.48052926345224,366.7139201659809,371.98254731341393,29417200
2026-04-02,371.9526672363281,372.1319638369453,362.680245817395,365.7278929006101,24099100
2026-04-06,371.3750305175781,372.22160592655575,368.0086676124431,371.9825539180967,16146600
2026-04-07,370.78741455078125,370.9467724245638,365.080530373921,368.8452727581139,21443300
2026-04-08,372.8191223144531,383.44606961738685,369.91092498913014,383.4261612830284,33064800
2026-04-09,371.5642395019531,371.9924966612836,365.5685176937085,370.9965328148009,30435300
2026-04-10,369.37310791015625,374.1238749235223,368.5365019241105,371.47460743717505,28111100
2026-04-13,382.8186340332031,382.98796126737693,369.5225100750242,372.10205289266787,35745800
2026-04-14,391.5233459472656,393.09698589720546,384.95994763093,386.3543213772784,37504500
2026-04-15,409.5602722167969,412.69755239260473,395.1287651714373,396.3936283702306,45063400
2026-04-16,418.56378173828125,419.12151906860663,410.4765600541581,418.16537187855886,41642400
2026-04-17,421.0835876464844,429.83808848207923,418.99205736838906,423.10539315661504,48568200
2026-04-20,416.38262939453125,421.6213787702164,414.6197538627068,419.4501847919345,27582200
2026-04-21,422.4480285644531,425.45582843737157,415.516128706763,418.5438369146158,32048500
2026-04-22,431.1726989746094,431.9495495900464,421.9600330275293,424.4698510786937,29378200
2026-04-23,414.0719909667969,421.9500690544079,409.7495112929088,418.19529609754903,38308000
2026-04-24,422.90618896484375,423.23487407473965,414.12178001797366,415.28707116170386,27457400
2026-04-27,423.1053771972656,425.38611256831246,415.3866572294081,420.6752229306716,30867300
2026-04-28,427.5174865722656,428.1847957314844,420.197146128082,422.8563830057505,30438100
2026-04-29,422.746826171875,425.0973167681131,418.59367375245296,422.8663369761165,38288300
2026-04-30,406.1341552734375,412.74737011555624,396.4035989759817,409.15192465494977,70909400
2026-05-01,412.76727294921875,415.4264794885345,408.7834174283456,411.1338775963461,31372400
2026-05-04,411.9505615234375,419.0816663151199,409.14193618030583,409.87897009526375,28066500
2026-05-05,409.7196044921875,415.09780308537887,407.1500007946646,413.6437044066962,25700900
2026-05-06,412.2891845703125,416.73120520087787,403.4748984673602,406.3532485673598,30285900
2026-05-07,419.07171630859375,426.25263786097554,417.06984955189336,418.41437649189606,34942400
2026-05-08,413.44451904296875,416.9403619714099,412.32904436576047,415.70537649227293,33383800
2026-05-11,410.99444580078125,411.02432350049145,403.86334099070683,406.22377045102496,35657900
2026-05-12,406.1241760253906,413.8229876767416,404.9987623844293,412.8071154720842,38594200
2026-05-13,403.57452392578125,404.6700902960666,399.41140211310335,401.57265715241186,29667100
2026-05-14,407.7774658203125,410.17774231087935,399.2619871856725,402.8474630718804,27077500
2026-05-15,420.2170715332031,426.4418454559798,411.2434277199191,412.5979239362014,50771200
2026-05-18,421.83056640625,423.40417602339767,413.9325494355234,414.93848271907115,32564100
2026-05-19,415.7352600097656,430.9535870211983,414.808990493047,428.16486989475214,33018700
2026-05-20,419.36053466796875,420.3963455784958,409.63991780241736,412.49835957243755,27864000
2026-05-21,418.3025207519531,425.5388979071037,414.92886694253497,423.9518891931334,31393500
2026-05-22,417.7835388183594,423.60257118762803,415.54772693408205,418.7517174636334,22390300
2026-05-26,415.248291015625,418.9812539216563,412.24393696715845,415.6475333356961,30398000
2026-05-27,411.8946228027344,415.15846763645,408.8104019854481,410.23773822181624,28901500
2026-05-28,426.18768310546875,428.68298564682067,411.89461329838434,412.2040283766931,47250500
2026-05-29,449.3940124511719,449.48383969057267,431.54760317786213,431.7372486144539,79654400
2026-06-01,459.6546936035156,465.4438139523178,457.40892124774234,463.96658383705716,53628900
2026-06-02,440.48077392578125,452.64787129328397,439.6024225764256,446.0403151791343,37036800
2026-06-03,426.53704833984375,439.56254639446627,423.45285793258154,437.62618910935214,39037000
2026-06-04,427.2456970214844,435.33048350032107,425.60879436274143,434.9911260035114,26899500
2026-06-05,415.8870849609375,428.66302140752947,413.6213308264138,427.5351398188391,34782200
2026-06-08,410.9663391113281,416.37616844333525,407.79232157753756,413.3618539280056,32086700
2026-06-09,402.6520080566406,411.20591258759293,397.7312786929967,408.26144336727174,35317300
2026-06-10,396.61334228515625,404.2789346443135,396.41373636313654,397.80110870103243,32576000
2026-06-11,389.6065673828125,396.1043451719433,383.278483574852,394.46741202742857,47224100
2026-06-12,390.00579833984375,391.003919361718,381.55171206615995,390.6945042817559,34865800
2026-06-15,399.0088806152344,400.99513175706005,392.11186050588947,396.05442037645633,32266400
2026-06-16,393.0899963378906,396.094350419825,389.9559121071713,395.0463355104342,31506800
2026-06-17,378.1980285644531,389.6364865987809,376.6110198431126,389.51671695343225,41987800
2026-06-18,378.6871032714844,380.6534028700893,372.5786075934489,377.11008548581106,59714200
2026-06-22,366.6497802734375,380.9129385065033,366.3802985575179,375.0339909424311,45171100
2026-06-23,373.23736572265625,376.51120135394876,369.9735210485466,371.6802994138851,40647600
2026-06-24,364.7733154296875,378.16811350773463,364.09460041679364,370.87185096853153,44509900
2026-06-25,352.1670227050781,363.5456265920902,348.54386902384044,362.0883479855026,66179000
2026-06-26,372.2691955566406,375.90234020580533,354.762144454129,356.4789138154501,186201600
2026-06-29,367.8774719238281,379.7850483907747,359.2237492715265,376.790685328561,51229900
2026-06-30,372.319091796875,373.44697342275583,366.7595808670141,370.3328407149792,44945700
2026-07-01,383.5579528808594,388.09939143880604,374.18561213385976,380.1144231011508,48065800
2026-07-02,389.7562561035156,391.4630649298244,382.97903650468743,383.7575696594082,42128900
2026-07-06,386.0133056640625,388.418780928489,380.5036887115837,386.31276024010407,34224500
2026-07-07,388.109375,394.8267404517197,387.4905448392632,391.75251064257776,29297500
2026-07-08,382.6197204589844,384.58602015004215,380.6134873969759,383.3084264217563,25908300
2026-07-09,383.6377868652344,383.92725049460796,372.64849496928053,373.74643420118315,31083200
2026-07-10,384.37640380859375,391.1736053926777,380.783162110783,387.07131223677504,24644600
2026-07-13,390.2553405761719,392.91034623109437,383.4281962321871,387.02143811329415,28914900
2026-07-14,384.20672607421875,387.46061042423804,377.93852713765,382.1007052927433,27863900
2026-07-15,394.8866271972656,398.2103568181361,385.6739591427675,387.07132248997675,36253700
2026-07-16,400.3463439941406,405.2271399033625,391.31333055964967,397.56157784187184,37047400
2026-07-17,393.08001708984375,397.64143734197864,388.6583483977542,394.1180409920291,33049800
2026-07-20,401.53411865234375,402.4224305318551,388.91785418191677,390.67455694621333,27915800
2026-07-21,397.00262451171875,400.7156358198418,395.57531880381754,398.0606303262699,24126600
2026-07-22,389.6065673828125,400.246541441447,386.2329133568751,398.8291961465565,28142500
2026-07-23,380.8630065917969,391.04385321150613,376.68090752842744,389.23725659651495,30351800
2026-07-24,380.9828186035156,388.29903252889795,379.9347732203772,386.32274187573427,27659400
2026-07-27,388.368896484375,393.45931979821836,387.2609663085435,389.3470355932277,27856200
2026-07-28,392.61090087890625,399.56780545733704,390.5647345556998,392.4212554523594,32367500
2026-07-29,389.8061828613281,400.4960502148319,388.00954678983055,392.6607942930367,47209000
2026-07-30,450.2524108886719,457.8281459885008,431.6274684759506,437.07720086969465,110160700
2026-07-31,463.8468017578125,465.962813447145,448.4857046349594,449.1544591210436,60846000
2026-08-03,486.73370361328125,490.7261876465455,474.10747895013026,475.2353605631651,66762100
2026-08-04,491.884033203125,498.50158065157444,478.2696778930625,479.99640781848416,50455500
2026-08-05,486.5440673828125,497.3038108374591,484.7674131728324,495.42733843271316,33388900
2026-08-06,498.9207458496094,500.61756372489685,487.60205742358346,487.6319998350186,36441500
2026-08-07,499.0505065917969,504.23075699317457,497.79289485093346,498.2719734340298,28846200
2026-08-10,505.109130859375,512.7647021753171,501.32624359045303,502.4940586092805,31206100
2026-08-11,502.86334228515625,504.38047525067043,498.61133704649393,503.3823542433026,23049800
2026-08-12,491.5047302246094,500.557695253814,490.59643643442394,499.0505227551261,29001500
2026-08-13,495.9463806152344,500.3979918654044,492.0836571155829,492.34314786956145,23039000
2026-08-14,494.4691467285156,499.07050046550256,492.991947114923,495.42733437790497,16217600
2026-08-17,479.44744873046875,491.73431632358415,477.51109147171053,489.21906226283284,29635800
2026-08-18,480.72503662109375,483.36006030134655,476.2534434403709,480.6352093836093,24087600
2026-08-19,483.3999938964844,488.3806080919379,478.4592826108848,479.16797047398614,19961900
2026-08-20,481.1499938964844,484.1600036621094,479.5,483.29998779296875,20020800
2026-08-21,483.239990234375,486.3599853515625,478.5299987792969,479.8800048828125,22510800
2026-08-24,487.30999755859375,490.6099853515625,481.8599853515625,483.2099914550781,17230800
2026-08-25,491.7099914550781,492.44000244140625,484.29998779296875,485.44000244140625,19519000
2026-08-26,496.3699951171875,497.3999938964844,487.30999755859375,487.8500061035156,20758900
2026-08-27,505.05999755859375,506.4800109863281,490.0799865722656,494.8800048828125,28688800
2026-08-28,513.530029296875,517.780029296875,504.8699951171875,505.3299865722656,29207300
2026-08-31,507.2900085449219,512.1900024414062,506.3900146484375,510.3800048828125,27208900
2026-09-01,501.0199890136719,505.9700012207031,496.7799987792969,497.5199890136719,21046900
2026-09-02,496.82000732421875,500.2699890136719,493.80999755859375,499.8500061035156,15336100
2026-09-03,510.1199951171875,515.6500244140625,500.79998779296875,501.6600036621094,24125900
2026-09-04,499.70001220703125,511.0,499.3599853515625,510.0,18101800
2026-09-08,493.95001220703125,495.19000244140625,490.1499938964844,493.010009765625,18882300
2026-09-09,491.6499938964844,494.3900146484375,489.79998779296875,493.07000732421875,12875900
