Price,Close,High,Low,Open,Volume
Ticker,NKE,NKE,NKE,NKE,NKE
Date,,,,,
2020-01-02,91.84680938720703,91.85579827494927,90.78634689853187,91.09190737315645,5644100
2020-01-03,91.59514617919922,91.66704354518926,90.14824425707296,90.39987818152792,4541800
2020-01-06,91.51425170898438,91.5232337358708,90.65150402876158,90.72339452639835,4612400
2020-01-07,91.46932983398438,92.33207766215406,90.59759312087773,91.49628963228494,6719900
2020-01-08,91.26262664794922,91.79285425888416,90.63353502312519,91.0469345646617,4942200
2020-01-09,91.19971466064453,92.03550259581066,91.11882841839775,91.61311418626839,5007500
2020-01-10,90.67848205566406,91.60413839276404,90.55266508886467,91.56818970846273,5135300
2020-01-13,91.81085968017578,91.97261850659741,90.60660251689099,90.76836819982441,6722400
2020-01-14,92.49384307861328,93.36557978955359,91.98158634264458,92.07145462225992,5088500
2020-01-15,92.37703704833984,93.19484750148912,92.09844325808739,92.79043671844447,4209200
2020-01-16,92.89827728271484,93.07801387418081,92.43095117448496,92.45791097755371,6571700
2020-01-17,93.94075012207031,93.95872789287843,92.87129902383745,92.95218527945276,6271200
2020-01-21,93.9856948852539,94.0845520627322,93.29369464290579,93.689123352819,4854700
2020-01-22,93.90479278564453,94.92032419091473,93.841884306633,94.36312990787701,5031400
2020-01-23,92.58370971679688,93.79695546787997,92.22423660470866,93.49139509479286,7102900
2020-01-24,91.69400024414062,93.3655762361055,91.36148693656813,93.09596455101052,3839300
2020-01-27,90.08533477783203,90.50772322770584,88.08124543276331,88.2609819892368,9841400
2020-01-28,90.23810577392578,90.81327090202085,89.4382596968935,90.17519044579713,5673200
2020-01-29,89.72586059570312,91.03796359732875,89.12373555051872,90.83126037319276,4503700
2020-01-30,88.2430191040039,89.64498357026751,87.506088185005,88.98893205208654,7065100
2020-01-31,86.54448699951172,88.47667924174162,86.20297789672756,88.17112568294638,8780300
2020-02-03,89.2136001586914,90.69645078192926,88.5845153398682,88.97095511614825,9727000
2020-02-04,91.10985565185547,92.3680322191359,91.0020164517956,91.58617059265907,6559600
2020-02-05,90.35497283935547,91.6401094770902,89.44728719428103,91.45138398076006,6108300
2020-02-06,90.1123046875,91.24466431857765,90.0134543699043,90.67848793129427,5641800
2020-02-07,89.36640167236328,90.22914967801258,88.94401312806889,89.69891506182014,4121800
2020-02-10,89.88761901855469,90.32798523096031,88.97095162473995,89.16866594761431,4213900
2020-02-11,89.88761901855469,90.18419050286623,89.36638027048868,89.9325565852116,4871800
2020-02-12,92.56572723388672,92.63762458992186,90.26506669283619,90.53467149320409,8075600
2020-02-13,92.89827728271484,93.23079066257804,91.37947771573491,92.1253975976905,5386800
2020-02-14,93.05101776123047,93.36556010181259,92.07143520740752,93.04202887821133,4305300
2020-02-18,91.66708374023438,92.90728299308103,91.31659249798395,92.56578063964844,4916200
2020-02-19,92.08043670654297,92.91622467260768,92.05347691030052,92.26018010900887,6200500
2020-02-20,92.14334106445312,92.23320933341408,90.36392602689408,92.08043259052951,6427600
2020-02-21,90.0943374633789,91.73895394742522,89.53714308254317,91.66705657121844,5750900
2020-02-24,86.19401550292969,87.23650025122983,85.60087230918877,85.86149521039196,8364200
2020-02-25,83.4888916015625,86.95786003263227,83.23725772266774,86.58939124102996,9602100
2020-02-26,82.6800765991211,85.0616236550717,82.67108771445055,83.65067044823842,9308400
2020-02-27,79.57958984375,83.6327067345737,79.53465226935492,80.88269722307281,12825700
2020-02-28,80.54835510253906,80.62946577316224,76.73632547159151,77.52937015089037,16552400
2020-03-02,83.52229309082031,83.93683968370253,79.2236196299596,80.74662612052956,14102000
2020-03-03,81.94522094726562,85.59504381980007,81.62079194190544,83.57637292521777,14767600
2020-03-04,84.52261352539062,84.54964812613689,81.86409881828135,82.981579403045,6904400
2020-03-05,81.62977600097656,82.62108343339854,81.05301506300259,82.24258535701551,8851100
2020-03-06,79.62915802001953,80.55738272566138,77.39420354021718,79.62915802001953,12336400
2020-03-09,75.7990951538086,78.1692224944277,72.92429671316661,73.79845215596586,13272700
2020-03-10,79.57508850097656,79.66520613577985,74.69063293843382,78.12417189137854,12755900
2020-03-11,75.69994354248047,76.26769064385735,73.96064694559027,75.69994354248047,16172000
2020-03-12,66.8682861328125,70.734391530763,65.78686103047008,70.50008711309313,21534800
2020-03-13,68.11193084716797,70.47304386540647,64.66938587830607,70.47304386540647,21859600
2020-03-16,60.19047927856445,65.75983360123715,57.10840777523511,58.82968049063932,17976700
2020-03-17,62.9390983581543,66.08425601168612,56.23425027952815,60.8393311485066,17122100
2020-03-18,61.31696319580078,61.57830909857664,54.07139538865676,58.388095945581874,19498800
2020-03-19,63.38969039916992,65.52551280708337,57.811329933795214,60.41576803588992,16177200
2020-03-20,60.78525161743164,66.74211697651995,60.559954158693145,64.44408702270702,15761900
2020-03-23,56.5947265625,60.271579666266035,54.59408726809351,58.57734508365394,17690000
2020-03-24,65.18306732177734,65.48046163983904,57.67615378108058,59.2081738656772,18849500
2020-03-25,71.20303344726562,75.2403613425562,68.67068452969015,72.1943412061205,27053200
2020-03-26,75.97030639648438,78.27735019079138,72.10420115098741,72.24838795036517,17200800
2020-03-27,75.00605010986328,77.26803216155011,71.6536220585004,73.62722357219549,14183400
2020-03-30,76.9435806274414,77.4662723478377,73.44696677049185,75.69994121130448,10960100
2020-03-31,74.56443786621094,77.25900016462606,74.25803665197444,76.71828081509695,9610100
2020-04-01,71.40129089355469,73.15860874593112,70.77045373140676,71.63559535684857,9771300
2020-04-02,72.22134399414062,73.53708016726131,69.53580246458245,71.19398825792952,12731300
2020-04-03,71.06784057617188,71.905947511405,70.21171286702926,71.51843555478035,8476900
2020-04-06,76.26771545410156,76.63720669422605,73.18564697167426,73.81648416506208,11266500
2020-04-07,75.84415435791016,80.08875846965154,75.72699525655246,79.93555094291717,10468100
2020-04-08,76.87150573730469,77.2950592397454,75.34849251663937,76.33078626510452,6642700
2020-04-09,78.21428680419922,78.75499946973616,76.74534946897583,78.12416917253215,7773600
2020-04-13,76.11451721191406,77.49333700451822,75.82613664663434,77.32211555595323,5077600
2020-04-14,78.82707977294922,79.09743261118095,77.03371383987283,77.45726730732252,6397200
2020-04-15,76.63719177246094,77.39418800649243,75.43860752637762,76.48399113588792,8053900
2020-04-16,77.77268981933594,77.97995964257036,76.19560752071526,76.98865214425828,9373800
2020-04-17,81.02599334716797,81.33239463612261,79.62914614614014,80.20590717578851,8111400
2020-04-20,79.214599609375,80.6024329859837,78.87214302098988,79.6922291926134,7244400
2020-04-21,76.78137969970703,78.31340671428615,76.68224825682994,77.49332057330905,6597000
2020-04-22,79.99862670898438,80.60242918483398,77.88083175790638,78.38550279184933,6463000
2020-04-23,78.71893310546875,80.68352728052047,78.63782931810866,80.15182856196074,5343500
2020-04-24,79.63816833496094,80.31406088214693,78.98931038957686,80.10678414244136,4450100
2020-04-27,80.53935241699219,80.98994741498817,78.68289634988565,79.64716937057567,6875100
2020-04-28,80.02569580078125,81.74696557827943,79.87248823507448,81.60277871562913,5145400
2020-04-29,79.36779022216797,82.35974026451544,79.15150658220621,81.10708691662356,9461400
2020-04-30,78.56572723388672,79.30470259669829,77.96193171651694,78.40351279446308,9371400
2020-05-01,77.08779907226562,77.60147713487464,76.42992729883709,77.20495130565556,6151200
2020-05-04,77.27705383300781,77.32211608983,75.97933784252136,76.31278066661443,6348900
2020-05-05,78.58377075195312,79.78235518600208,77.52938002825647,77.98898888558625,6321500
2020-05-06,79.70124816894531,79.92654567564131,78.7910443167439,79.3497846085423,7342300
2020-05-07,79.80938720703125,81.32338673909982,79.64717272589768,80.5663904108327,4565900
2020-05-08,81.52163696289062,81.68385141878562,80.7375992801426,81.20622187518737,5488000
2020-05-11,81.94522094726562,82.38680219740884,80.33208974715117,80.6114564946143,4937600
2020-05-12,79.5390396118164,82.61209425670073,79.4399081514458,82.48592819359901,5622600
2020-05-13,77.52037811279297,79.07042635955861,76.78140242253674,78.74599733695484,6739800
2020-05-14,77.99798583984375,78.02502043580338,75.79908036135198,76.60113879397568,7431800
2020-05-15,78.3945083618164,78.61079889064476,76.49299710128405,76.82643984324439,9165000
2020-05-18,82.04432678222656,82.54899091043923,80.99894323031967,81.54866960235121,8517200
2020-05-19,82.4678955078125,84.54964212390168,81.84607223265493,81.873106831482,6514100
2020-05-20,83.76560974121094,84.58569596096382,83.54031223585476,83.9909072465671,6347000
2020-05-21,84.9461669921875,85.05430538632974,83.24291852911009,83.70252045528204,7504300
2020-05-22,84.4865493774414,85.29762162657144,84.12607205832438,85.09034493353093,4049500
2020-05-26,87.07299041748047,87.80295220233575,85.86539210154135,86.49622930034188,7185200
2020-05-27,90.0018310546875,90.10996943425579,87.97415393138856,88.42474884767721,7915900
2020-05-28,88.73116302490234,90.74081966973324,88.54191395753807,90.20010019093957,7260700
2020-05-29,89.06092071533203,89.66622252802746,87.5702466197044,88.70858044270723,10332500
2020-06-01,89.92823791503906,90.14506114985582,88.43756352871534,88.89831893380152,4295400
2020-06-02,91.01234436035156,91.13882513195286,89.27774501323225,89.8198064476214,10798700
2020-06-03,94.05691528320312,94.45443014357318,91.3556380368214,91.482118784633,5867700
2020-06-04,91.50020599365234,93.86721620204105,90.76842336767513,93.65039299669324,8775000
2020-06-05,92.7921142578125,94.58092449406155,92.26811857426952,93.95755008113335,8363600
2020-06-08,94.21954345703125,94.22857976637019,92.79210985959726,93.09928234296059,6165400
2020-06-09,92.71984100341797,93.74975978916243,92.5391561574816,92.89149643193706,5385900
2020-06-10,92.25909423828125,93.18963430769627,91.88868133695713,93.05411722446341,5194200
2020-06-11,85.98018646240234,89.43131909208101,85.71818863460953,88.8802214013245,10976900
2020-06-12,87.1185302734375,88.35624286677027,85.59171778367407,88.35624286677027,7416400
2020-06-15,88.39236450195312,88.60919456969928,84.41724309085598,84.83282371500943,8645300
2020-06-16,89.47650146484375,91.55440475518951,88.28396356565422,91.47309864266262,6054400
2020-06-17,89.63006591796875,90.56060577620623,89.34096608926697,89.4403448015723,3405500
2020-06-18,88.94346618652344,89.81980212810657,88.40140477820252,89.16029626399963,4392400
2020-06-19,86.53128051757812,90.32572381382457,86.53128051757812,90.31668750491912,10304000
2020-06-22,89.90111541748047,89.92821745408037,86.7481119011199,87.49796707957938,6918200
2020-06-23,92.07839965820312,92.34943381631453,90.98524050114104,91.38275542832179,6499000
2020-06-24,90.41606140136719,92.01514335811879,88.61821512271986,91.19301850136829,8611600
2020-06-25,91.60860443115234,91.86156594030248,89.25966726987852,89.64814584255457,11531400
2020-06-26,84.62504577636719,89.24161505171101,84.53470334425994,88.9886534847364,24918500
2020-06-29,86.61259460449219,86.73003905100744,84.6521291083367,84.6521291083367,9624200
2020-06-30,88.58210754394531,88.80796706660433,86.40481843702317,86.73005670106701,9065500
2020-07-01,87.99483489990234,89.18737240908418,87.73283713519113,88.98861500877341,5733800
2020-07-02,88.9253921508789,90.03662379288943,88.55497930598068,89.24159403513096,5354900
2020-07-06,90.29862976074219,90.37090645852267,89.47650472471629,90.00050044459691,4995000
2020-07-07,87.69673919677734,89.93726879689987,87.56122209844132,89.6391325590978,6352900
2020-07-08,89.29580688476562,89.42229454358983,87.59734595897596,88.08520329666428,5634600
2020-07-09,87.62445831298828,89.35906468212782,87.06433110918569,89.03382641870701,6282300
2020-07-10,88.52788543701172,88.58209640265781,86.47708426198602,87.63348376972604,3967000
2020-07-13,87.1456298828125,89.38615918721571,86.96494503733638,88.7627847527585,4845600
2020-07-14,87.4166488647461,87.85933148417503,86.28735154489809,87.02817031101102,4850600
2020-07-15,89.0247802734375,89.47649926798954,87.91354851405816,88.90733581622052,5343700
2020-07-16,87.86837005615234,88.74470590175801,87.66961261990974,88.085193217197,3594700
2020-07-17,86.98301696777344,87.84128727670291,86.76619375920289,87.58831882523751,7405700
2020-07-20,86.41382598876953,87.04622968467228,85.92596875506598,86.27830894173799,5822300
2020-07-21,88.86217498779297,89.44037483938015,86.8204028847399,87.56122187537885,5855600
2020-07-22,89.35906219482422,89.43133200148397,88.4556241310659,88.68148364700548,4097000
2020-07-23,88.80795288085938,90.50641373858467,88.28395721774636,88.85312064256493,4530500
2020-07-24,88.9253921508789,89.76558966771103,88.26587945570964,88.66339433458887,5638400
2020-07-27,87.82320404052734,88.89829742808648,87.53410416648009,87.59734454853154,4273400
2020-07-28,86.97396850585938,88.05809818261864,86.8745966725239,87.58830658821759,3822600
2020-07-29,87.60639190673828,88.13038764849718,87.00109004609554,87.11853451537851,6872400
2020-07-30,87.47086334228516,87.84127621577458,86.5493596523815,87.15466143362629,4018400
2020-07-31,88.18458557128906,88.22072391916524,87.00108397225578,87.534109094888,5509900
2020-08-03,88.8350601196289,89.70235977177825,88.37430481006413,88.56402596278258,5472700
2020-08-04,87.93162536621094,88.4917525350981,87.22694480362051,88.34720603408003,7539300
2020-08-05,91.19302368164062,91.47308722452097,87.70575284196268,87.74189118502532,7217500
2020-08-06,90.75035858154297,91.40987145780107,90.37091621625332,90.92201403413468,4060900
2020-08-07,92.02420043945312,92.06937509908373,90.2444263758986,91.24724316406703,5545600
2020-08-10,95.23139953613281,96.5142797967282,92.51204932190818,92.57528970397458,12678000
2020-08-11,94.96939849853516,96.9659955138592,94.7345027047663,96.53234227095398,5400700
2020-08-12,95.05974578857422,95.66504758366885,93.3974163136561,95.51146478061824,4714800
2020-08-13,96.23421478271484,96.65883175461396,95.04167687295046,95.13202618902821,4281700
2020-08-14,96.15290069580078,96.469102597796,95.27656478692512,95.87283713870282,2985700
2020-08-17,95.45726013183594,96.21614472540679,94.96940279624691,96.21614472540679,3017000
2020-08-18,96.64075469970703,96.66785673427968,95.2855978296003,96.17999943391915,5023000
2020-08-19,97.92364501953125,99.09811718561188,96.98406866520374,97.29124117175552,9508100
2020-08-20,97.580322265625,98.23982802376716,96.98404998739751,97.17377110519253,4304000
2020-08-21,99.15230560302734,99.17037132753171,97.34542987449836,97.57128934056449,5564000
2020-08-24,101.03144836425781,101.18503113226818,99.2878131770748,99.37815557633482,8173100
2020-08-25,100.74236297607422,101.43800713193556,100.36291381655653,101.18504562071325,4380900
2020-08-26,100.76044464111328,101.26636774359177,100.54362143900612,101.11278492929442,4477900
2020-08-27,100.13707733154297,101.89878579093705,99.82991168101366,101.17603254205449,4390800
2020-08-28,101.67179107666016,102.01585556187003,100.11443420305497,100.51282974968544,3731100
2020-08-31,101.30961608886719,101.88004043625278,100.63053652428476,101.535975943728,3519800
2020-09-01,103.98063659667969,104.03496764722907,101.25526952114936,101.4091925304744,4912400
2020-09-02,105.75531768798828,106.30763623809149,103.67280444255452,104.17984826247066,6775400
2020-09-03,102.1788330078125,105.84586527278493,101.40921091371888,105.75532271605996,7264400
2020-09-04,101.77140045166016,102.99374238630216,99.78848575033648,102.27844435747785,5157600
2020-09-08,102.06112670898438,103.0752143804785,100.08726860959939,100.76634813588385,5300100
2020-09-09,104.03498840332031,105.22111180633857,102.16072912232795,102.33275791085568,5997900
2020-09-10,103.93537902832031,107.05009245940578,103.22008114581155,104.94041721316582,5032800
2020-09-11,106.84184265136719,107.97364183199608,105.41124682914332,105.71909979841045,8565200
2020-09-14,108.00080108642578,108.58933802657292,106.99576288763937,107.29455952143076,4990300
2020-09-15,107.99172973632812,109.08731724115668,107.91024352460441,108.38106886645362,5934200
2020-09-16,107.37606048583984,108.37204940188089,106.98672815605713,107.12253854646748,7023700
2020-09-17,105.35693359375,107.33984817418239,104.84988971884498,106.2442603748338,7376400
2020-09-18,103.81768798828125,106.76036612525583,103.66375803568631,104.5148733073875,12876600
2020-09-21,102.64967346191406,103.27442198822169,101.17380272972363,102.26938364091029,8486400
2020-09-22,105.81868743896484,106.11747714086863,102.17881779223218,102.40517760431419,13007200
2020-09-23,115.09041595458984,118.05120700237279,113.4153542530748,117.90633336585323,37822700
2020-09-24,112.95357513427734,115.4797521125276,111.64069065140963,114.4837700660809,13485800
2020-09-25,112.48274230957031,112.95356776898713,110.70807496542228,111.95758578748476,9182800
2020-09-28,112.56421661376953,114.25739063847448,112.17487742768031,113.32478923894665,7525000
2020-09-29,114.40226745605469,115.08134700989903,112.23826783044036,112.58233231752457,7796400
2020-09-30,113.66885375976562,115.24431625201306,113.32478930291617,114.17589757153404,8699700
2020-10-01,114.66484069824219,115.65177319880742,113.46060468417662,115.65177319880742,5637200
2020-10-02,114.66484069824219,114.80971431254518,111.90324787019019,112.59138372222111,7491100
2020-10-05,115.81475067138672,116.34895657251653,114.49280314027921,115.05417802461317,8270300
2020-10-06,115.57933044433594,118.10550697313417,115.23525908204815,116.65679853646647,5978000
2020-10-07,117.76144409179688,118.07835340261225,116.12260101703362,116.25841139829245,4390500
2020-10-08,117.44456481933594,118.54918830994114,117.26346586476447,118.0693064753298,3595600
2020-10-09,118.59443664550781,118.78458497911032,117.10046731427391,117.69806057313043,4293400
2020-10-12,117.21819305419922,118.92040976407264,117.03709411799412,118.7845993778279,5136500
2020-10-13,116.98275756835938,117.589400255823,115.86001474398651,115.94150787505313,4245000
2020-10-14,115.5884017944336,117.34495651201742,114.99986477904115,117.28156911981769,3586600
2020-10-15,116.8016586303711,116.89220807815238,114.18493985400136,114.51995485011433,4235800
2020-10-16,115.89623260498047,117.87914692025151,115.4887876754101,117.26344100026563,6010900
2020-10-19,115.38015747070312,117.50793894563569,115.03609294246958,116.89224670815102,5160800
2020-10-20,116.3399429321289,117.6166023092349,115.64275054917452,115.89627254008298,3799200
2020-10-21,117.19100952148438,118.95662732302175,116.30368281874144,116.3489575498413,4916300
2020-10-22,117.72522735595703,117.94252395630018,116.674914401272,117.34494448944858,2869900
2020-10-23,117.69808197021484,118.25040060091769,116.4847825773216,117.70713139120967,4046300
2020-10-26,116.23126220703125,117.36306156268408,114.70107417559807,116.85601766189723,5422500
2020-10-27,115.88717651367188,117.24534240023218,115.8056902907733,116.60247440469243,2985700
2020-10-28,110.53604125976562,114.4475391082838,109.594383474832,113.43344451498122,8618300
2020-10-29,111.2422866821289,112.44652275768591,109.69398611696467,110.71713016539591,4947000
2020-10-30,108.72515869140625,111.96663321890149,107.56619742989945,111.96663321890149,7791600
2020-11-02,110.81669616699219,112.36499627267769,109.64867884348506,110.79859042362997,4740400
2020-11-03,112.80867767333984,113.63263074194776,111.54106819541005,112.28352813589188,3490900
2020-11-04,115.29865264892578,116.73829801367883,113.41534390174597,113.4787243849498,5061800
2020-11-05,117.43549346923828,118.07836155537046,116.31275739755607,116.97372432516669,3940000
2020-11-06,116.71112060546875,117.62562314348457,116.21314004165072,117.62562314348457,2954000
2020-11-09,116.75640106201172,123.45666052105192,116.59342861114632,122.28863602621789,7491700
2020-11-10,115.63365173339844,117.81575684594716,114.31171118939042,117.75238327946045,8014700
2020-11-11,115.5884017944336,117.52604163615909,115.15378782535703,116.52100330887707,6058700
2020-11-12,114.66484069824219,115.75136517369803,113.75034500482846,114.64673495043138,4780400
2020-11-13,116.1497573852539,116.43950460557825,114.83687310594046,115.81474925067329,3986100
2020-11-16,117.80673217773438,117.99688054895888,115.3258299181814,117.21820203769067,6116200
2020-11-17,119.70812225341797,120.06124298743194,116.90125521778482,118.14170249595341,7002900
2020-11-18,119.18299102783203,121.31076529944951,119.0924415626957,120.48682595670687,5572800
2020-11-19,119.43651580810547,119.61760092680115,117.64373583006403,119.44556522847212,4642800
2020-11-20,120.40528869628906,120.90328296879922,119.43647603513689,120.695035842442,4318100
2020-11-23,121.44658660888672,122.13471555346827,120.5049219311348,121.67294645043557,6118400
2020-11-24,121.96267700195312,123.13070149385064,121.51902056510738,122.23431156862056,7204700
2020-11-25,122.72325897216797,122.95868207518323,120.98481685777197,121.55524814165075,4484500
2020-11-27,121.55524444580078,123.2574750088516,120.731291242119,123.13976346092295,3506800
2020-11-30,121.96267700195312,122.49688289965734,120.14274889232499,121.24738599843997,9652500
2020-12-01,122.6327133178711,123.59247686170968,122.0079579275852,123.53815270879937,3833100
2020-12-02,122.7594985961914,123.42952885192518,121.93554527141974,122.37921563458404,4132700
2020-12-03,124.00897216796875,124.90534822961463,122.23430506725242,122.32485452329476,4930900
2020-12-04,124.46715545654297,124.6576725395565,123.06089794966923,124.36735617944339,4344000
2020-12-07,125.8824462890625,125.98224553896767,124.11329035319991,124.29473975929054,4590800
2020-12-08,126.21814727783203,127.41573845597803,124.88447248567142,125.4197670027724,6953600
2020-12-09,125.91873168945312,127.53366879520769,125.44696599839912,127.53366879520769,4341300
2020-12-10,124.82097625732422,126.23630127281467,124.51251082445167,125.45605622021033,4511000
2020-12-11,124.66670227050781,125.32899873800255,123.59612739287626,124.64855317937497,4172400
2020-12-14,123.64155578613281,126.10930736875908,123.5689732285606,126.03672481118684,7599000
2020-12-15,126.46311950683594,126.5084853289024,124.5215813782565,124.68488172524947,7637000
2020-12-16,125.51053619384766,127.4611564702929,124.71215559185286,126.17284696981193,6573400
2020-12-17,127.47015380859375,127.6879014038146,125.88244726649383,126.94394083625349,8727000
2020-12-18,124.54878997802734,128.05081802004855,124.44899071347346,128.00545220094145,17970800
2020-12-21,130.6637725830078,134.22930274553786,129.29379919902928,131.38958437108997,16111300
2020-12-22,129.23934936523438,130.16475962389873,128.00547363491745,129.78371159826204,6339400
2020-12-23,128.6133270263672,130.28269795177775,128.55889357600591,129.33913866649715,3388300
2020-12-24,128.46812438964844,129.00340489571113,128.0144940264699,128.0144940264699,1821900
2020-12-28,129.22117614746094,129.66573901624878,127.96008392523852,129.32097541009887,4081500
2020-12-29,128.44094848632812,129.79275853815787,127.4066576396922,129.58409238102993,3232400
2020-12-30,128.45005798339844,129.3845360255826,127.61537923910332,128.976271204658,3052100
2020-12-31,128.3502197265625,128.64053605903064,127.35222705059914,128.5588858883713,2949900
2021-01-04,127.10726165771484,129.71109609329065,125.49233831200613,129.60222921182364,6178500
2021-01-05,128.13247680664062,128.5226062647573,125.7463896106033,125.7463896106033,4163100
2021-01-06,129.1486358642578,130.25549562295683,126.59015266485967,128.15064301831376,6072900
2021-01-07,131.50746154785156,132.13347376890428,129.73830560381276,129.91975501074197,5256900
2021-01-08,132.7776336669922,133.20404738276218,131.46209433246233,132.0518222033176,3950500
2021-01-11,133.4127197265625,133.45808554085147,131.37138267688485,132.4600930013057,4252000
2021-01-12,131.5981903076172,133.23126262182453,130.9903271936043,132.91371578383624,3678800
2021-01-13,129.77464294433594,131.67082947565146,129.22121302878884,131.3986483322547,3330100
2021-01-14,128.19601440429688,131.46214652190807,127.86031833590361,130.33715145811533,4104000
2021-01-15,127.66973114013672,129.17578727568744,126.90763544878578,127.52456610072699,6412400
2021-01-19,126.35424041748047,128.12339655773246,125.57399542181754,127.9147304088063,6537800
2021-01-20,129.55690002441406,129.92888043286192,127.02563356505206,127.36132961732048,4654400
2021-01-21,128.47723388671875,130.47320536649514,128.04175247237043,129.20304547310232,4011200
2021-01-22,126.42681121826172,128.7221801744352,126.390513029999,128.00543631512417,4150500
2021-01-25,124.79375457763672,126.27258060883597,122.24435335691152,126.1002126458087,5998700
2021-01-26,122.57097625732422,125.06594420313893,122.21714499330236,124.98428018551441,5312300
2021-01-27,118.86933898925781,120.53869589122279,118.18889324559451,119.95804941037827,7815900
2021-01-28,122.22620391845703,123.72317904188746,119.30482236966546,120.08506738910118,6244600
2021-01-29,121.20101165771484,122.50746990662876,119.89455340880093,121.52762621994331,7166100
2021-02-01,123.12438201904297,123.43284740052205,120.93787994195976,122.8159027938613,4366800
2021-02-02,126.64459228515625,126.88955669448465,124.06797370403042,124.3492224714741,7132800
2021-02-03,125.7735824584961,127.07095889496419,125.2110712891866,126.74434441861446,4678600
2021-02-04,127.5881118774414,127.9691598153432,126.03668956111659,126.60826838982102,4533700
2021-02-05,131.65264892578125,132.06999509179002,128.18690513807562,128.23227095842296,6151500
2021-02-08,130.1103057861328,132.35124160588913,129.55687601194796,131.6889310959321,6304300
2021-02-09,128.6405487060547,130.8452004365359,128.5588985273681,130.28270296953113,3436300
2021-02-10,129.2484130859375,129.3754290770388,127.83307424318828,129.23933161562007,4125700
2021-02-11,130.22825622558594,130.963149368,129.20306056463704,129.73834130768276,3828700
2021-02-12,128.93995666503906,130.14661571621065,128.28672749683028,129.83815023225293,3637000
2021-02-16,128.56796264648438,130.07400538814207,127.9510179665813,130.07400538814207,4873400
2021-02-17,130.6365509033203,131.1536826112813,127.20710452435237,128.19601595325042,6437100
2021-02-18,131.634521484375,131.90670260753132,128.11435751432958,129.72019983790852,4486800
2021-02-19,128.84921264648438,132.00647708823377,128.37743304457098,131.94296217249155,7486000
2021-02-22,123.99537658691406,129.2484262656121,123.62339620229137,128.41373384616884,8985900
2021-02-23,123.50543212890625,124.14051199727172,119.37739221897644,123.41470050040996,10364100
2021-02-24,123.06998443603516,123.35124705547463,121.52764306209356,122.534703614888,6360900
2021-02-25,122.97017669677734,126.27260690404684,122.05384787044933,124.83914639353996,5674300
2021-02-26,122.52922058105469,124.41107535424644,121.23829262109598,123.54741415581714,6650200
2021-03-01,125.13835906982422,126.50201723856992,123.18378791002802,123.31106211757034,5717800
2021-03-02,124.56564331054688,125.69292528710102,123.28380118703015,125.05655419197376,5292700
2021-03-03,122.0565185546875,124.9202096513566,121.9565163791495,124.62928918730017,4888400
2021-03-04,120.03829956054688,122.84744645957777,118.3473625581165,121.82015267341417,7181500
2021-03-05,121.22925567626953,121.5292483624931,117.44737247802962,121.40197411408373,5957100
2021-03-08,122.3292236328125,123.30197309497049,120.33828053477527,121.492848307362,4983000
2021-03-09,123.59291076660156,125.45658012985741,123.13835794004412,123.19290205973478,5977800
2021-03-10,125.0838394165039,125.63839440175012,123.72928091538273,124.09291761606673,4519600
2021-03-11,128.3566131591797,129.2748047589046,125.96566115469898,126.52930214939647,5696500
2021-03-12,127.68383026123047,128.10202478204693,126.00199386297163,127.27473567094293,4143200
2021-03-15,131.76576232910156,131.82030644330624,127.88387769661861,127.91114975372095,5413900
2021-03-16,131.50213623046875,132.86579480405197,130.76576282023018,132.6203462485407,5623000
2021-03-17,131.65664672851562,132.86574466694088,130.18388659193465,130.18388659193465,5134400
2021-03-18,130.15663146972656,133.3294146268867,129.5929905043507,131.2475552844552,10188400
2021-03-19,124.99293518066406,129.87482786221227,123.19289608703396,127.27478526548617,24980400
2021-03-22,125.7020492553711,126.19296023066319,123.66564748974179,125.12022216117018,7537300
2021-03-23,124.65657806396484,127.85663424104179,124.13839499125285,125.90206239493648,5582600
2021-03-24,121.05646514892578,125.38380138562363,120.80191677452274,124.04741548408461,8157600
2021-03-25,116.94734191894531,117.62917110780853,114.03820682083231,115.50186736779938,18475800
2021-03-26,120.90194702148438,121.08376534949458,117.97462616341753,119.63829091481695,10010500
2021-03-29,121.35649871826172,121.73832136530547,118.78372847741659,120.8564879167107,7153900
2021-03-30,120.8656005859375,121.22925119068945,119.29285160196034,120.32014548658785,6026600
2021-03-31,120.81103515625,121.98377520409484,119.92920166904857,120.99285349063334,6878900
2021-04-01,120.48374938964844,122.44742057582039,120.19284284642791,122.44742057582039,5720600
2021-04-05,122.83831024169922,123.34740701732797,121.00192742558788,121.00192742558788,5508900
2021-04-06,124.69292449951172,125.19293534214984,122.66560907134722,123.12926179445267,4670100
2021-04-07,124.1292724609375,125.67476307767781,123.96564011150416,124.53838107822205,6646000
2021-04-08,121.52922821044922,124.82928593021815,121.28377968969397,124.80201387235645,8748400
2021-04-09,123.13833618164062,123.18379423063426,121.36558324568026,121.76559188186597,6056800
2021-04-12,124.22017669677734,124.45653913620662,122.02014302073037,122.50196783269917,5638200
2021-04-13,121.40196990966797,123.62928998747431,121.27469566566637,123.27473931690898,8778200
2021-04-14,120.2383041381836,121.98378526150596,119.83830931830104,121.4019582203985,7354100
2021-04-15,121.52013397216797,121.88378450560694,120.62011450773718,120.91103493448836,6284800
2021-04-16,122.10195922851562,122.52015386809896,121.57467636636676,122.46560975681619,6852500
2021-04-19,120.5201416015625,122.16562059385603,120.13830502474686,122.09289047788405,5613600
2021-04-20,115.5564193725586,118.09281802467795,114.27457708073908,117.4291747863283,13268700
2021-04-21,118.09281158447266,118.4837342048194,115.79278246812112,115.99277987342431,7110900
2021-04-22,117.43824768066406,118.52008549904214,116.34733073662399,118.08371872142611,6442900
2021-04-23,118.35645294189453,118.77463372371862,116.78370423556964,117.21097107896392,7489000
2021-04-26,119.6383056640625,119.72920790334959,117.5655459511439,118.62919786657443,8217800
2021-04-27,120.10193634033203,120.72012146395069,119.46556522135693,120.00193417364665,5833100
2021-04-28,118.8292007446289,120.3019473982726,118.5019221691691,120.23830334689255,8195400
2021-04-29,121.14736938476562,121.929200511196,119.30188670351363,119.79281134225977,6612500
2021-04-30,120.56558990478516,121.71107193066015,120.04740688457879,120.40195754214683,5643600
2021-05-03,120.93831634521484,122.22924462711647,120.53830766341564,121.24740891865949,5053000
2021-05-04,119.59284210205078,120.53830580383982,118.6200924706959,120.21102723940317,6129500
2021-05-05,120.19283294677734,122.02012983593734,120.07464480390881,120.63828572187057,6234200
2021-05-06,121.35649871826172,121.67467732154029,119.94738241274489,120.54739537460611,5201000
2021-05-07,125.2838363647461,126.69295277241976,122.47470348308157,122.72925193289808,10566700
2021-05-10,124.00198364257812,126.27474737409055,123.911081416427,125.45655797948565,5669300
2021-05-11,124.65657806396484,125.80206020590741,122.73836434484596,125.80206020590741,8045400
2021-05-12,121.26558685302734,124.38382605386273,121.2201288018721,123.11106998076374,5865100
2021-05-13,121.46559143066406,122.7565196294028,120.44739766756864,121.54740759980217,6284300
2021-05-14,123.57471466064453,124.25654384470508,121.86560560545762,122.12924011968025,4367900
2021-05-17,124.01110076904297,124.61111380659497,123.18381132682892,123.938370654929,3934200
2021-05-18,123.23834228515625,124.97473716060759,123.13834012290907,124.03835958313371,5664700
2021-05-19,120.87468719482422,121.79287886087167,119.9655815909493,121.34741212110671,5582300
2021-05-20,121.156494140625,122.0110555320359,120.17465853380286,121.62013295279834,4934800
2021-05-21,120.6019515991211,121.97469605412807,120.37467520030103,121.66560348097691,5329700
2021-05-24,121.87467956542969,122.13832792532274,120.73829770483624,121.0019460647293,4313200
2021-05-25,122.11106872558594,122.88380014902899,121.68378799127316,122.67470974878562,4885800
2021-05-26,124.44747924804688,125.38385701328598,122.7292700226045,122.91108838900828,6781500
2021-05-27,124.14744567871094,125.73838031419616,124.05654345122127,125.04746512350827,12882300
2021-05-28,124.30683135986328,125.11756709631527,123.96977423583455,124.10642352390113,4153500
2021-06-01,122.53054809570312,125.75528384015894,122.25727718502284,125.5730985997578,5577900
2021-06-02,122.2208023071289,123.42324962336241,121.63780133860828,122.60339538961061,5226100
2021-06-03,122.2208023071289,122.69449493775176,120.70863876695871,121.3371895095499,5027400
2021-06-04,121.82913208007812,122.92225740308075,120.4991534388658,122.52144154134984,5217100
2021-06-07,122.02043151855469,123.1591067173091,121.56496143905292,122.06598130647362,3765000
2021-06-08,121.47386169433594,122.72184511968324,120.61757582006997,122.69451803006558,4915200
2021-06-09,120.09832000732422,122.8857940381317,119.74305398182602,121.71979201086374,6448100
2021-06-10,119.31489562988281,120.76330053060349,118.59525927656274,119.78858823577382,6584100
2021-06-11,120.18944549560547,120.23499528302895,118.90501654941868,119.78862960602858,5414500
2021-06-14,119.66108703613281,120.28963790255044,118.5406346524296,119.97080332108455,5743600
2021-06-15,118.68634796142578,120.01632626979446,118.26732341073148,119.82502278371985,5168100
2021-06-16,118.78655242919922,119.48798001480169,118.05781165956668,118.69546678291475,7915500
2021-06-17,117.43839263916016,118.31290122588554,116.47279838496577,117.72990013468277,8568100
2021-06-18,116.97380828857422,117.5385866384649,115.39787903663655,115.39787903663655,9784800
2021-06-21,118.49507904052734,119.11451157996049,117.23797736952982,117.72989276245997,6288500
2021-06-22,120.68133544921875,120.87263897805428,118.54063464471166,119.17828990775968,6043800
2021-06-23,121.24610137939453,121.79265695753513,120.43536545695595,120.98192103509656,4566000
2021-06-24,121.70157623291016,122.81292402319845,121.06390718286555,121.97484708311237,11420500
2021-06-25,140.60360717773438,140.82222390145466,137.07825960947685,138.83638119516854,46285400
2021-06-28,138.7908477783203,140.33033892199697,138.01654305758598,140.2119122494544,13133300
2021-06-29,142.0611114501953,142.47103173148713,139.29185955227774,139.61068026001877,10279900
2021-06-30,140.73110961914062,141.50540019128883,139.8474968075176,141.0043804682284,10281800
2021-07-01,143.92849731445312,144.11980080023065,140.18453394857093,140.34851035064298,9011500
2021-07-02,145.51356506347656,145.72307737794188,143.6005854449132,144.11982793275018,6396700
2021-07-06,145.85060119628906,146.15121305858202,143.80098623507075,145.6775203755894,6671000
2021-07-07,145.8961639404297,147.11682028984458,144.18359217269744,145.8961639404297,5408300
2021-07-08,146.32427978515625,146.49736058918458,143.33639804147487,144.08336152747535,6081600
2021-07-09,146.66136169433594,147.53587033962455,146.2149960243661,147.2899126112866,5002300
2021-07-12,147.4083251953125,147.96398528057838,146.39718118634045,147.24434875880357,4992200
2021-07-13,147.19883728027344,147.85471539729662,146.67049024712446,146.98022050782947,5747700
2021-07-14,147.15321350097656,148.2372341188106,146.9710283155897,147.4538253117923,4928000
2021-07-15,147.28988647460938,147.75446085694796,146.10566172961043,146.53380462895498,6432500
2021-07-16,145.61378479003906,147.29901568426317,145.42248124753112,147.22613880615742,6603700
2021-07-19,143.81008911132812,144.67549320568185,142.65320535332847,144.06515119181947,7377100
2021-07-20,145.51356506347656,146.14210200687253,142.6349912392954,143.25442378635523,4629200
2021-07-21,146.7342071533203,147.05302779230774,145.75949474592812,146.205860320319,5393100
2021-07-22,149.10264587402344,149.16641834310127,146.5975609858187,146.76153740641834,4851500
2021-07-23,151.5439910888672,151.62597235946882,149.14821424910792,149.71300654621828,4217700
2021-07-26,150.3870849609375,151.69884081715844,149.23020114038408,150.95187722671363,3858800
2021-07-27,149.91339111328125,150.8607625255706,148.1006156466888,150.14112609602623,4359000
2021-07-28,150.72413635253906,151.12493827091953,149.46703472263343,149.84052345323454,4093600
2021-07-29,152.11788940429688,152.15432089167183,150.660379712133,151.12495415033698,3605600
2021-07-30,152.59156799316406,152.91950697837964,151.534888062885,151.753504786467,5364400
2021-08-02,153.7211456298828,154.84159808829565,153.0652676298745,154.00353484380577,5532500
2021-08-03,155.980224609375,156.22618225765387,153.48425834850235,154.1492405384605,5718100
2021-08-04,156.59967041015625,156.99136786738205,155.7342803466566,156.09865072081263,4646200
2021-08-05,158.3668975830078,158.5035329997962,155.93467596546301,156.14420213765712,3824000
2021-08-06,157.410400390625,158.849686944166,157.31930085059093,158.83146425619154,4088700
2021-08-09,156.4721221923828,157.64722833475068,156.33547289221343,157.13710430706115,3612800
2021-08-10,156.92759704589844,158.4670874711273,156.16239708021467,156.28082369749004,3747100
2021-08-11,156.0166778564453,157.79300785063958,155.71606602668328,156.68166007994583,4078300
2021-08-12,155.4427947998047,156.06224120283875,154.3861011062906,155.67052979065647,3997100
2021-08-13,156.39930725097656,156.4266343418595,153.74846823659055,155.26973652839212,2966200
2021-08-16,157.00961303710938,157.04604451980583,154.5500779097962,155.4974493581524,3530200
2021-08-17,155.4610137939453,156.408385217429,154.29501178050057,156.2626314907883,3602900
2021-08-18,153.77578735351562,156.49950310230028,153.63915190618616,154.63207322302583,5487400
2021-08-19,150.84254455566406,152.61887469669762,149.7311966931014,152.09054175205435,7336300
2021-08-20,152.84658813476562,153.0469960095822,150.68766518314226,151.46196959946425,4039100
2021-08-23,154.60475158691406,155.67965421006633,154.1128361594926,154.35879387320333,3796500
2021-08-24,154.841552734375,155.65228864971593,153.84863162791552,154.49540504120145,3133100
2021-08-25,154.71405029296875,155.48835487306906,154.4316611095896,154.85980403272626,3003800
2021-08-26,152.05410766601562,154.42255729657532,151.46200220829655,154.29502624876622,4069600
2021-08-27,152.9072265625,153.3543287235063,151.72104766886642,152.62437141028735,3012400
2021-08-30,153.3178253173828,153.66455817857462,151.98566608093273,153.19008383001395,3537100
2021-08-31,150.31588745117188,152.99845857970394,149.823160360274,152.87985043934341,7545600
2021-09-01,150.1516571044922,152.03128794821484,149.71368824837694,150.48013722727336,4706500
2021-09-02,149.3395538330078,150.94544860504854,148.53659948559937,150.77209611892732,4632100
2021-09-03,148.99285888671875,149.79581343822488,148.0165518050281,148.9107423319819,4254500
2021-09-07,148.39979553222656,149.5129776053995,147.73371574181377,149.36698331844335,5648800
2021-09-08,146.63877868652344,147.89794105733435,145.76282693385514,147.8158244963038,6591700
2021-09-09,149.0384521484375,151.60241502380921,148.91071067174636,150.790341224249,8414800
2021-09-10,149.26657104492188,151.1553350417485,149.12971014201162,149.86878686328203,4252100
2021-09-13,145.5529327392578,148.65523382798912,144.46712318136866,147.41431060794113,8814500
2021-09-14,144.85946655273438,145.43431018089981,143.31744935554718,145.23357157813658,5323900
2021-09-15,144.0839080810547,144.45801313199667,142.04003031464848,143.70980303011268,6827100
2021-09-16,143.8010711669922,145.0876056522594,143.4360854894717,143.7919378233167,5085900
2021-09-17,142.72439575195312,146.90338821795544,142.40504891384384,144.12956639253466,7944800
2021-09-20,140.74432373046875,141.67501942920265,138.98331553625422,140.26984950249812,7041200
2021-09-21,141.44696044921875,142.45977304181199,140.13303990501353,141.51082423865068,5857900
2021-09-22,143.65509033203125,144.16605640557054,141.97619782675034,143.06199377163068,6844800
2021-09-23,145.60765075683594,146.2554774684862,144.4123526943258,144.8138298285864,11981500
2021-09-24,136.49237060546875,138.55450108246197,135.04158930507685,137.81541041883455,26913300
2021-09-27,135.07810974121094,136.7843883026747,134.39377721689033,136.41940260270184,11479300
2021-09-28,132.5780029296875,134.61274741619346,132.30426717855545,134.4393809763839,10692300
2021-09-29,133.23492431640625,134.98681312096858,132.93381647023193,132.95206922772647,7794900
2021-09-30,132.5141143798828,134.567111461244,131.77503765823718,133.1072107792759,10133600
2021-10-01,134.1838836669922,135.04158243170275,131.7294094343392,132.50499165930782,8112300
2021-10-04,134.2568817138672,134.69485051828943,132.99770573802883,134.18388459266725,7951000
2021-10-05,136.37374877929688,137.7789049956146,134.87734268592445,135.04157575729113,10881900
2021-10-06,135.77151489257812,136.37373058613608,134.5944556803717,135.04155774185102,7610700
2021-10-07,138.55447387695312,140.205993464503,137.10367893865046,137.14018445507733,7958000
2021-10-08,139.1293487548828,139.4852010805449,137.47782863007214,138.89211851203464,6333700
2021-10-11,137.12196350097656,140.14214827675886,136.9212248823948,138.68224750490234,5551200
2021-10-12,139.9231719970703,140.15128279985473,138.05266062968244,139.07459257086748,7408600
2021-10-13,142.61488342285156,142.95248297163243,139.7498121614374,140.80824967782715,8456300
2021-10-14,143.38134765625,144.5857795628157,142.56927363056155,144.33028261551155,6024500
2021-10-15,144.17515563964844,144.4671441680897,142.85211568674984,143.98355035029078,5532100
2021-10-18,145.4708251953125,145.50733072320577,142.2955264847947,143.5364499003549,5765300
2021-10-19,144.0017852783203,145.9270269678097,143.07108936266152,145.6989161792604,6198200
2021-10-20,144.5766143798828,144.89597505159753,143.5455630875368,144.62223932195315,4487000
2021-10-21,147.97999572753906,148.12598994572028,144.4214736767154,144.57658731249234,6121700
2021-10-22,149.16619873046875,150.20638333991982,148.07126976095878,148.07126976095878,5323000
2021-10-25,149.84146118164062,150.3068023187181,148.41805165855013,148.93813717378004,3878200
2021-10-26,149.4490509033203,150.9637098078169,148.83771569017992,150.388880115842,4711200
2021-10-27,148.13514709472656,149.6954170436369,147.50555911005927,149.32131202046108,4163900
2021-10-28,150.0603485107422,150.18808994540288,148.5548095421282,148.7372953169617,3762000
2021-10-29,152.64260864257812,152.95284989530595,148.72823364984066,148.7829780112698,6740600
2021-11-01,151.76666259765625,154.02039817002165,151.36518540573704,153.10795506939684,3610800
2021-11-02,153.13534545898438,153.43645338873063,151.5659420254589,152.15902454228186,5038000
2021-11-03,157.3964385986328,157.73403809859917,153.88352700862492,154.2028876705446,7176700
2021-11-04,160.07904052734375,160.25240696655322,156.94023362715606,157.13185282911877,5460100
2021-11-05,161.96778869628906,163.4185839770345,160.13378286203522,160.3436409013112,5892200
2021-11-08,156.80340576171875,161.08275366450673,155.44386006702112,160.9094011115397,8301100
2021-11-09,158.60086059570312,158.70121596721222,155.98213952581247,156.25587523047952,4343000
2021-11-10,153.5276641845703,157.09531988880474,152.87983740905761,156.23762118520096,8185200
2021-11-11,152.35061645507812,154.7503461205689,152.0403891610049,154.7503461205689,4994900
2021-11-12,154.28501892089844,154.82335707292498,152.7429876695186,152.83423755956107,5126300
2021-11-15,154.0660400390625,155.4438242602033,153.76493211203604,154.84160840615036,3856700
2021-11-16,156.7851104736328,158.76511046793058,154.4310054407888,154.4310054407888,4401000
2021-11-17,156.70301818847656,157.61546149333435,155.3434726520377,156.57527668270768,3940200
2021-11-18,156.3471221923828,158.27237758486493,155.4437985606501,157.24131248303854,4044200
2021-11-19,159.56808471679688,161.68494587932287,155.59895089323885,157.0771045465018,6145600
2021-11-22,158.98411560058594,162.1867863698664,158.97498225758153,159.6593146895219,5906400
2021-11-23,157.07708740234375,158.24501355546002,155.48944518442715,157.89829461557667,5302100
2021-11-24,156.96759033203125,157.3325620144366,152.98933773359298,153.73754778213438,4637600
2021-11-26,153.30874633789062,154.82339182400662,152.87076347471296,153.3452379484313,4751100
2021-11-29,154.9967041015625,156.16463014940967,154.41274107763888,154.9602125037821,5448700
2021-11-30,154.42193603515625,156.52967819809857,152.86165159402185,154.0113253403225,11033700
2021-12-01,152.1042938232422,158.19028890340252,152.08604105904408,155.92743344012914,6618200
2021-12-02,155.11534118652344,155.61718772197662,152.37801163617303,152.6334946137168,4398900
2021-12-03,155.61354064941406,157.28631470449224,152.4325208326406,155.96088280693473,4878500
2021-12-06,154.39779663085938,156.5001907800303,153.62082033188227,156.1528347007978,5636900
2021-12-07,156.5732879638672,158.4563108648404,155.75975456328894,156.40875970091486,5898700
2021-12-08,155.6226806640625,157.0303627985274,155.2479031663853,156.50934257427238,5614400
2021-12-09,153.6573944091797,156.46362263346833,153.5568446973633,154.74514172162583,5171600
2021-12-10,154.5348663330078,155.61349150202517,152.95350668334103,154.0229820959688,4791100
2021-12-13,152.5056610107422,154.83657631596756,151.06140766063317,154.30640630533478,5972300
2021-12-14,151.18936157226562,152.72502866076016,150.10161423817763,152.00289509394682,4872200
2021-12-15,149.81822204589844,151.43615311965567,147.9169413763397,150.8237190855898,7144600
2021-12-16,148.7396240234375,151.6829731343608,148.56594597841357,148.72133845348677,7138100
2021-12-17,147.4964599609375,148.86758470749513,146.75605482944474,147.74326632070247,7705100
2021-12-20,143.49276733398438,145.8876746439906,142.1125068145417,145.65000410112637,8411900
2021-12-21,152.3136749267578,156.48189172717693,150.55863700804457,152.3685176823736,13862900
2021-12-22,151.22593688964844,154.4800710662595,149.9919189085184,152.87128954855396,5811300
2021-12-23,151.4361572265625,152.79814617220813,151.22592200267167,151.96632713934127,3876900
2021-12-27,153.1820526123047,153.2826023145254,151.262472460019,152.21312672606967,3769300
2021-12-28,152.1217041015625,153.79447780731877,152.01201859554598,153.38314321195594,2658600
2021-12-29,154.27896118164062,155.21132994982557,152.28626650315024,152.7158867224216,3830900
2021-12-30,153.09979248046875,155.50382169091742,152.83470055504688,153.84933341387114,2666800
2021-12-31,152.35018920898438,153.3099790053649,151.92971890247708,153.16372239971122,2752000
2022-01-03,150.5220947265625,153.48372962775602,149.27894088569406,153.13637351186796,5670500
2022-01-04,152.09429931640625,152.8164188894562,150.82372425784317,151.62812191718177,6064200
2022-01-05,148.30996704101562,152.66099710834538,148.17286016986645,152.18568398982848,5021000
2022-01-06,147.20394897460938,149.16923617768,145.39406818599846,148.1637391018948,4144600
2022-01-07,143.4835968017578,147.29532089734317,143.3830471228326,146.95711468086677,5108000
2022-01-10,137.51467895507812,138.3282124458489,135.99729749433178,137.58780728487585,10439000
2022-01-11,137.38671875,137.88031758048885,134.9186967019481,137.55124704422835,8175400
2022-01-12,139.13262939453125,140.2752335537315,137.7889257874874,139.05950105460587,6351200
2022-01-13,136.73768615722656,140.40316827663855,136.2166660485103,140.03752667176647,4990900
2022-01-14,135.44888305664062,136.05218149951213,134.23316430513637,135.64084672402956,6030500
2022-01-18,134.32449340820312,136.04297390315463,133.730345040208,135.33912609118838,6931000
2022-01-19,132.6426239013672,136.28982117080471,132.56035975451917,135.06493898836212,4823800
2022-01-20,130.46710205078125,134.71759765197373,130.25686680273034,132.96255943615762,5366500
2022-01-21,130.668212890625,133.7852404806266,130.57681292375005,131.9205165722773,7553400
2022-01-24,133.45611572265625,133.7394792161729,127.56941907146104,128.71202280196323,9733200
2022-01-25,132.98085021972656,135.2477871127811,130.266021383586,132.51467270310462,8195400
2022-01-26,131.61883544921875,136.17096554988672,130.46708177410636,135.08320438908132,7444600
2022-01-27,132.21302795410156,134.6902002088601,131.2441017411797,132.53296273662016,6396400
2022-01-28,133.37387084960938,133.48355636027122,128.52922754355723,131.73765426062914,6130200
2022-01-31,135.34829711914062,135.448832874565,132.743154593245,133.7029446789856,6932200
2022-02-01,135.4853973388672,136.81995084563763,134.18740101883245,136.6554225836253,6695000
2022-02-02,135.93328857421875,136.6188508217333,134.85466338527337,135.60421813749977,5491700
2022-02-03,132.82540893554688,135.7047789804827,132.51462403859784,134.7358392081933,5240200
2022-02-04,132.89857482910156,133.89492231161566,131.29892900114038,132.88028925711097,4313400
2022-02-07,132.67002868652344,133.56582627390134,131.82907385685002,132.81628533893675,3877500
2022-02-08,131.19834899902344,132.99909385989216,130.07403066765414,132.3043957104236,5829400
2022-02-09,133.6938018798828,134.69929896448176,133.15449614714453,133.5566949809841,4551000
2022-02-10,132.37750244140625,134.86379528841437,131.49084084447426,131.59139052910982,5142600
2022-02-11,128.13616943359375,132.59689967451393,127.56944234317592,132.32267193960783,6710500
2022-02-14,129.42501831054688,130.90584236589672,127.77966599782525,128.04475789843633,6841200
2022-02-15,133.0722198486328,133.74864636626538,131.7193807611689,131.8290662702656,7820200
2022-02-16,133.904052734375,134.32452319480527,132.18557185834857,132.560349317108,4817500
2022-02-17,130.5310821533203,134.2879646172902,130.3848254956362,133.03566116409854,5202300
2022-02-18,130.668212890625,131.57316043385921,129.6261584231758,131.05212622623208,5177400
2022-02-22,126.31716918945312,129.47075367830922,124.46158126899157,129.42504672529316,9604500
2022-02-23,125.07400512695312,128.8583089927516,124.7814918098853,127.6608622400858,7636600
2022-02-24,125.38480377197266,125.61332459548674,119.68091899585154,121.57307810949419,8417200
2022-02-25,126.8747329711914,127.25864618705391,124.48897559934524,126.2622989877107,5424500
2022-02-28,124.81806182861328,126.49083573260565,123.43778729126193,125.28423923222984,6613300
2022-03-01,120.86007690429688,125.00087251606143,119.88200122513109,124.97345113700091,6534000
2022-03-02,124.02278137207031,124.8728858603505,121.36281030026558,121.55475992975437,7743900
2022-03-03,122.459716796875,125.0465737022106,121.98438966872318,124.99173094661646,4576500
2022-03-04,120.18303680419922,122.41849129109372,119.74327962010436,121.40154319187954,7084500
2022-03-07,114.008056640625,120.04560615052242,113.76068713094959,120.01812220273932,11383400
2022-03-08,111.048828125,114.95170947646923,110.67320252222153,114.74098756041269,9089400
2022-03-09,116.30764770507812,118.7813011230374,116.01447391487692,116.70160064095612,8845100
2022-03-10,115.46476745605469,115.98698345899345,113.60494567348007,113.6232659762963,7167400
2022-03-11,112.34980010986328,117.15053062374379,112.23986430514891,116.36262473748916,5882000
2022-03-14,107.7139892578125,112.18489147008799,106.96273095595853,111.34201766602055,13884900
2022-03-15,109.39058685302734,110.32507621606952,107.87890651033352,109.79369648521455,10431300
2022-03-16,114.6951904296875,115.53806416660218,111.70847776474332,112.551351501658,11100400
2022-03-17,116.72908020019531,116.72908020019531,113.33008750889334,114.46614195124383,6845300
2022-03-18,120.23802185058594,120.43958014435967,116.07860685685068,116.21603360167956,10350900
2022-03-21,119.27603149414062,121.21830509136932,117.83763960891251,118.84543099216967,14388500
2022-03-22,121.93290710449219,127.34746828375363,121.84129860861101,125.7716567664766,19731200
2022-03-23,121.8504638671875,124.04926363835321,120.20135704899921,121.52064250354984,8068800
2022-03-24,121.0075912475586,122.94070820584054,120.20135813369599,122.53759164890923,5853800
2022-03-25,122.49180603027344,122.64755309991631,120.66863846591242,121.89630170636647,6287000
2022-03-28,123.50875091552734,123.55456216525968,121.09006511374537,122.54677058967107,5804100
2022-03-29,127.47573852539062,128.03460210629194,125.46932642380024,126.29388681083032,7275900
2022-03-30,126.9260482788086,128.13539808017705,126.02820656482969,127.32916487926475,5545800
2022-03-31,123.2796630859375,127.08177173448206,123.2246951984255,126.27553877197131,7206500
2022-04-01,122.32686614990234,123.93931825874854,121.62141223619534,123.17889645195758,5807500
2022-04-04,123.078125,123.87520143832604,121.72219896070368,121.89627328608094,5307300
2022-04-05,121.20915985107422,123.38963253533636,120.95263365292574,122.80328494247848,5707800
2022-04-06,117.59944915771484,119.37681919035099,115.73962727316358,119.14777694861188,6961000
2022-04-07,118.533935546875,119.08362849349338,116.43590095867549,116.74740201620261,5320500
2022-04-08,117.40705108642578,119.03783077872522,117.15968853335951,118.58891691825649,4877400
2022-04-11,114.50279998779297,116.23435876741561,113.89812511754279,114.61273578979157,6365400
2022-04-12,114.55775451660156,117.36123596716477,113.91643212394116,114.70433789876068,5146800
2022-04-13,116.80237579345703,117.1413608164003,114.55776469426169,114.55776469426169,5119300
2022-04-14,122.27190399169922,123.11477767764916,118.08500553015301,118.25907985283473,12811300
2022-04-18,120.59532165527344,122.20777395178709,119.38597194816677,120.93429968849489,5298200
2022-04-19,125.56097412109375,125.9549201118548,121.6489282691214,121.93293844471762,7346100
2022-04-20,124.47989654541016,127.02684563556632,124.28750885465475,126.39470067202402,5309700
2022-04-21,124.10424041748047,127.47573512539392,123.75609177582274,126.93519885096661,6562400
2022-04-22,118.24993133544922,123.61866788249503,117.9201099591487,123.0689749084132,7321700
2022-04-25,117.21466064453125,118.13082961754822,114.38369488320527,117.08639754749404,6512500
2022-04-26,110.41667938232422,116.89399361465453,110.3800387751605,116.3076460426331,7977900
2022-04-27,111.0763168334961,113.60494498548219,110.9388900988573,110.9388900988573,6007800
2022-04-28,116.3992691040039,117.24214286921452,112.32231304021403,112.84452906755261,6551600
2022-04-29,114.24626922607422,117.6819029075698,113.83399598022059,115.63884999260328,5867900
2022-05-02,115.51058197021484,115.60219746651964,112.50554895660606,113.99890181683568,5428400
2022-05-03,112.56051635742188,115.21740767736819,110.14183091866347,114.53943763012681,8201200
2022-05-04,115.49224853515625,115.62051162112475,110.0135624636045,112.26733710395476,6924000
2022-05-05,108.68513488769531,114.29209214492622,106.75201757960592,113.70574449591302,8411600
2022-05-06,104.8921890258789,106.18399069775195,101.3832669954446,104.20506226164386,11237500
2022-05-09,101.88715362548828,104.83721892311354,101.31912632929844,103.49961302222916,7506000
2022-05-10,100.31133270263672,103.93020411641878,99.26690069709306,103.55457150557221,7526900
2022-05-11,98.87295532226562,101.83218422348294,98.57061787923622,101.41990398576613,6611800
2022-05-12,98.85462951660156,100.66864009419534,96.19773820627493,96.36264889422111,10245400
2022-05-13,103.5362548828125,103.62787037974888,99.56007800948072,101.01679027308258,9618800
2022-05-16,103.16062927246094,103.93021487664207,102.20781266194922,103.50877797022984,5722500
2022-05-17,106.18396759033203,107.28336737793423,103.591208153291,105.81749866452684,6026100
2022-05-18,100.20140075683594,103.85691291671823,99.66085744066682,103.06900705912554,8188300
2022-05-19,97.51702880859375,99.96319831618337,97.37043841617066,99.81660792376027,7702000
2022-05-20,98.94624328613281,100.49457099651745,96.26186807294424,99.56007478451917,7621900
2022-05-23,99.52344512939453,99.6333879358642,96.94901223878118,98.46069262611599,7136400
2022-05-24,98.29576873779297,98.93708421504559,95.95037843262402,98.13085804509738,6023400
2022-05-25,99.12945556640625,99.76161423817416,94.78681766553674,94.78681766553674,7158800
2022-05-26,103.47212219238281,103.98517456140777,100.77858327537318,100.77858327537318,6520300
2022-05-27,106.26642608642578,106.28475337826158,104.45241562425566,104.64481024964861,5043000
2022-05-31,108.88668823242188,109.74788936064407,104.85554308709924,107.64986143517227,13774600
2022-06-01,108.7309341430664,110.62740364016233,107.75063362021615,109.78452986141181,5543100
2022-06-02,113.06442260742188,113.22016966394695,109.26231975984307,109.49136201584402,5838100
2022-06-03,111.08515930175781,112.54548049607651,110.21264532908837,110.40551661755853,5201500
2022-06-06,110.42389678955078,112.17811120272698,109.68914296810763,111.59031094842516,3963400
2022-06-07,111.74644470214844,112.02197913905358,108.79825705864336,108.9819490189574,5373600
2022-06-08,112.41690826416016,113.72108965226128,110.62594843584242,111.03925009182274,4365800
2022-06-09,108.92683410644531,112.07707929222804,108.91764775696889,111.45254066333104,3892600
2022-06-10,105.37247467041016,107.5399835463106,104.94080736216887,107.5399835463106,6292600
2022-06-13,101.43238067626953,102.88350861710889,100.33024994065413,101.38645593461113,6423100
2022-06-14,101.68953704833984,102.76410867799773,101.03744639255262,101.36808489508296,4548400
2022-06-15,104.18769836425781,105.36329889188372,102.13957678365853,103.01209783663191,4828700
2022-06-16,98.3831558227539,100.93641428128542,97.09734024451419,100.57822374974359,7384800
2022-06-17,98.5852279663086,99.69654519937293,97.21675597003016,97.4922904423347,10256800
2022-06-21,99.81591796875,100.86293752379277,99.22811776266042,99.61386033406961,6211400
2022-06-22,96.36260223388672,98.1811142357524,96.07788843333799,96.80345596398917,9884000
2022-06-23,99.1913833618164,99.28322583387327,95.89419166719395,96.44525350666663,8898400
2022-06-24,103.70093536376953,103.72848740851276,100.67008431362986,100.96398446944508,10463700
2022-06-27,101.48749542236328,103.97646392625494,100.88132240302329,103.08557709869118,12644700
2022-06-28,94.39713287353516,104.74794142994759,94.12160545494578,99.37506917831071,31296500
2022-06-29,94.82879638671875,96.9963122932714,93.24908069138738,94.5900003611816,10326600
2022-06-30,93.86443328857422,94.94819124584463,92.5602520030663,93.62564426928827,9027400
2022-07-01,92.9276351928711,94.1399740911252,91.41220981827054,93.35011618696083,7934300
2022-07-05,95.81153869628906,95.8666427839396,91.9449120535236,92.25717789305293,9948800
2022-07-06,95.72887420654297,97.09734598506107,95.01248609397413,96.33504013917002,6432900
2022-07-07,99.31078338623047,99.44855060552717,96.68404789826546,97.0330591214347,7633900
2022-07-08,99.1270980834961,99.75163673593167,97.82291669395266,97.88720712844757,5938600
2022-07-11,96.53711700439453,98.35562217143584,96.31669362202379,97.90558905534847,4935200
2022-07-12,95.29721069335938,97.22593074852381,94.73696247158864,96.44525917942534,6017400
2022-07-13,96.53711700439453,97.24431190110326,93.27665598276505,93.62566726257946,5299400
2022-07-14,94.80125427246094,95.3339504593825,93.54299059103558,94.70022544366091,6951300
2022-07-15,96.1605453491211,97.00551442143585,95.45335051366317,96.21565644529029,7862000
2022-07-18,95.4625473022461,97.97906807898558,95.22375121175554,97.52903495266862,6834800
2022-07-19,100.28434753417969,100.64253815104142,96.8310152461679,96.98714818025987,8973900
2022-07-20,102.04773712158203,102.52532222143128,99.99043614147959,100.31188832475621,5884600
2022-07-21,102.51614379882812,102.56206153563299,101.09256082236656,101.36809527172433,4291400
2022-07-22,100.22003936767578,102.80085002435587,99.88021450609915,102.80085002435587,6039300
2022-07-25,100.36699676513672,100.6700832684304,98.89749600131753,100.6700832684304,5079500
2022-07-26,96.61976623535156,99.12710743136341,96.04115227033304,98.71381274308341,8459500
2022-07-27,99.06282806396484,99.54041324618653,97.12492127279747,97.6300655101665,7437000
2022-07-28,103.07640838623047,103.23254132896406,99.21896051917777,100.50477647486201,6773500
2022-07-29,105.54698181152344,105.81332989579239,102.40592289850078,103.56315771118923,7560000
2022-08-01,104.9775390625,106.1255873593028,104.01317569033336,104.70200466841504,4802900
2022-08-02,102.6539077758789,104.49997183706739,102.56206529177348,104.30710051830626,6334400
2022-08-03,104.95918273925781,105.71230225916091,103.39783961489074,104.16932482727019,5986500
2022-08-04,105.14287567138672,105.94191293343113,104.54588905697675,105.28982223395103,4332000
2022-08-05,104.58262634277344,104.9775552982382,103.38865312658737,103.59071077921564,4162200
2022-08-08,104.70203399658203,106.15316913193071,104.06830891695184,104.70203399658203,6071600
2022-08-09,101.1292953491211,102.63553439851535,99.94450847359785,102.24060544000758,7377600
2022-08-10,103.91216278076172,104.54588777985421,102.73656226608077,104.00400525713395,6951800
2022-08-11,104.79386901855469,107.22773331755299,104.4540511362885,105.51025018424602,5582100
2022-08-12,106.60318756103516,106.65829164485346,104.49077559099855,105.06021014993729,4407900
2022-08-15,106.8327865600586,107.07158257792263,105.48268058459074,106.03374238901225,4279000
2022-08-16,108.43090057373047,108.8074639079706,106.36441292900719,106.48381447748974,6189800
2022-08-17,107.49407958984375,108.35741431695213,106.91546565981507,107.2460971861657,5108400
2022-08-18,106.54810333251953,107.16345574026757,105.89601252633584,106.53891698112736,4750200
2022-08-19,103.93052673339844,106.2174371361175,103.81112521774489,106.0796699295879,5967600
2022-08-22,101.34053802490234,102.57124971157246,100.8813186058869,101.96507671504861,5802900
2022-08-23,101.6528091430664,103.62745401264408,101.55178031203229,101.79975571094106,4806700
2022-08-24,102.32325744628906,103.26006182356359,101.04662122524516,101.65279412187598,4769000
2022-08-25,103.98565673828125,104.09586492527646,102.30491181527482,102.7733176314033,5433700
2022-08-26,99.44855499267578,104.4540508003934,99.40263725563914,104.068301167919,6203600
2022-08-29,99.0811767578125,99.68734973863533,97.75862963015446,98.09844750685932,4132400
2022-08-30,99.06282806396484,101.10176370260604,98.39236453137805,100.08229588328544,5129500
2022-08-31,97.76779174804688,99.20056081068262,97.1799915710638,99.15463607520891,8884800
2022-09-01,97.80455017089844,97.85966126618293,95.33395445460002,97.17083213575123,5590800
2022-09-02,97.3946762084961,99.61447506488378,96.75913788185451,98.97892971098265,7763800
2022-09-06,96.85124969482422,98.01180870329969,95.49726535614616,97.11836287289253,9158900
2022-09-07,99.91842651367188,99.99210732592076,96.71307576766385,96.78676360717188,7238300
2022-09-08,100.14868927001953,100.20395163244989,97.70783420530385,98.55522322310999,5628300
2022-09-09,102.21189880371094,102.87507525770314,100.67370215624821,100.74738296326838,5171500
2022-09-12,103.51063537597656,104.41329396848423,102.58955833463655,102.58955833463655,4836900
2022-09-13,97.37623596191406,100.31447306810723,97.11833559408356,100.24999094889162,5955600
2022-09-14,98.55522155761719,98.88680978111323,96.85123081464282,97.75388217962535,4888700
2022-09-15,97.17361450195312,99.605256994608,96.55649465563933,97.77231590196676,6598900
2022-09-16,95.90251159667969,96.98016968355536,95.10117231227436,95.85645494930574,8000800
2022-09-19,98.7486572265625,98.89603290905069,95.17488125333551,95.50646951167464,5162300
2022-09-20,94.33670806884766,96.19728761147405,93.68274421844256,95.62621732098533,10006600
2022-09-21,91.91427612304688,95.45120848575064,91.89585064749075,94.5669753950747,6279300
2022-09-22,90.77214050292969,92.30112465767152,90.10896394337524,91.91427400701802,9638800
2022-09-23,89.36286163330078,89.84182547020556,87.81545243921836,89.27075536535996,9026500
2022-09-26,88.4786376953125,90.01684133611785,88.15626221152401,88.50626887574316,8521600
2022-09-27,88.69049072265625,90.02604934414565,87.50230074298052,89.40892954123723,9890300
2022-09-28,90.91028594970703,91.58267516931238,89.12340156719364,89.44577707224046,9423300
2022-09-29,87.80626678466797,90.36685956540234,87.02335278748262,90.36685956540234,19339200
2022-09-30,76.55990600585938,79.39681720395711,75.98883586109032,76.72570011064664,48176100
2022-10-03,78.65995788574219,79.64550975258993,75.73093346405088,76.5691096740109,19108200
2022-10-04,81.6442642211914,82.04032760987262,80.23501754412518,80.77844959773486,15114800
2022-10-05,83.91011047363281,84.46275524960187,80.27185925684856,80.58502205323585,12732700
2022-10-06,83.0534896850586,85.32855040449421,82.72190148958776,83.34823396689288,9951900
2022-10-07,80.28106689453125,81.75478854592103,79.84815962222257,81.55215050124384,8554700
2022-10-10,79.84815216064453,80.85212252621538,78.35600517521591,80.83370408172003,7991200
2022-10-11,81.0455551147461,81.28503707830339,78.98234480979622,79.24945795621414,11903200
2022-10-12,81.5245361328125,81.8653301625504,80.41923939585716,81.05478484392496,8772900
2022-10-13,82.49163818359375,82.72190738980277,79.25866358804534,79.57182633540552,9335000
2022-10-14,80.64029693603516,83.70747811087075,80.58502753559645,83.36668410658906,7811700
2022-10-17,82.8692855834961,83.53246204197526,81.69951404499568,82.4640095194791,8451900
2022-10-18,82.6021728515625,85.57725419291657,82.11400324150875,85.29171558859063,7364700
2022-10-19,81.57978057861328,82.65743886278189,80.83371053992103,81.29424898894273,5102000
2022-10-20,79.97709655761719,83.4311343989915,79.77445854656196,82.40873863576407,13500000
2022-10-21,81.51529693603516,81.77319731610423,79.86656861801272,80.15210017776657,7976300
2022-10-24,81.06398010253906,81.82846859038679,79.43367005093738,80.86134205976289,8847100
2022-10-25,84.48117065429688,84.67459595146724,80.95344459684709,81.08239479496066,8639900
2022-10-26,85.0982894897461,86.90359926993838,83.54166736671056,83.6153552011491,8648200
2022-10-27,83.3943099975586,86.10227854751433,83.09956564722229,85.54962674178161,8617900
2022-10-28,86.42464447021484,86.47069409739768,83.32061288593106,84.00220780266304,6022400
2022-10-31,85.36540985107422,86.47991208915485,85.36540985107422,85.66015418653969,6426400
2022-11-01,86.36937713623047,88.84707622630906,85.63251983842805,88.13785011092611,7250700
2022-11-02,83.1732406616211,86.98649818030388,83.07192164801651,85.77988275299244,7176600
2022-11-03,83.26532745361328,84.37982931519063,81.71791845835362,82.86926422782489,6550300
2022-11-04,88.22994232177734,90.47737183020918,86.53515745536343,86.99569582825468,12543300
2022-11-07,86.06543731689453,89.22473171489233,85.35620409007838,88.7089238152279,9094500
2022-11-08,86.3509521484375,88.45100618032615,85.60488217059772,86.98649740497271,7017800
2022-11-09,84.83118438720703,86.48912568265784,84.70223417836745,85.35619795955657,6550900
2022-11-10,91.63793182373047,91.81293867010481,88.63522641838684,88.72733269590967,9361000
2022-11-11,97.71705627441406,98.7486650518023,92.23665089507747,92.39323229968484,12597500
2022-11-14,96.1512222290039,98.03943278702837,96.08674712360724,96.89729230963101,7134900
2022-11-15,98.28812408447266,100.68292283657047,97.20125296264816,99.46710149921252,7242900
2022-11-16,96.92491912841797,98.18678990389748,96.50121759731687,96.94333757325519,5998700
2022-11-17,97.04467010498047,97.0815140270454,94.79724004983721,95.89332389267504,5252900
2022-11-18,97.09992218017578,99.2184017971261,95.94857608993297,99.13550122445402,5498900
2022-11-21,95.63542175292969,97.15520013140998,95.4235709616649,96.35386065218161,4774800
2022-11-22,97.60652160644531,97.78152846865882,95.64462328407882,96.36306917920098,5313200
2022-11-23,98.23284912109375,98.536806173282,96.92492165849183,97.63414775300564,3873100
2022-11-25,97.59730529785156,98.72102021507982,97.22887314064016,98.0486310011246,3426100
2022-11-28,96.67621612548828,97.91046264111574,96.3906845779045,96.94332922982004,6967400
2022-11-29,97.86442565917969,98.3894392380962,96.8236112384531,97.05388047529823,8494400
2022-11-30,101.03292846679688,101.03292846679688,97.12755731030975,98.62891717046378,16251000
2022-12-01,102.34085083007812,103.03165847746291,100.9039731722406,101.4013484943699,7822900
2022-12-02,103.66201782226562,104.1332107988546,100.09574809902489,100.38216310968714,5892000
2022-12-05,101.27836608886719,102.6734561511166,100.88108705917591,102.5718261401145,6220100
2022-12-06,99.71696472167969,102.1191138497004,98.6267576571927,101.30608082064327,7086100
2022-12-07,100.08653259277344,100.81641767579558,98.91317044138293,99.15338748045033,5751500
2022-12-08,102.88594818115234,103.0060531614464,100.2066252188543,100.33597121265652,6192800
2022-12-09,101.09358215332031,102.9044332937182,100.94576116677186,101.83270823254865,5677700
2022-12-12,103.54191589355469,103.63430487923439,101.36150199714022,101.72182397547053,6426000
2022-12-13,104.26258087158203,107.58863436844315,102.78433565618033,106.8125582736682,8655300
2022-12-14,102.96910858154297,105.4359378726221,101.84195150651335,105.04789279556198,7528500
2022-12-15,100.25285339355469,101.27838768777231,99.53220919736503,100.8811085733562,7500700
2022-12-16,97.88764190673828,99.42132617970543,97.12080681908398,98.73763908214177,14083600
2022-12-19,95.20831298828125,97.48111605329157,94.65396493193327,97.00068201096711,10620300
2022-12-20,95.35614776611328,95.53169181261433,93.94257552529582,95.1621287378471,17147900
2022-12-21,106.96961212158203,110.11088737007589,106.56309207506264,107.87504121187652,32777300
2022-12-22,107.828857421875,107.93048744691967,105.38050990286825,105.59301096855154,17147600
2022-12-23,107.40384674072266,108.25383678234972,106.96961070565726,107.27450073651107,6603700
2022-12-27,108.61416625976562,109.20546433357494,107.00657506214837,107.60711415084413,6661100
2022-12-28,106.2304916381836,109.24241379062869,106.21200960968866,108.63264077803883,5437800
2022-12-29,108.42015075683594,109.08536287365547,106.988103551466,107.24679558604485,4588600
2022-12-30,108.10601806640625,108.32775307130233,106.96037193531426,107.69025700229379,4355500
2023-01-03,109.71361541748047,110.39730249988357,108.50330326302664,109.52883741104583,8124800
2023-01-04,111.98641204833984,112.92879815187634,110.4342529208933,110.83153195496678,8550700
2023-01-05,111.44131469726562,113.03042382279773,110.94240563911772,111.12718363895227,6046700
2023-01-06,115.05378723144531,115.82062939805546,112.5038097027136,112.71631076712022,10080700
2023-01-09,115.34941864013672,116.97549173345489,115.07225165585774,115.48800565669045,9397900
2023-01-10,116.26406860351562,116.71678660996213,114.90593573065912,115.68201165800569,5899900
2023-01-11,118.20429229736328,118.49993427730001,116.4211571101377,116.70756512427126,6989200
2023-01-12,118.1580810546875,118.68471309736664,116.8368980632607,118.58308309427011,8366400
2023-01-13,119.04503631591797,119.39611025032819,117.02168429558739,117.02168429558739,4856500
2023-01-17,118.38906860351562,119.22982470228317,118.10266059347904,118.25972259583273,6172200
2023-01-18,116.80919647216797,118.80482567690952,116.41191742440137,118.0749476357101,6828800
2023-01-19,115.05378723144531,115.89454342470381,114.20379707147792,115.29400429363767,5273500
2023-01-20,116.98473358154297,117.00320856109522,114.60105943607725,115.1923574653485,5673200
2023-01-23,118.52765655517578,118.9526586648315,116.91083135030827,117.24343740640366,5581600
2023-01-24,117.17876434326172,118.26896446693853,111.28425138986923,117.16028231302663,5486200
2023-01-25,117.16952514648438,117.34506919229587,115.33095784399674,116.28257799982457,5933700
2023-01-26,117.82549285888672,119.17439909495117,116.42116167934132,118.68473103266777,5838800
2023-01-27,117.82549285888672,118.79559501728794,117.05865073739466,117.40049780390812,5730000
2023-01-30,116.7537612915039,117.85320235504778,116.60593325505805,116.87386628449461,6494600
2023-01-31,117.64070892333984,118.12113594641689,116.4211558121748,116.79995282191904,7686900
2023-02-01,119.64559173583984,120.31080387562017,116.61518714246682,118.1673464523444,6387900
2023-02-02,119.23905944824219,121.3178436481004,118.13037736118265,120.52328556780385,5214500
2023-02-03,117.89939880371094,119.5716629129008,116.81843273474828,117.14179774911806,4930200
2023-02-06,116.16246795654297,116.50430796924348,114.85975976561572,115.9684418886282,4666400
2023-02-07,115.79290008544922,116.34724112391007,113.87117790654482,114.5271489577535,5288900
2023-02-08,113.55706787109375,114.65650906877978,112.53153365181925,113.9912969212688,5877800
2023-02-09,112.88261413574219,115.50649865003489,112.25435900503653,115.22009060696438,5929000
2023-02-10,112.92877960205078,113.30757654506456,111.36737971666275,112.26356764972387,5195500
2023-02-13,115.62660217285156,116.1532272399592,113.14129783130777,113.47390387883144,5689800
2023-02-14,116.59669494628906,116.74452298616539,114.3238916994075,114.51791071512349,4845900
2023-02-15,117.77930450439453,117.79777948596626,115.39563009837124,115.39563009837124,5687900
2023-02-16,114.91519165039062,117.52984199584776,114.66574064003466,115.88529379374735,4722200
2023-02-17,115.34019470214844,115.38639273078213,114.04673448635927,114.29618551402446,5161500
2023-02-21,111.8847885131836,114.56411189467984,111.77392452905228,113.89889979457548,5110300
2023-02-22,110.7761001586914,112.16195627314836,110.53588312518016,111.88478223072549,5022000
2023-02-23,110.83153533935547,111.5706614412159,109.52883421964185,111.5706614412159,4101900
2023-02-24,109.0576400756836,109.70437012179826,108.4109029807401,108.99296707107213,4693000
2023-02-27,109.51036071777344,110.70219794919618,109.31634168691338,110.18481386690269,4239800
2023-02-28,109.75055694580078,111.23804294889304,108.88208493065103,109.70435892629482,8414100
2023-03-01,109.5565414428711,110.67446447202346,108.8636134211696,108.9744773933917,4120500
2023-03-02,110.48045349121094,110.83153451011195,108.60492930414675,108.60492930414675,4443200
2023-03-03,112.05557250976562,112.14822494933516,110.2766131529616,111.30507149071792,3871800
2023-03-06,111.34212493896484,113.02842465185245,111.14755271081559,112.23160101147316,5183800
2023-03-07,110.80474090576172,112.12969130430906,110.47119353387174,111.36992998220745,5345700
2023-03-08,111.0549087524414,111.22168597057019,110.00792275853341,110.50824734399175,4175200
2023-03-09,109.21109008789062,112.9079765390387,108.9145980654489,111.25873922239866,5635900
2023-03-10,108.85899353027344,110.24880111614763,108.07143731206344,110.10055864949639,5979600
2023-03-13,108.2752914428711,109.60024180225511,107.28389551444585,107.31169053887109,6038200
2023-03-14,110.25807189941406,110.71207374558263,108.61810200754064,110.25807189941406,6050800
2023-03-15,109.48906707763672,109.91527399475517,107.30243536794823,107.77497204365879,6599200
2023-03-16,111.786865234375,111.93510771030479,108.0436490538602,108.27528366600397,5658700
2023-03-17,111.54595947265625,112.78752462745133,109.95231226416588,112.2686583069886,12868900
2023-03-20,112.29646301269531,113.66774309863074,111.00857506733519,112.10189077658994,7594100
2023-03-21,116.38249969482422,116.79943918560511,113.93643865934027,114.42750292548193,15078800
2023-03-22,110.72134399414062,116.0582074078022,110.56383415529403,114.57574731204268,17625500
2023-03-23,112.08335876464844,114.21439298371459,110.69355107306846,111.62008953412177,7628100
2023-03-24,111.84246063232422,112.11115764354288,110.55457269267708,111.39772611432126,6158800
2023-03-27,109.15547943115234,112.1759963949171,108.97017459096435,112.12966665040683,6564200
2023-03-28,109.21109008789062,109.73921672376892,108.26601690647004,109.28520779180549,4461400
2023-03-29,111.63862609863281,111.71275087797274,109.7855490287028,109.92453122273317,5644000
2023-03-30,111.27727508544922,112.51884038085024,110.57310382938488,112.13895619372082,4578900
2023-03-31,113.63067626953125,113.6955336790316,111.74053696118581,112.03702898589133,5659400
2023-04-03,112.73193359375,113.82524926766799,111.94437731051282,113.50096221797357,4838400
2023-04-04,114.6035385131836,114.844433410825,112.44470231534652,112.46322997327006,5895300
2023-04-05,112.01850128173828,114.26999002337979,111.70347452934428,113.96423063488993,4331400
2023-04-06,111.3884506225586,111.63861288706605,109.19255200974509,110.73060918885527,4256900
2023-04-10,112.9543228149414,112.9543228149414,110.37853959878083,110.53605653134787,3731200
2023-04-11,114.2422103881836,114.96490935364554,113.07476979147592,113.07476979147592,4471000
2023-04-12,114.57575988769531,115.68760331431727,114.16808066576748,115.5949508735868,4524900
2023-04-13,117.14225769042969,117.36462494135891,115.31697579460564,115.48375300003441,5355300
2023-04-14,116.697509765625,118.12437976350738,116.27130294583058,117.67037792247613,4828700
2023-04-17,116.91989135742188,117.18858836099594,115.93775577599624,116.77164180968687,3917900
2023-04-18,116.93841552734375,117.929811374227,115.83583252297672,117.88348869363757,3857700
2023-04-19,116.43807983398438,116.81796397368761,115.74317602919488,116.74383920463424,3547400
2023-04-20,115.30770874023438,116.14159476961669,114.62207225782112,115.63200285699733,3891600
2023-04-21,116.30838775634766,116.44736995825656,114.53870273008825,115.26140169730039,3651400
2023-04-24,117.75377655029297,117.79083893918698,115.95629663696442,116.28985106808268,3790900
2023-04-25,115.5022964477539,117.45728624102996,114.93710737940518,117.23491897331294,4383300
2023-04-26,114.74250793457031,115.79876817597975,114.23291607426123,115.08532967504958,4003200
2023-04-27,116.46588897705078,116.7531207247287,114.0939526311536,115.29845553307646,4252100
2023-04-28,117.41094970703125,117.73523674022816,115.7802401086205,115.9562846704676,4421400
2023-05-01,118.52281188964844,119.22697611150775,117.5406832698937,117.59627332190146,4112600
2023-05-02,117.91130065917969,118.20779271948057,115.97483136773938,117.80938085073923,3831600
2023-05-03,117.42947387695312,118.9490033439469,114.58500129495799,116.27130088641884,4560100
2023-05-04,114.58501434326172,115.9933568187247,113.79745803380126,115.76172219424058,6177100
2023-05-05,117.29048919677734,117.69816834278635,116.0211361504022,116.6789775466906,4887800
2023-05-08,117.55919647216797,118.30969742660919,116.72531751889814,117.91128560872203,3892600
2023-05-09,115.90996551513672,116.42883188459912,115.04828442307587,116.06747536438075,4082100
2023-05-10,114.43677520751953,117.17006102882898,113.19520990811765,117.01255117611417,5052600
2023-05-11,113.24152374267578,114.76104614462278,112.94503173909898,114.38116200967255,5923100
2023-05-12,111.37919616699219,112.29646733506037,110.28588041565499,112.10189509146578,6574200
2023-05-15,111.02710723876953,111.17534971903798,109.34080749576637,111.01783987471289,5518200
2023-05-16,107.92320251464844,109.18328831197245,107.58964810482144,108.8682686298733,8306400
2023-05-17,108.386474609375,108.52544972637223,106.78355992704009,107.83054586567565,7765400
2023-05-18,110.13761901855469,110.39704863214361,108.26600754521726,108.80340149846677,5970500
2023-05-19,106.32955169677734,107.00592078883825,104.79149451725961,106.14423977030864,11674300
2023-05-22,102.08601379394531,104.55986993071967,101.93776423856379,104.55986993071967,12710300
2023-05-23,100.78886413574219,102.90137093639447,100.24220977457703,101.70613533730368,11790400
2023-05-24,100.33484649658203,101.08534035582123,99.32491594146519,100.99268792747137,8503200
2023-05-25,99.5843734741211,100.96491403149814,99.52877635033644,100.39045754524773,6729800
2023-05-26,99.6121597290039,100.48310114373756,99.13962309755682,99.13962309755682,7911200
2023-05-30,98.69486999511719,100.88150124528073,98.46323538869247,100.4367667595445,9335200
2023-05-31,97.52745056152344,98.37059697317672,97.12903869896054,97.93512272003493,21465200
2023-06-01,96.01717376708984,96.91591716408892,95.3408046801647,96.52677272485029,12025200
2023-06-02,100.19102478027344,100.78596071860954,98.65720268304608,100.05158511830807,11838200
2023-06-05,97.79269409179688,100.28399121739396,97.77410544488639,100.28399121739396,7434000
2023-06-06,98.71299743652344,99.23356468668831,97.79269978644314,98.06228128162047,7896300
2023-06-07,99.54961395263672,100.61864198383559,97.99720309536514,98.57355043108707,11123900
2023-06-08,98.72227478027344,99.9493310545389,98.2295941152405,99.61468579082641,9137600
2023-06-09,98.40621948242188,98.79664487215503,97.93212745649106,98.45270173499792,5795200
2023-06-12,99.30793762207031,99.32652627084175,97.23495222029536,98.80595899887551,7964600
2023-06-13,99.26143646240234,99.91215252066053,98.8059401861587,99.59608881414752,8460500
2023-06-14,104.91333770751953,105.41531624824881,99.91215513033642,99.91215513033642,17415500
2023-06-15,104.49503326416016,104.87616081225178,102.40345940787701,103.95587030130223,10374200
2023-06-16,105.59193420410156,106.67955793206806,105.09925352766861,105.9730688207813,14445500
2023-06-20,101.82711029052734,104.87615899110038,101.28794733703187,103.56544308519875,10602400
2023-06-21,102.23612213134766,102.58936312447558,101.05554104439078,101.44596641977361,8377800
2023-06-22,102.68232727050781,103.4167029107805,102.05020691509564,103.01697964056109,6002900
2023-06-23,101.80850219726562,102.5242891226454,99.74482223610516,100.16313411245764,14329200
2023-06-26,103.8721923828125,104.30910000900158,101.9479449276149,101.9479449276149,6887100
2023-06-27,105.61051940917969,106.14038441674994,104.51360501376466,104.60656241835332,7138600
2023-06-28,105.07135009765625,105.74065471721087,104.22542854785992,105.35952016188868,6766000
2023-06-29,105.38743591308594,106.22405977116179,104.68094676705643,105.60123726625771,12465500
2023-06-30,102.59866333007812,104.34628678269125,102.0687982822191,103.73275509980402,19629600
2023-07-03,101.42738342285156,103.46318413844993,101.42738342285156,103.2400778324966,5734200
2023-07-05,99.55890655517578,101.24146621850623,99.03833937122168,100.97188475761686,10405300
2023-07-06,97.6997299194336,98.62002036011248,96.37041835303255,97.87635396775833,9923500
2023-07-07,97.10478973388672,98.04367587144188,96.70506649450745,97.42085343330542,7463100
2023-07-10,98.33184051513672,98.82452113567419,96.90957167707336,97.12338008767023,5374600
2023-07-11,99.82849884033203,100.0423072953224,98.18313047424581,98.21101699181048,5454900
2023-07-12,100.17244720458984,101.40879437707584,99.6704686213609,100.88822714655542,8305000
2023-07-13,100.2468032836914,101.44597309457923,100.09807283708159,101.39020006362507,6692300
2023-07-14,100.34906768798828,100.99048597103604,99.64258559104533,100.33977691011575,6933600
2023-07-17,101.05554962158203,101.41808851409347,99.24285515902483,99.70764933836733,6682900
2023-07-18,101.99443817138672,102.57077842788509,100.6837151515504,100.9347079857387,5717200
2023-07-19,102.14317321777344,102.487123486975,100.9347125249458,101.39950673577107,5027100
2023-07-20,99.95864868164062,102.27332202403906,99.91217351269769,101.85501004256611,6458000
2023-07-21,101.38091278076172,101.59472124207255,99.94005495715167,100.39555130596544,6631600
2023-07-24,101.11132049560547,102.76599369619439,100.86963263388702,102.63585189613178,6787600
2023-07-25,100.67440795898438,101.18567722921803,99.828479267001,100.65581222278949,7692800
2023-07-26,101.60401153564453,101.8735859214343,100.34906156414418,100.67442316694586,5148900
2023-07-27,100.08877563476562,102.46852662614529,99.83778990160334,102.09668986884883,6544600
2023-07-28,100.97188568115234,101.28794230510215,100.05158813970692,100.49779365303161,5988300
2023-07-31,102.61726379394531,103.04487361057087,101.37161873145301,101.70627112571593,6406000
2023-08-01,101.69695281982422,102.74738495661165,101.45525789649254,102.25470433411671,4566700
2023-08-02,99.94004821777344,100.87892737047744,99.88426809255992,100.65582814621274,6213200
2023-08-03,100.990478515625,101.4087904393075,99.14059967140341,99.46595417784495,5084300
2023-08-04,101.14850616455078,102.5428886905234,100.61864108836905,101.0555487479252,5621400
2023-08-07,102.70093536376953,103.1285452009017,101.49246753851124,102.13388584030801,4887300
2023-08-08,101.96654510498047,102.15245993212882,99.79130474792541,101.91076498307913,5851900
2023-08-09,101.96654510498047,102.27330386055564,100.67441790737016,102.05950251855465,4328600
2023-08-10,101.35302734375,104.06742390959688,100.87893524948728,102.54289942235702,7276500
2023-08-11,100.47920989990234,101.81781950734582,100.26540853283377,101.23218135018774,5104300
2023-08-14,100.06089782714844,100.67442959391117,99.53103270685193,100.32118145224892,5305200
2023-08-15,99.04764556884766,99.29863131301728,98.16453234501381,98.60144002208366,6197600
2023-08-16,99.029052734375,100.74878988401866,98.6014429144558,98.6014429144558,5953100
2023-08-17,97.65324401855469,100.23749810022478,97.40225123094201,99.86566139884744,5692800
2023-08-18,97.43016052246094,97.65326685076873,96.45409693185249,96.51916783789305,5836100
2023-08-21,95.61746215820312,98.05298628798312,95.40365370839407,98.04368841828796,6697600
2023-08-22,94.31603240966797,95.16196120587233,93.6374368910521,93.85123823826677,9814700
2023-08-23,91.7968521118164,92.20587326667825,89.7517605219001,90.15148380718877,20909100
2023-08-24,90.75569915771484,92.20586166420392,90.69062826328361,91.75035831098972,10310000
2023-08-25,91.88050079345703,92.11289785992231,90.9230260143714,91.56444418731816,7290600
2023-08-28,92.61488342285156,93.01460669127992,91.90840139341235,92.57769903832379,6006600
2023-08-29,94.60420227050781,94.9667482480405,92.69855042823585,92.98672054422224,8641600
2023-08-30,94.91096496582031,95.57097181439269,94.36251126756005,94.48335519458452,4822100
2023-08-31,94.54841613769531,95.64533051091941,94.45545873498722,95.39434481438802,7046200
2023-09-01,95.47180938720703,96.03143169682346,94.68833246095703,95.10805453015716,6359400
2023-09-05,93.569091796875,95.09872949527653,93.48515164907708,94.66968546923552,6698700
2023-09-06,93.43852233886719,93.55977160249749,92.3659086141893,93.0467873800757,6096000
2023-09-07,91.33992004394531,92.11406791128537,91.069434387309,91.64771480315045,9927100
2023-09-08,91.0974349975586,91.52647909996759,90.73368006038606,91.49849904572129,6435000
2023-09-11,90.27664184570312,91.75964141770442,90.0807743804945,91.71301037321714,7584700
2023-09-12,89.81961059570312,90.63106044170101,89.70768328909006,90.46317303977324,6307700
2023-09-13,89.66105651855469,90.65905200231154,89.22269052294783,89.81962200205561,7140700
2023-09-14,90.64971923828125,91.10674329077929,89.44652736800448,90.21134617903502,7075300
2023-09-15,89.78231048583984,91.54512482464814,89.6610541125351,91.54512482464814,10467300
2023-09-18,89.08277130126953,89.88489920386999,88.86824574388325,89.53979534754723,6946300
2023-09-19,88.2526626586914,89.06411249343188,88.05679521182358,88.64439755242705,9386600
2023-09-20,87.71170806884766,88.98018930393147,87.51584058466361,87.64641890745297,10274200
2023-09-21,85.42655181884766,87.1986949053873,85.32396069030594,87.13340576032451,7958600
2023-09-22,84.73636627197266,86.11677473254734,84.45655865043999,85.41724500473912,9289400
2023-09-25,84.50318145751953,84.7363580107224,83.74769170225704,83.94355915302941,8291700
2023-09-26,84.10210418701172,84.59643726298562,83.73834939088064,83.94354586377152,8060500
2023-09-27,83.402587890625,84.59645070516568,83.20672043973788,84.46587240457427,7631000
2023-09-28,83.59845733642578,83.73836469496482,82.69373826530558,83.10412417010721,16315600
2023-09-29,89.18537139892578,92.77628892598119,88.25266517808107,92.68301972709347,34935400
2023-10-02,88.19670104980469,89.89422614645757,87.42256026758298,89.7263387361959,12776300
2023-10-03,88.69103240966797,89.58643665671983,87.84227343671151,87.97285174024327,10964300
2023-10-04,89.43721008300781,89.78231398944207,88.71902933457227,89.14807339566144,8045400
2023-10-05,89.34393310546875,89.75432613517454,88.86825092249015,89.34393310546875,7430000
2023-10-06,90.57511901855469,91.13474143501955,88.66306805331587,89.34394685593794,8532900
2023-10-09,90.36058044433594,90.60308606585343,89.46518328332994,90.26731124097816,5964200
2023-10-10,91.05078887939453,92.20734266477058,90.68703400241348,90.70568499682969,8499000
2023-10-11,92.011474609375,92.29128221972223,91.41454316811998,91.69435077846722,7642900
2023-10-12,92.57110595703125,93.31727388922491,91.89022718520567,92.84159165455183,10705200
2023-10-13,93.18668365478516,94.06342267964114,92.7576325232369,92.88821082727894,8774700
2023-10-16,95.17335510253906,95.67701737643227,92.89754937220334,93.00947669395225,10845400
2023-10-17,96.07807922363281,96.61904347662502,95.10806380491123,95.10806380491123,9253800
2023-10-18,96.78691864013672,96.90817499961098,96.00344885268863,96.04075795437429,8757300
2023-10-19,96.1153793334961,97.32789315641658,95.92883381890418,96.78692183807568,8391100
2023-10-20,95.76094055175781,96.78691591326508,95.6676713581632,96.3672009840977,7823500
2023-10-23,95.89152526855469,96.77760045700877,94.92150993503839,95.25728474725494,5966100
2023-10-24,98.10204315185547,98.54041622564385,96.68433279022659,96.68433279022659,9252200
2023-10-25,96.5724105834961,97.97147002520333,96.52577242237881,97.43049866657364,7054700
2023-10-26,93.28927612304688,95.7236400081939,93.2239869700959,95.30392504150674,11222600
2023-10-27,91.38655090332031,93.58773085123309,91.22798545106934,93.06541768894698,9602700
2023-10-30,94.94950103759766,95.18267760486486,92.33792063781137,92.33792063781137,8206700
2023-10-31,95.85421752929688,96.0034539439538,94.5764145297205,94.5764145297205,6558500
2023-11-01,94.09140014648438,95.76094512062195,93.24264119349992,95.64902492936193,7272400
2023-11-02,98.00878143310547,98.44715454036185,95.03344600673645,95.1826824330299,8135100
2023-11-03,99.85553741455078,100.40583784957303,98.91350914474206,99.26793498839425,7568000
2023-11-06,100.03275299072266,100.35919878008289,99.21197398947628,99.76226730354288,5231900
2023-11-07,102.00076293945312,102.00076293945312,100.01410105489742,100.09804120737884,7745800
2023-11-08,102.02872467041016,103.25056744370227,101.5717006516646,102.01007367853578,8639700
2023-11-09,99.799560546875,102.50440987274399,99.72494234517217,102.42979167104116,9154200
2023-11-10,98.96946716308594,100.57372315548707,98.50311400789883,100.11669193989493,8897700
2023-11-13,97.18797302246094,98.60569028304144,97.16932203144562,98.27924457040213,7055600
2023-11-14,98.63367462158203,99.89282649142687,98.28857078692043,98.45645817729863,9674800
2023-11-15,100.56437683105469,101.72093046484038,99.53840148901979,99.63167068084421,11140800
2023-11-16,100.36852264404297,100.73227752136918,99.79957124802317,99.89284045216095,5386800
2023-11-17,98.82955932617188,100.92814851459394,98.41916627443211,100.78824114550225,6352600
2023-11-20,99.16531372070312,99.3798392578796,98.02741112346905,98.8668480489682,6197400
2023-11-21,99.3798599243164,99.5197601776733,98.26060808557037,99.02542697318718,5803500
2023-11-22,100.65766143798828,100.76025969950238,99.63168593883148,100.26592650274402,6280300
2023-11-24,100.3965072631836,100.73228210614951,100.1726597398678,100.26592894825068,2443600
2023-11-27,100.69496154785156,100.93746715485514,99.70629524265922,100.41515395452464,5785000
2023-11-28,101.43180847167969,102.50442212239315,100.8721861239983,101.26392105577685,7287400
2023-11-29,102.94278717041016,104.60300308905498,102.73759066523228,103.34385112617139,9601800
2023-11-30,102.84950256347656,103.1572972964253,101.62765980150702,103.09200815149525,8690900
2023-12-01,106.19985961914062,106.26536858586434,102.70914917529865,103.25194183669038,8051800
2023-12-04,107.76270294189453,107.9217950994105,105.75063196761982,105.82550138525346,10086600
2023-12-05,108.00601959228516,108.59560016187739,107.24797927144911,107.30413490184382,6960000
2023-12-06,108.66111755371094,109.62503812772718,108.15575968054942,108.55817388658873,6317000
2023-12-07,107.44451904296875,108.55817850378008,106.79878990530453,106.79878990530453,7294500
2023-12-08,108.47395324707031,108.82957228769632,107.12633222585012,107.15440647380204,6122200
2023-12-11,111.000732421875,111.75876565517042,109.8964334803141,110.23333872621002,7972800
2023-12-12,111.96466827392578,112.29221310217106,110.97267332554242,112.00210298857407,7378400
2023-12-13,113.39649963378906,113.64918214469039,111.55288119624022,111.69325957563642,8182900
2023-12-14,113.25613403320312,114.72541267145607,112.13312115120485,113.64919496785012,9590500
2023-12-15,113.75212860107422,114.22940510679952,112.86307026973937,113.17190128399066,13633300
2023-12-18,113.36844635009766,114.02353605516502,113.1064104680707,113.62112890772528,6874800
2023-12-19,114.77220916748047,115.42729883284319,113.83636270842408,113.92994592634135,7697300
2023-12-20,113.63983154296875,115.4740896770713,113.23741729508278,113.35907475981422,9176600
2023-12-21,114.66927337646484,115.38987919789237,113.51818615098377,114.45403267443807,16533300
2023-12-22,101.10884094238281,103.69177887859175,100.55668788075658,101.31472828265223,46666200
2023-12-26,101.0901107788086,101.71713320503977,100.58476007698108,101.35215373153079,12846700
2023-12-27,100.2572250366211,101.62355996164665,99.99518917975888,101.38959835517086,10157900
2023-12-28,101.83880615234375,102.38159878427197,99.95775286718087,100.33209285954315,9352900
2023-12-29,101.60484313964844,102.90566906160124,101.15563372705904,101.96982266365296,7667500
2024-01-02,99.71443176269531,100.93102773756442,99.62084141544757,100.70642661204015,9326600
2024-01-03,97.3654556274414,100.58476937330512,97.32802091644984,98.9376777893817,10573700
2024-01-04,95.73709869384766,96.97241577389991,95.73709869384766,95.88683041933837,10420600
2024-01-05,95.53120422363281,97.02855706696185,95.36275158251195,95.88682329269173,8044500
2024-01-08,96.97239685058594,97.03790580644376,95.20364790248384,95.53119268177298,9414200
2024-01-09,96.14884948730469,96.76651148933595,95.92424836835734,96.55126369288665,7759500
2024-01-10,97.1127700805664,97.16892571527065,95.80259093648172,96.1020614751212,6784700
2024-01-11,99.10614013671875,99.20908381705442,97.0753550609002,97.53391782061432,9537700
2024-01-12,98.32003021240234,99.49919879207778,98.0018458321403,99.19972820009028,6680900
2024-01-16,95.19429016113281,97.5339059942714,94.85738490996559,97.27187016335041,10547900
2024-01-17,94.35203552246094,94.81059826783145,93.80924288674966,94.56728334005042,8226200
2024-01-18,94.46431732177734,94.92287995869611,93.65012856076905,94.52046580876417,8852400
2024-01-19,95.25042724609375,95.62476716254112,93.27579114827542,94.53918211883774,8517200
2024-01-22,94.10872650146484,95.27853468546253,93.6688774818909,95.22238617741226,9897400
2024-01-23,95.36274719238281,95.58734832355702,94.73573183372,95.11006467236327,8208000
2024-01-24,94.2958755493164,95.26915656184707,94.23036659366245,95.2504356374084,7879300
2024-01-25,94.30524444580078,95.21301665259313,93.66886856866381,95.01648975317548,10063700
2024-01-26,96.15823364257812,96.6448707101921,94.72638955408675,95.05393442074448,9735800
2024-01-29,97.21570587158203,97.33737045363374,94.83865553998577,96.27985962165941,8860800
2024-01-30,97.49647521972656,97.61813267758193,96.51383367416634,96.71036055529015,7542800
2024-01-31,95.01646423339844,97.60876222458401,94.63277100138168,97.41222823801014,11547600
2024-02-01,95.23171997070312,95.69028265121754,94.15549531485291,95.36273787942153,7666700
2024-02-02,94.24907684326172,94.90417351517192,93.05119476197956,94.40816899532004,8966900
2024-02-05,93.28517150878906,94.13678803892779,92.69559083407762,94.05256528822969,10097900
2024-02-06,96.0271987915039,96.04591257775748,92.77045020789996,93.11671594309234,11368600
2024-02-07,97.13150024414062,97.64621148829058,95.78387912211316,95.82131383549631,9447800
2024-02-08,97.1127700805664,98.22642949297924,96.43896672358322,97.73043208272705,6330400
2024-02-09,97.79594421386719,98.2077188953383,96.70100569080017,97.14085462056413,5449000
2024-02-12,100.30401611328125,100.53797771019225,97.93632589493255,98.02054864264868,7501900
2024-02-13,98.26386260986328,99.01254251429567,97.56197787693569,98.25450214757417,6180500
2024-02-14,99.50855255126953,99.59277530274319,97.75851715791991,98.09542244369783,5743300
2024-02-15,99.24649810791016,100.45373349260801,99.04061078960811,100.15426297687965,7201300
2024-02-16,96.86946105957031,97.98311339967505,95.12878621678463,97.91760443849242,14590100
2024-02-20,96.67293548583984,97.17828625612925,95.61542448963897,96.51383617229101,8759500
2024-02-21,98.51655578613281,98.75051740608082,96.32667845059161,96.71973225851819,8888100
2024-02-22,98.33873748779297,99.20907489053957,97.4028911252672,99.0125480112021,6705500
2024-02-23,98.85344696044922,99.77993998377343,98.44167942335723,98.50718838198148,6947300
2024-02-26,97.83338165283203,99.29329972429552,97.10342261710029,98.55398022555815,5831500
2024-02-27,98.40425109863281,98.49783431132036,97.31866583962119,98.10478053406779,5317400
2024-02-28,97.65557861328125,98.6756549877184,97.04727697420684,97.4216169936328,4219800
2024-02-29,97.26250457763672,98.79729191213708,97.02854300664653,98.2451460317717,10811600
2024-03-01,95.68465423583984,97.61939009617166,95.63769904511378,97.55364709679554,7349300
2024-03-04,93.48696899414062,95.58135858144261,92.9891994643904,95.46866037271468,11050900
2024-03-05,92.33175659179688,93.13946047742103,92.04061001632198,92.97979991444771,8670600
2024-03-06,91.69309997558594,94.01289998829998,91.1577620623019,93.91898243895098,10045300
2024-03-07,92.21906280517578,92.41629183337109,91.74007392787254,92.03122051728695,8133900
2024-03-08,93.13008880615234,93.28035548813169,92.0594055568366,92.50082602685022,9043500
2024-03-11,94.93331909179688,95.57196852575385,93.39304819203899,93.82507469656129,8537400
2024-03-12,94.08805847167969,95.20569691196116,93.59028889706903,94.660964969181,7040900
2024-03-13,95.1962890625,95.79737002668632,94.22892460968296,94.49189663583319,7326400
2024-03-14,94.16319274902344,96.25758246623529,94.0035250010039,95.98521650249744,8350900
2024-03-15,93.58087158203125,95.00844409805521,93.29911177439638,94.20074029264812,15208500
2024-03-18,92.7356185913086,93.59967883702934,92.52899564484169,92.9610293504276,7207000
2024-03-19,93.88142395019531,93.95656086382903,92.45385841840692,92.51020752090699,6168900
2024-03-20,94.17257690429688,94.33224464793234,93.00798332599365,93.40244140107929,7771700
2024-03-21,94.68912506103516,95.72223251390442,93.69358606387298,94.33223547999312,17176000
2024-03-22,88.15237426757812,89.3827108787419,86.14250823410323,88.14298036122047,41837400
2024-03-25,88.04905700683594,89.71142005032674,87.12864771145955,88.34959750146791,14548800
2024-03-26,86.95020294189453,88.15236487129631,86.79054237808812,88.03965950337103,10816900
2024-03-27,88.40594482421875,88.42473263532077,86.7060133574599,87.59824091764317,11095700
2024-03-28,88.26506042480469,89.04458251189735,87.74850316939735,88.63134387302098,11331700
2024-04-01,86.93142700195312,88.20872601772446,86.11433626063192,88.105414541048,10360000
2024-04-02,85.41931915283203,86.31155386351577,85.1281725746833,86.18006784980665,11107300
2024-04-03,84.83702087402344,85.87952218080632,84.79005851534136,85.47567025867015,8876600
2024-04-04,83.65364074707031,85.5132398271918,83.4845862852411,85.41931510860334,12110300
2024-04-05,83.4376220703125,84.76188318609849,83.40006078225247,83.72877579365152,9716700
2024-04-08,84.527099609375,84.77129101457282,83.40007448076375,83.69122108647393,8452500
2024-04-09,85.4662857055664,85.6165595374321,84.40500363845514,84.52709575275799,7191900
2024-04-10,83.58790588378906,84.6210133998244,83.37188904162815,84.43317827525459,7932900
2024-04-11,86.40547943115234,86.79055076803374,85.30662885809484,85.68230628871179,15330200
2024-04-12,86.40547943115234,87.22257730533538,85.57899481615586,86.4148733374168,10905900
2024-04-15,87.43858337402344,88.20871885047559,86.91263929218803,87.89878444562942,11597300
2024-04-16,87.71095275878906,88.46230761839081,86.0767641794239,87.38223769475742,10388200
2024-04-17,89.0727767944336,89.28879364876924,87.96453946538028,88.85676710554904,10181200
2024-04-18,89.91802978515625,90.04951578441671,88.78161098271968,89.3733051448413,10062900
2024-04-19,88.78160858154297,90.36884159955125,88.74404013056326,89.61748691085577,11241900
2024-04-22,88.4623031616211,89.27939382741279,88.14297485447041,88.87554186467702,8642000
2024-04-23,88.30264282226562,88.9600801377302,88.199338511936,88.63136506272352,6582700
2024-04-24,88.88493347167969,89.40149079395351,88.37777005493368,88.37777005493368,6493200
2024-04-25,88.2275161743164,89.0258262890137,86.81873108998536,88.28386528474518,5317900
2024-04-26,88.39656066894531,89.61750330461115,88.19933163930969,88.8379739264437,6115700
2024-04-29,88.34020233154297,89.11973169146292,88.00209338423915,88.69709909005839,5030700
2024-04-30,86.64968872070312,87.82367645528984,86.64029481249973,87.26016377577871,6493300
2024-05-01,84.8464126586914,86.28337923368146,84.61161518221888,86.22702296682183,9783100
2024-05-02,86.79053497314453,86.82809626046459,85.381750238802,85.77620824470998,7333300
2024-05-03,86.54634857177734,87.95513338684007,86.28337655277099,87.42918218337725,5736700
2024-05-06,87.68277740478516,87.69217131094341,86.85629279913151,87.1662200478448,6696300
2024-05-07,88.07722473144531,88.58438812034683,87.54188679295761,88.35898455820728,7113500
2024-05-08,87.89879608154297,87.94575845168823,87.09109920556718,87.45738276325501,5372900
2024-05-09,87.71095275878906,88.26507857997183,87.35406314147627,87.94575025673323,6429800
2024-05-10,85.4099349975586,87.47614998875854,85.35357872894184,87.41040697991446,10548400
2024-05-13,87.0816879272461,87.12864312257301,85.60716008351666,85.71985828466144,8792100
2024-05-14,87.14743041992188,88.60317044458867,86.96898204855974,87.33526553102398,7811000
2024-05-15,86.09554290771484,86.98777767928873,85.32540741823942,86.67784326920146,15614400
2024-05-16,86.18946838378906,87.19440145822743,85.96406477642057,86.11433862496722,12711700
2024-05-17,86.57452392578125,86.67783538641483,85.7856006959839,86.41486336496577,12019600
2024-05-20,86.18946838378906,87.06291542347486,85.30663460265771,86.64028276397752,9701500
2024-05-21,87.17561340332031,87.2037879561662,85.88892055490199,86.00162593173636,7809700
2024-05-22,86.87506866455078,87.11926005306918,86.07675865585853,86.35851133604082,7611900
2024-05-23,85.84196472167969,86.95020917329263,85.607167229096,86.8281098912606,7729000
2024-05-24,86.1706771850586,86.59330979281052,85.92648579379384,86.18945783110176,6936800
2024-05-28,86.40547943115234,86.89385507513867,85.79500450208117,86.16128802643368,10835000
2024-05-29,86.09554290771484,87.08169524328314,85.82317695631549,86.10493681374953,7237300
2024-05-30,87.76729583740234,88.17114779274739,86.36790485209298,86.62149014510874,9300100
2024-05-31,89.27001190185547,89.28879254895932,87.31649499230815,87.8142645432469,12565600
2024-06-03,89.0060043334961,89.80743406493892,88.67600470213169,89.11914295370535,9668100
2024-06-04,89.32656860351562,89.67542944868447,88.07257007094539,88.90228441336471,7838400
2024-06-05,88.93057250976562,89.87343269633797,88.34599660444792,89.87343269633797,7463300
2024-06-06,90.25057220458984,91.2688628647618,88.61942102523373,89.43971192261424,9760100
2024-06-07,91.03316497802734,92.34374022150394,89.85458960127117,89.93944357554007,9397400
2024-06-10,90.51457214355469,91.44800165461857,90.13742665426616,90.26000307451977,7035100
2024-06-11,90.39199829101562,90.51456751154495,89.1191314306233,90.06199150886856,7301500
2024-06-12,88.32715606689453,90.98602191170572,88.15744091963197,90.84459142341134,9861300
2024-06-13,88.79856872558594,89.1285683375777,88.36485392218933,88.66656888078923,8348200
2024-06-14,88.05371856689453,89.36429374479549,87.96886459687137,88.44029472398547,7426800
2024-06-17,89.57172393798828,89.68486975786877,86.7525737987384,86.7525737987384,6365400
2024-06-18,89.36428833007812,89.81686438980465,88.82685830546987,89.26057313292105,6712000
2024-06-20,90.10916137695312,90.5994455830342,88.17629482464638,88.51572511864613,9393800
2024-06-21,91.62715911865234,91.65544377511837,89.96772306926835,90.47686846601523,15124400
2024-06-24,91.61771392822266,92.43800480251635,91.15571449471207,91.74029034468073,9466900
2024-06-25,89.33601379394531,92.06087949672238,89.10029871797185,91.74973387000861,9006500
2024-06-26,88.6854248046875,89.08143154095174,87.82742579526139,88.71370945868091,10160400
2024-06-27,88.80799865722656,89.32656741680488,88.05370766981012,88.41199193243435,25772700
2024-06-28,71.0633773803711,74.53310327816465,70.29023228760771,72.72280618850304,129967000
2024-07-01,72.43995666503906,72.65681049998638,70.04509070298218,71.18595077268098,44369000
2024-07-02,71.6950912475586,72.54366687543781,71.08223067223179,72.43052106056975,26183400
2024-07-03,70.9407958984375,71.58194109022357,70.73336551382258,71.18594155238713,15952000
2024-07-05,71.11995697021484,71.74224106483616,70.5070962998708,71.0539570330057,19603700
2024-07-08,68.87593841552734,71.17651234277622,68.82879252956455,71.1010889960689,29905000
2024-07-09,68.31964111328125,69.90364634885968,68.24421057981286,69.11164732779626,23445500
2024-07-10,68.39508056640625,68.48936514881196,67.5747895932263,68.13108085828927,21378200
2024-07-11,69.1965103149414,69.53594056640276,68.15936552145506,68.54593446739838,15876700
2024-07-12,69.22480010986328,69.81880669074849,68.98908503959532,69.36623059071466,14527500
2024-07-15,67.2353515625,68.83821805175133,67.1693516431071,68.82878743656615,20775800
2024-07-16,68.64965057373047,68.79108104595134,67.42393659920562,67.42393659920562,20980700
2024-07-17,68.89478302001953,69.14935206638441,68.35735308351477,68.38563773383851,11161600
2024-07-18,68.24420928955078,69.70564527570104,68.2159246383978,68.80050047154819,14440100
2024-07-19,68.54593658447266,68.65908240293852,67.74450681900123,68.16879824315865,11913300
2024-07-22,70.58251953125,71.035088427025,68.89479880521391,68.94194469552306,19385500
2024-07-23,69.20594787597656,70.75223820182386,69.05508677420939,70.36566202363541,11041800
2024-07-24,67.0279312133789,69.1965126493807,67.01850779023613,69.06451279085391,18563300
2024-07-25,67.32965087890625,68.29136512555819,66.85822077509692,67.44278950001089,13855400
2024-07-26,68.4139404296875,68.62137084471044,67.76337172028748,67.88594096850414,8892000
2024-07-29,69.34737396240234,69.64908895334821,68.07450687569205,68.35736782683941,10471800
2024-07-30,70.07337951660156,70.23366404645284,69.26251905641415,69.47938009767734,8515700
2024-07-31,70.58251953125,71.11994959089087,69.69622858629901,70.2430892626923,14632900
2024-08-01,69.63021850585938,70.5165093216147,69.07393448725676,70.43164817011913,9563500
2024-08-02,69.78108215332031,69.89422076822056,67.81050068686612,68.66850688160436,11526600
2024-08-05,67.33908081054688,68.47051748512301,66.70736613681079,66.99965052751935,13191500
2024-08-06,68.35736846923828,69.05508304358509,67.42393883120445,67.56536930810724,13469700
2024-08-07,68.47050476074219,69.96964890430567,68.38564360902907,68.7156432135759,9571200
2024-08-08,69.95079803466797,69.96965207287364,68.8759380206395,69.04565313829937,8828000
2024-08-09,70.09221649169922,70.31850809534137,69.1776482357561,69.88479331187148,7186600
2024-08-12,70.37507629394531,70.71450650062444,69.81879229566383,70.4410762122745,7067300
2024-08-13,74.0145263671875,74.53310235924307,70.78051556429713,70.95023068956509,22114800
2024-08-14,74.03337860107422,74.57080861907644,72.99623383570442,73.54309446972839,13613000
2024-08-15,77.78595733642578,78.31395668432003,76.06052164726214,77.40881186216491,23583600
2024-08-16,78.47425842285156,79.1436883085618,77.72939799393248,78.14425159467604,13794200
2024-08-19,78.52139282226562,79.19082267135906,78.1819625898447,78.47425413042791,9627300
2024-08-20,78.785400390625,79.10597661704458,78.04053992799588,78.71940046069345,7863100
2024-08-21,79.20025634765625,79.42654078019717,78.46482654680898,78.88911075700474,6915900
2024-08-22,78.64397430419922,79.84140361697487,78.4553979443647,79.62454260152832,8485500
2024-08-23,79.2474136352539,79.42655220645388,78.46483783471402,78.57797647053434,9219700
2024-08-26,79.46426391601562,79.68112494735952,78.61568821818557,78.70054938469514,7853300
2024-08-27,80.41654968261719,80.51083426669533,78.83254421236533,79.26625905388693,14954000
2024-08-28,78.05940246582031,80.54855299833876,77.20139616891927,80.19026868607351,11088600
2024-08-29,78.5025405883789,79.09653991204083,78.12539507774892,78.68167913100261,7477200
2024-08-30,78.55911254882812,79.08711196546,77.36168324512296,78.82311225714406,13755300
2024-09-03,77.01539611816406,78.54964542594499,76.72180801117491,78.33181709700716,10133700
2024-09-04,76.73126983642578,76.7975641550455,75.4527324198803,75.859971012984,12837400
2024-09-05,76.55133819580078,76.93963145632664,75.96415473841168,76.83545362960373,7596300
2024-09-06,76.36190795898438,77.54574013311587,76.09673070806502,76.59867439381067,8512200
2024-09-09,75.28226470947266,77.26163615415001,74.83714259019185,76.47556974033664,8003300
2024-09-10,73.95638275146484,75.34857097046583,73.44497345417587,75.34857097046583,9748400
2024-09-11,74.24995422363281,74.42989179786795,72.67782165317618,73.87112648883884,8265500
2024-09-12,74.24995422363281,74.88448652472832,73.4260044423713,74.08895478464524,7176900
2024-09-13,74.82767486572266,75.2822624276278,73.97531415522674,74.15525897898117,5814200
2024-09-16,75.57585906982422,75.75579667117096,74.52461537950833,75.13073695628913,9547700
2024-09-17,76.37139892578125,76.69340511152555,75.63268862833363,75.77474996835198,7580600
2024-09-18,76.61762237548828,77.43209951719176,75.98309004257973,76.39032861343148,7637000
2024-09-19,76.69338989257812,78.72011007974312,76.21038432257869,78.22763182881158,15067100
2024-09-20,81.94013214111328,83.3417927437683,80.32065044463427,83.21867678749989,52039300
2024-09-23,81.6370849609375,81.94961846990331,80.54796485936458,80.87943650877982,17712400
2024-09-24,82.83038330078125,83.60697705495237,82.07273491103886,82.81144516189195,21123300
2024-09-25,83.341796875,83.4365020172501,82.62202478792857,83.19973554885523,12392800
2024-09-26,84.65821838378906,85.8231125947195,84.33621945304327,85.16016214379822,13592800
2024-09-27,84.70556640625,85.48216006352926,84.48773809573355,84.71503186174397,9181000
2024-09-30,83.72061920166016,84.99915660238212,83.08608684193322,84.95180042158034,12027100
2024-10-01,84.41197967529297,84.89498529948749,83.06714785357575,83.34179782711618,20623400
2024-10-02,78.70116424560547,80.7184189652716,77.44156503411585,78.50228130045528,33208800
2024-10-03,77.75410461425781,79.34517552666225,77.64046133693256,78.03822725864893,18143800
2024-10-04,77.89617156982422,79.11788746819684,77.75411023735494,78.25605401661217,10322600
2024-10-07,76.55133819580078,78.10452568898293,75.85050422956687,77.79199220881425,12767400
2024-10-08,76.49449920654297,77.11009340330048,75.69896742651548,76.4755610703445,10569600
2024-10-09,78.0855712890625,78.54016604629889,76.778623103508,76.84491741961138,11750600
2024-10-10,77.75410461425781,79.03264206293983,77.68781029397175,78.98529310590064,8370200
2024-10-11,77.80146026611328,77.91510354266332,76.88280524445949,77.69728244558313,10171100
2024-10-14,77.28057861328125,77.6972899355727,76.52293020293455,77.65940643122441,8177700
2024-10-15,77.7730484008789,78.34128645260273,76.75968825388411,76.75968825388411,11804400
2024-10-16,79.4967041015625,79.63875818851803,77.70675035053783,77.79198280271115,11220600
2024-10-17,78.98529815673828,80.27330836940754,78.96635279227992,79.657714084221,9204500
2024-10-18,78.53070068359375,79.5061773795366,78.25605071255968,79.34517791478741,7214800
2024-10-21,77.16693115234375,78.69170057304476,77.12904765004433,78.46440678478749,7550200
2024-10-22,77.11011505126953,78.05718108891875,76.93017741748369,77.0438207176557,7308800
2024-10-23,75.8126220703125,76.75021521253697,75.56638293302265,76.71233171252786,7253100
2024-10-24,74.85609436035156,76.52293247343421,74.84662167759852,76.23880979516176,7424500
2024-10-25,74.67613220214844,75.367493372032,74.36359877361731,75.02654912736863,9385400
2024-10-28,74.73297119140625,75.42432522947762,74.64773150591547,75.12126444041773,6617200
2024-10-29,74.24995422363281,75.26331425952229,74.0605367434668,74.70454172495512,7241100
2024-10-30,72.40318298339844,73.97531579829165,72.37477216334071,73.8711379743872,15691300
2024-10-31,73.04718780517578,73.24607077041159,71.2193503907258,72.16641625882343,13990100
2024-11-01,73.9279556274414,73.99424994584713,72.88618467012058,72.97142435123583,9623700
2024-11-04,73.10401153564453,74.39202160382783,73.02824453738936,73.86165984158029,6593800
2024-11-05,73.8521957397461,73.87113387688773,72.92406805795326,73.16083451268688,5629200
2024-11-06,71.33300018310547,72.8767149314808,71.1435899015948,72.80095515419998,16193700
2024-11-07,71.9012451171875,72.32742912958055,71.228829160432,71.69288945231176,11831100
2024-11-08,71.86334991455078,72.50735494409297,71.2667010649682,71.50346751368903,8140800
2024-11-11,72.54523468017578,73.30289016699977,72.07170180729534,72.11905798479867,9877200
2024-11-12,72.60208129882812,73.33131892221951,72.1096029442568,72.41266376801607,9013900
2024-11-13,72.46947479248047,73.19871953452486,72.42212583587249,72.83883711704071,6835300
2024-11-14,71.67394256591797,72.90513103964258,71.66446988443239,72.62100839938647,6991600
2024-11-15,72.60208129882812,73.53967459334277,71.60765913229987,71.97701428545837,13584900
2024-11-18,70.9257583618164,72.1664122682475,70.31963681779368,72.12853599409249,12595100
2024-11-19,69.99763488769531,70.7742285340538,69.70403958412453,70.55640022660054,12028400
2024-11-20,69.47675323486328,69.93134080899853,68.86115897041338,69.76087588785222,12290300
2024-11-21,71.12464141845703,71.56029082725443,69.3252149208756,69.47674891986884,12818600
2024-11-22,73.30289459228516,73.39759972747093,71.81600157069859,72.10011697625592,12248600
2024-11-25,75.0644302368164,75.63266821800454,74.25942582800505,74.34465827369118,18328900
2024-11-26,73.50177764892578,74.72349340352345,73.46389414968958,74.72349340352345,9495600
2024-11-27,74.19312286376953,74.86554586375084,73.4828235945709,73.50176895471738,8713500
2024-11-29,74.6003646850586,74.98866510424189,73.89953806507637,74.060537505721,7123500
2024-12-02,75.28575134277344,75.29527237420612,73.48666131020889,74.17203032497997,11221000
2024-12-03,75.06681060791016,75.5808373152428,73.8769359879045,75.20007598435733,9414500
2024-12-04,74.60037994384766,74.73364531699626,73.39146329289056,74.0768322190366,15042600
2024-12-05,74.80027770996094,75.1048853134504,74.3433626735177,74.49567010647148,8316500
2024-12-06,75.09537506103516,77.27522648671795,75.04777716580128,75.40950373977276,13931100
2024-12-09,73.9054946899414,75.62843088271644,73.79126410750945,75.61891711432774,12043400
2024-12-10,73.04878234863281,74.32433174760838,72.93455903038502,73.7722281680157,12193100
2024-12-11,75.05728149414062,75.18103308924145,72.63945565518793,73.09637065552647,12033200
2024-12-12,74.2101058959961,75.55228807028654,74.11491737058418,74.92403073021383,6983200
2024-12-13,73.53425598144531,74.08635958163278,73.0773409041546,73.62944450434206,8037300
2024-12-16,73.48664855957031,75.21910559634638,72.9726291500984,73.0678176606518,13034000
2024-12-17,74.24817657470703,74.98113614799327,73.53425179995024,73.63896134790804,12452400
2024-12-18,73.20108032226562,75.20006801967213,73.14396140811054,74.22913362804643,14376900
2024-12-19,73.39146423339844,74.19106374495503,72.75369318766882,73.23916406031324,27067600
2024-12-20,73.23916625976562,74.2481776318138,71.25921311327016,72.30630134533769,49883400
2024-12-23,73.06782531738281,74.63846132456226,72.0968835257074,72.65850814293506,14203800
2024-12-24,73.09638977050781,73.40099742958371,72.68707254777276,73.05831290532089,4919100
2024-12-26,73.23916625976562,73.73415091518027,72.85840492199058,72.91551658081038,6363500
2024-12-27,72.7441635131836,73.22963432813971,72.15399042678341,72.83935201785292,6334400
2024-12-30,71.0593032836914,72.12542613810139,70.96411478060726,71.96360495661662,9042900
2024-12-31,72.0302505493164,72.71561951426959,71.18306037386553,71.29729095549726,9425600
2025-01-02,70.1264419555664,73.00118282134763,69.7171248360976,72.58234467237928,10883400
2025-01-03,69.78376770019531,70.62144412036082,69.49820213529964,70.36442712329416,10083500
2025-01-06,68.53678131103516,70.74518841833843,68.50822548080922,70.20260585678949,14947300
2025-01-07,68.6224365234375,69.90750675302304,68.51773425214913,68.91753032861614,10463500
2025-01-08,67.86092376708984,68.36542939616302,67.59439303946006,68.11793346518495,11855000
2025-01-10,67.77526092529297,68.90802397901436,67.67055136928079,68.39399723015974,15677400
2025-01-13,68.61293029785156,69.10791493324957,67.37545781572929,67.74669810788234,14584300
2025-01-14,67.74668884277344,68.7366652405974,67.13747371525365,68.60339988535351,16732900
2025-01-15,67.65149688720703,68.77473858293362,67.43255680767341,68.52724268050795,13468100
2025-01-16,67.68958282470703,67.8038133940255,66.93758125046716,67.48968477521306,13694600
2025-01-17,67.43256378173828,68.07985579643085,67.43256378173828,67.99418831889477,9711300
2025-01-21,69.65049743652344,69.7456859514848,67.71814225937692,67.87044969324964,14199900
2025-01-22,70.47865295410156,71.1069029644421,69.49819744881282,69.85039568134285,13029300
2025-01-23,70.71663665771484,70.91653474321886,68.88899079389033,69.81232749481295,10677400
2025-01-24,70.03125,70.67854198816609,69.72664243276992,70.50719977769809,8106700
2025-01-27,71.94457244873047,72.20158214147202,69.8884658571281,69.9075079158008,11665400
2025-01-28,70.81182861328125,71.96362654976339,70.59289571673723,71.70661678807706,8694400
2025-01-29,72.896484375,73.40099007896978,70.74518891310328,70.86893326575401,11764800
2025-01-30,74.56230926513672,74.98114021727984,73.15349443769504,73.15349443769504,10902100
2025-01-31,73.20108032226562,75.06680265733954,73.06781495993303,74.35287796095024,13098000
2025-02-03,72.90599822998047,73.00119401473717,69.6981007264371,71.29729259393845,18539200
2025-02-04,73.02974700927734,74.40048491745482,72.38245491512892,73.81982551259733,11943700
2025-02-05,70.983154296875,73.09637261299842,70.8213331046286,72.62994383317498,9807400
2025-02-06,68.28927612304688,71.77323218850105,68.18456658474628,71.6209247646392,16059400
2025-02-07,65.37646484375,67.40400837806285,65.31935319170157,67.16603347797093,27428700
2025-02-10,67.52776336669922,67.5372771342402,65.79530629748689,66.02376017957589,16201300
2025-02-11,67.90851593017578,68.52725214044584,67.11844475890133,67.17555641256946,9636600
2025-02-12,68.78427124023438,68.96512723659892,66.947104611943,67.20411432383894,10810900
2025-02-13,69.68858337402344,70.05982371443068,68.1845799494705,68.96513749371381,9739600
2025-02-14,69.52674865722656,69.96462160804529,68.86041457017551,69.65049299253913,9254400
2025-02-18,73.8578872680664,73.94356200943999,70.91652095856429,70.91652095856429,28252400
2025-02-19,73.08685302734375,73.94356415383615,72.4300399532966,73.1249298843454,14184100
2025-02-20,73.51521301269531,73.55328260768863,72.66801564452552,73.21060541582295,10689600
2025-02-21,72.82032012939453,74.2386485141241,72.21110496028582,73.67703123045918,12823400
2025-02-24,76.41850280761719,77.18953920082554,74.96209750381566,75.08584184395464,24553500
2025-02-25,77.78925323486328,78.01770715461022,76.19958230332475,76.44707102370928,15522500
2025-02-26,77.26570129394531,78.47461804855408,76.9515726321255,78.15096835571643,16058100
2025-02-27,76.17100524902344,77.57029886806349,75.63794377983403,77.57029886806349,11651900
2025-02-28,75.60939025878906,76.17100757203892,74.41951568419047,75.43804802955015,14113800
2025-03-03,75.01622772216797,77.45585313168607,74.51873050118161,76.52783592642467,8628800
2025-03-04,73.97340393066406,75.24584007998439,73.45677555501877,74.33695398796588,10034100
2025-03-05,74.44220733642578,74.92056622135163,73.15063980696142,73.98298689443625,9853600
2025-03-06,74.34651947021484,74.93968697521304,73.41850228464334,73.41850228464334,9623700
2025-03-07,75.18843078613281,75.58068849585494,73.63855298465238,74.12648099212903,9294300
2025-03-10,73.09322357177734,76.71918402626824,72.76793580345647,74.15518065498178,15822600
2025-03-11,70.9597396850586,72.78707372856323,70.43354940647755,72.62443349513867,12837000
2025-03-12,70.3952865600586,71.27546504777237,70.0604368418171,71.14152516047577,12304900
2025-03-13,69.49596405029297,70.73969981721682,68.56794683485876,70.01259241659169,10195900
2025-03-14,68.55838775634766,70.35701424384321,68.2330999718571,70.10826562031232,12183000
2025-03-17,70.51007843017578,70.74925781060267,68.91236192072628,69.01760143204815,15996900
2025-03-18,70.13697052001953,70.95018638428773,69.57251059455739,70.691868524125,8972300
2025-03-19,69.83081817626953,70.25177627165544,69.16111875104312,69.49596846365633,10830500
2025-03-20,68.7497329711914,70.46225849186285,68.42444516488108,69.76385137481604,25202300
2025-03-21,64.9993896484375,65.75519735355599,62.34927807111153,63.70781517689021,77287000
2025-03-24,64.47319030761719,65.90826652571077,63.80349099217689,65.59254800592817,26552500
2025-03-25,63.65998840332031,65.10463398731201,63.37297021075809,64.63583711951533,17394100
2025-03-26,62.89461135864258,63.70781983784073,62.138803598228165,63.506910022921836,18688300
2025-03-27,62.95201873779297,64.19574719359996,62.46409073555502,62.665000548435174,16435800
2025-03-28,60.550655364990234,63.00941920696157,60.40714627087853,63.00941920696157,19600300
2025-03-31,60.7324333190918,61.22036134295076,59.93835960222186,60.12013463389376,17400000
2025-04-01,61.957035064697266,62.339723572221985,60.56022456694369,61.06728738685216,13489500
2025-04-02,62.14837646484375,62.56933455843003,61.38300673916792,61.5169466236406,11161400
2025-04-03,53.17436599731445,56.14018909957151,53.00215653722593,53.93017012816075,71499500
2025-04-04,54.772090911865234,56.65682603774885,50.2276816222345,50.91651956663634,67775700
2025-04-07,53.20306396484375,54.70511023838703,51.08871903833861,53.002154153638365,45374400
2025-04-08,50.9643440246582,56.226290518498864,50.10329677492188,56.226290518498864,30404300
2025-04-09,56.75249099731445,56.972535619993245,50.208542091744185,50.973915485754816,44732500
2025-04-10,52.04543685913086,54.77208045238381,50.01719299895504,54.75294566318353,53919800
2025-04-11,52.035865783691406,52.64816441790924,50.572089133165164,52.04543500274416,22617100
2025-04-14,53.01171875,54.23631603343779,52.30374616452016,53.231763346268494,28346600
2025-04-15,52.45682907104492,52.992588604700764,51.82539193565665,52.313319967622476,15977100
2025-04-16,51.23222732543945,52.76297769238316,51.03131750308429,52.35158882779607,19094900
2025-04-17,53.3465690612793,53.5953176684173,51.32789809343994,51.49053832537894,18935100
2025-04-21,53.69099044799805,53.92060427678134,51.184391369186095,52.83951237177184,17280900
2025-04-22,54.59030532836914,55.57572324803964,53.80579722054815,54.19805127445865,16852200
2025-04-23,54.9060173034668,56.637677310055686,54.24588353555661,56.44633307817823,21660300
2025-04-24,55.94884490966797,56.15932394991089,54.6572776072035,55.3078458683289,14508500
2025-04-25,55.12606430053711,55.72879737992128,54.15978117925326,55.69052780195673,17156000
2025-04-28,54.82948303222656,55.56615596927234,54.34155504749823,55.231302643567304,13321200
2025-04-29,55.04953384399414,55.240878101781405,54.28416046243325,54.53290544284498,12968000
2025-04-30,53.95887756347656,54.14065260529309,52.38029196231133,53.44224915041286,17205900
2025-05-01,54.30329132080078,54.733814986183155,53.82493250361774,54.22675580783733,10527000
2025-05-02,56.05408477783203,56.15932429860693,54.82948740791618,55.365246932460344,14723900
2025-05-05,54.86775207519531,55.81490409077304,54.810351355794694,55.60442505406955,15971000
2025-05-06,54.571170806884766,55.221739043330565,54.33199141553228,54.676410323013926,11440300
2025-05-07,56.082786560058594,56.26456524585589,55.06866820598163,55.365248336134044,11883500
2025-05-08,56.3602294921875,57.776170997277084,56.25498998005453,57.106467997002724,19009000
2025-05-09,55.77663803100586,56.809894840471955,55.700102517112924,56.58028099961676,13954400
2025-05-12,59.87139129638672,60.72286940683868,59.13471828014707,59.68004703964076,29776600
2025-05-13,59.68960952758789,60.062728801699876,59.28778989380205,59.9000885640974,17003100
2025-05-14,59.05817794799805,60.14883544538554,58.85726812470836,59.3643272928932,13736300
2025-05-15,59.699180603027344,59.96706036721195,57.804876514730864,58.01535555778338,14371100
2025-05-16,60.378448486328125,60.99074716808145,59.79485016478573,59.79485016478573,12950600
2025-05-19,59.39303207397461,59.72788178380367,59.0868790755176,59.46000201594042,15105300
2025-05-20,59.852256774902344,60.454986259418526,59.584373354418105,59.79485240274397,10771800
2025-05-21,57.38391876220703,59.08687484969538,57.28824846612327,58.52241134379034,17354700
2025-05-22,58.66592025756836,58.95293479452719,57.55612803829647,57.95795130970911,16764500
2025-05-23,57.42218780517578,57.76660670720715,56.91512867140061,57.26911314311604,14282400
2025-05-27,60.110565185546875,60.1201307551912,58.20669566260025,58.484144626927005,16642100
2025-05-28,59.10600662231445,60.37844266289839,58.89553125175437,60.02445820594889,10015600
2025-05-29,58.78072738647461,60.17753784086584,58.48414726945861,59.785283775144705,12218000
2025-05-30,57.96751403808594,58.47457315017851,57.498720852681124,58.35976807093989,18155100
2025-06-02,59.29655838012695,59.32544946956543,57.39929846504913,57.83268317583359,14065300
2025-06-03,60.06702423095703,60.14407204251353,58.22754997922707,58.97875144653547,10286100
2025-06-04,60.45225143432617,60.7122822681812,59.9707136695224,60.07665256559388,10242300
2025-06-05,60.3559455871582,61.30939203972801,59.93219364926152,60.615976437859054,12336300
2025-06-06,60.481143951416016,60.76043674331307,59.8262522819258,60.355943100937736,13299600
2025-06-09,59.6240119934082,61.14567324937006,59.59512090019236,60.962686528757814,11640000
2025-06-10,61.511634826660156,61.79093129388892,59.95145345224135,60.07665430338758,15287000
2025-06-11,60.779701232910156,62.45545070657546,60.26927234449421,62.02206962900667,10238700
2025-06-12,60.481143951416016,60.606344801894295,59.479544495273124,60.42336176953502,9830500
2025-06-13,58.294960021972656,60.46187994093192,57.89047006721087,59.469913331437645,16509700
2025-06-16,59.6143798828125,59.88403986963414,58.97875014684595,59.11358014025676,13681600
2025-06-17,57.78453826904297,59.036535863437166,57.476354358848766,59.036535863437166,13649700
2025-06-18,57.312625885009766,58.2179192772937,57.17779589224622,57.784534533523924,14194300
2025-06-20,57.58229064941406,57.82305954792423,57.00444308868456,57.5437667439304,19084000
2025-06-23,58.53573226928711,59.03653200911746,57.24521085191245,57.38004451843127,15921300
2025-06-24,59.152099609375,59.691423249912745,58.24680989824832,59.0654263351632,12564000
2025-06-25,58.583892822265625,59.258042829783754,58.13124609678174,59.18099868914254,12186200
2025-06-26,60.230743408203125,60.41372643291841,58.57425235176879,59.28692984721007,39659800
2025-06-27,69.37996673583984,71.45058073433762,67.11674055744241,67.21304664739225,117530300
2025-06-30,68.4168930053711,69.06215190807062,67.47307566370246,68.81175018923055,31090400
2025-07-01,70.69937896728516,71.20980782820958,69.17771784958661,69.33180611529811,27512900
2025-07-02,73.5693359375,74.00271696800915,70.304510621128,70.46823169063742,36882300
2025-07-03,73.5693359375,74.1857036619802,72.78924714351038,73.4537642337789,12022600
2025-07-07,73.70417785644531,74.63836240671363,73.04928612464678,73.23227284825762,17296900
2025-07-08,71.1905517578125,73.48267655476482,70.93052455991236,73.31894810663663,19572400
2025-07-09,70.84384155273438,72.15362500772461,70.70901155128102,71.39279437227557,12076700
2025-07-10,71.86470031738281,72.71220415776426,70.25635856170683,70.42008698974512,13033000
2025-07-11,69.94818115234375,71.11350179609306,69.72667786964315,70.96904632810747,12771400
2025-07-14,69.58220672607422,69.90002341297291,68.40725340918803,69.66887999649215,11385400
2025-07-15,69.3318099975586,70.18894668893364,68.93695282457006,69.59184452280216,9708300
2025-07-16,69.43775177001953,70.02522849481247,68.52283285642213,69.24513958221502,9008600
2025-07-17,70.28524780273438,70.50675103595007,69.37995455129008,69.45700234879223,9180400
2025-07-18,69.7940902709961,70.57417915979865,69.45701527877793,70.57417915979865,8801000
2025-07-21,71.28684997558594,72.04768055245476,70.21784285999524,70.23710113828407,12743900
2025-07-22,72.60626220703125,72.75072500325876,71.30611173634976,71.33500282605866,11297500
2025-07-23,73.91604614257812,74.35905999995174,73.02038561528191,73.33820230025094,16428100
2025-07-24,72.63516235351562,74.6768853371591,72.6255368875345,73.68491861249062,10037800
2025-07-25,73.45377349853516,73.74269912043881,72.7410996049056,73.10707303900807,7208400
2025-07-28,76.31410217285156,77.036408813092,74.69613500480567,76.0829661053259,22631100
2025-07-29,75.43770599365234,76.43930539955937,74.88875325026592,75.85182875429003,12885500
2025-07-30,73.84862518310547,75.40881004424016,73.15520968926783,74.90800669972074,14601700
2025-07-31,71.93212127685547,73.57897972520128,71.56614783432265,73.53082300454676,16700000
2025-08-01,71.86470031738281,71.94174077728415,69.85186859341228,70.72827087240049,11911600
2025-08-04,72.05731201171875,72.48106760294634,71.42168597256067,72.25955699452739,8839000
2025-08-05,71.63356018066406,72.914452486705,71.4987301850475,72.14399641856522,6533800
2025-08-06,72.69293975830078,73.17447749363014,71.50835369641015,71.7202314755843,7579800
2025-08-07,71.60466766357422,73.53081881712126,71.2675926812402,73.50192772544742,8717600
2025-08-08,71.4505844116211,72.19214942485226,70.68012095700239,71.4602098777329,6739000
2025-08-11,71.28684997558594,72.02842227416595,70.35267285106734,71.57577558370241,6985700
2025-08-12,72.13436126708984,72.92408293625319,71.59503395442171,71.96100737153284,6397700
2025-08-13,74.34943389892578,74.82134623654592,72.41365721977132,72.69295002743924,13472600
2025-08-14,73.5693359375,73.7715809082498,72.56773654829898,73.10706381798128,7990500
2025-08-15,74.1279296875,74.6383585769777,73.34784080718005,73.9064190677746,9767700
2025-08-18,74.57093811035156,75.37029255864182,74.01235254303911,74.26275423660731,9069100
2025-08-19,74.04125213623047,75.88073012503953,73.84863994840136,75.31251167988091,7684800
2025-08-20,73.44414520263672,74.69613903804539,73.34783911494121,73.85826799264258,6282600
2025-08-21,73.36710357666016,73.41526029840823,72.3558712014236,72.90482403000466,6354900
2025-08-22,75.4858627319336,76.21780224382185,73.43451435320048,73.71380715836422,10985900
2025-08-25,76.2467041015625,77.20977983561589,75.49550620463042,75.57255402679903,12488900
2025-08-26,75.74589538574219,76.54524987582896,75.48586086598696,76.08297036719941,6874800
2025-08-27,75.17768096923828,76.57414503471156,74.7828237836106,76.0444505016555,12636700
2025-08-28,75.0428466796875,75.75552789209247,74.85023450468715,75.67848008301894,7478600
2025-08-29,74.51314544677734,76.20815284005533,74.27237659967378,74.8791114492092,14208800
2025-09-02,71.91870880126953,73.6225327286524,71.637964540415,73.22561613665738,15078700
2025-09-03,72.35433197021484,72.78028973878799,71.55083079658979,72.02518815694856,8300100
2025-09-04,72.94486236572266,73.35145439290224,72.1316783113635,72.36401555748499,11096200
2025-09-05,71.55083465576172,73.00295543327245,71.27976590649709,72.41242572621529,13758400
2025-09-08,71.7831802368164,72.19945520341295,71.35722239587044,71.8896696970529,13793300
2025-09-09,71.250732421875,72.17041344584337,70.7182925104008,71.62828327422055,8740200
2025-09-10,71.8799819946289,73.0513585926816,70.98934964689988,72.84806256021314,11359300
2025-09-11,71.9574203491211,73.11911391423882,71.64763490603187,72.0348685563603,9803400
2025-09-12,70.66988372802734,71.90902571302634,69.63403778251704,71.87030160276151,11806000
2025-09-15,70.69892120361328,70.87317599760154,70.26328791157687,70.8441347629149,10323800
2025-09-16,70.42786407470703,71.03775219747212,69.78892732963696,70.47627105934647,8813600
2025-09-17,70.00189971923828,70.97966310803291,69.32424631266866,70.73764297913401,11108700
2025-09-18,69.7986068725586,71.25072771201211,69.34360782779086,71.09583866312204,14918400
2025-09-19,68.62722778320312,69.94381788724424,68.48201422737083,69.71148062943352,33415600
2025-09-22,69.00477600097656,70.17615250511973,68.18190906337311,68.53041862991283,12336300
2025-09-23,68.66595458984375,70.1083925598475,68.47234143170165,69.28552555894073,10432400
2025-09-24,68.94668579101562,69.24678834510168,68.20125976291735,68.41423862808828,10024500
2025-09-25,67.02989959716797,68.88861998797321,66.84596930303097,68.88861998797321,13075300
2025-09-26,67.09765625,67.22351144037712,65.8585144072799,67.16542158871538,15627600
2025-09-29,67.33000183105469,67.72691099600286,66.54585160247987,67.54297333724722,18479300
2025-09-30,67.50425720214844,67.9689317107939,66.62330039296135,67.83340103028328,40567700
2025-10-01,71.83157348632812,72.30593827121446,69.32424841993648,71.9767870452552,57921900
2025-10-02,72.18976593017578,74.51316071486542,71.52178799078705,72.6060408598738,26254400
2025-10-03,69.634033203125,72.39306125169745,69.62435032972837,72.39306125169745,18794900
2025-10-06,68.89828491210938,70.07934426098825,68.7433958783816,69.72115183007435,14039600
2025-10-07,66.7104263305664,69.29519931977627,66.70074345817211,68.95637264465154,17368000
2025-10-08,66.88468170166016,67.2138329295449,66.47808964298058,66.71043429297045,13051800
2025-10-09,65.88755798339844,67.43649272775278,65.72298606721797,67.33000327943171,13410900
2025-10-10,63.138214111328125,66.30383423290078,62.80906288649901,66.00373162845207,18806100
2025-10-13,65.22926330566406,65.36479398868953,63.45768155301159,63.602887723490106,13191200
2025-10-14,65.48096466064453,65.82947423274616,63.95139569262827,64.34831224424828,9483700
2025-10-15,66.2748031616211,67.31064920465082,65.95533476126167,66.39097550335256,13001500
2025-10-16,64.70649719238281,66.83627872777438,64.4548015797504,66.41032094352245,15349700
2025-10-17,65.21958923339844,65.60681554423455,64.20310170278255,64.50320430944106,10054000
2025-10-20,65.46160888671875,66.00373162657674,65.31639532829439,65.40351903182797,9670000
2025-10-21,66.17798614501953,67.07830134047416,65.25831258859388,65.58745642618003,9659200
2025-10-22,66.87500762939453,67.14606900758463,65.79075473076556,66.04245774731433,8096100
2025-10-23,67.45584869384766,67.65914471000714,66.54585067172312,66.88467736532226,9124900
2025-10-24,66.904052734375,67.84309212446595,66.71043956328923,67.48489963350134,7102900
2025-10-27,66.400634765625,68.1915895134365,66.08117382920408,67.80435585483218,9838100
2025-10-28,65.27767181396484,66.4200071589601,64.909803863697,65.9359668837226,11262400
2025-10-29,63.26406478881836,65.04533690689054,62.876831077422786,64.87108210605597,15143100
2025-10-30,62.82843017578125,63.89331732061783,62.5089618165697,63.09949155237217,13895200
2025-10-31,62.52831268310547,63.16724932494206,62.199168875517664,62.92522921258596,17822500
2025-11-03,60.65024948120117,62.78002379116114,60.35014317359241,62.65417597536478,22633300
2025-11-04,59.27557373046875,60.5921639159181,59.16908427533176,60.427588296269754,13725400
2025-11-05,60.12748336791992,60.843860904691084,58.917382684111956,59.32397474126301,20979800
2025-11-06,59.91450119018555,60.48566882943341,59.701522299740375,59.90482201013532,15164600
2025-11-07,59.140037536621094,60.1952454229848,58.365573879871135,59.769291335005825,15504800
2025-11-10,58.85929489135742,60.108119648757466,58.55919229356415,59.778972124162124,13063100
2025-11-11,61.13428497314453,61.56991824323415,59.28525136825216,59.759608744595894,17646400
2025-11-12,62.15076446533203,63.10916946766606,61.705452019444756,62.05395789356532,14812200
2025-11-13,63.9223518371582,64.14501359359377,62.80905782671596,63.61256638420511,21923600
2025-11-14,62.121726989746094,62.98331808655771,61.715134932212884,62.867153147758756,17760100
2025-11-17,60.892269134521484,61.51184010646126,60.27269446964742,61.056841058284235,17064700
2025-11-18,60.495357513427734,60.75673602216533,59.711210908411836,60.40823011287041,14614600
2025-11-19,60.64056396484375,61.202052446301344,60.03067219534806,60.43726793932324,11732100
2025-11-20,59.46918487548828,61.79257953176214,59.44982282251036,60.94066766540385,13886600
2025-11-21,60.79545593261719,61.47311303537349,59.57567610200315,60.03067143532174,12476900
2025-11-24,59.953224182128906,61.056835334047,59.953224182128906,60.51470893795831,16681700
2025-11-25,61.64736557006836,62.07332334687586,59.895138563051084,60.35013757266493,11527200
2025-11-26,62.2766227722168,62.799387148957635,60.96003264987729,61.47311415319653,13791000
2025-11-28,62.567047119140625,62.71226068770707,61.92811775766473,62.41215806230695,4941400
2025-12-01,63.70692443847656,64.29147953575165,61.943514455674006,62.12862270262529,12047300
2025-12-02,63.25876998901367,63.784871845607654,62.91778010965328,63.76538246220313,9051200
2025-12-03,63.96023941040039,64.94424515201263,63.30748629091448,63.40491090929684,12028300
2025-12-04,63.999202728271484,64.39864584351432,63.33670500002053,63.91151537959511,10619500
2025-12-05,64.16483306884766,64.37917168819988,63.21005397346649,64.00894773367445,10917900
2025-12-08,61.904544830322266,64.10637677150996,61.64149391434795,63.911520111702195,12867300
2025-12-09,61.699954986572266,62.30399580582035,61.3492204087795,61.87531855895763,9300200
2025-12-10,64.09663391113281,64.44736847578369,62.11888149746499,62.33322011286516,20302100
2025-12-11,65.9964370727539,66.0743797355146,63.87254782716438,64.13560245572636,16153500
2025-12-12,65.73339080810547,67.36040489291355,65.39240094497526,66.41537053436588,14829200
2025-12-15,66.03540802001953,66.59073648117172,64.97346711991258,65.67493621463564,15287500
2025-12-16,65.39239501953125,66.44459115427233,65.02217111623305,65.55801759046946,16376700
2025-12-17,63.999202728271484,65.10985959136559,63.93100476064364,64.84680497835745,13205500
2025-12-18,63.94075012207031,65.27549043826299,63.7166742427596,64.31097407870494,35650000
2025-12-19,57.19886779785156,58.82588575346562,56.72148194419728,57.67625736801697,108652700
2025-12-22,55.747215270996094,57.55934131464141,55.6692726075439,57.47165767651306,38695900
2025-12-23,55.86412811279297,56.11743434761318,55.523138235821364,55.708246495247245,23276700
2025-12-24,58.455665588378906,59.02073880632525,57.36449420468562,57.36449420468562,36073300
2025-12-26,59.361724853515625,59.361724853515625,58.31926584876644,58.45566179832078,22303600
2025-12-29,59.634517669677734,60.16061952591558,58.95253419490768,58.98176455348374,18062100
2025-12-30,59.61503219604492,59.72220150597902,59.07918936288537,59.72220150597902,13507800
2025-12-31,62.070167541503906,62.54755335120746,60.3262394560724,60.64774737063709,35457400
2026-01-02,61.65123748779297,62.47935788607347,60.94002737381433,62.35270662662601,22284100
2026-01-05,62.86906433105469,63.68744747775536,61.758407329335284,62.09940092654573,23482500
2026-01-06,63.66796112060547,63.74590379219075,61.77789593279604,62.41116341512634,19973200
2026-01-07,61.59278106689453,63.92126424174808,61.56355070992461,63.833576887349054,18284100
2026-01-08,63.58027648925781,64.04791761815157,60.11190590686827,60.5795507522729,21573900
2026-01-09,64.22328186035156,64.82732634235958,62.74240844490857,63.43413284705153,18470400
2026-01-12,63.950496673583984,64.63247645613012,62.58652967546956,63.57053544716226,13901100
2026-01-13,64.593505859375,65.35342823345825,64.15508395915832,64.54478983723268,13685200
2026-01-14,63.882293701171875,65.40213848804113,63.36593655860843,64.58376281296432,15939100
2026-01-15,62.927513122558594,64.06740411811371,62.55729662609213,64.06740411811371,13295300
2026-01-16,62.722923278808594,62.927517205896706,62.040943521848234,62.73266797048571,15903000
2026-01-20,61.99222946166992,62.91777816976848,61.39792964752734,61.85583351413113,20406000
2026-01-21,63.726417541503906,63.73615480002844,61.97274471425795,62.23579563834485,17166400
2026-01-22,63.775123596191406,64.83707194184055,63.5705296799885,63.72641500644109,11853700
2026-01-23,63.365936279296875,63.76537942379368,62.78138116638703,63.570530197164246,11243900
2026-01-26,63.317222595214844,63.950493754687336,63.112628669789295,63.14185531156126,14765900
2026-01-27,61.466129302978516,63.161345151724284,61.26153537607275,63.0834024844206,13536700
2026-01-28,60.63800811767578,61.84608971313582,60.37495719370201,61.42715717308621,10363600
2026-01-29,60.98874282836914,61.31999174806938,59.87808577893632,60.33598968112783,12739400
2026-01-30,60.21907424926758,60.910798673063596,59.449407160897515,60.638006780076054,14309200
2026-02-02,60.579551696777344,60.9595129073107,59.57606401598299,60.07293551056256,11006300
2026-02-03,59.361724853515625,60.920541014866494,58.87459433852962,60.189845242387484,17322100
2026-02-04,62.567047119140625,62.75215910105046,59.92679679428216,60.131394443577825,20957700
2026-02-05,61.08616638183594,62.91777813060001,60.49186656806334,62.53781692940398,12506200
2026-02-06,62.27476119995117,62.58652442194884,61.37844286583557,61.38818384054953,11961500
2026-02-09,60.80363082885742,62.26502237614594,60.76465949563378,61.933773476766774,12920800
2026-02-10,61.41741943359375,62.537821163264105,60.68672362289858,61.37844809839402,13003400
2026-02-11,60.745174407958984,62.362451303555666,60.092421294540884,62.25528199442471,15511900
2026-02-12,59.527347564697266,61.10565311232175,59.28378230671321,60.72569190450837,13602400
2026-02-13,61.505104064941406,61.748669339075406,60.004741084313274,60.004741084313274,20180900
2026-02-17,63.1515998840332,63.1515998840332,61.31998810072355,61.31998810072355,12347500
2026-02-18,63.86280822753906,64.44736331076852,62.65471929810754,62.65471929810754,11211500
2026-02-19,63.9212646484375,64.14534051539786,62.59626909703367,63.5218140715633,10778300
2026-02-20,63.716678619384766,66.72714190689013,61.69995840195252,63.619253994165426,33436800
2026-02-23,61.466129302978516,63.29774110299479,60.45289692709624,62.937261841481664,17748800
2026-02-24,62.44038772583008,63.03468756667476,60.98874082864616,61.65123864632439,14296100
2026-02-25,61.768150329589844,62.5670440709322,61.63175066453432,62.245536149496175,9500800
2026-02-26,62.303993225097656,63.38541983981638,62.13836691843999,62.55729945606066,10319100
2026-02-27,60.579551696777344,61.10565354975165,59.93653955975683,61.10565354975165,18017400
2026-03-02,59.83419418334961,60.34417302651048,58.00023446705245,58.74558959981803,15335000
2026-03-03,58.245418548583984,58.95154370242014,57.49025775710461,58.29445418622719,17438600
2026-03-04,57.50987243652344,58.34349323648078,57.48045180233907,58.04927192991976,15971300
2026-03-05,56.901824951171875,57.65698577354873,56.32319542447685,57.4706451052293,22040200
2026-03-06,55.911285400390625,56.440879264509675,55.66610347157766,56.36242299270278,16323700
2026-03-09,55.44053649902344,55.61706778691351,54.32250750317256,54.665764447927394,18053100
2026-03-10,54.99921417236328,56.13685821595527,54.724607857579365,55.60726433156431,15706400
2026-03-11,54.62653350830078,56.48991388916097,54.34212157809426,56.48991388916097,20245300
2026-03-12,53.086795806884766,54.39116180955824,52.98872078412538,54.21463050977091,18611800
2026-03-13,52.93968200683594,53.81252908119355,52.7043094485176,53.292744585492805,14377100
2026-03-16,53.734073638916016,54.00867620825602,52.93968282466604,53.22409476644214,13115200
2026-03-17,54.05771255493164,54.606921441984454,53.94002627241299,54.381354508332265,9861400
2026-03-18,52.43951416015625,53.90079641734632,52.2335584886903,53.449662548762774,16861300
2026-03-19,52.41008758544922,52.59642824509463,51.57647052667333,51.880497464235255,12307700
2026-03-20,51.36071014404297,52.576814174686454,51.17437322227104,51.91972465053813,19566100
2026-03-23,51.694156646728516,52.52777744413805,51.51762535980317,52.25317114159901,15242700
2026-03-24,52.45912551879883,53.03775500261839,51.262636545875175,51.35090218717576,12073800
2026-03-25,51.958953857421875,53.17505786933713,51.54705001316016,52.72392027743897,13427100
2026-03-26,51.06649398803711,52.58662126256603,50.87034768847672,51.743194793281994,14486700
2026-03-27,50.379981994628906,51.1057221544951,50.21326007777738,50.71342956951131,13077800
2026-03-30,50.25248718261719,51.18417547108827,49.96807526198664,50.43882409207558,16869200
2026-03-31,51.80203628540039,52.08644821337734,50.69381294819385,50.92918923990769,36422800
2026-04-01,43.76987838745117,45.92748008007032,43.70122774760605,45.662683151590855,114225700
2026-04-02,43.338356018066406,43.48546667056288,42.338013308156604,42.91664280483445,63242600
2026-04-06,43.18144226074219,43.52469922292144,42.7205027555682,43.308937917619026,26999600
2026-04-07,41.86726379394531,43.02452276895079,41.54362560123591,42.857800857199116,38253000
2026-04-08,42.29878616333008,43.446235760689156,41.9359142257013,43.063752561569466,29462900
2026-04-09,43.15202331542969,43.36778462918433,41.896692925249226,42.38705682656093,24147400
2026-04-10,41.798614501953125,43.11278980027012,41.58285694691975,42.98529788994383,26094800
2026-04-13,42.08302688598633,42.15167752802254,41.27883044397983,41.41613172805225,21236700
2026-04-14,43.348167419433594,43.35797305084205,42.12225772850606,42.16148773649881,22554100
2026-04-15,44.564266204833984,45.01540379887331,43.84833541890071,44.221012999653425,31523500
2026-04-16,44.81925582885742,45.59403159574899,44.67214518004234,44.91732710061467,21766300
2026-04-17,45.14289474487305,45.87844051842373,44.897712820356155,45.48615168390426,31290400
2026-04-20,45.584224700927734,45.66268471554044,44.691762611194946,45.093860833136546,19003100
2026-04-21,45.49595642089844,46.06478027036789,45.04482258653389,45.868633986372245,22194000
2026-04-22,44.799644470214844,46.04516917697313,44.62311317374961,45.41750400784318,17985200
2026-04-23,43.91698455810547,44.868291610187335,43.387394451248646,44.70156969942371,17457500
2026-04-24,43.82872009277344,44.54465087343377,43.73064881806683,44.11313202707365,15885000
2026-04-27,44.270050048828125,44.53484699034393,43.63257925585701,43.74045616579651,14583100
2026-04-28,44.16217041015625,44.829065594926675,43.88756783096121,44.5054273753296,12426000
2026-04-29,43.53450393676758,44.28966474822825,43.29913137338055,44.05428844366177,13329700
2026-04-30,43.50508499145508,43.94641324142206,42.67146413236643,43.24028804147489,21679500
2026-05-01,43.544315338134766,44.09352050574673,43.3677840367796,43.95621921384374,11562800
2026-05-04,42.25955581665039,43.4854654147881,42.25955581665039,43.3383547665399,33272400
2026-05-05,42.23013687133789,42.46550942852742,41.82803865672472,42.21052186804221,18589700
2026-05-06,43.034332275390625,43.220669190491655,42.36743714394166,42.789150351804366,19406700
2026-05-07,43.554115295410156,43.77968220860249,43.16182273435794,43.20105273869898,17177700
2026-05-08,43.28932189941406,43.799300773796496,42.955874317747835,43.407008180831724,17357100
2026-05-11,41.57304763793945,43.22067051419458,41.57304763793945,43.22067051419458,24863800
2026-05-12,41.53382110595703,41.69073740533909,41.24941288538808,41.48478546387133,21271300
2026-05-13,41.52401351928711,41.788810463500326,40.89634835130593,41.386712231438665,21325200
2026-05-14,41.21017837524414,42.00456915853477,41.18075774144128,41.73977223077123,19146900
2026-05-15,41.0728759765625,41.9555286372067,41.03364597177498,41.190562249745895,26172600
2026-05-18,41.74958038330078,41.926111679138884,40.5530913206602,41.07287957670772,18694900
2026-05-19,41.60247039794922,42.36744060605075,41.00422959810331,41.77900169665114,22957900
2026-05-20,43.338356018066406,43.42662166132843,41.02384177253431,41.39651560748124,27060200
2026-05-21,43.53450393676758,43.87776089171121,42.32820926116556,43.044140065001905,18428100
2026-05-22,43.809104919433594,43.85814429777574,43.35797107164858,43.70122801414707,14905100
2026-05-26,44.07390213012695,44.08371150232956,43.25009070053676,43.838529573775084,18667600
2026-05-27,45.0938606262207,45.692105140769584,44.78983368276062,44.829063689886965,24251900
2026-05-28,46.45707321166992,46.73167953005613,44.68195835018458,45.08405658445701,22871300
2026-05-29,45.33904266357422,46.290349762095786,45.19193574828019,46.2020841164476,38949100
2026-06-01,45.4478874206543,45.7942120699808,44.57712344921906,45.042191213733716,26885100
2026-06-02,43.27098083496094,45.299461937798725,43.05328889111542,45.299461937798725,28345000
2026-06-03,43.35014343261719,43.52825433886432,42.706964740651905,43.191823046470375,18940500
2026-06-04,43.162132263183594,44.23079762352107,42.67727776702178,44.032896211459814,17350900
2026-06-05,42.52885055541992,43.28087516262781,42.34084629094568,42.84549130330046,18406500
2026-06-08,42.77622985839844,43.399618032955416,42.2023198716338,42.60801609880293,18192000
2026-06-09,44.18132400512695,44.804708368495156,42.81580838957916,43.063184215420506,21505800
2026-06-10,43.498565673828125,44.11206045890145,42.855390771268596,43.31056139917023,15335600
2026-06-11,45.47757339477539,45.49736391487973,43.75583966691148,44.052689919165005,16647500
2026-06-12,44.4583854675293,45.82390113668458,44.379223388317655,45.80411061688167,16524300
2026-06-15,44.72555160522461,45.60620897156203,44.61670563416616,44.88387198822173,14345100
2026-06-16,44.567230224609375,45.61610132299084,44.52764918608218,45.03229421600932,19591400
2026-06-17,43.72615051269531,45.368725878948474,43.69646662087597,44.4287007412167,20859700
2026-06-18,44.72555160522461,45.23019664644801,43.775629307241935,43.94384306276451,32320300
2026-06-22,42.73664855957031,44.438595538697186,42.68717414673294,44.1516386597224,25864500
2026-06-23,41.935150146484375,42.7366453890947,41.87577859069064,41.9450435184556,31517900
2026-06-24,41.38102722167969,41.88567601260447,40.876382205410394,41.598719153031986,34384300
2026-06-25,40.47068786621094,41.420610160833796,40.01551346388045,41.36123860192399,29228300
2026-06-26,40.322261810302734,41.03470543545436,39.5801342923217,39.6493992253608,33970700
2026-06-29,41.04459762573242,41.25239241886341,40.342051168200626,40.708166342953646,27824700
2026-06-30,40.619110107421875,41.20291721111914,40.46078972885934,40.945648011450864,73891500
2026-07-01,42.60801315307617,42.82570131075827,39.68897768395811,40.96543783777414,80185700
2026-07-02,43.627201080322266,44.56722997956886,43.142342797668995,43.646991599477055,34233400
2026-07-06,42.885074615478516,43.64699263506523,41.40081961555377,43.439197840993124,21979100
2026-07-07,42.756439208984375,43.57772880826113,42.4299050635453,43.26108803555716,17784900
2026-07-08,42.439796447753906,42.80591161629051,41.62840403388599,42.25179217734983,21101500
2026-07-09,42.33095169067383,42.60801519272716,41.687776784264194,42.241896239059486,19647000
2026-07-10,43.90426254272461,44.16153552729817,42.60801557118147,42.964233606147154,23313500
2026-07-13,43.300662994384766,44.42869993353615,43.21160754589007,44.29016630003452,13665500
2026-07-14,42.41011428833008,44.023005809665506,42.024208584834255,43.84489490425886,13090200
2026-07-15,42.3210563659668,43.122555393524955,42.03409950459536,42.54864167078208,14388200
2026-07-16,44.1021614074707,44.20111022677485,42.44969272222726,42.44969272222726,15944700
2026-07-17,43.300662994384766,44.50785823516724,43.06318431483594,44.05268762048569,15825100
2026-07-20,43.013710021972656,43.37982518915952,42.38042850857195,43.37982518915952,11926900
2026-07-21,42.509063720703125,43.10276800542147,42.30126891964681,42.608016322150746,11859000
2026-07-22,41.76693344116211,42.45958650699006,41.13365193228703,42.004415894318036,18990000
2026-07-23,40.55974197387695,41.638300723087156,40.26288796381564,41.36123723200697,18156200
2026-07-24,41.262290954589844,41.70756822246695,40.46079187241104,40.757642126110525,26175200
2026-07-27,41.697669982910156,42.152840611638105,41.14355053042593,41.707567130079184,16996900
2026-07-28,42.59811782836914,42.81580977001798,42.073682268566756,42.30126758271978,23601400
2026-07-29,42.766334533691406,43.23139852553566,41.95494211638673,42.15283975990057,15029100
2026-07-30,41.84609603881836,42.05389082876078,40.797221167507374,42.05389082876078,16977600
2026-07-31,41.27218246459961,41.63830140980528,41.054494301528116,41.57892985188273,22622400
2026-08-03,42.192420959472656,42.75643754988173,41.61851099671238,42.12315602904737,21329900
2026-08-04,41.09407043457031,41.64819363596441,40.48057945154307,40.9159595403599,27802800
2026-08-05,42.004417419433594,42.03410131166003,40.925858630890055,41.2128155045979,22088600
2026-08-06,41.559139251708984,42.19242076969489,41.41071224451921,42.07368142873643,18150300
2026-08-07,41.262290954589844,41.9252563953635,41.173235501014425,41.57893172849006,22042300
2026-08-10,41.66798400878906,41.78672334629496,40.70816461275638,41.301868849596836,21664600
2026-08-11,40.88627624511719,41.094071033171026,40.40142173965823,41.044596622870905,25538000
2026-08-12,40.08477783203125,40.81701194967387,40.02541004861131,40.599320011385814,28760300
2026-08-13,40.79722213745117,41.03470459921401,40.05509463459385,40.31236761605823,23641700
2026-08-14,40.30247116088867,40.89617543816207,40.28268064084732,40.797222837955296,23639800
2026-08-17,38.679683685302734,40.17383198958141,38.45209838198375,39.9264561675405,58659900
2026-08-18,39.639503479003906,40.21341342905558,38.81821392978268,39.23380727778712,39173300
2026-08-19,40.619110107421875,40.87638308174572,39.94624755486721,40.10456793342975,22055700
2026-08-20,39.78792953491211,40.21341628526947,39.3921304523708,40.0649930448124,16662100
2026-08-21,40.3321533203125,40.69827226335965,39.81761491997301,39.83740166450827,14707800
2026-08-24,40.322261810302734,40.90606894210071,40.25299687726363,40.56963764962974,18839100
2026-08-25,39.065589904785156,39.45149558856874,38.620312664013504,39.1051709427772,41525000
2026-08-26,38.184932708740234,39.065590046655956,38.00682181178475,38.98643174503994,38604300
2026-08-27,38.03650665283203,38.39272845563789,37.76934030072764,38.09587821151822,36573800
2026-08-28,39.184329986572266,39.34265036688477,38.155249401868815,38.303672635168006,28437400
2026-08-31,38.650001525878906,39.46139395654706,38.6203138591384,38.996326182387634,23905300
2026-09-01,38.119998931884766,38.56999969482422,37.970001220703125,38.36000061035156,22241100
2026-09-02,38.2400016784668,38.72999954223633,38.0099983215332,38.060001373291016,20727200
2026-09-03,38.77000045776367,38.93000030517578,37.95000076293945,38.52000045776367,29597500
2026-09-04,38.400001525878906,38.65999984741211,37.97999954223633,38.220001220703125,20631600
2026-09-08,38.099998474121094,38.7400016784668,37.900001525878906,38.52000045776367,31672300
2026-09-09,37.349998474121094,37.849998474121094,36.849998474121094,37.790000915527344,41088800
2026-09-10,36.619998931884766,37.15999984741211,36.54999923706055,36.959999084472656,29961000
2026-09-11,36.79999923706055,37.04999923706055,36.619998931884766,36.79999923706055,19932600
