Price,Close,High,Low,Open,Volume
Ticker,NVDA,NVDA,NVDA,NVDA,NVDA
Date,,,,,
2020-01-02,5.957137584686279,5.957137584686279,5.877928004293768,5.928334143962491,237536000
2020-01-03,5.861787796020508,5.905490008291012,5.812871155604805,5.837701968795054,205384000
2020-01-06,5.886370658874512,5.89158508763454,5.742601138143197,5.7686732819433395,262636000
2020-01-07,5.957633972167969,6.003322495503562,5.86973321074161,5.91467674815212,314856000
2020-01-08,5.968808174133301,6.010027258014917,5.913435777645766,5.953413060374501,277108000
2020-01-09,6.034361362457275,6.106618845916107,5.980727107752627,6.054970904760999,255112000
2020-01-10,6.066641330718994,6.171675359974287,6.052488017299634,6.141381945898443,316296000
2020-01-13,6.256845951080322,6.281924941159547,6.126981083807574,6.1495774182111,319840000
2020-01-14,6.140141487121582,6.239464286738115,6.126980855045936,6.214136653150184,359088000
2020-01-15,6.09768009185791,6.17515201126615,6.07185611872183,6.152804323990373,263104000
2020-01-16,6.181110858917236,6.187070273217819,6.127724774613784,6.151065616620908,284192000
2020-01-17,6.1898016929626465,6.207679936211552,6.142375022038857,6.200230549789076,253792000
2020-01-21,6.156527996063232,6.1900495201260926,6.122509656861109,6.153299881678846,217916000
2020-01-22,6.2104105949401855,6.296821384646895,6.182848483712182,6.201719881814991,239240000
2020-01-23,6.2786946296691895,6.287137171560822,6.161742265023293,6.250388007668793,244516000
2020-01-24,6.219598293304443,6.443571474503476,6.165467226066961,6.393909849337127,373512000
2020-01-27,5.964339733123779,6.015242695944172,5.766438652557308,5.915671254980269,470536000
2020-01-28,6.157272815704346,6.1895525378515694,5.977001387094132,6.030139293185571,310976000
2020-01-29,6.096935272216797,6.1788766302299125,6.057205684032846,6.142871972143197,258848000
2020-01-30,6.103639125823975,6.117047926796072,5.944474498630881,5.999350082914366,290504000
2020-01-31,5.870726585388184,6.069868955650473,5.8290111609015804,6.05795012762334,370420000
2020-02-03,5.967566967010498,5.986934708189254,5.846392841617823,5.852600426682379,255564000
2020-02-04,6.136415481567383,6.155535525631463,6.059192213756811,6.109102012462837,271544000
2020-02-05,6.226550102233887,6.267272364667621,6.1433669612981925,6.257091680657113,208220000
2020-02-06,6.313209056854248,6.313209056854248,6.179868428887929,6.260816612287732,218284000
2020-02-07,6.247160911560059,6.2953325687371064,6.221833281757143,6.273233053761534,189752000
2020-02-10,6.5297346115112305,6.530479123908256,6.264790497583461,6.269756755214002,529608000
2020-02-11,6.6519012451171875,6.766370970308543,6.575919305118348,6.637747932218731,638556000
2020-02-12,6.767365455627441,6.773821686363239,6.665807695826979,6.704543659416336,374644000
2020-02-13,6.72366189956665,6.79070495481685,6.6821946441272795,6.7095085866977415,528016000
2020-02-14,7.195694923400879,7.324317975721568,7.101586559371794,7.132873132572073,1041924000
2020-02-18,7.364046573638916,7.382421632395123,7.073278958095728,7.0926467000611995,620164000
2020-02-19,7.814227104187012,7.831857176120988,7.486213518147479,7.486213518147479,694332000
2020-02-20,7.665243148803711,7.854453011250892,7.358583618194485,7.766304072638066,810052000
2020-02-21,7.301969528198242,7.578335650197736,7.21729687382683,7.553256665361849,768180000
2020-02-24,6.78573751449585,6.999033642383859,6.654631370784384,6.709010602046149,856916000
2020-02-25,6.506889820098877,6.9225559983296225,6.405332082047458,6.8607273723321756,1055496000
2020-02-26,6.645942687988281,6.839622492892086,6.505649447654704,6.5071389462093325,747732000
2020-02-27,6.275991916656494,6.633768307386428,6.183814767032639,6.333136621915026,906416000
2020-02-28,6.710042953491211,6.769423944264948,6.007410467266816,6.024056858575295,1133252000
2020-03-02,6.868061065673828,6.896882208415457,6.484694089276187,6.879738703863825,890744000
2020-03-03,6.606189250946045,6.983344943140282,6.520968837432035,6.923715627771662,652792000
2020-03-04,7.068812370300293,7.0782537123650755,6.63873537880808,6.713272364670828,597408000
2020-03-05,6.790046691894531,7.03626612440936,6.745572904384784,6.869800768089446,540328000
2020-03-06,6.609915733337402,6.668302976848197,6.410157130141035,6.610909484146133,515412000
2020-03-09,6.09809684753418,6.444940981492417,5.917718051294053,5.96045217762715,614160000
2020-03-10,6.486681938171387,6.486681938171387,6.111762534362907,6.373882922902069,580648000
2020-03-11,6.1236891746521,6.375374989773731,6.026791576461255,6.347050952515483,499964000
2020-03-12,5.3743462562561035,5.86653682839324,5.361674865625537,5.601683012584579,816540000
2020-03-13,5.983807563781738,5.988279679616138,5.456336262840261,5.726904246684154,634836000
2020-03-16,4.879670143127441,5.617583927857783,4.820040827756893,5.277447705392959,726972000
2020-03-17,5.398196697235107,5.48739257970352,4.745503860622238,4.991723260570334,833632000
2020-03-18,5.039177894592285,5.2160783085351,4.489097330012605,4.971598110265419,874268000
2020-03-19,5.2913618087768555,5.38478102513556,4.8048854524860145,5.017811622661303,765512000
2020-03-20,5.111976623535156,5.72243203505823,5.096572300669886,5.441180167876771,804636000
2020-03-23,5.284404277801514,5.37856939384944,4.932342581859462,5.110982203414798,643876000
2020-03-24,6.1910200119018555,6.277482978063412,5.6660332856046995,5.689636410549801,1101644000
2020-03-25,6.102569580078125,6.505067588828619,6.053871996434698,6.305806086188471,793432000
2020-03-26,6.391274929046631,6.51500567196271,6.211392763360578,6.309284089634278,696108000
2020-03-27,6.2792229652404785,6.537368404925742,6.178598205997085,6.211394360638991,638828000
2020-03-30,6.598735332489014,6.607928356954407,6.300588285202859,6.344564958091358,602252000
2020-03-31,6.54929256439209,6.84247037341055,6.403945729901024,6.6387362963410945,949960000
2020-04-01,6.039212703704834,6.497862107975411,5.994739393513251,6.351770314533199,656912000
2020-04-02,6.347297191619873,6.3604652169607645,6.020329535223814,6.068281202556335,675764000
2020-04-03,6.060083389282227,6.351273226478855,5.922935826420933,6.309781168533182,663212000
2020-04-06,6.66855001449585,6.705321630701974,6.284188885005979,6.3415823666779945,727884000
2020-04-07,6.435748100280762,6.913280185472903,6.392765179884151,6.889676590192596,784520000
2020-04-08,6.632526397705078,6.657372068334816,6.474756934181761,6.544573036444364,542444000
2020-04-09,6.533143520355225,6.780853821789025,6.470284155436127,6.757996129395736,525564000
2020-04-13,6.704577445983887,6.7132733578706585,6.385311898450525,6.47351356124016,398408000
2020-04-14,7.054900169372559,7.088938386369082,6.804953590184453,6.832532189824277,530948000
2020-04-15,6.977629661560059,7.06036545365664,6.841972969339748,6.887191708782641,366148000
2020-04-16,7.3219895362854,7.42882556643318,7.119498475685138,7.132666503087581,745620000
2020-04-17,7.262857913970947,7.425347792957144,7.129188706028905,7.4039804904478155,539120000
2020-04-20,7.13192081451416,7.2921748539610265,7.087695825238775,7.136641723005758,449388000
2020-04-21,6.696129322052002,7.075272471908903,6.636500013605862,7.0141527743230325,735160000
2020-04-22,7.109560966491699,7.152295573797261,6.8424713294529536,6.88793839640193,483356000
2020-04-23,7.056390285491943,7.28323037195008,7.031296300850552,7.1515491508620865,424160000
2020-04-24,7.195029258728027,7.1970167604675614,6.971667519957497,7.0462045218903055,352328000
2020-04-27,7.38112211227417,7.540630723793758,7.304597615042217,7.3291949610384926,479388000
2020-04-28,7.239005088806152,7.558022301469902,7.233539222714368,7.528207409397369,442904000
2020-04-29,7.415409564971924,7.468082150925123,7.298386754372791,7.3734203929741255,379160000
2020-04-30,7.2618632316589355,7.4154088591523335,7.247949773360715,7.361493734355101,375916000
2020-05-01,7.025829315185547,7.177884061945368,6.97762885516998,7.064836752511146,342096000
2020-05-04,7.237266540527344,7.250931680845557,6.978624046997186,6.978624046997186,317556000
2020-05-05,7.298138618469238,7.460380176917266,7.237266757199791,7.3411215423924565,368896000
2020-05-06,7.398761749267578,7.50336195004351,7.339629553455483,7.377394924097072,323464000
2020-05-07,7.57466983795166,7.637777522329543,7.486468166152815,7.5376498918987815,373732000
2020-05-08,7.764240264892578,7.770451562326168,7.612433824068867,7.646223718087887,339216000
2020-05-11,8.015678405761719,8.062388011187469,7.730699390591938,7.759271740488808,469060000
2020-05-12,7.754302501678467,8.122016839695085,7.744612838906281,8.073319732712656,493060000
2020-05-13,7.731942653656006,8.028598386935984,7.5478366741451675,7.868593117853469,625852000
2020-05-14,7.980894565582275,7.98636043186477,7.640012928874342,7.793310242924899,602312000
2020-05-15,8.438300132751465,8.447989319934127,7.8253597631626945,7.841012401949906,987660000
2020-05-18,8.696196556091309,8.861419800060519,8.626877592669787,8.706383329298868,774460000
2020-05-19,8.751106262207031,9.031363868480941,8.708619983245251,8.735950260536658,717320000
2020-05-20,8.914591789245605,8.987140816354259,8.833843488059705,8.935461979417953,587536000
2020-05-21,8.72104549407959,8.996582254257541,8.683528434138534,8.995588977205747,761068000
2020-05-22,8.970494270324707,9.036832475277743,8.659427960573646,8.770735645480487,1038764000
2020-05-26,8.663896560668945,9.125030944178446,8.618429510383836,9.100184810533316,770780000
2020-05-27,8.472590446472168,8.579425553108482,7.947354407491266,8.571723864190476,1175892000
2020-05-28,8.434575080871582,8.706385125248028,8.327489780511128,8.360285927330377,734896000
2020-05-29,8.82067584991455,8.82067584991455,8.432587896373802,8.501658565221103,745256000
2020-06-01,8.751851081848145,8.786138087525295,8.63582251257563,8.778684720302685,389876000
2020-06-02,8.770734786987305,8.78266074460048,8.604518233665114,8.741914591556846,391320000
2020-06-03,8.715328216552734,8.811480823540192,8.646257567101596,8.767752949429001,365440000
2020-06-04,8.716324806213379,8.892062399305495,8.627833505931573,8.678044382274448,424280000
2020-06-05,8.868948936462402,8.945507914603585,8.658162365706534,8.744167473897784,481748000
2020-06-08,8.75460433959961,8.838868493971896,8.63603657853043,8.826440228140672,387736000
2020-06-09,8.994223594665527,9.057608978908226,8.701161369707968,8.749632267006549,468488000
2020-06-10,9.313136100769043,9.445623635871778,9.101106547747797,9.1152757341884,632180000
2020-06-11,8.745903968811035,9.208241690060559,8.73571254486415,9.097628518391415,583652000
2020-06-12,8.881373405456543,9.134665556600186,8.653435597146515,9.110057459617575,570908000
2020-06-15,9.12124252319336,9.129693970720945,8.69370339239362,8.764794924642382,400004000
2020-06-16,9.016592979431152,9.213708995508652,8.788158348881796,9.172198011090448,535716000
2020-06-17,9.18313980102539,9.245778960988224,9.018337934845245,9.06158986706663,408304000
2020-06-18,9.165240287780762,9.229370971612544,9.062332316008169,9.174188600931451,254408000
2020-06-19,9.208239555358887,9.390937949959586,9.174434719956919,9.189597636085859,524160000
2020-06-22,9.472223281860352,9.476697912993025,9.220174203686891,9.246771661468518,398468000
2020-06-23,9.39591121673584,9.587309525836865,9.353654927459205,9.496332960119092,375108000
2020-06-24,9.182641983032227,9.501804874068604,9.092162257590573,9.422013440147458,449372000
2020-06-25,9.43568229675293,9.450596783301863,9.129694001574956,9.302201008306115,376072000
2020-06-26,9.102599143981934,9.445624728572614,9.0727711208658,9.445624728572614,592084000
2020-06-29,9.147342681884766,9.151817312552694,8.849059572517856,9.117266222856149,342248000
2020-06-30,9.443388938903809,9.47172542178639,9.213462711530727,9.260690499073652,367892000
2020-07-01,9.475452423095703,9.520941176102271,9.359122473225884,9.466255678772631,326648000
2020-07-02,9.557232856750488,9.681765828943993,9.523427067505946,9.583829361365101,364056000
2020-07-06,9.782936096191406,9.85203829270246,9.65691153897511,9.685994274981349,315892000
2020-07-07,9.815248489379883,10.01236361484961,9.79436877481935,9.889322168841927,357800000
2020-07-08,10.157527923583984,10.16647718547054,9.90846194337441,9.936549995462096,365480000
2020-07-09,10.448850631713867,10.509501363844844,10.174927184561719,10.320837695475568,494548000
2020-07-10,10.419270515441895,10.594262798531828,10.319345634913779,10.528143708751548,497676000
2020-07-13,9.994712829589844,10.73047698922072,9.96761851491164,10.534356593084116,457076000
2020-07-14,10.317605972290039,10.343208748675954,9.729491205941963,10.017334456489614,542676000
2020-07-15,10.168715476989746,10.373287402376107,9.998196834922506,10.354645474660408,403984000
2020-07-16,10.076742172241211,10.14832961882827,9.8388613835981,9.957677561652746,344964000
2020-07-17,10.143109321594238,10.189840238076629,10.030010888799213,10.16697211899285,266284000
2020-07-20,10.450592994689941,10.470975847834016,10.098618973678217,10.215446782115842,284852000
2020-07-21,10.269383430480957,10.499559035477194,10.227872436950578,10.452827165470543,277036000
2020-07-22,10.379005432128906,10.541817926787212,10.232598023957133,10.308163260202704,367292000
2020-07-23,10.071772575378418,10.486634124309322,9.973836090293624,10.390189182924372,411660000
2020-07-24,10.136152267456055,10.305427789555091,9.721042262613368,9.81848093979742,473292000
2020-07-27,10.361851692199707,10.381985159654809,10.15926726913902,10.17368489136173,292132000
2020-07-28,10.157029151916504,10.32257624250495,10.15081549413575,10.314871041356408,271636000
2020-07-29,10.405598640441895,10.456057943379921,10.287777140002785,10.33127653908729,284508000
2020-07-30,10.553253173828125,10.562201489623646,10.236327097575039,10.315620724796052,308880000
2020-07-31,10.553996086120605,10.704878102033073,10.37328604155994,10.50279052923152,386080000
2020-08-03,10.947233200073242,11.03522669529022,10.653921549349986,10.67107288009153,412720000
2020-08-04,11.163487434387207,11.163487434387207,10.843579291958523,10.986755156389975,310336000
2020-08-05,11.222149848937988,11.30666338727199,11.102339920529543,11.179645121303212,249924000
2020-08-06,11.270620346069336,11.292991603889252,11.114767787246265,11.284788588104904,244316000
2020-08-07,11.13539981842041,11.438902888927283,10.974327320204562,11.24775298021625,342516000
2020-08-10,11.101095199584961,11.342952810941906,10.794360663161397,11.269376954121983,427796000
2020-08-11,10.7878999710083,11.073008586632106,10.733959759991317,11.010368494518175,354512000
2020-08-12,11.374773025512695,11.401369537124475,10.895531365569134,10.92784561988187,464412000
2020-08-13,11.377504348754883,11.654659304257047,11.290753978168782,11.479914503905402,374460000
2020-08-14,11.497811317443848,11.637755639070226,11.37501832276075,11.464005528623535,366436000
2020-08-17,12.266388893127441,12.338722598462818,11.749614046414314,11.7834188931569,621300000
2020-08-18,12.190573692321777,12.424477676202287,12.01707295308066,12.378740485765862,503448000
2020-08-19,12.069025993347168,12.244515173044023,12.028757156275493,12.22612167908348,622624000
2020-08-20,12.07150936126709,12.30417023970523,11.810760432923727,11.906460065788977,921388000
2020-08-21,12.610904693603516,12.73543767305914,12.125448525163229,12.13191156434554,999868000
2020-08-24,12.647443771362305,12.83859364848732,12.43591104716389,12.810007786432903,490564000
2020-08-25,12.677022933959961,12.68820808728753,12.501781279435177,12.558455188322542,289076000
2020-08-26,12.69989013671875,12.794843509741666,12.605185196211957,12.725989774147282,321244000
2020-08-27,12.555970191955566,12.776451226157715,12.494573218918223,12.708342781689355,317604000
2020-08-28,13.072498321533203,13.07274675410688,12.570140159294503,12.602454409975303,537160000
2020-08-31,13.297947883605957,13.497299807575946,12.963125328470161,13.107294890616904,500840000
2020-09-01,13.746006965637207,13.917819141256148,13.363592772595911,13.406856687261872,511316000
2020-09-02,14.268655776977539,14.64684250423329,13.824577727830716,14.62396658977693,874012000
2020-09-03,12.944878578186035,13.809162909123005,12.808870357194603,13.753715512229732,945128000
2020-09-04,12.554009437561035,13.103511288247317,11.641238886565278,12.714383643840854,1463684000
2020-09-08,11.848361015319824,12.481904782082434,11.64074390561635,11.67082936910342,795728000
2020-09-09,12.646005630493164,12.739743935097291,12.165377241772093,12.332714361952345,736200000
2020-09-10,12.244945526123047,12.994356938663318,12.100980363374202,12.918769110397905,698684000
2020-09-11,12.098492622375488,12.583844529119057,11.831200737246611,12.417750894908565,636928000
2020-09-14,12.802404403686523,13.242752006584764,12.562712850650161,13.010022440993444,1201744000
2020-09-15,12.920509338378906,13.22658919691016,12.758145184218588,13.20794074712078,727556000
2020-09-16,12.446595191955566,13.02170750232912,12.445849671255177,12.88694277948844,556384000
2020-09-17,12.395872116088867,12.52143733948817,11.969448508524536,12.066419314288503,792512000
2020-09-18,12.123108863830566,12.563953411285826,11.923697276841326,12.525413979484178,698460000
2020-09-21,12.449328422546387,12.454549912007502,11.83990329972909,11.860292243862816,721044000
2020-09-22,12.56917667388916,12.579371147984176,12.08954412011194,12.506767294795011,646452000
2020-09-23,12.057962417602539,12.657939492376991,12.013704488182995,12.507260881383038,647012000
2020-09-24,12.280999183654785,12.501297716658009,11.948811835757942,12.006746195509242,731240000
2020-09-25,12.803893089294434,12.813590547232938,12.179301487201863,12.379956536780353,588016000
2020-09-28,12.96427059173584,12.980930038377432,12.680817182936027,12.969492081929529,573808000
2020-09-29,13.153985023498535,13.369807555834509,12.863072628599586,12.867299142520546,621460000
2020-09-30,13.45708179473877,13.548582595898237,13.07889511363806,13.086105607065111,689184000
2020-10-01,13.540626525878906,13.688071736035704,13.387710370072455,13.683348208064956,525004000
2020-10-02,12.991372108459473,13.446140634224474,12.98018265968585,13.153239241621401,552496000
2020-10-05,13.568475723266602,13.570216220179136,13.151003074175092,13.164181528727003,479820000
2020-10-06,13.66196346282959,14.065263568306756,13.590851607157786,13.754956254284847,784420000
2020-10-07,13.888230323791504,14.042638475157641,13.788275536042313,13.923786729329015,418084000
2020-10-08,13.763657569885254,14.008074497442983,13.683346224032253,13.998625545872363,378900000
2020-10-09,13.688071250915527,13.749238090470126,13.586625429092514,13.692298713449562,346892000
2020-10-12,14.148809432983398,14.269153174271924,13.837011033053589,13.913592896510103,434744000
2020-10-13,14.170937538146973,14.27064381415561,13.94268301085505,14.218925925974037,344604000
2020-10-14,14.018766403198242,14.264922886129455,13.884250206462303,14.212956496432877,276100000
2020-10-15,13.894198417663574,13.929753875044918,13.693045357210385,13.73581225732956,267224000
2020-10-16,13.736557006835938,14.04487533293222,13.717660049634887,13.960585020449875,242392000
2020-10-19,13.424508094787598,13.907621541917687,13.33400132974897,13.827558704209942,298068000
2020-10-20,13.571455001831055,13.724868132404456,13.433706338043972,13.50979116200591,229212000
2020-10-21,13.451361656188965,13.716664549188273,13.404368249373105,13.551067921694733,219596000
2020-10-22,13.28849983215332,13.537888788294158,13.159950652383756,13.449123468777783,290480000
2020-10-23,13.51650619506836,13.519490174370686,13.21912885025494,13.37701701892779,233484000
2020-10-26,13.06994342803955,13.618451231858877,12.967751138200027,13.354143296213284,336896000
2020-10-27,13.324055671691895,13.369060070941728,13.119918683600751,13.233797417851585,250520000
2020-10-28,12.558486938476562,13.188052711675699,12.54058495383574,13.126388844691007,376520000
2020-10-29,12.953333854675293,13.121168052245448,12.680820371519994,12.76884020627454,320080000
2020-10-30,12.46599006652832,12.866305277684038,12.233259561410113,12.780275414072687,416820000
2020-11-02,12.512484550476074,12.767095005739481,12.327742463181124,12.589066397694088,299652000
2020-11-03,12.948853492736816,13.033889318221213,12.534364903155558,12.639541166978166,272900000
2020-11-04,13.719402313232422,13.752472703967939,13.264633695884815,13.316600097755334,410228000
2020-11-05,14.083166122436523,14.261194749998864,13.915083461408287,14.085653088319836,319028000
2020-11-06,14.48298454284668,14.50958900610018,13.819603973147315,14.033188045302696,383348000
2020-11-09,13.556787490844727,14.611781731679114,13.536896506652354,14.47353602436871,582976000
2020-11-10,12.700708389282227,13.532668624695363,12.559727213621446,13.532668624695363,644068000
2020-11-11,13.345194816589355,13.362102772719238,12.87799325466072,12.982921036937629,404744000
2020-11-12,13.383731842041016,13.691303689939454,13.243745638126441,13.405861285173073,365812000
2020-11-13,13.224846839904785,13.594579503194321,12.988386882116803,13.553304602279749,346312000
2020-11-16,13.441915512084961,13.575436751077367,13.084614759446428,13.101024751247351,413776000
2020-11-17,13.349419593811035,13.52247524343966,13.231562827098397,13.478962824136428,312028000
2020-11-18,13.35588550567627,13.531925147427977,13.113458475022282,13.392187433545983,510924000
2020-11-19,13.367323875427246,13.414317293026356,13.028920049729892,13.14105832367257,565936000
2020-11-20,13.016735076904297,13.421277740192645,12.994107670676497,13.38099780808852,341088000
2020-11-23,13.068700790405273,13.309884305156885,12.94487607234443,13.099781223360337,361356000
2020-11-24,12.887438774108887,13.090579854954449,12.815083440234448,13.071185886209618,346500000
2020-11-25,13.16293716430664,13.197498593327106,12.949353072197923,12.961785056669386,259916000
2020-11-27,13.189292907714844,13.334750064003929,13.099035582696706,13.302426146106399,167276000
2020-11-30,13.328781127929688,13.339722070023917,12.901860540365371,13.193022390006243,286952000
2020-12-01,13.317343711853027,13.455340904435158,13.156470608275669,13.419038982985601,296948000
2020-12-02,13.471007347106934,13.599307099572938,13.162440495333444,13.278059756096301,283360000
2020-12-03,13.327249526977539,13.589894576674254,13.260593943208093,13.517766430386201,199520000
2020-12-04,13.488663673400879,13.490404684060387,13.3200332709175,13.379476213609324,202244000
2020-12-07,13.536914825439453,13.660776120123055,13.430713167655274,13.531443212803179,223244000
2020-12-08,13.281485557556152,13.528958658042994,13.213336596873383,13.51527914984112,271920000
2020-12-09,12.864386558532715,13.345156083678086,12.802207321709657,13.232238946348641,401300000
2020-12-10,12.905673027038574,13.001678158655883,12.783552731095787,12.802953380691694,207764000
2020-12-11,12.946462631225586,12.953178094559908,12.757188653902821,12.900698238186449,209264000
2020-12-14,13.240443229675293,13.320032555199028,13.010380305933886,13.02082636932964,270156000
2020-12-15,13.291930198669434,13.394898420852309,13.119072012231975,13.370772848841048,193016000
2020-12-16,13.174535751342773,13.36828606791019,13.144689037378825,13.353611291227617,223116000
2020-12-17,13.272777557373047,13.31083121205672,13.110862615374025,13.29814602797572,231384000
2020-12-18,13.20388412475586,13.336200948982984,13.003418348495277,13.310334366601626,342064000
2020-12-21,13.263824462890625,13.301380961244586,12.900946562414616,13.007646335173467,302332000
2020-12-22,13.210103034973145,13.26880025003233,12.98700409143935,13.25089297888134,185580000
2020-12-23,12.942481994628906,13.20686801104678,12.938254232061905,13.187965472083052,179144000
2020-12-24,12.927061080932617,13.0650990425598,12.872344005635338,12.970337770352513,97884000
2020-12-28,12.833792686462402,12.9954590638984,12.69774525994913,12.9954590638984,212564000
2020-12-29,12.876821517944336,13.005408696448747,12.776340043671759,12.858665667551723,170372000
2020-12-30,13.078282356262207,13.145933201726493,12.830560696633615,12.923580016159637,225396000
2020-12-31,12.987998008728027,13.083505026218697,12.848716190436818,13.069079778670659,192424000
2021-01-04,13.046197891235352,13.582432117374609,12.89597283811847,13.036995675741743,560640000
2021-01-05,13.335952758789062,13.374503578803857,13.019833567840328,13.032517804717118,322760000
2021-01-06,12.549759864807129,13.177023851121177,12.521406527298588,13.15463928774817,580424000
2021-01-07,13.275513648986816,13.30909096314701,12.820362197139659,12.900945853564691,461480000
2021-01-08,13.208609580993652,13.35211916574799,12.975064589250893,13.293920064625954,292528000
2021-01-11,13.551591873168945,13.88934991932038,13.293921285257271,13.349882219992052,518344000
2021-01-12,13.415541648864746,13.683907795701348,13.276509362154492,13.681917255790076,291476000
2021-01-13,13.462301254272461,13.555072944184918,13.316304914526613,13.420765571709692,210028000
2021-01-14,13.132497787475586,13.529947198947582,13.112849513490076,13.50532447421573,283120000
2021-01-15,12.793502807617188,13.256862241952655,12.78255958026351,13.160111360544299,277780000
2021-01-19,12.958401679992676,13.026798268994698,12.778081329831359,12.949447095978456,226188000
2021-01-20,13.297152519226074,13.361569918313185,12.9897384021598,13.044455477389974,258572000
2021-01-21,13.796327590942383,13.927401511527409,13.184981367786673,13.349631654463508,337780000
2021-01-22,13.642123222351074,13.77071039880611,13.557310847947868,13.669482236438519,246820000
2021-01-25,13.583178520202637,13.757529155129262,13.168567410462774,13.711019017208473,251112000
2021-01-26,13.366296768188477,13.574720917203404,13.318791364133517,13.510800674012138,163980000
2021-01-27,12.85145378112793,13.164836718249127,12.728089628381658,13.162100437127794,371272000
2021-01-28,12.984017372131348,13.271286051874542,12.893981971050982,12.92954887671929,228316000
2021-01-29,12.92308235168457,13.26631196684961,12.845234024057874,13.007894722708423,271552000
2021-02-01,13.169062614440918,13.202638977790059,12.83652767812877,12.986255544880906,217204000
2021-02-02,13.48717212677002,13.502343114382933,13.217313559304229,13.329983047797578,220440000
2021-02-03,13.461057662963867,13.860248208938296,13.447129576053145,13.566015475389744,245408000
2021-02-04,13.594120025634766,13.603322239769158,13.269295813752072,13.46155368214579,201340000
2021-02-05,13.521245956420898,13.666746072596897,13.476228255580894,13.654558996907936,169152000
2021-02-08,14.364645957946777,14.399466174887932,13.65679743774099,13.65679743774099,434624000
2021-02-09,14.190046310424805,14.50840365374763,14.149504952867572,14.267147945822208,287560000
2021-02-10,14.6884765625,14.828504135547782,14.267896682710552,14.389021714627805,485352000
2021-02-11,15.172478675842285,15.193868916559543,14.848401111304003,14.903367720561645,450828000
2021-02-12,14.884465217590332,15.212771494540394,14.699170418654422,14.972759615299346,374756000
2021-02-16,15.251569747924805,15.29360353659292,14.873271342590193,14.98693515502818,321960000
2021-02-17,14.829495429992676,15.145365982303526,14.704141719849904,15.093134716289269,274756000
2021-02-18,14.75289249420166,14.796914923640662,14.50019545688719,14.653405352105606,233868000
2021-02-19,14.849891662597656,15.099105725035558,14.77055091017518,14.94738826308237,271724000
2021-02-22,14.282072067260742,15.055581855788054,14.251479612238253,14.698921307165705,325884000
2021-02-23,14.069419860839844,14.165673573330455,13.320781350681472,14.003011915069953,391780000
2021-02-24,14.42458724975586,14.43229798344174,13.68540047372523,14.050268938182565,448320000
2021-02-25,13.239201545715332,14.300974328312286,13.148420401177352,13.973413810504649,824436000
2021-02-26,13.644111633300781,13.783392485059872,13.292425585049788,13.681915758221361,500932000
2021-03-01,13.770709991455078,13.853532772184092,13.483690829892343,13.80378919793109,353184000
2021-03-02,13.337444305419922,13.849054792199592,13.32724682102197,13.828659823403687,264116000
2021-03-03,12.739032745361328,13.382462935621067,12.733063022967233,13.357343042088633,377592000
2021-03-04,12.306760787963867,12.908407604408795,12.02173124079755,12.735051323937004,573344000
2021-03-05,12.397542953491211,12.48558876020493,11.619307359237807,12.48558876020493,542840000
2021-03-08,11.533748626708984,12.407241654699087,11.50713535777031,12.386100946731473,543112000
2021-03-09,12.46029281616211,12.556330138602013,12.001500032074086,12.072160122978335,521824000
2021-03-10,12.408541679382324,12.917840255866876,12.397843341761316,12.779008634694895,384376000
2021-03-11,12.9312744140625,12.983772381108242,12.673514929162938,12.887982786943063,299916000
2021-03-12,12.794434547424316,12.827027841808514,12.52970858536921,12.587679111203993,243964000
2021-03-15,13.128077507019043,13.143503346507048,12.706108237775904,12.803141162521834,221988000
2021-03-16,13.227601051330566,13.447791111083193,13.05393623427105,13.292538027663083,272128000
2021-03-17,13.277358055114746,13.388821191801044,12.927292243245162,12.977301644940816,243864000
2021-03-18,12.661575317382812,13.120865488674434,12.656101814810397,13.073593294704544,293896000
2021-03-19,12.784234046936035,12.859621644128715,12.552101370096228,12.6889427194056,299208000
2021-03-22,13.123102188110352,13.330354946608361,12.844940676234321,12.850912459188029,297804000
2021-03-23,13.008156776428223,13.28059519177102,12.958893359815724,13.190777367520809,222048000
2021-03-24,12.582453727722168,13.096232071229919,12.576234227742477,13.088270010291474,245840000
2021-03-25,12.475220680236816,12.653861664457352,12.21323193641956,12.439642442353005,295144000
2021-03-26,12.777764320373535,12.794683107271615,12.31424498723302,12.494377961706281,363968000
2021-03-29,12.886241912841797,12.999944962976231,12.639180750258788,12.758854634186175,273520000
2021-03-30,12.810111045837402,12.913115780781816,12.64415960560971,12.780503638471643,200204000
2021-03-31,13.284327507019043,13.405991674241122,12.92032872070121,12.953170680778484,314776000
2021-04-01,13.745609283447266,13.803579814393816,13.446547439602472,13.507256145400948,308276000
2021-04-05,13.920516967773438,13.946889814232557,13.667235327991516,13.801091736654401,255672000
2021-04-06,13.795119285583496,13.986946213948366,13.707541356464933,13.932707577763324,191744000
2021-04-07,14.075767517089844,14.175288050539208,13.645836193052718,13.814275196569815,251284000
2021-04-08,14.24843692779541,14.40219704194107,14.180761787034063,14.184494625705307,244416000
2021-04-09,14.331039428710938,14.339001489543403,14.107117501169766,14.145930293598289,195172000
2021-04-12,15.1361665725708,15.278979704341099,14.07153957274633,14.221319152451406,869324000
2021-04-13,15.604412078857422,15.624814088647074,15.05331389396944,15.15855755137292,676212000
2021-04-14,15.203842163085938,15.645217904329263,15.154578744758526,15.550175240850045,385500000
2021-04-15,16.059965133666992,16.136596025242714,15.556636657587552,15.587488326668062,598480000
2021-04-16,15.836299896240234,16.08833727476154,15.789275419089932,15.976126200516884,335208000
2021-04-19,15.288185119628906,15.731800742106158,15.160051831017325,15.462098601243506,404420000
2021-04-20,15.09859561920166,15.422785011070824,14.891342877489341,15.24986717123968,334132000
2021-04-21,15.286940574645996,15.28893085259979,15.029927070355269,15.046347575304525,216776000
2021-04-22,14.779132843017578,15.364565890935939,14.712701982849865,15.301369588101839,277788000
2021-04-23,15.192147254943848,15.261563065807191,14.828895411965819,14.86273203688158,227500000
2021-04-26,15.403875350952148,15.404870964360937,15.052566183723469,15.112279260571835,197796000
2021-04-27,15.308088302612305,15.59545520137398,15.28096851185869,15.503895773425132,164572000
2021-04-28,15.203591346740723,15.457868581848174,15.1426349303623,15.290921556787088,209416000
2021-04-29,15.251359939575195,15.362574421161485,14.999322628696001,15.326249241914937,173196000
2021-04-30,14.9376220703125,15.291419872387051,14.92518212012407,15.101832829586288,201912000
2021-05-03,14.76569652557373,15.173732875176336,14.716682734121033,15.05256605994809,203912000
2021-05-04,14.28252124786377,14.567400504280046,13.94315469910986,14.567151838206913,405324000
2021-05-05,14.389259338378906,14.742559766034404,14.318599252847807,14.638559441083883,292024000
2021-05-06,14.453448295593262,14.501467421026504,14.149909603249656,14.425831176728249,193380000
2021-05-07,14.741315841674805,14.89905652104171,14.601488612944612,14.737335285779373,229328000
2021-05-10,14.197432518005371,14.73509513395343,14.181758011696585,14.716434736221853,268904000
2021-05-11,14.237739562988281,14.286007365956934,13.684153723804577,13.758794372476588,285584000
2021-05-12,13.692611694335938,14.191958844362496,13.643597898091196,13.942409127844432,303408000
2021-05-13,13.599806785583496,14.013317589093692,13.394544329389682,13.966541791864056,285404000
2021-05-14,14.174790382385254,14.259383355821084,13.682658380691983,13.82348120873412,258616000
2021-05-17,14.097662925720215,14.101394815593933,13.787157729474968,14.089203532423051,216980000
2021-05-18,13.948629379272461,14.335269089608653,13.936935429096572,14.19867642444646,186256000
2021-05-19,13.998390197753906,14.012074425864109,13.478392376887879,13.501530662163134,344000000
2021-05-20,14.542522430419922,14.613431183534683,14.202160225647615,14.23400657092492,321592000
2021-05-21,14.919955253601074,15.14910295826252,14.798291095690491,15.091131488505768,672992000
2021-05-24,15.537239074707031,15.669601598811322,15.103326133576958,15.139651322771305,554816000
2021-05-25,15.572816848754883,15.742748836809902,15.408358363163579,15.690500473600698,435408000
2021-05-26,15.624815940856934,15.718116992592673,15.511611158286742,15.658902183248264,370440000
2021-05-27,15.413826942443848,15.674572292029511,15.385961157632616,15.624562889185894,581476000
2021-05-28,16.16670799255371,16.199550904569822,15.426769637119651,15.426769637119651,644536000
2021-06-01,16.186609268188477,16.30976731502325,15.827089363864259,16.19208371844466,472804000
2021-06-02,16.697900772094727,16.837728952367616,16.157750527142543,16.174420647544324,594168000
2021-06-03,16.88848304748535,17.1763491798281,16.503585882792244,16.62077215706791,580008000
2021-06-04,17.494070053100586,17.576422190681168,17.013631964827372,17.030548852392332,617120000
2021-06-07,17.53462028503418,17.727194109995963,17.11041308265878,17.48710039214021,575756000
2021-06-08,17.37339973449707,17.53711123572053,17.16838498606947,17.443312869189647,323848000
2021-06-09,17.279083251953125,17.494845805819946,17.177051714798523,17.435866151003694,381656000
2021-06-10,17.345531463623047,17.412227242679947,17.097668395172203,17.2708746448945,287772000
2021-06-11,17.743953704833984,17.85743409569149,17.36419339668503,17.39977978705198,416308000
2021-06-14,17.936567306518555,17.957222713161077,17.582191993695638,17.82433244551483,321376000
2021-06-15,17.707368850708008,17.9340808879031,17.64714558818746,17.833292979468382,243032000
2021-06-16,17.72901725769043,17.87285892613583,17.504296927782022,17.709607366236927,307124000
2021-06-17,18.572160720825195,18.74909970508031,17.6752707710507,17.693437053578737,809656000
2021-06-18,18.55373764038086,19.28662948485956,18.499236917866085,18.698325465556533,968856000
2021-06-21,18.343204498291016,18.45195723428612,17.741461763180403,18.35116743365587,672384000
2021-06-22,18.80061149597168,18.877261882587188,18.302145702434846,18.38725647206684,580144000
2021-06-23,18.970327377319336,19.06539273563711,18.82150936552973,18.921053636974563,332356000
2021-06-24,19.117908477783203,19.331430625682103,19.00119278333372,19.140058125456942,320924000
2021-06-25,18.94420623779297,19.257272715606643,18.80832936010716,19.192568626811074,278364000
2021-06-28,19.89385223388672,19.987174655201073,19.23088938832883,19.27294637389471,495436000
2021-06-29,19.935415267944336,20.007085502671462,19.567350601650443,19.791822278059367,367632000
2021-06-30,19.911270141601562,20.070540237808444,19.773152897382392,19.9080348431735,326568000
2021-07-01,20.119815826416016,20.362702460566606,19.927695282223045,20.033212727409474,480136000
2021-07-02,20.393564224243164,20.411732403859773,20.195223675024934,20.347028318463767,342764000
2021-07-06,20.604097366333008,20.746942264644705,20.257436236959123,20.642919053523535,446708000
2021-07-07,20.27883529663086,20.779790118854034,20.23926744508326,20.758388543871092,418428000
2021-07-08,19.811979293823242,20.041178597383794,19.610900891917264,19.765940834345816,503300000
2021-07-09,19.958805084228516,19.988668945478935,19.664155534759942,19.871455805781903,296624000
2021-07-12,20.418949127197266,20.43910519307565,20.09567932268978,20.147690934282892,321984000
2021-07-13,20.157644271850586,20.36793111155692,20.022264856454754,20.30745722182195,290708000
2021-07-14,19.75100326538086,20.3246250945611,19.662659112833513,20.26489928311296,380100000
2021-07-15,18.87974739074707,19.756481081917247,18.77248888227508,19.72139214020743,550564000
2021-07-16,18.078170776367188,19.06962851714903,17.990572779108614,18.94370627742423,688224000
2021-07-19,18.694101333618164,18.955154278049445,17.78401966527489,17.833544044539046,749060000
2021-07-20,18.52712059020996,18.752089763513204,18.08116371324552,18.644582488576717,434687000
2021-07-21,19.32147789001465,19.43794487271185,18.656525124403085,18.795886027698945,371017000
2021-07-22,19.50463104248047,19.79629393162419,19.188080660166136,19.552412447205178,323826000
2021-07-23,19.468799591064453,19.610152148792288,19.162203768763973,19.566352203135214,195672000
2021-07-26,19.206005096435547,19.35332891748849,18.827737126381447,19.222927760778727,203943000
2021-07-27,19.12039566040039,19.532507034154946,18.655524613503584,19.17713490295772,248863000
2021-07-28,19.414045333862305,19.556392748742915,18.90836294440914,19.230884559101824,202191000
2021-07-29,19.572322845458984,19.762451684848866,19.23984467559429,19.429973514984173,190781000
2021-07-30,19.41006851196289,19.540469658257,19.17514481205662,19.32943666500641,183497000
2021-08-02,19.65992546081543,19.86996358597214,19.272699647938943,19.61015425708338,217444000
2021-08-03,19.724628448486328,20.129771796246487,19.132340904279957,19.649969748387328,301811000
2021-08-04,20.181535720825195,20.225335671014715,19.737568762887463,19.898830576115028,231309000
2021-08-05,20.542875289916992,20.638438109278407,20.24922068734739,20.40650100265894,211435000
2021-08-06,20.27311897277832,20.47618909052929,20.117830282574648,20.430399346900657,178497000
2021-08-09,20.202438354492188,20.414466247960842,20.0511311729326,20.35274874502735,146443000
2021-08-10,19.845077514648438,20.336823982919242,19.744536419810593,20.229316742427432,179238000
2021-08-11,19.609153747558594,19.957557803565333,19.341381532525443,19.951584652682246,185925000
2021-08-12,19.814218521118164,19.937651633578177,19.53051849296908,19.77937830002264,151652000
2021-08-13,20.095928192138672,20.121810585889133,19.7604652564139,19.81421982888038,183063000
2021-08-16,19.859012603759766,20.194475504529578,19.364277685801866,20.043168322323123,210876000
2021-08-17,19.36924934387207,19.679826538770975,19.17912053853161,19.595213249143583,204585000
2021-08-18,18.953161239624023,19.544451924086907,18.91334276455746,19.41106231099318,285913000
2021-08-19,19.70771026611328,20.401532053475176,18.676433811620484,19.405095827311523,766555000
2021-08-20,20.7210636138916,20.76983992496617,19.84209132480141,19.899825465212288,675741000
2021-08-23,21.85785484313965,21.896676532709122,20.854452674261367,20.875356807002596,575807000
2021-08-24,21.693605422973633,21.858848692173698,21.43678269051183,21.653788842883614,297299000
2021-08-25,22.111690521240234,22.367518367862452,21.622930643720796,21.63786162430471,347701000
2021-08-26,21.96735191345215,22.23811072383032,21.6906199517518,22.098749850642953,237940000
2021-08-27,22.532758712768555,22.61836691419927,22.065897920601948,22.082820582434145,304722000
2021-08-30,22.584524154663086,22.937904612772638,22.448149850901924,22.725876717636822,262580000
2021-08-31,22.286832809448242,22.59547280041693,22.022995550957603,22.59547280041693,259850000
2021-09-01,22.342592239379883,22.597470150724345,22.258960958809393,22.386399914481622,201767000
2021-09-02,22.297788619995117,22.493925233851396,22.197231693882596,22.41925336542852,187834000
2021-09-03,22.742826461791992,22.885199011095356,22.102646574319134,22.227098408861508,280532000
2021-09-07,22.562623977661133,22.798584206722087,22.423236609861565,22.732873642997227,198107000
2021-09-08,22.241037368774414,22.510848859948066,21.88062343636692,22.414274113005263,254434000
2021-09-09,22.07974624633789,22.43916319750874,22.033948443162565,22.214154452621685,196856000
2021-09-10,22.379430770874023,22.52678058064279,22.172342704078865,22.249999779634756,248376000
2021-09-13,22.054859161376953,22.863298640935614,21.76214779147206,22.584525817265025,297500000
2021-09-14,22.14446258544922,22.311725124711973,21.989146556569096,22.177316913239693,199755000
2021-09-15,22.24302864074707,22.268915596417685,21.869673111075127,22.211169379062365,166538000
2021-09-16,22.14446258544922,22.179308947795626,21.830843425347233,22.08572130335323,156033000
2021-09-17,21.8039608001709,22.223114103504372,21.734268077405748,22.202206286674826,294503000
2021-09-20,21.020416259765625,21.339012693768538,20.57139376968549,21.053270591267214,349440000
2021-09-21,21.152833938598633,21.331047953116393,20.858132406328057,21.32308361140182,204688000
2021-09-22,21.84478187561035,21.86369765838028,21.103048096770816,21.272302669855954,268726000
2021-09-23,22.383413314819336,22.43618040031982,21.79400836896139,22.04291208043508,248555000
2021-09-24,21.984163284301758,22.05186586068765,21.765128776614166,21.97321184376497,217655000
2021-09-27,21.565011978149414,21.703402346102116,21.231482000300172,21.614791948311225,245215000
2021-09-28,20.608226776123047,21.32507053002053,20.560436939331986,21.12096960542121,343069000
2021-09-29,20.427024841308594,20.92483213876471,20.3772429721725,20.848170149177676,218394000
2021-09-30,20.62515640258789,20.97362197253502,20.59727930891089,20.67692841927155,221009000
2021-10-01,20.65104103088379,20.767526631043445,20.11440324016766,20.659005371326064,240978000
2021-10-04,19.64546775817871,20.451915057453423,19.469243927312622,20.4140815960762,345635000
2021-10-05,20.361312866210938,20.5574494289942,19.76693087317069,19.86251053602597,279282000
2021-10-06,20.609228134155273,20.629138987907215,19.99194609221421,20.03177159768733,297202000
2021-10-07,20.982580184936523,21.22849675315436,20.880031234621082,20.99950393304236,256919000
2021-10-08,20.739648818969727,21.113004324739432,20.683894639844777,21.00846523888015,151258000
2021-10-11,20.604246139526367,20.970632383544228,20.421053017517437,20.484773437642136,163388000
2021-10-12,20.580352783203125,20.964659771807728,20.437980218130104,20.736663894521275,162134000
2021-10-13,20.8471736907959,20.8979506288575,20.622164953970238,20.826265874944212,180652000
2021-10-14,21.6506404876709,21.659599896985824,21.029376283806112,21.194648710999132,243589000
2021-10-15,21.766122817993164,21.834820458738758,21.567001065569997,21.71435082054604,226994000
2021-10-18,22.124547958374023,22.19324560945146,21.54908169662989,21.653622673782255,189494000
2021-10-19,22.192251205444336,22.280859708119866,21.940360443621927,22.178310762287502,161473000
2021-10-20,22.006072998046875,22.334625782730672,21.885603327165416,22.207186839128415,146276000
2021-10-21,22.592487335205078,22.611405016436052,21.98615875079242,22.000097295285027,187590000
2021-10-22,22.6263427734375,23.02857050189633,22.462067311679963,22.722917534822606,249384000
2021-10-25,23.064409255981445,23.252579603731718,22.670145947280098,22.87225483930817,230235000
2021-10-26,24.608612060546875,25.14823704248469,23.819090189484406,23.883805688435576,485898000
2021-10-27,24.343774795532227,24.97997251638669,24.175515291453934,24.36667464722999,245990000
2021-10-28,24.83162498474121,24.840586291381936,24.415458790011783,24.768901535208865,234204000
2021-10-29,25.454879760742188,25.596257241681755,24.890366803732874,24.89136187149755,292503000
2021-11-01,25.7137451171875,25.78045075190704,25.116375810653224,25.536526170254046,265740000
2021-11-02,26.285219192504883,26.56100485226317,25.686855006308992,25.708759787654955,294112000
2021-11-03,26.481359481811523,26.666544637188032,26.11995237716791,26.55304424185898,239910000
2021-11-04,29.670318603515625,31.22745940153133,26.999083410913848,27.109596719532924,1153631000
2021-11-05,29.62152671813965,31.26229841246148,29.28102556401493,30.054618542304095,851260000
2021-11-08,30.668914794921875,30.963616262925747,29.775847185212836,30.016786509890455,503101000
2021-11-09,30.52256202697754,32.16831504259849,29.83260209058048,32.140437950177784,646746000
2021-11-10,29.32981300354004,30.714713791904344,28.65179963773985,29.22726595064239,636206000
2021-11-11,30.256723403930664,30.45584705928998,29.646412761455892,30.334382351134686,332172000
2021-11-12,30.256723403930664,30.54545251430328,29.50005617214275,29.878390737528665,413054000
2021-11-15,29.89333152770996,30.509616521619076,29.118743398652445,30.418020909460683,384909000
2021-11-16,30.070547103881836,30.256727308905166,29.575726902303593,29.628495874144114,264484000
2021-11-17,29.13268280029297,30.37521109867771,28.6737039612457,30.28460865268217,428508000
2021-11-18,31.536096572875977,32.616337669436994,31.183648858814088,32.225063319518526,781711000
2021-11-19,32.84035873413086,32.94290770891931,31.7650946968093,32.101611886418695,533867000
2021-11-22,31.81586265563965,34.49506179185787,31.76010847564054,33.37001612006789,754335000
2021-11-23,31.606786727905273,32.218094514763855,30.744583214227514,31.39671157119762,532163000
2021-11-24,32.53070831298828,32.710914296371996,30.792365088496854,31.323028564645966,435162000
2021-11-26,31.364849090576172,32.5665548230208,31.212520168167917,32.45703660205331,283069000
2021-11-29,33.22963333129883,33.26547475913897,31.895509575688923,32.22406422648845,454964000
2021-11-30,32.53269958496094,33.20673257688012,31.724262199478087,33.023537586316976,622066000
2021-12-01,31.300979614257812,33.1470772684117,31.24621379716434,33.07737601000796,484368000
2021-12-02,31.989036560058594,32.33953706228623,30.892730624505155,31.080925938871122,472890000
2021-12-03,30.56214714050293,31.992025853618237,30.00154575602389,31.863574209549956,544325000
2021-12-06,29.908946990966797,30.11207587047185,27.91846857573194,29.75261482398306,658938000
2021-12-07,32.28875732421875,32.310666695449044,30.520329586656192,30.825026722109563,593053000
2021-12-08,31.6903133392334,32.15233582192908,31.28703933130742,31.862576105811538,475551000
2021-12-09,30.360008239746094,32.06769853366914,30.298272298007166,31.598704034532002,488507000
2021-12-10,30.06925392150879,31.171534691574287,29.733690792322534,31.017194834238797,488825000
2021-12-13,28.040935516357422,30.164842841094565,27.99612729686803,30.12003462160517,598344000
2021-12-14,28.2161865234375,28.55573229210016,27.1338209994663,27.580906118057847,667035000
2021-12-15,30.329139709472656,30.36996527334218,27.71931388041696,28.27891810418674,698297000
2021-12-16,28.26597785949707,31.02715654259987,27.97323253537963,31.019191226073666,707366000
2021-12-17,27.68247413635254,28.79869516682683,27.64164857062036,27.865689688111814,713758000
2021-12-20,27.60082244873047,28.02400974051841,27.02927023764738,27.188587940382853,461847000
2021-12-21,28.951045989990234,28.99585421850797,27.28418102866078,28.25303433423604,524385000
2021-12-22,29.274660110473633,29.428999990654358,28.32771424720718,28.76783122836217,395184000
2021-12-23,29.513633728027344,29.93084800774143,29.30552513261703,29.628143214986842,343022000
2021-12-27,30.81307029724121,30.95446509890773,29.51363366651382,29.53354885530447,403686000
2021-12-28,30.192726135253906,31.196428065606888,29.88404641723083,31.178505155996454,420591000
2021-12-29,29.87309455871582,30.41776338511472,29.240801560831677,30.14393618740853,343139000
2021-12-30,29.45985984802246,30.32714660813748,29.41405644108792,29.69983156408998,308864000
2021-12-31,29.28561019897461,29.901972573947273,29.205951342168785,29.547489426670328,266530000
2022-01-03,29.992582321166992,30.58006706522169,29.658014384020838,29.687887165643172,391547000
2022-01-04,29.165124893188477,30.33810206507223,28.228136800951273,30.147916396398475,527154000
2022-01-05,27.486310958862305,29.290585804595278,27.41561451686952,28.825575893064034,498064000
2022-01-06,28.0578670501709,28.316758809179447,26.949613182894534,27.522160621764158,454186000
2022-01-07,27.130828857421875,28.30082024215177,26.941638413651482,28.02101818293907,409939000
2022-01-10,27.283184051513672,27.351890124020873,25.53466996334042,26.467675485447426,594681000
2022-01-11,27.69840431213379,27.94534808174242,26.72457518291045,27.206510950592097,404089000
2022-01-12,27.879629135131836,28.473086907923104,27.49029538667551,27.947338113635016,383413000
2022-01-13,26.461700439453125,28.358577413604603,26.38502715764647,28.258008185903833,540171000
2022-01-14,26.827131271362305,27.081045133437073,26.09825182970304,26.18786826346866,395832000
2022-01-18,25.792564392089844,26.524431382788112,25.660132004918143,26.148042698978056,424270000
2022-01-19,24.96013069152832,26.429837857961516,24.945195249139907,25.967817240669206,488315000
2022-01-20,24.047039031982422,25.46994751510898,23.97534549383341,25.19612032401024,435181000
2022-01-21,23.27434730529785,24.717169013281726,23.163820484440176,23.406779692719766,718958000
2022-01-24,23.272354125976562,23.280319440924885,20.798945308150216,22.234796834896894,913982000
2022-01-25,22.22882080078125,22.845183070459672,21.906202770713605,22.44987442301741,664616000
2022-01-26,22.674909591674805,23.954430766160627,22.20492187006913,23.14091465619821,755959000
2022-01-27,21.850446701049805,23.89270329457415,21.582592522124454,23.467523671999473,573353000
2022-01-28,22.74262237548828,22.76054528347654,21.205204558448763,21.918151515078176,543774000
2022-01-31,24.381608963012695,24.40451162128033,22.95372251615152,23.083167451846627,564680000
2022-02-01,24.532960891723633,25.03779935981821,23.788148758594023,24.996973791149287,518925000
2022-02-02,25.13438606262207,25.706933518845947,24.448322405650178,25.6840327601272,543419000
2022-02-03,23.845901489257812,24.970087889771477,23.678618459668993,24.35372741378853,410178000
2022-02-04,24.21531867980957,24.529971431012495,23.531247360390374,23.869797957184883,354829000
2022-02-07,24.622573852539062,25.074636814466327,24.098815458966705,24.268090747101677,376868000
2022-02-08,25.000953674316406,25.12243327791411,23.877762561815906,24.255146434255927,410359000
2022-02-09,26.591144561767578,26.611059748632012,25.244909456729868,25.512761692954534,524282000
2022-02-10,25.713903427124023,26.81020934447509,25.490859383243375,25.884175827584478,513200000
2022-02-11,23.84689712524414,26.040506046365,23.671648776457072,25.805512129420663,605472000
2022-02-14,24.163541793823242,24.768949487290513,23.653723589292724,23.831961302784133,440424000
2022-02-15,26.38204574584961,26.431831823132374,24.678339744131332,24.842635318538136,699869000
2022-02-16,26.397972106933594,26.468670452357063,25.443061093040882,26.147047583163317,732676000
2022-02-17,24.402515411376953,25.675066590866578,24.06197445592718,25.52072674309447,810595000
2022-02-18,23.541208267211914,24.879478312587725,23.00151913502133,24.562833238351214,761255000
2022-02-22,23.2902774810791,23.961403708378384,22.90194083125501,22.93679145884349,633422000
2022-02-23,22.29155158996582,24.052015226751326,22.205919711751882,23.700519613094333,566511000
2022-02-24,23.646753311157227,23.698531662871755,20.800938144655944,20.9254052267072,735801000
2022-02-25,24.054012298583984,24.113755971900215,23.281321506147055,23.619872153634248,528866000
2022-02-28,24.281036376953125,24.559843299003468,23.605927486955995,23.889712256178317,477319000
2022-03-01,23.376909255981445,24.273073784814436,23.033380786073458,24.187439989958865,412056000
2022-03-02,24.120851516723633,24.309078898961875,23.31914848717471,23.658752163102065,389642000
2022-03-03,23.61692237854004,24.226416539633046,23.372924502534758,24.162677458354135,365095000
2022-03-04,22.842105865478516,23.583059575930694,22.389963970849855,23.288271806116654,431415000
2022-03-07,21.264589309692383,22.93870935454276,21.242680010670902,22.723592102393823,450821000
2022-03-08,21.425926208496094,22.281408900955046,20.56546292122889,21.22176551078603,557467000
2022-03-09,22.91978645324707,23.124942518382856,22.15592615939423,22.295352427006858,492742000
2022-03-10,22.565242767333984,22.694709732633942,21.792418612832495,22.43876187931811,428066000
2022-03-11,22.009525299072266,23.05024725471571,21.955745518411543,22.92774970967302,367209000
2022-03-14,21.242679595947266,22.17086340274915,21.072380103418656,21.779472607816942,385354000
2022-03-15,22.878955841064453,22.943690284803075,21.234715406611926,21.429912197555932,491996000
2022-03-16,24.395721435546875,24.496307806427332,23.077142064193676,23.40379845485764,671422000
2022-03-17,24.664615631103516,24.74030282145656,23.808135623978337,24.021260266549067,471941000
2022-03-18,26.34470558166504,26.460231824316143,24.523194587296928,24.69747741085638,730719000
2022-03-21,26.624557495117188,27.040847486368627,25.860697187971265,26.398487485905324,591727000
2022-03-22,26.415420532226562,27.12649837424718,25.965271190591476,26.617588642474022,547007000
2022-03-23,25.529064178466797,26.50305932852309,25.47030568855705,26.019048781115384,502120000
2022-03-24,28.034761428833008,28.204065572576116,25.80094361026962,26.058884112048176,877379000
2022-03-25,27.578636169433594,28.241910117249173,27.159360096245305,27.771842231076484,579016000
2022-03-28,28.103479385375977,28.134352617050098,27.094625830029123,27.642375427784486,425494000
2022-03-29,28.5386905670166,28.827502401169717,27.865457327415218,28.57753047133925,488984000
2022-03-30,27.576642990112305,28.379343137774402,27.390408258662607,28.188129711162127,463487000
2022-03-31,27.174299240112305,28.132361016808318,27.15836589385924,27.66826906522798,523440000
2022-04-01,26.60264778137207,27.38343868051935,26.1594698017538,27.26293373491524,517235000
2022-04-04,27.247995376586914,27.44518476682431,26.50405367248858,26.618582662321668,397120000
2022-04-05,25.824848175048828,27.20716672096827,25.714302505747888,27.142432274200335,436615000
2022-04-06,24.30708122253418,25.196425073376112,23.904735802768805,24.83192419404275,703833000
2022-04-07,24.10890007019043,24.620795851372538,23.381888921729562,24.340946042246006,557992000
2022-04-08,23.02435874938965,23.825068318317854,22.967592876759955,23.81909236344926,524781000
2022-04-11,21.82727813720703,22.228628253478472,21.571330249174363,22.123063188914138,575207000
2022-04-12,21.41596794128418,22.63197015423266,21.194876629839,22.44474005075557,662258000
2022-04-13,22.112102508544922,22.407887504997525,21.367165542672698,21.639048625293768,516943000
2022-04-14,21.17097282409668,22.683755302120506,21.076362421603775,22.412867562077835,569097000
2022-04-18,21.69382667541504,21.9975764845038,20.992708207900467,21.113213152266766,525701000
2022-04-19,22.107126235961914,22.28140906472453,21.226744362071575,21.631082424341212,512781000
2022-04-20,21.394062042236328,22.577198594461343,21.113216842382243,22.42482503392664,468974000
2022-04-21,20.100374221801758,22.300330524281193,19.918122835592186,21.620126067181815,656209000
2022-04-22,19.43511199951172,20.402137743310213,19.420174011970897,20.219886317241535,624713000
2022-04-25,19.82052993774414,19.8633531842539,19.017829608738282,19.123394685988696,641566000
2022-04-26,18.71108627319336,19.706992498806468,18.593569308178367,19.637279366940014,653143000
2022-04-27,18.339611053466797,19.08853131836235,18.215122795649204,18.521860525635546,499460000
2022-04-28,19.701019287109375,19.95497647373352,18.41430844686625,18.8893550683818,570327000
2022-04-29,18.471071243286133,20.04559815796076,18.441193376572677,19.322570499448265,500435000
2022-05-02,19.45303726196289,19.493867882415657,18.315712153889976,18.46509770793821,572049000
2022-05-03,19.521759033203125,19.743847662826795,19.05467900868322,19.320586249014987,475751000
2022-05-04,20.250757217407227,20.316487014368857,18.67423744950525,19.84144044981811,648855000
2022-05-05,18.76685905456543,19.84343319196136,18.424267408174938,19.785671961147454,626331000
2022-05-06,18.598546981811523,19.43212034048371,17.916351786613728,18.659298078838052,633297000
2022-05-09,16.880611419677734,18.180267458938104,16.75811385880719,17.960173412210224,644455000
2022-05-10,17.522972106933594,18.12350429350738,16.955305773137006,17.616587170071877,761474000
2022-05-11,16.561922073364258,17.680326019393185,16.500177504520302,17.27598789699067,670167000
2022-05-12,16.10878562927246,16.719277132650767,15.503275671521447,16.15260613492584,708728000
2022-05-13,17.633516311645508,17.854607631651785,16.525073633919344,16.71927505834853,670437000
2022-05-16,17.19332504272461,17.715180072849822,17.035972816221634,17.437322904145635,521446000
2022-05-17,18.10258674621582,18.29579278898957,17.561810417904773,18.000007771051944,585830000
2022-05-18,16.86865997314453,18.043829664901942,16.794963502496497,17.63252027278685,545161000
2022-05-19,17.053897857666016,17.61459275966754,16.665493158414193,16.867663129735934,621310000
2022-05-20,16.625659942626953,17.33872845520384,15.69050380184821,17.26104864553038,739105000
2022-05-23,16.828821182250977,16.845751782688478,16.112764867573357,16.207375258686408,639889000
2022-05-24,16.08786964416504,16.529056923699873,15.715401091996485,16.44241318228326,588550000
2022-05-25,16.905508041381836,17.040950964789868,15.934499121271301,15.954417701062567,781132000
2022-05-26,17.777917861938477,18.017930433238014,15.956405314485966,15.970347937718802,996575000
2022-05-27,18.733991622924805,18.80370475029721,18.025901901467446,18.11155027204223,738379000
2022-05-31,18.595561981201172,19.121400348314285,18.27487967412374,18.902299762323565,664100000
2022-06-01,18.24500274658203,18.97500185230617,18.047813348721185,18.6473501146243,544514000
2022-06-02,19.511791229248047,19.538681119252402,18.123499032376543,18.217114068339008,648656000
2022-06-03,18.64336395263672,19.25285997901017,18.446174564570704,19.00388342136499,598779000
2022-06-06,18.709091186523438,19.257836037081606,18.4879999120415,19.060646676019886,422406000
2022-06-07,18.848526000976562,18.92222248536811,18.113546177196397,18.396384003134806,388914000
2022-06-08,18.57558822631836,19.105521994199414,18.463026152906487,18.726000947489727,363252000
2022-06-09,17.977916717529297,18.859480331996103,17.970943930182248,18.40923586335072,395574000
2022-06-10,16.9080867767334,17.628278767149297,16.803493073192044,17.531655320031188,465248000
2022-06-13,15.586240768432617,16.248658440141707,15.54539961251888,15.9378697072585,604153000
2022-06-14,15.774505615234375,16.003612016416973,15.35215136745031,15.669912860368118,469680000
2022-06-15,16.46282196044922,16.80249737716836,15.86415501064633,16.03249841468416,563936000
2022-06-16,15.540417671203613,15.880094046952882,15.341194505792407,15.79841174165895,545749000
2022-06-17,15.81833553314209,15.932888741748645,15.268478991865372,15.587236076673541,630334000
2022-06-21,16.50167465209961,16.94195781559774,16.34329164963761,16.41102839784153,483089000
2022-06-22,16.296472549438477,16.59729988882193,16.117171209417034,16.162992114105894,437135000
2022-06-23,16.1619930267334,16.520593728784007,15.791436941343258,16.45485004508153,463680000
2022-06-24,17.059497833251953,17.07344340934076,16.24666644132576,16.435929188204064,472153000
2022-06-27,16.80349349975586,17.2627037776178,16.561437091028537,17.24477402510874,427968000
2022-06-28,15.919939994812012,17.135201879170452,15.883083017438073,16.83437454206532,461149000
2022-06-29,15.481647491455078,15.758567846845672,15.111092291433094,15.752591579090298,482352000
2022-06-30,15.100136756896973,15.506552451888224,14.804290100614665,15.301352039966417,686070000
2022-07-01,14.466601371765137,15.004504306153088,14.336110528317265,14.841141621992458,577610000
2022-07-05,14.905892372131348,14.912865159719473,14.000422705433717,14.11995661407491,651397000
2022-07-06,15.071247100830078,15.259513302763182,14.731570721690755,14.951713200390376,529066000
2022-07-07,15.796420097351074,15.883082152996206,15.329241452564782,15.395981666093258,492903000
2022-07-08,15.776497840881348,15.974725437074959,15.329241049958439,15.370082202682903,467972000
2022-07-11,15.093162536621094,15.466706345467303,14.97960489954158,15.465709825855997,437321000
2022-07-12,15.02343463897705,15.371079409038126,14.819230753552452,15.20871225038852,458483000
2022-07-13,15.105113983154297,15.315295058565692,14.408828966444313,14.533343560416391,521918000
2022-07-14,15.312309265136719,15.412916908368315,14.670809905852426,15.049334455117044,456235000
2022-07-15,15.700794219970703,15.720716063425629,15.38502478396033,15.59819449374581,385935000
2022-07-18,16.038475036621094,16.83138346936928,15.939860454756344,16.23869470882499,670517000
2022-07-19,16.92601776123047,17.0435595776271,16.109202264221235,16.421982128219415,702366000
2022-07-20,17.737850189208984,17.863362252554914,16.73575812116985,16.881191075573774,760538000
2022-07-21,17.979907989501953,18.073542834559365,17.476869827222348,17.815549700814543,557049000
2022-07-22,17.251747131347656,17.897229633267205,17.07045276387724,17.823517582725398,536671000
2022-07-25,16.95789337158203,17.057505436276674,16.584349553933702,16.95291172337914,480748000
2022-07-26,16.468801498413086,16.853302299081996,16.414014765426856,16.823418108378,397865000
2022-07-27,17.720918655395508,17.86635161594308,16.84732342255859,16.965860804114296,569776000
2022-07-28,17.914167404174805,18.069561793152403,17.37228103230231,17.905203475930218,474646000
2022-07-29,18.092472076416016,18.173156925324996,17.623300329186787,17.743830767643395,435460000
2022-08-01,18.3693904876709,18.77281848869698,17.920141583548578,18.111395452950937,476469000
2022-08-02,18.454057693481445,18.864458441615547,18.021743015572017,18.051627201581738,489527000
2022-08-03,18.81963348388672,18.8943430004141,18.06656870107235,18.11338707008379,418146000
2022-08-04,19.140382766723633,19.199153667911663,18.68714973891171,18.775804825428892,409652000
2022-08-05,18.915260314941406,19.154328094688672,18.59351466678954,18.736954574661173,386068000
2022-08-08,17.723905563354492,18.168174706690454,17.175046511530418,17.43403710855411,981859000
2022-08-09,17.019649505615234,17.379247676702683,16.659055765062003,17.18500523413819,668263000
2022-08-10,18.026723861694336,18.047642220988486,17.24975215946494,17.629273135163704,597422000
2022-08-11,17.87232780456543,18.63435848013521,17.806584108237903,18.06059496674186,509327000
2022-08-12,18.636348724365234,18.645314550682862,17.883283911712684,18.089480817540075,478094000
2022-08-15,18.958093643188477,19.08958102425809,18.54072200021173,18.628379620944163,457666000
2022-08-16,18.805688858032227,19.067668063926604,18.42915644764587,18.846530011794016,451240000
2022-08-17,18.263803482055664,18.61543340601533,18.074542628314358,18.451075096193428,446799000
2022-08-18,18.700103759765625,18.79174557455485,18.11239462163172,18.2299364492585,415447000
2022-08-19,17.779687881469727,18.448081715081848,17.700994191090388,18.33452409224492,441588000
2022-08-22,16.967851638793945,17.489816937587364,16.900114915309967,17.422080214103385,409593000
2022-08-23,17.114286422729492,17.39718405399935,16.904105288938386,16.923032515648686,369986000
2022-08-24,17.155120849609375,17.33840632607673,16.8293910435938,16.945935367801415,522661000
2022-08-25,17.843441009521484,17.877309377171127,16.767634901441976,16.7785918674599,770691000
2022-08-26,16.19685935974121,17.85439727044476,16.173947959014292,17.787658007376972,769127000
2022-08-29,15.739641189575195,16.274555614443177,15.705773773179859,15.957791581811284,496132000
2022-08-30,15.407933235168457,15.976715008958974,15.123043613553321,15.898022269929612,530181000
2022-08-31,15.035385131835938,15.479653272888758,14.90090915114216,15.32425893297207,573710000
2022-09-01,13.882879257202148,14.324158812735067,13.21846957505842,14.153822371676808,1178865000
2022-09-02,13.594006538391113,14.115970968690647,13.538223289757255,14.045247525726571,743157000
2022-09-06,13.412713050842285,13.725493859595561,13.299155414870102,13.67767991813969,535751000
2022-09-07,13.664804458618164,13.788360189278626,13.298124529340985,13.514346107743526,512657000
2022-09-08,13.939814567565918,13.957750598170398,13.321042892410091,13.410719244419383,624873000
2022-09-09,14.3353910446167,14.422078851833046,14.075327622967663,14.106215606366773,486612000
2022-09-12,14.452966690063477,14.494815842064591,14.14706782384788,14.317454878749421,484159000
2022-09-13,13.083894729614258,13.872057540165086,13.052009933725518,13.75248813020251,714956000
2022-09-14,13.080907821655273,13.242326402784114,12.866678912295647,13.206455290226598,588507000
2022-09-15,12.882622718811035,13.185532151778458,12.744121381866282,12.96831467201239,523625000
2022-09-16,13.150655746459961,13.164605464480621,12.571739597842733,12.6962911946005,670751000
2022-09-19,13.333996772766113,13.414706540772462,12.963331449798705,12.965324131066843,569685000
2022-09-20,13.128735542297363,13.434634451270144,13.01016292838732,13.167596153339607,524818000
2022-09-21,13.213432312011719,13.980670768744096,13.062973928046912,13.165605104361276,807679000
2022-09-22,12.51594066619873,13.101831671038127,12.383418345633107,13.0231145909362,759162000
2022-09-23,12.471100807189941,12.5657602771744,12.213030099787952,12.375445471878537,663309000
2022-09-26,12.184137344360352,12.613592036444986,12.170187623758139,12.44619443896498,547343000
2022-09-27,12.3684720993042,12.690313385658438,12.214028382542947,12.462134764959494,553854000
2022-09-28,12.690313339233398,12.77700114543241,12.309683684312093,12.365482557221197,542414000
2022-09-29,12.176164627075195,12.455159943744142,11.903147353863744,12.403346432766009,532763000
2022-09-30,12.095454216003418,12.58768254393533,12.031683671272111,12.043640707800058,565638000
2022-10-03,12.467116355895996,12.632521236553906,12.061575828714862,12.302708290891008,547478000
2022-10-04,13.119767189025879,13.172577516081788,12.832800195456576,12.832800195456576,584182000
2022-10-05,13.161616325378418,13.273215022829856,12.57572625208159,12.864685926402442,507131000
2022-10-06,13.08289909362793,13.607012205791838,13.05599552454441,13.172576390235374,644157000
2022-10-07,12.032681465148926,12.624550545260242,11.978875271525471,12.460142467451544,672478000
2022-10-10,11.628135681152344,12.080506544532378,11.36707548368734,11.993818750562575,698699000
2022-10-11,11.544441223144531,11.803507875660943,11.242527641790893,11.519530328501197,667482000
2022-10-12,11.458749771118164,11.692906489567141,11.304306018534946,11.53746687130637,492590000
2022-10-13,11.917097091674805,12.034673832144149,10.774211301684586,10.931644516028966,850103000
2022-10-14,11.186726570129395,12.067555297007958,11.163809311742797,12.013749105457423,713432000
2022-10-17,11.845355987548828,11.905141179135784,11.475687466268546,11.476683331813856,580774000
2022-10-18,11.924072265625,12.44718861782601,11.576324213052954,12.299719755620746,659362000
2022-10-19,12.007770538330078,12.305698708951443,11.791548948755544,11.83638760168255,523131000
2022-10-20,12.15025806427002,12.72319524071747,12.061576624677791,12.069548299667495,652398000
2022-10-21,12.421280860900879,12.453166608425773,11.844358361540095,12.054600941010673,609494000
2022-10-24,12.55380630493164,12.664408199415522,12.020725546952368,12.463133124887893,517457000
2022-10-25,13.213432312011719,13.25229292787202,12.618573636659024,12.64846671047571,505482000
2022-10-26,12.849739074707031,13.339973788252896,12.662413746395243,12.822836454280946,532953000
2022-10-27,13.128735542297363,13.788361512216962,13.074929346453251,13.581107454000612,583113000
2022-10-28,13.784375190734863,13.800318541551777,13.014148282801942,13.056994256397354,521040000
2022-10-31,13.44858455657959,13.788361907995785,13.249302168056532,13.728576716312174,486341000
2022-11-01,13.49441909790039,13.875048766316969,13.470505022876246,13.761457385078938,432817000
2022-11-02,13.17158031463623,14.159025547914593,13.16360959020308,13.800317291584546,672628000
2022-11-03,13.37285327911377,13.731562429870072,12.90952220980875,12.996210001174024,500065000
2022-11-04,14.105218887329102,14.177956971752689,13.647864854214127,13.935828645472183,612576000
2022-11-07,14.249699592590332,14.360301478064772,13.903945167549931,14.1769615012651,410061000
2022-11-08,14.549619674682617,14.837582527688992,14.165003709961418,14.747905225291545,595292000
2022-11-09,13.726583480834961,14.160023489846735,13.709644264687311,14.111198522670565,454414000
2022-11-10,15.693503379821777,15.716420641158038,14.49481857705905,14.746911302518129,700819000
2022-11-11,16.268430709838867,16.330208574296904,15.426462616385566,15.750296571579392,655487000
2022-11-14,16.236547470092773,16.480669454615672,15.86488533252821,16.15982401511625,527852000
2022-11-15,16.606216430664062,16.93702431634431,16.323234794348377,16.66201530534491,545876000
2022-11-16,15.852927207946777,16.30330545087524,15.816060231495598,16.104024034799696,649547000
2022-11-17,15.62076473236084,16.207652616827055,15.479273906047151,15.658628528149201,710894000
2022-11-18,15.35372543334961,15.944598642065296,15.065761621009438,15.90872657967121,492072000
2022-11-21,15.262056350708008,15.421482258214427,15.025906036280436,15.092666086419097,404739000
2022-11-22,15.98046875,16.000397462317586,15.067754251325974,15.273015617031902,472866000
2022-11-23,16.45974349975586,16.46771612556409,15.99043426388969,16.040254147784076,427241000
2022-11-25,16.21163558959961,16.427856209576845,16.113987567674407,16.259463735177064,167934000
2022-11-28,15.770225524902344,16.29832500895063,15.668592130839407,15.968511085101463,303741000
2022-11-29,15.58289909362793,15.874848252781751,15.464326492119582,15.770224418844657,298384000
2022-11-30,16.866607666015625,16.873584309435355,15.54502609510109,15.644692293883454,565298000
2022-12-01,17.077898025512695,17.207463965478787,16.579564270117494,16.942351563411925,470977000
2022-12-02,16.819765090942383,16.876576265200864,16.390201516412013,16.603489123219873,371389000
2022-12-05,16.554651260375977,16.93836855658918,16.41711062983356,16.623421575647185,352255000
2022-12-06,15.933727264404297,16.51777403742583,15.766286867339783,16.474918055552177,352694000
2022-12-07,16.0662841796875,16.132064232758374,15.614792692114394,15.719443294997907,372388000
2022-12-08,17.111787796020508,17.121754700808335,15.905818930591325,16.218773657752436,515456000
2022-12-09,16.944345474243164,17.524406752700667,16.91843304409184,17.1028160194911,465338000
2022-12-12,17.47657012939453,17.479560391399467,16.74103030994318,16.98023035941477,457328000
2022-12-13,18.01177978515625,18.72738762856205,17.651982672461422,18.469249909930564,656589000
2022-12-14,17.615102767944336,18.191177653739228,17.36194948910425,17.92705944978632,496888000
2022-12-15,16.895511627197266,17.26228539533921,16.64435244524807,17.088865417042985,478542000
2022-12-16,16.515777587890625,16.984212566313406,16.355314807354187,16.80780235933555,478232000
2022-12-19,16.1998348236084,16.553651364106894,16.09119880078537,16.51677591008969,354039000
2022-12-20,16.031404495239258,16.255655184218554,15.799181990346474,16.01047455766742,403260000
2022-12-21,16.446014404296875,16.571595897427166,16.048343794868938,16.060304842306547,325025000
2022-12-22,15.287885665893555,16.084223899243984,14.832408745526728,16.040369896727526,565045000
2022-12-23,15.155329704284668,15.287885933378956,14.833406075775102,15.145362798947778,349326000
2022-12-27,14.073945999145508,15.04968384623769,14.009162061218975,15.02377046116637,464902000
2022-12-28,13.989227294921875,14.2144740150627,13.837733387289415,13.880590316474528,351066000
2022-12-29,14.554336547851562,14.634069879246574,14.179590080394261,14.354007099256958,354923000
2022-12-30,14.565300941467285,14.580250347473683,14.185570060566697,14.286233323061209,310490000
2023-01-03,14.26729679107666,14.946028158359788,14.04902671566482,14.801510894902007,401277000
2023-01-04,14.69985294342041,14.803506485615852,14.193546280154266,14.518460195074866,431324000
2023-01-05,14.217466354370117,14.515469810414057,14.100855645137985,14.442713107430109,389168000
2023-01-06,14.80948543548584,14.959982279736408,13.987234779976571,14.42576814608272,405044000
2023-01-09,15.575923919677734,16.002497216572273,15.090546259586656,15.233070349137327,504231000
2023-01-10,15.855987548828125,15.908810437445068,15.42044347056914,15.455326689560788,384101000
2023-01-11,15.947678565979004,15.974589018428674,15.511138407767845,15.787215773433328,353285000
2023-01-12,16.455982208251953,16.581561807242853,15.440377637088012,16.046352430023713,551409000
2023-01-13,16.842689514160156,16.865613588598475,16.11113608569389,16.22375851425544,447287000
2023-01-17,17.64301109313965,17.668925426357585,16.842687440869174,16.842687440869174,511102000
2023-01-18,17.31909942626953,17.813445107525506,17.224414756280385,17.608132137463713,439624000
2023-01-19,16.70913314819336,17.139694698743703,16.675247952454153,16.979229999863364,452932000
2023-01-20,17.779556274414062,17.796499823469546,16.768935260471654,16.954314377855656,564967000
2023-01-23,19.129043579101562,19.180870344101777,17.75862551866824,18.00380415598392,655163000
2023-01-24,19.200803756713867,19.430038785893963,18.757286908397305,18.76426355229002,496204000
2023-01-25,19.258609771728516,19.30545403532492,18.518085645970668,18.849976169985318,449537000
2023-01-26,19.736011505126953,20.09879882435529,19.21375752485205,19.635348246628528,489535000
2023-01-27,20.297138214111328,20.559262315315294,19.34033810009434,19.39714737022937,542142000
2023-01-30,19.09815216064453,20.072892166183525,19.08619111094838,19.88352662193169,488611000
2023-01-31,19.471899032592773,19.621398819093155,18.886855153366426,19.10612138016746,498017000
2023-02-01,20.873212814331055,21.1213817226709,19.545650683627567,19.62538402504865,660477000
2023-02-02,21.636655807495117,21.875855795019138,20.631019359616392,20.93001886877329,564276000
2023-02-03,21.029687881469727,21.67253897459517,20.719723419819307,20.93002073586232,429366000
2023-02-06,21.01872444152832,21.498120569952917,20.716732749173072,20.736666558099405,452197000
2023-02-07,22.0991153717041,22.184829243176587,21.07952350178786,21.31075078020512,664150000
2023-02-08,22.131006240844727,22.80176393868283,21.934662201742093,22.312398971746344,559651000
2023-02-09,22.26256561279297,22.943290193315832,22.046289671543487,22.530670219439532,523876000
2023-02-10,21.194137573242188,22.00442812205311,20.74165187678693,21.6177224771655,550737000
2023-02-13,21.71539306640625,21.97452686206653,20.892145442768115,21.46622617453973,474919000
2023-02-14,22.894453048706055,22.972192242637163,21.294800040276197,21.506093473695493,675474000
2023-02-15,22.688138961791992,22.77883530909594,22.032332703371054,22.47385529671558,420575000
2023-02-16,21.928686141967773,22.47485853992091,21.85393529520588,22.059248242228534,412026000
2023-02-17,21.316730499267578,21.66755683538447,20.905106608670902,21.5589207949287,465888000
2023-02-21,20.58617401123047,21.422377090666945,20.54929664883601,20.93002371650124,410015000
2023-02-22,20.684843063354492,21.03367717070481,20.3529525061691,20.6380006960692,513184000
2023-02-23,23.585145950317383,23.808400461151948,22.94827529850247,23.361893340475753,1117995000
2023-02-24,23.208402633666992,23.39577778263142,22.870533495406775,23.147606985640458,589716000
2023-02-27,23.422685623168945,23.800422369181604,23.375843263094975,23.59112307758857,452994000
2023-02-28,23.138635635375977,23.74560738657694,23.128668730813548,23.294115924763044,455963000
2023-03-01,22.622365951538086,23.1785071533375,22.432998534976818,23.11471933360439,460026000
2023-03-02,23.236310958862305,23.302091014748385,22.35725003920354,22.413065090524846,389415000
2023-03-03,23.810388565063477,23.820355469270233,23.052920954283433,23.242288332226597,412393000
2023-03-06,23.475513458251953,24.167199231552658,23.408735379499408,23.81139038959998,437429000
2023-03-07,23.214340209960938,24.04869267419401,23.167487988654617,23.525353628386604,515154000
2023-03-08,24.104516983032227,24.12345789128584,23.349911350313405,23.412711812029624,513573000
2023-03-09,23.361875534057617,24.376655371001526,23.309041767400636,24.09853658284537,501257000
2023-03-10,22.892362594604492,23.55226936391661,22.654118224508185,23.334958480231546,474866000
2023-03-13,22.893354415893555,23.224304976068062,22.226471849250892,22.680032534287367,421890000
2023-03-14,23.986886978149414,24.14239367745541,23.3857936653715,23.42168099679016,474910000
2023-03-15,24.1513671875,24.209182394285897,23.286112651373358,23.685843355775486,524486000
2023-03-16,25.460214614868164,25.507064935559395,23.818422785484607,23.951003432054158,583253000
2023-03-17,25.64362907409668,26.31549691711218,25.586808261666317,25.899816121394398,848547000
2023-03-20,25.818077087402344,25.94168541899632,25.050512165831673,25.533978703666488,432747000
2023-03-21,26.116132736206055,26.30852307379936,25.300721156644958,26.097193730071265,547408000
2023-03-22,26.3842830657959,27.50173767157012,26.154012813178745,26.34141790205971,797295000
2023-03-23,27.104995727539062,27.412022096248382,26.605580921982124,27.02923590014394,564889000
2023-03-24,26.694299697875977,27.081072974576987,26.27164098570789,26.945503450093092,454920000
2023-03-27,26.44708251953125,26.91459893449874,26.28160721288135,26.752114397420495,361026000
2023-03-28,26.32647132873535,26.429146203190093,25.768243007288245,26.363354960629493,356104000
2023-03-29,26.898651123046875,26.992353672026212,26.51287603862916,26.74015553257011,393694000
2023-03-30,27.296388626098633,27.412022850595726,27.016277275445294,27.142876388177367,364516000
2023-03-31,27.68914031982422,27.745959234891043,27.019265008815836,27.054154149877146,433933000
2023-04-03,27.876548767089844,27.911437912375046,27.24953854012971,27.421991687577037,398716000
2023-04-04,27.366165161132812,27.911435879998983,27.220627051021687,27.877543026671038,368592000
2023-04-05,26.795978546142578,26.912607163282487,26.31151565571502,26.74414297141955,515015000
2023-04-06,26.95148468017578,26.994347944342177,26.34341345534257,26.49991646560377,397654000
2023-04-10,27.491762161254883,27.53362912369285,26.584640839135037,26.738153034740918,395279000
2023-04-11,27.08306312561035,27.702099147015957,27.040197966487828,27.63630792496598,314378000
2023-04-12,26.41120147705078,27.381123611004234,26.36434924816712,27.283433994899916,446259000
2023-04-13,26.379295349121094,26.801953999694348,26.24572032443633,26.649438069211914,353615000
2023-04-14,26.673362731933594,26.79796735162646,26.137064342301827,26.420166433717664,395660000
2023-04-17,26.916589736938477,26.920576795384022,26.34938931944914,26.480971754729268,321471000
2023-04-18,27.57948875427246,28.0210883307405,27.270469820475103,27.445913723508724,604812000
2023-04-19,27.8426513671875,27.911433357042885,27.145862963377475,27.27445463520104,358660000
2023-04-20,27.01827049255371,27.94134215983428,26.914599351934957,27.583476516154896,427713000
2023-04-21,27.033222198486328,27.09702084669948,26.637478546679382,26.866750601318966,345103000
2023-04-24,26.956464767456055,27.279439347819814,26.586637967974482,26.927557165010345,339282000
2023-04-25,26.158000946044922,27.160819562060055,26.14205270882257,26.99235347251706,378527000
2023-04-26,26.87073516845703,27.24355272101591,26.620529651196374,26.91659109618502,406337000
2023-04-27,27.139883041381836,27.40803318885761,26.540784192741274,27.27645073990056,377161000
2023-04-28,27.661231994628906,27.670202402547503,26.98537507177856,27.138889210344786,292216000
2023-05-01,28.818557739257812,28.96609033128575,27.692132757184343,27.751942445275365,570329000
2023-05-02,28.120769500732422,28.744790786364405,27.994172302997715,28.58928408497182,402730000
2023-05-03,27.71406364440918,28.277277108700098,27.385107494737166,27.75194355869358,383387000
2023-05-04,27.474821090698242,27.77088065437449,27.153839081492926,27.563538380203276,321850000
2023-05-05,28.58928680419922,28.664048441913906,27.643289040070506,27.73798787503542,361494000
2023-05-08,29.058795928955078,29.127577928802488,28.260330759673817,28.431785713240817,344979000
2023-05-09,28.480632781982422,28.881361734032257,28.360017101599922,28.807596379642145,314869000
2023-05-10,28.793636322021484,29.02091579172388,28.370977656526804,28.91325569457964,369350000
2023-05-11,28.48760414123535,28.858429112011763,28.156655460539202,28.804599067442442,322149000
2023-05-12,28.2503604888916,28.688969297483915,27.957289789783168,28.438761858901234,274222000
2023-05-15,28.861419677734375,28.877369814441632,28.06295457930079,28.4178275338678,293926000
2023-05-16,29.120603561401367,29.77552707200893,28.740809984203587,28.749780393144725,449405000
2023-05-17,30.08254623413086,30.103479719693794,29.336912970483333,29.49042519794485,432535000
2023-05-18,31.577800750732422,31.727325914629347,30.22409635534029,30.313811833941568,748725000
2023-05-19,31.165109634399414,31.48011008821705,30.818210809592202,31.436248639784157,473908000
2023-05-22,31.077390670776367,31.420302459294863,30.582959233506156,30.803258976791746,372000000
2023-05-23,30.5909366607666,31.189039301220525,30.53411773699589,30.901950109855278,356253000
2023-05-24,30.441410064697266,30.510192064798854,29.71172499125114,30.114446491845936,721419000
2023-05-25,37.85986328125,39.35511856314438,36.519116494976174,38.401144963190646,1543911000
2023-05-26,38.822818756103516,39.04610930402264,37.43123418725733,37.77015897004827,714397000
2023-05-30,39.984127044677734,41.80534782144874,39.822640705708025,40.46659728547173,923401000
2023-05-31,37.71432876586914,40.1675430373075,37.70236568816468,39.36309641035941,1002580000
2023-06-01,39.64421081542969,39.92332397878751,38.218733498055144,38.367260487804366,635873000
2023-06-02,39.20261001586914,40.37190020075976,38.934459847678006,39.970174994520356,482731000
2023-06-05,39.04710388183594,39.439854864368684,38.58457081030142,38.78593155134608,396094000
2023-06-06,38.53173828125,39.03613834073106,38.02733822176895,38.70718409484521,388729000
2023-06-07,37.360328674316406,39.37813750275476,37.2416933197928,38.79592485025507,511998000
2023-06-08,38.39216995239258,38.74508691604915,37.390247671514786,37.60857556261879,417772000
2023-06-09,38.651371002197266,39.58948978920315,38.44899302917782,38.917552324899084,427717000
2023-06-12,39.3611946105957,39.40904807873509,38.49983979013749,39.080059763680346,388701000
2023-06-13,40.896484375,40.975245031840466,39.618409221786045,40.06304374400525,613208000
2023-06-14,42.86543655395508,42.868425731448234,40.427914429279454,40.699085309650826,740465000
2023-06-15,42.52249526977539,43.15655089419858,42.018042951563174,42.47165262178882,568622000
2023-06-16,42.56136703491211,43.5872177031006,42.53045985415552,43.31704703395712,655709000
2023-06-20,43.67395782470703,43.85540396507537,42.543428689005886,42.86643864335991,451153000
2023-06-21,42.913291931152344,43.481551381643484,41.9512482252179,43.36789797033513,551603000
2023-06-22,42.89335250854492,43.29312268887753,42.10477246580242,42.12371153008249,417737000
2023-06-23,42.0798454284668,42.678007983073286,41.88643880055925,42.33406622553571,358140000
2023-06-26,40.5076789855957,42.633155713936866,39.97730524543673,42.3310813979573,594322000
2023-06-27,41.74786376953125,41.81166711553178,40.32423568672819,40.6741595987626,462175000
2023-06-28,40.99119567871094,41.716968869927854,40.39402940114142,40.535593222698935,582639000
2023-06-29,40.69709014892578,41.4727094781301,40.47576930987673,41.430838173608656,380514000
2023-06-30,42.17255783081055,42.41980006839875,41.37401012697036,41.552463254955796,501148000
2023-07-03,42.28322219848633,42.76673879586181,42.07286928017555,42.38690406882019,198209000
2023-07-05,42.18751907348633,43.04488443654503,41.95622669958026,42.00607294813804,323618000
2023-07-06,41.97417068481445,42.04993834721711,41.219487041278335,41.7159643183622,303582000
2023-07-07,42.372955322265625,43.08178227500966,42.050945526720156,42.19250935690469,355881000
2023-07-10,42.05093002319336,42.679999688168024,41.52155283823929,42.52647159560561,353908000
2023-07-11,42.27524185180664,42.6271623304336,41.938278668558176,42.35100950902143,298244000
2023-07-12,43.767662048339844,43.800562012799624,42.64610450369037,42.90132167106193,481277000
2023-07-13,45.83631896972656,46.01377191487625,44.35586222212897,44.381783639889846,478204000
2023-07-14,45.329872131347656,47.94085779132301,44.92212322629915,46.44046184420574,772075000
2023-07-17,46.31883239746094,46.353725148743315,45.123503715655524,46.147361621458764,510488000
2023-07-18,47.34867477416992,47.74944513877749,45.59406179064249,46.55810196861849,569164000
2023-07-19,46.932945251464844,47.67167893614477,46.598971255607864,47.31876207580257,427502000
2023-07-20,45.380714416503906,46.942920912803515,44.9241156620399,46.36469382160293,537865000
2023-07-21,44.17341613769531,45.72565485492813,43.965056025974754,45.6478906079313,963769000
2023-07-24,44.475502014160156,44.97098300663618,43.90525353851573,44.594137397549694,382516000
2023-07-25,45.53922653198242,46.04168213917605,44.7855393181674,44.803485791149136,348081000
2023-07-26,45.31291961669922,45.91208233149028,44.49343628066657,45.88017875854229,364237000
2023-07-27,45.759559631347656,47.24998426093751,45.61001707056192,46.376665137451575,455976000
2023-07-28,46.60695266723633,46.883105518604516,46.23908226392985,46.525202843607126,331194000
2023-07-31,46.586021423339844,46.98579544050949,46.36370417166839,46.61094645100851,251055000
2023-08-01,46.364688873291016,46.756487847660445,45.886158126312864,46.31783181066223,237858000
2023-08-02,44.133544921875,45.69973706046443,43.25424373168055,45.69076572472491,530142000
2023-08-03,44.3787841796875,44.97993964791756,43.665971916513115,43.665971916513115,324176000
2023-08-04,44.54328918457031,45.502343664999096,44.257168589781394,44.84735625489334,362666000
2023-08-07,45.27803039550781,45.400655128648054,44.42664342016852,44.97296695444659,322154000
2023-08-08,44.52733612060547,45.10356664242382,43.92119480836412,44.715756986658505,353843000
2023-08-09,42.423797607421875,44.176418044924525,42.005080711454916,44.13853230621531,586449000
2023-08-10,42.25830078125,43.440672654633964,41.70699146291927,42.03099778159967,492705000
2023-08-11,40.7299919128418,41.88943538762121,40.514653222522405,41.62325025169544,533085000
2023-08-14,43.61912536621094,43.66598244053229,40.18765947033582,40.36212325448417,690286000
2023-08-15,43.805545806884766,45.12948515568442,43.5762500445296,44.423651395520004,676512000
2023-08-16,43.35293960571289,44.53830062758481,43.27318256792619,44.38377612065419,527451000
2023-08-17,43.21137619018555,43.927177736442225,42.86942340203336,43.83546018459533,452395000
2023-08-18,43.1665153503418,43.44466100868814,41.53253035360765,42.50454556890945,583768000
2023-08-21,46.82329177856445,46.92099149712555,44.086691857163586,44.35785896625514,692573000
2023-08-22,45.52826690673828,48.03956041703018,45.194292833514275,47.987717576539744,755293000
2023-08-23,46.97183609008789,47.05557870269102,45.06967322504148,45.72566082679112,779046000
2023-08-24,47.01869201660156,50.112198303952155,47.01470644607622,50.062352051208165,1156044000
2023-08-25,45.87718963623047,47.658720291728024,44.8862279220612,46.86814754737519,925341000
2023-08-28,46.69169616699219,46.83625296106333,44.75065488017665,46.33977561628421,685192000
2023-08-29,48.634727478027344,48.93081957760332,46.249048206065815,46.5232082617889,701397000
2023-08-30,49.113250732421875,49.77422013900087,48.27681739594178,48.89392272155759,735206000
2023-08-31,49.203983306884766,49.5917929853516,48.80819868484659,49.22890833319217,528570000
2023-09-01,48.360565185546875,49.64761519313272,47.994687598350154,49.60973326514342,463830000
2023-09-05,48.39945602416992,48.701530322132584,47.7135613998585,48.075449679419506,382653000
2023-09-06,46.92086410522461,48.404432152677344,46.441297415473116,48.29675585100986,468670000
2023-09-07,46.10330581665039,46.20599974475195,45.01754791417301,45.38943829933542,433330000
2023-09-08,45.436302185058594,46.46722371434069,45.13619975911865,45.80520320149125,473069000
2023-09-11,45.04347610473633,46.025539902373815,44.180053643461356,46.010585175997676,473966000
2023-09-12,44.736385345458984,45.53699557699163,44.39839411760551,44.60477844461375,349256000
2023-09-13,45.34955978393555,45.79323440179784,44.37048163678398,44.46719292129203,398355000
2023-09-14,45.44527816772461,45.8500674873585,44.99661733815953,45.81317890696642,370097000
2023-09-15,43.7692756652832,45.46321387121769,43.67754676368698,45.20598272428771,506831000
2023-09-18,43.8350830078125,44.11026214230338,41.87493751856223,42.62071131068282,500271000
2023-09-19,43.39040756225586,43.83507862136541,42.873948499445426,43.702475243933286,373064000
2023-09-20,42.11322021484375,43.772266659114486,42.097269015445136,43.470167525058194,367108000
2023-09-21,40.89486312866211,41.97463849257789,40.85797455001659,41.45917965283468,450736000
2023-09-22,41.48609161376953,41.989588856489306,41.108218612281895,41.448202764506604,479236000
2023-09-25,42.096282958984375,42.40934719385333,41.05439249740193,41.46716126153223,419091000
2023-09-26,41.786197662353516,42.69249125804407,41.53095945617028,41.875929814501234,402282000
2023-09-27,42.34154510498047,42.74434528199303,41.50504642848328,42.203959332525116,444935000
2023-09-28,42.960689544677734,43.316624912259975,41.989590912054574,42.333560978932496,424663000
2023-09-29,43.36947250366211,44.01255232767132,43.178042888017536,43.696494927606466,397830000
2023-10-02,44.64865493774414,45.04048245716081,43.73039595276652,43.898891446595,433298000
2023-10-03,43.38741683959961,44.995616545503985,43.11722389309479,44.67457296774722,470850000
2023-10-04,43.90986633300781,44.011563810122595,43.16309596606888,43.6117568317649,361821000
2023-10-05,44.554931640625,44.7663021604217,43.75731457253386,43.918830935362585,393483000
2023-10-06,45.625736236572266,45.65265626506475,43.89490543600504,44.061407980133865,434436000
2023-10-09,45.138187408447266,45.46919952767431,44.235883483851424,44.708471059532506,409675000
2023-10-10,45.6616325378418,46.121258407060864,44.95374754155894,45.17508663765547,368582000
2023-10-11,46.666622161865234,46.71946573957931,45.91287284021887,46.05843799423147,378137000
2023-10-12,46.805206298828125,47.46723049196412,46.1920397832419,46.63770730152995,481325000
2023-10-13,45.325626373291016,46.97570075879303,45.14516559213605,46.82016325151491,474115000
2023-10-16,45.957740783691406,46.0873509348349,44.778261024252274,44.92881235422657,375099000
2023-10-17,43.807167053222656,44.620739164515385,42.35350830716708,43.86898271179327,812333000
2023-10-18,42.070350646972656,43.090307040885016,41.700456999229225,42.464174898094846,627294000
2023-10-19,41.97563552856445,43.16807328895168,41.75728589082115,42.683520414055806,501233000
2023-10-20,41.263763427734375,42.34353877331354,40.95568161669413,41.76526400722088,477266000
2023-10-23,42.8470344543457,43.119224175669935,40.82308027803106,41.10623502417962,478530000
2023-10-24,43.532981872558594,43.5668810255137,42.56387990123347,42.9487282788918,401463000
2023-10-25,41.65459442138672,43.52002535417708,41.43126239759443,43.26877302407248,398379000
2023-10-26,40.2059211730957,42.13017450154096,39.7612500826686,41.7283746394427,541001000
2023-10-27,40.3794059753418,41.08330504631517,39.895849517473295,41.00753113322634,416784000
2023-10-30,41.03843688964844,41.64163496442114,40.36046137678986,40.96465972958588,388028000
2023-10-31,40.658565521240234,40.757273552176585,39.11318181784756,40.329550161466386,517969000
2023-11-01,42.198974609375,42.2548076213784,40.74730869060931,40.762263418347544,437593000
2023-11-02,43.37644958496094,43.75332234424489,42.76627246802236,43.19897822868172,409172000
2023-11-03,44.87099075317383,45.17408258825645,43.59280664299351,43.88892315557369,424610000
2023-11-06,45.61476516723633,45.798219181155844,44.765301009531704,45.15015318659169,400733000
2023-11-07,45.81816482543945,46.08037839216094,45.02353711440928,45.582867485335434,343165000
2023-11-08,46.4353141784668,46.727440958659734,45.831115913944224,45.96272281654572,346719000
2023-11-09,46.81019592285156,48.08638320008785,46.610790709948866,47.32565472798377,540496000
2023-11-10,48.191070556640625,48.32766364227746,47.14220498356334,47.35855787314543,421245000
2023-11-13,48.4752197265625,48.96974494304787,47.9557712363459,48.176113818422,384136000
2023-11-14,49.508140563964844,49.68561194374708,48.89397746750015,49.5320711696309,416954000
2023-11-15,48.7424201965332,49.81122656013526,48.0564692193451,49.786303287958084,475497000
2023-11-16,49.332672119140625,49.377540108718016,48.18609854298166,48.53405841671702,339756000
2023-11-17,49.15121078491211,49.568961894077866,48.86107690035848,49.37653577909823,325205000
2023-11-20,50.25889587402344,50.39748190834169,49.0345518906684,49.16516232495467,414120000
2023-11-21,49.7952766418457,50.366568411025234,49.07542649691953,49.97673388984551,565747000
2023-11-22,48.5709342956543,50.18511275994757,47.54798851961098,49.70355312493224,899420000
2023-11-24,47.63373565673828,48.77532658141017,47.60282592861512,48.325669336815935,294645000
2023-11-27,48.09834671020508,48.38548731555285,47.510103445888454,47.65766154840481,395662000
2023-11-28,47.67860412597656,48.17911204503058,47.33164078012809,48.09236930689928,401491000
2023-11-29,47.99665451049805,48.616804044774916,47.71748947427739,48.23494506927642,382005000
2023-11-30,46.6307258605957,47.966735677933855,46.28376258247159,47.880989431191615,526247000
2023-12-01,46.62574005126953,47.059446054000745,46.049462133229746,46.38645686608777,369317000
2023-12-04,45.374488830566406,45.939801883597575,44.87597761870049,45.939801883597575,437543000
2023-12-05,46.431419372558594,46.46531769952222,45.14016013303565,45.33459625037478,371718000
2023-12-06,45.37149429321289,47.25005219470193,45.280757679582,47.07854839373765,380590000
2023-12-07,46.461334228515625,46.49423979899288,45.47220061553475,45.56792383673814,350823000
2023-12-08,47.36870193481445,47.603023362522045,46.41546362240292,46.46033554439932,359224000
2023-12-11,46.492244720458984,47.39363144924944,45.69755100849952,47.35374994188855,509728000
2023-12-12,47.51927185058594,47.52824471452688,45.912927610504205,45.912927610504205,372387000
2023-12-13,47.94902801513672,48.45356620387965,47.47041566072205,47.49135487990882,447792000
2023-12-14,48.21026611328125,48.52934100326086,47.28495045380948,48.25015142544688,391232000
2023-12-15,48.74869918823242,49.26121358218172,47.980924159413945,48.05471159561218,479948000
2023-12-18,49.932273864746094,50.28724399732617,49.0079548114807,49.25723229515319,412587000
2023-12-19,49.460636138916016,49.556359352120325,48.75368563402241,49.281156065075976,464444000
2023-12-20,47.971954345703125,49.85449831929735,47.95899143016388,49.511490749608875,397894000
2023-12-21,48.84842300415039,48.95311910291898,48.27907021417121,48.66993945324694,300425000
2023-12-22,48.688880920410156,49.24028032151343,48.326927237730985,49.05282392386867,252507000
2023-12-26,49.13658142089844,49.45665286845571,48.81850309781851,48.82647939940057,244200000
2023-12-27,49.2741813659668,49.53642176515991,48.943140137976336,49.36791146455285,233648000
2023-12-28,49.378875732421875,49.73982902864742,49.26919303504833,49.49952822100173,246587000
2023-12-29,49.378875732421875,49.85250521620105,48.610104092310245,49.66903507790819,389293000
2024-01-02,48.028785705566406,49.152527391898126,47.45744371873841,49.10167609887842,411254000
2024-01-03,47.4315185546875,48.044738980527136,47.183237655059315,47.34776169269325,320896000
2024-01-04,47.859283447265625,48.35983153595327,47.3706979086473,47.62894825426151,306535000
2024-01-05,48.955101013183594,49.40380119345811,48.16638677946172,48.321937950337194,415039000
2024-01-08,52.101985931396484,52.1239255155236,49.336004592518634,49.36891016503661,642510000
2024-01-09,52.98643112182617,54.168007982314144,51.54062068835723,52.24956832611932,773100000
2024-01-10,54.192928314208984,54.442205820352854,53.334416522190715,53.4610522035269,533796000
2024-01-11,54.66355895996094,55.186046630349715,53.40520900250216,54.84004936433209,596759000
2024-01-12,54.551883697509766,54.81113441098262,54.172984660391826,54.4621436511034,352994000
2024-01-16,56.21905517578125,56.670745116790805,54.74133972907017,54.8589987377964,449580000
2024-01-17,55.89100646972656,56.3077977062965,54.581801354818275,56.18415552246115,474394000
2024-01-18,56.941959381103516,57.43353464294008,55.94484937824919,57.094517089822695,491650000
2024-01-19,59.31906509399414,59.32803795704181,57.05961145486245,57.82140334356974,543501000
2024-01-22,59.481590270996094,60.15663558634229,58.899278484252385,59.87544911784603,452955000
2024-01-23,59.69996643066406,59.736858252012084,58.41568677878363,59.39784070948938,294654000
2024-01-24,61.18465805053711,62.667360005652704,59.76477374613349,60.12971710051197,560271000
2024-01-25,61.43891906738281,62.53773532424112,60.67413370207847,62.16979849805745,482777000
2024-01-26,60.854618072509766,61.60444749366959,60.39794531790314,60.78382411519858,390309000
2024-01-29,62.28446960449219,62.308398507444245,60.730973730437555,61.055031402652325,348733000
2024-01-30,62.59257888793945,63.309502714007664,62.08006442941247,62.71821799882993,410735000
2024-01-31,61.349185943603516,62.08904212424609,60.52457632784889,61.262435580323725,453795000
2024-02-01,62.8448486328125,63.0083761236307,61.47182934048774,61.92052577068121,369146000
2024-02-02,65.96879577636719,66.40751896695984,63.50592925992764,63.789108872006786,476578000
2024-02-05,69.13163757324219,69.2961616511714,67.010785504722,68.02783445051155,680078000
2024-02-06,68.02584075927734,69.552414531284,66.10840153882174,69.42877233327619,683111000
2024-02-07,69.89640808105469,70.01706057362387,67.40462981569888,68.12155362100862,495575000
2024-02-08,69.4397201538086,70.58938759388047,69.25426071915464,69.87146734419171,414422000
2024-02-09,71.92454528808594,71.97638935285751,70.00909157292358,70.32916305952648,436637000
2024-02-12,72.03919982910156,74.39536957580593,71.0440830164451,72.39017991002451,613710000
2024-02-13,71.9195556640625,73.2377338167756,69.41880791459157,70.19655257557241,602580000
2024-02-14,73.68643188476562,74.02145939035373,71.7301040369102,72.99045103936953,504917000
2024-02-15,72.447998046875,73.76119293905592,72.19074811074873,73.655504112388,420122000
2024-02-16,72.40313720703125,74.18696820662582,72.29146138961607,73.88583908151942,495327000
2024-02-20,69.25128173828125,71.74804279084927,67.53824458047887,71.73906612377016,704833000
2024-02-21,67.27700805664062,68.68891622407938,66.05654635382845,67.8094614044966,673755000
2024-02-22,78.31102752685547,78.34791554573746,74.00550573707999,74.80817959484354,865100000
2024-02-23,78.58921813964844,82.15587637734276,77.3458203592003,80.55651569183838,829388000
2024-02-26,78.8634262084961,80.41293598535317,78.27811704521838,79.46966317926245,503973000
2024-02-27,78.47354125976562,79.25029679601072,76.9389952975712,79.151576284054,391705000
2024-02-28,77.43855285644531,78.7048791588161,76.90210568945557,77.39567785845682,393110000
2024-02-29,78.88335418701172,79.7588149945745,78.12355544458728,78.86540846143546,507289000
2024-03-01,82.04120635986328,82.06214938054762,79.20542398518815,79.76879352380037,479135000
2024-03-04,84.99064636230469,87.4415423994426,83.47703595857622,83.88684357717052,615616000
2024-03-05,85.7195816040039,85.85220668028344,83.17982622827054,85.02755456111447,520639000
2024-03-06,88.44780731201172,89.46889796984821,86.78255724053227,87.7717411927185,582520000
2024-03-07,92.40550994873047,92.50323087612081,89.34722911034507,89.90164797406622,608119000
2024-03-08,87.27912902832031,97.12306133342042,86.26003174516178,94.86749190765931,1142269000
2024-03-11,85.53012084960938,88.54452056286361,83.92669117198699,86.18325727083518,678364000
2024-03-12,91.65167999267578,91.69854344348778,85.90506455225947,87.79866748859284,668075000
2024-03-13,90.62957763671875,91.24382347923168,88.18354935724443,90.7961026211969,635713000
2024-03-14,87.6939468383789,90.3882676423802,86.35376650266996,89.32230691373881,602318000
2024-03-15,87.5872573852539,89.29139794365639,86.01175546714047,86.68283850567245,642086000
2024-03-18,88.20348358154297,92.14224887190903,86.83737638281593,90.13098583462606,668976000
2024-03-19,89.14381408691406,90.28655172899164,84.7682901573293,86.4534797466604,672171000
2024-03-20,90.11505126953125,90.15294523438696,87.97215934887909,89.54168157483528,479063000
2024-03-21,91.17501831054688,92.38457441104313,90.14794815065484,92.03756431354115,480372000
2024-03-22,94.02091217041016,94.50852022791372,90.57573384993215,90.88186017417289,586719000
2024-03-25,94.73187255859375,96.49085678359809,93.24411810029538,93.67389236206901,552136000
2024-03-26,92.29782104492188,96.10097979295517,92.23899068459922,95.57846759747075,513648000
2024-03-27,89.99339294433594,92.97488937266765,88.8695984293379,92.84725495724012,586067000
2024-03-28,90.09908294677734,91.04039900388202,88.93938783317,89.74409240385702,435212000
2024-04-01,90.10606384277344,91.96276900754945,88.95036271273993,90.04225044370871,452441000
2024-04-02,89.1976547241211,89.8378275505344,87.37086312159137,88.19650409145588,433064000
2024-04-03,88.71105194091797,90.11704664082849,88.14866014711569,88.23242095077572,370067000
2024-04-04,85.66073608398438,90.3762935173085,85.63580564756691,90.14893737073052,434965000
2024-04-05,87.75777435302734,88.22942906906539,85.68169327218381,86.61901544259366,399678000
2024-04-08,86.88526153564453,88.57743512523471,86.4854007087341,88.44779987998065,283220000
2024-04-09,85.1113052368164,87.38582540473588,82.7859427996773,87.19337337953033,501700000
2024-04-10,86.79151916503906,87.15149277673736,83.47098569296867,83.68737154662665,431929000
2024-04-11,90.35834503173828,90.48099639616545,86.6788421374309,87.17143320524475,431637000
2024-04-12,87.93525695800781,89.91860764142923,87.28112393379013,89.44395551817271,426805000
2024-04-15,85.75647735595703,90.35536381330797,85.6846834695675,88.84467194132365,443077000
2024-04-16,87.16646575927734,87.86746232886081,85.81930894271287,86.18725549413733,370453000
2024-04-17,83.79605865478516,88.52257881551526,83.71129364888468,88.08881052064652,495400000
2024-04-18,84.43025207519531,85.94493790164843,82.16770633584548,84.72840551757585,447260000
2024-04-19,75.98334503173828,84.08424741361141,75.3910397359179,82.91358934859076,875198000
2024-04-22,79.2918930053711,79.84531519991498,76.18276262788012,77.88191217028987,596341000
2024-04-23,82.18865203857422,82.53366896329221,80.03579390039872,80.53935534918725,438559000
2024-04-24,79.45045471191406,83.84292866853282,78.95785602564062,83.71130021339918,512208000
2024-04-25,82.39704895019531,83.086078448213,78.0005812476897,78.64374391515038,424641000
2024-04-26,87.48555755615234,88.0798637130723,83.14991996305922,83.5796943254643,551011000
2024-04-29,87.50747680664062,87.74180161200195,85.02355474971789,87.34593487887717,388971000
2024-04-30,86.15634155273438,88.56646933597486,86.05463417701857,86.99195638809022,363709000
2024-05-01,82.80488586425781,85.75547203094351,81.02396098069623,84.83509991070004,559863000
2024-05-02,85.572998046875,85.99180203592717,82.96343457532701,84.20888384405981,377898000
2024-05-03,88.53654479980469,89.0271426544853,86.79251724081982,87.53938813243457,398341000
2024-05-06,91.87802124023438,91.95779560513117,88.80179361610953,89.13584021044993,376203000
2024-05-07,90.29652404785156,91.52003263915564,88.75791206874568,90.8389759868272,437342000
2024-05-08,90.1549301147461,90.93470430679172,89.1657463302182,89.22857072950318,325721000
2024-05-09,88.49466705322266,90.81305333122494,87.9801353538175,90.27159797496299,378013000
2024-05-10,89.62244415283203,91.14111635473476,88.97329419694542,90.04823199188911,335325000
2024-05-13,90.14197540283203,90.73927132421963,88.27728953555432,90.22074555223655,289680000
2024-05-14,91.09625244140625,91.39041184902159,88.68113417048747,89.34424430460986,296507000
2024-05-15,94.3609390258789,94.59228164011105,91.3385587292716,92.20907765380471,417735000
2024-05-16,94.09070587158203,95.54655367350442,93.8354294469824,94.64014168326462,323952000
2024-05-17,92.21604919433594,94.47062203748345,91.5449662156453,94.10068232469492,359691000
2024-05-20,94.51050567626953,94.92930964167746,93.17431942252952,93.48343554827802,318764000
2024-05-21,95.11479949951172,95.12875963376091,92.9150703346718,93.33287775310836,328946000
2024-05-22,94.68002319335938,95.74698053068366,92.98386328100148,95.18757861855156,548648000
2024-05-23,103.50387573242188,106.01770397120008,101.23134859062449,101.73790743867507,835065000
2024-05-24,106.16627502441406,106.1722546778935,102.70713677897801,104.15201429523188,429494000
2024-05-28,113.57714080810547,114.61219142145016,109.57056763172464,109.93054124400538,652728000
2024-05-29,114.49851989746094,115.16362326202471,110.58568085733936,112.7285727659483,557442000
2024-05-30,110.18582153320312,115.4896985615827,109.35120333690087,114.32402359196342,484553000
2024-05-31,109.32127380371094,112.39650442248492,106.63593026291203,112.20005836251356,613263000
2024-06-03,114.67301940917969,114.67301940917969,111.68453916444382,113.29794252397816,438392000
2024-06-04,116.10594177246094,116.26848033786769,113.72074443192332,115.38699866419654,403324000
2024-06-05,122.09187316894531,122.10084264977675,117.13400975669744,118.03444216742467,528402000
2024-06-06,120.65396881103516,125.22991785379394,117.98358173920542,123.69529221491227,664696000
2024-06-07,120.54429626464844,121.34601121410144,117.6864474461413,119.42947108598517,412386000
2024-06-10,121.4437255859375,122.74999853797115,116.67731737762591,120.02776477909312,313434100
2024-06-11,120.57613372802734,122.53072064853247,118.41211998717576,121.43375200225071,222551200
2024-06-12,124.8542709350586,126.5296321042774,122.23153612962203,122.72018091821553,299595000
2024-06-13,129.25210571289062,129.4415834964467,126.80887399420205,129.0327119863157,260704500
2024-06-14,131.51585388183594,132.47319457988985,127.96568629462858,129.60115726907208,309320400
2024-06-17,130.61830139160156,133.36070741193845,129.22217350427294,132.62276062148734,288504400
2024-06-18,135.2056121826172,135.95354113797538,130.3291160023479,130.7778703322321,294335100
2024-06-20,130.4188690185547,140.3713064535189,129.16235380151105,139.41396587386305,517768400
2024-06-21,126.22049713134766,130.269291272292,123.9567687165166,126.76898143871918,649445800
2024-06-24,117.78384399414062,124.11630717061917,117.71403760101381,122.89967494041525,476060900
2024-06-25,125.74180603027344,126.1506774907381,118.99050434542877,120.86531009404065,414192600
2024-06-26,126.05096435546875,127.76620840809865,122.26145451808375,125.7817056647018,362975900
2024-06-27,123.64762115478516,126.0609445300648,122.58057607711103,123.75731801767638,252571700
2024-06-28,123.19886779785156,127.35735127952529,122.41104832536521,124.23599694106169,315516700
2024-07-01,123.9567642211914,124.49526638375627,118.50186772113265,123.12905433583957,284885500
2024-07-02,122.33126068115234,123.06922274393042,120.69578993975959,120.79551228090267,218374000
2024-07-03,127.92576599121094,127.92576599121094,121.02487672675784,121.32405134915433,215749000
2024-07-05,125.48252868652344,128.49419337092286,125.33294138222224,127.02824387543221,214176700
2024-07-08,127.84597778320312,130.40888813496693,126.68918503314605,127.13793933281039,237677300
2024-07-09,131.01722717285156,133.45049207075732,128.29475452643044,129.99007251430768,285366600
2024-07-10,134.5374755859375,134.72695337207693,132.0543457649315,133.6599006676726,248978600
2024-07-11,127.0482177734375,135.7740491933907,126.69918573397183,135.37515978161727,374782700
2024-07-12,128.8831329345703,131.5557253023775,126.86870653322082,127.90582806874107,252680500
2024-07-15,128.08534240722656,131.02719355977734,126.82881950170466,130.19948360408995,208326200
2024-07-16,126.01106262207031,128.6836546073769,124.23597923680788,128.08532061289833,214769500
2024-07-17,117.66417694091797,121.51351843622722,116.39768730256174,121.01489915039261,390086200
2024-07-18,120.755615234375,122.062002939552,116.23812571295703,121.51351868069985,320979500
2024-07-19,117.60436248779297,121.26422676213605,117.04591123957188,120.0176783628371,217223800
2024-07-22,123.19886779785156,123.72740308245356,119.52902914046476,120.01767396475167,258068900
2024-07-23,122.25147247314453,124.34567955387372,121.76282770486009,122.44095023584373,173911000
2024-07-24,113.93452453613281,119.61878223552345,113.12676360209511,118.84093724595712,327776900
2024-07-25,111.96994018554688,116.30792624049836,106.00645807651574,112.72784359363192,460067000
2024-07-26,112.74778747558594,115.8791158985684,111.27187868948438,115.86914899111223,293399100
2024-07-29,111.2818603515625,115.95891218291776,110.99266783046404,113.3760676606231,248152100
2024-07-30,103.44356536865234,111.68075088933978,102.2568489765504,111.21204752075072,486833300
2024-07-31,116.69685363769531,118.01320824039244,110.57380945153913,112.58823561538453,473174200
2024-08-01,108.9084243774414,119.82819139029307,106.51505026446524,117.20544905631927,523462300
2024-08-02,106.97378540039062,108.41978599115991,101.09008352011347,103.47348325737674,482027500
2024-08-05,100.17262268066406,103.12445587816262,90.43957861096249,91.80579073756999,552842400
2024-08-06,103.96212005615234,107.41256456659957,100.27234042123098,103.55324859386288,409012100
2024-08-07,98.63687133789062,108.49956025923653,98.41747763354093,107.51228858966286,411440400
2024-08-08,104.68013000488281,105.20866520993226,97.25069837056012,101.71833034514779,391910000
2024-08-09,104.46075439453125,106.30564447792429,103.14439960768745,105.34829623370402,290844200
2024-08-12,108.71896362304688,110.7633060746513,105.96659019039194,106.02642207987165,325559900
2024-08-13,115.81929779052734,115.90905322658823,111.27189191883488,112.1295177782614,312646700
2024-08-14,117.75393676757812,118.2724974965541,113.75500781546704,118.20269109826258,339246400
2024-08-15,122.52074432373047,122.89969228155606,117.1456284695593,118.43206727440648,318086700
2024-08-16,124.2359848022461,124.6548231821397,120.84537209002657,121.60327554530542,302589900
2024-08-19,129.64102172851562,129.64102172851562,123.07918972579691,123.93681555512863,318333600
2024-08-20,126.89862060546875,129.52136317375601,125.54237540722741,128.04543898793298,300087400
2024-08-21,128.14515686035156,128.9928157355832,126.31024153473705,126.9684150377678,257883600
2024-08-22,123.39830780029297,130.38895283197962,122.7600756761678,129.66097288180268,376189100
2024-08-23,129.0127410888672,129.24211690201355,124.87420736161047,125.51243939894613,323230300
2024-08-26,126.11080169677734,130.8975427630235,124.0265765218376,129.21222218734667,331964700
2024-08-27,127.94571685791016,128.843225521312,123.5379164141598,124.70469137157046,303134600
2024-08-28,125.26314544677734,127.97563574905244,122.30134548595971,127.76620894054898,448101100
2024-08-29,117.26528930664062,124.0864056350864,116.38772203285157,121.02488328117458,453023300
2024-08-30,119.04039001464844,121.41381545455678,116.89632522212213,119.1999442552193,333751600
2024-09-03,107.70176696777344,115.8890948214911,106.99372848681783,115.68965014821475,477155100
2024-09-04,105.91670227050781,112.9572037853356,103.83247741620994,105.11891601969701,372470300
2024-09-05,106.91395568847656,109.34722045042044,104.47072401794104,104.70008464878364,306850700
2024-09-06,102.54605865478516,107.85136830211154,100.67124500554577,107.74167143504636,413638100
2024-09-09,106.17599487304688,106.25577578698045,103.4036727846321,104.59038154400555,273912000
2024-09-10,107.8014907836914,109.09790400275718,104.66018768236026,107.5122906776436,268283700
2024-09-11,116.58717346191406,116.86639906475774,107.12337325723898,109.0879346022382,441422400
2024-09-12,118.82118225097656,120.46676839354188,115.07124183313299,116.52733397843357,366052700
2024-09-13,118.7812728881836,119.63897203588232,117.28528706438033,118.76132975848293,238358300
2024-09-16,116.46749114990234,117.8637462195167,114.05396898625607,116.47746652004345,248772300
2024-09-17,115.28067779541016,118.48209453930119,114.52271703198278,117.85377554798693,231925900
2024-09-18,113.06661987304688,117.38502682895009,112.91701975753097,115.57987289959789,310318900
2024-09-19,117.55457305908203,119.3397837869768,116.93622949013678,117.03596036023049,293506400
2024-09-20,115.6895751953125,118.30256661567998,115.08120699289479,116.74673611998301,382462400
2024-09-23,115.94888305664062,116.67692526968904,114.55262802291854,116.23810791147417,206228500
2024-09-24,120.54654693603516,121.47405850127808,115.07123304654733,116.20818172536411,354966800
2024-09-25,123.17947387695312,124.60564732192762,121.28455699350084,121.69345582540069,284692900
2024-09-26,123.70805358886719,127.32833649308198,121.47405025345233,126.46066959704271,302582900
2024-09-27,121.07511901855469,123.69807805046355,118.9408465511356,123.63824105329503,271009200
2024-09-30,121.11502838134766,121.1748653861715,117.83383152489164,117.99339940741461,226553700
2024-10-01,116.6868896484375,122.11233379004094,115.4801287113044,121.4441210323085,302094500
2024-10-02,118.53194427490234,119.06052472572213,114.83187351018621,116.12839762685847,221845900
2024-10-03,122.52124786376953,124.0272091849403,120.01796257527629,120.59641230247804,277118000
2024-10-04,124.58570098876953,124.70538259718006,121.50397375972977,124.6056517279934,243678100
2024-10-07,127.37820434570312,130.2903881845544,124.61561299835192,124.65550686574433,346250200
2024-10-08,132.5343780517578,133.1227955252644,129.07366275536995,129.9114112143918,285722500
2024-10-09,132.29501342773438,134.16001952786942,131.02842299164354,133.75111306364067,246191600
2024-10-10,134.44923400878906,134.63872798675436,130.64943234270237,131.55700075403345,242311300
2024-10-11,134.43927001953125,135.4166432187145,133.30232133780012,133.6513755856735,170209500
2024-10-14,137.70054626464844,139.22645092545358,135.93527834055612,136.10482161198357,232347700
2024-10-15,131.24783325195312,138.1991821543322,128.3954862474048,137.50104323972985,377831000
2024-10-16,135.3568115234375,136.25439701653355,131.22789086287455,133.62146232310147,264879700
2024-10-17,136.56358337402344,140.5129935540953,136.5037463621669,138.9671381366491,306435900
2024-10-18,137.63070678710938,138.52829226592988,136.9126323168706,138.2989120156457,176090200
2024-10-21,143.325439453125,143.325439453125,137.63071268872676,137.76036967912168,264554500
2024-10-22,143.20571899414062,144.0334995639161,141.40056537364666,142.5275461232614,226311600
2024-10-23,139.1865234375,142.04883820987033,137.09215234233463,141.649914730207,285930000
2024-10-24,140.0342559814453,140.9717429059513,138.08947737101022,140.44316244306268,172354900
2024-10-25,141.16122436523438,143.74430494634163,140.4232143860229,140.55285615055817,205122100
2024-10-28,140.14398193359375,142.75696611524302,139.6752384054106,142.6173413548028,173586700
2024-10-29,140.8719940185547,141.87928563006452,138.5282768804448,139.91455642525435,157593600
2024-10-30,138.9671173095703,139.9544735111022,136.4438889013892,139.16657905851807,179418100
2024-10-31,132.4047088623047,137.2417356225259,131.7564544469141,137.23176786248834,270039600
2024-11-01,135.0376434326172,136.94253564166783,134.2098780275083,134.33951978002003,207127800
2024-11-04,135.68592834472656,138.58814473225323,135.207217103038,136.84282779526694,187528200
2024-11-05,139.53558349609375,139.99434394500742,136.9624861371184,137.0821601293647,160537400
2024-11-06,145.22032165527344,146.09797148430005,141.58009580907174,142.577419626437,242043900
2024-11-07,148.48158264160156,148.53143666074,145.77882825788768,145.9982407267333,207323300
2024-11-08,147.23492431640625,149.3691967390222,145.868580298605,148.3718728926044,175665800
2024-11-11,144.8712615966797,148.4516658981078,143.18579701946294,148.2821074463959,182325600
2024-11-12,147.8931427001953,149.2495037052901,145.61924560605905,146.3871892091523,198634700
2024-11-13,145.8785858154297,148.93039482211316,145.50956558703103,148.67109606044525,191903300
2024-11-14,146.3672637939453,148.60127501764129,145.16051028397845,147.24491377788954,194463300
2024-11-15,141.60003662109375,144.85132212671857,139.705127384455,144.48230195229198,250132900
2024-11-18,139.77493286132812,141.1711953957962,136.7829612819808,139.1266784396513,221205300
2024-11-19,146.61659240722656,146.73628163269873,140.61271302151263,140.9418317601378,227834900
2024-11-20,145.4995880126953,147.16511715506326,142.34804073132528,147.0155246522584,309871700
2024-11-21,146.2775115966797,152.48086819347145,140.3234860038813,148.95034787282623,400946600
2024-11-22,141.57012939453125,146.7661937868221,140.72241318136372,145.539474391015,236406200
2024-11-25,135.656005859375,141.66986796819967,135.45654411602544,141.61003096699034,344941900
2024-11-26,136.55360412597656,138.9272401830298,135.30694909062626,137.33151565059862,190287700
2024-11-27,134.97781372070312,136.85278753282546,131.44729379106425,134.64869500572706,226370900
2024-11-29,137.8800506591797,138.97711320730366,135.6859407808891,136.41398308030372,141863200
2024-12-02,138.25904846191406,140.07417045795853,137.45121835469945,138.45851024352928,171682800
2024-12-03,139.88467407226562,140.16392360539365,137.58085781498016,137.89002585394636,164414000
2024-12-04,144.75160217285156,145.39985667412174,139.9145747718299,141.6200054773523,231224300
2024-12-05,144.68177795410156,146.1579148411047,143.57467148409813,144.73165063129176,172621200
2024-12-06,142.06863403320312,145.32012910905055,140.9415752898697,144.2230061514487,188505600
2024-12-09,138.44805908203125,139.58508599383495,136.77244688316378,138.6076455444956,189308600
2024-12-10,134.7178192138672,141.4502189353748,133.44114274667672,138.64753308216282,210020900
2024-12-11,138.94676208496094,139.8045203384501,134.85746151474785,137.00184953896905,184905200
2024-12-12,136.98190307617188,138.07904108019704,135.44592508954074,136.72258646567687,159211400
2024-12-13,133.89996337890625,139.2360201486468,132.19441524956173,138.57773734651352,231514900
2024-12-16,131.65582275390625,134.04955889819416,130.07994062496547,133.8301313094174,237951100
2024-12-17,130.05001831054688,131.24688636654815,126.52922370948323,128.75340490862754,259410300
2024-12-18,128.57388305664062,136.34356467427952,127.94552085179448,133.51097335742298,277444500
2024-12-19,130.33924865722656,133.6805197239663,129.21220544602065,131.41643441707996,209719200
2024-12-20,134.34878540039062,134.92727495716574,127.88568536239204,129.4715360054975,306528600
2024-12-23,139.3058319091797,139.42551415908295,134.76769223262775,135.92467137837366,176053500
2024-12-24,139.8544158935547,141.53002844762267,138.28850193430708,139.63498826590208,105157000
2024-12-26,139.56515502929688,140.48276971800976,137.37089410442982,139.33575896662117,116205600
2024-12-27,136.65274047851562,138.65750913681617,134.35874991156737,138.18873344590025,170582600
2024-12-30,137.13153076171875,139.90428131004603,133.67057680049638,134.4784624698932,167734700
2024-12-31,133.9398651123047,137.71002369221526,133.48107297196478,137.67011945974758,155659200
2025-01-02,137.9493865966797,138.51790776015002,134.2789886408903,135.64541181631114,198247200
2025-01-03,144.0933074951172,144.52217900012494,139.36566117903786,139.64492988439244,229322500
2025-01-06,149.0403594970703,151.76325208073058,147.43457212276107,148.20255341856054,265377400
2025-01-07,139.77459716796875,152.73073241075815,139.6449312609891,152.63098706400407,351782200
2025-01-08,139.7446746826172,143.57465852876186,137.20132056545756,142.20823556727345,227349900
2025-01-10,135.55563354492188,139.55517244006612,133.870037595658,137.09161147098868,207602500
2025-01-13,132.88262939453125,133.14196124495902,129.1723272147668,129.65108668370792,204808900
2025-01-14,131.41644287109375,136.02440701006375,129.71091005586072,135.69526562735138,195590500
2025-01-15,135.88478088378906,136.094224818832,130.9476750631476,133.30152233922777,185217300
2025-01-16,133.22174072265625,138.38822723428095,133.14194748607855,138.2785134363621,209235600
2025-01-17,137.3509521484375,138.13888566634566,135.10681862678206,136.33360735729912,201188800
2025-01-21,140.46279907226562,141.46019165371834,136.7325453387914,138.79715528751996,197749000
2025-01-22,146.6865692138672,147.40467804215123,143.29542449743752,144.28284886721386,237651400
2025-01-23,146.83615112304688,146.8461195709751,143.34527675360425,144.67181084027297,155915500
2025-01-24,142.2481231689453,148.58157206293976,141.5100624088345,147.98313043457708,234657600
2025-01-27,118.1112289428711,128.06520275177593,116.39571246675482,124.47459855123269,818830900
2025-01-28,128.65370178222656,128.66367023130923,115.94691212705192,121.49241361825959,579666400
2025-01-29,123.37747192382812,126.55915701971556,119.7369947161038,126.17017448185184,467120600
2025-01-30,124.32499694824219,124.67408285834512,117.79207196266405,122.77903527699785,392925500
2025-01-31,119.75692749023438,127.51664059137909,118.87922475402188,123.45725307095627,388161100
2025-02-03,116.35584259033203,118.26085879772401,112.71535750831777,114.45081877343719,371235700
2025-02-04,118.34063720703125,120.88398385074507,116.39571701060105,116.65504122535879,256550000
2025-02-05,124.50452423095703,124.67407915232373,120.44513651813745,121.44252915135603,262230800
2025-02-06,128.344482421875,128.43425932928383,124.88353622330139,127.08777312720079,251483600
2025-02-07,129.50143432617188,130.03005111642076,124.6740584360869,128.88305586640928,228186300
2025-02-10,133.22174072265625,134.64800487659767,129.621152724233,129.7508034170435,216989100
2025-02-11,132.45376586914062,134.12937845518158,130.67840791626125,132.23433823730105,178902400
2025-02-12,130.79806518554688,131.89520313508,128.74343886096966,129.68099034166102,160278600
2025-02-13,134.937255859375,136.14410776005724,130.8280026783839,131.2169852346524,197430000
2025-02-14,138.48797607421875,138.8869270481558,135.1467045962306,136.12414513567924,195479600
2025-02-18,139.0365447998047,143.06602007700403,137.57037622357197,140.90167961185236,219176600
2025-02-19,138.86695861816406,140.99140959133538,136.86220509831378,139.1462273109093,167536000
2025-02-20,139.7446746826172,140.2932436442011,136.43332401924008,139.6648814501138,143903600
2025-02-21,134.07948303222656,141.09116717483585,133.68053207054632,139.6748562571626,228217600
2025-02-24,129.94032287597656,138.22865397806314,129.74084737496105,136.20394796569565,251381100
2025-02-25,126.29981231689453,129.86050331592637,124.11552786825385,129.64107574357408,271428700
2025-02-26,130.93772888183594,133.3813382599071,128.15500959573998,129.65109883362112,322553800
2025-02-27,119.83671569824219,134.65796190316433,119.69708135082512,134.647993456564,443175800
2025-02-28,124.59429168701172,124.76384661623277,116.09650940652436,117.71228067710521,389091100
2025-03-03,113.76260375976562,123.37746834229016,111.98724605192426,123.18796891235903,411381400
2025-03-04,115.68757629394531,118.9989197292815,109.82291000037466,110.36150296756519,398163300
2025-03-05,116.99415588378906,117.971596377653,114.2114295961939,117.27342459632162,284337900
2025-03-06,110.2817153930664,115.0492514915792,109.93262945458795,113.23399700198848,321181900
2025-03-07,112.39617919921875,113.18412029909872,107.27955007853643,110.95993136050063,341755500
2025-03-10,106.70105743408203,111.55835424093472,105.18501650973491,109.61344182887889,366487400
2025-03-11,108.47642517089844,111.94734728122161,104.49682307629253,106.71103594468934,354865700
2025-03-12,115.44884490966797,116.46628328215824,112.59603885298675,113.83292501602207,323857500
2025-03-13,115.28924560546875,117.46376184203,113.50374766538481,116.73559490158165,299033100
2025-03-14,121.36392211914062,121.57339292473429,117.85278046649132,118.31162236591584,277593500
2025-03-17,119.22930908203125,122.58085727393843,117.73308248243704,122.43123309193861,255501500
2025-03-18,115.13961791992188,118.72058305537905,114.25185746421572,117.70315237486467,299686900
2025-03-19,117.224365234375,120.1469948780257,115.38899756160431,116.97499413034406,273426200
2025-03-20,118.23181915283203,119.89761619602571,116.17700382075364,116.25680439544837,248829700
2025-03-21,117.4039077758789,117.6931791575635,115.1296446207881,116.64582513098318,266498500
2025-03-24,121.10458374023438,121.91254366285413,119.03978374206928,119.57842622721644,228452500
2025-03-25,120.38639831542969,120.9848874515059,118.6208466122723,120.24675110401866,167447200
2025-03-26,113.47383117675781,118.54104631031402,112.42646947850851,118.43133002412056,293463300
2025-03-27,111.14968872070312,114.1620883069464,110.3816290692769,111.06988814101668,236902100
2025-03-28,109.39411926269531,112.58607411134861,108.79563010676111,111.20954068147716,229872500
2025-03-31,108.10736083984375,110.68087252083329,103.38926370156523,104.86553641067388,299212700
2025-04-01,109.87290954589844,109.92277920039626,106.20216660392524,108.2470050831867,222614000
2025-04-02,110.14222717285156,111.69830803370559,106.52136148952614,107.02010369655069,220601200
2025-04-03,101.5439224243164,105.36428217323731,101.34442096353821,103.24961996040646,338769400
2025-04-04,94.07274627685547,99.87810486868894,91.87828375878296,98.66118035860973,532273800
2025-04-07,97.39436340332031,101.49402435717819,86.40209010889866,87.23997324185012,611041300
2025-04-08,96.05775451660156,105.58372634261488,94.2223791915971,103.54885717389794,476243400
2025-04-09,114.04238891601562,114.81044852614636,97.28464859296416,98.64122793388745,612918300
2025-04-10,107.29939270019531,110.58111717003517,98.9005761841806,109.09486759895934,437812400
2025-04-11,110.65094757080078,111.26939065397997,107.20962934859612,108.22706011361765,313417300
2025-04-14,110.4314956665039,114.00249160148302,108.79562187923341,113.82294410726054,264705000
2025-04-15,111.9177474975586,113.33418114021705,110.22202704858428,110.69084593782598,228966900
2025-04-16,104.22714233398438,106.52135948725393,100.1973044637503,104.2869965726397,397016900
2025-04-17,101.23468780517578,104.20719461222582,99.79831546993584,104.1872406628714,292517500
2025-04-21,96.66622161865234,99.18985605733366,94.80092295909544,98.52153569265882,288501100
2025-04-22,98.64122772216797,99.55891150664588,97.03527729423074,98.53150383378456,241004800
2025-04-23,102.45161437988281,104.53636058197965,101.76334775853866,104.25705857766793,247526000
2025-04-24,106.1622543334961,106.27197821529161,102.85060676252529,103.21967869312851,220815000
2025-04-25,110.73075103759766,111.63845793071249,105.46403435389149,106.58121206849437,251064700
2025-04-28,108.45648193359375,110.09235573735528,105.75329251827114,109.4140660423662,207708500
2025-04-29,108.74574279785156,109.92277466025524,107.16972327513623,107.39914041879526,170444300
2025-04-30,108.64599609375,108.64599609375,103.81817538074749,104.20719367744803,235044600
2025-05-01,111.32923126220703,114.6508560442669,111.02001354244473,112.79553450528941,236121500
2025-05-02,114.21196746826172,115.10970497913567,113.08481279973248,113.8927727544179,190194800
2025-05-05,113.53367614746094,114.38153638068397,112.3765981799359,112.62596928442517,133163200
2025-05-06,113.25439453125,114.4513729240336,110.54123539005728,111.19957883323038,158525600
2025-05-07,116.76553344726562,117.38397657859393,111.99755874213628,112.76562607090563,206758800
2025-05-08,117.07474517822266,118.38144728921775,115.55856464909375,117.95252869863282,198428100
2025-05-09,116.35655975341797,117.9325869721132,114.92017974547274,117.05479580716789,132972200
2025-05-12,122.69058990478516,122.69058990478516,119.97743092665668,121.66318211752383,225023300
2025-05-13,129.6031494140625,130.88991289915035,124.15689275092413,124.66561195964681,330430100
2025-05-14,134.99952697753906,135.09928149974084,131.34873063875938,132.86491109788813,281180800
2025-05-15,134.49081420898438,135.9571173935552,132.32627503661865,133.9521641466833,226632600
2025-05-16,135.05938720703125,136.0070096021913,133.1242801768634,135.87733175434735,226542500
2025-05-19,135.2289581298828,135.52819125301625,132.05695004104146,132.05695004104146,193154600
2025-05-20,134.0419464111328,134.24144022899694,132.28636428496227,133.9521612557517,161514200
2025-05-21,131.46844482421875,137.0543482410567,130.26148202288624,132.72526966841644,270608700
2025-05-22,132.49586486816406,133.91229099864714,131.21908595560456,131.8973680939745,187344000
2025-05-23,130.959716796875,132.3462194682512,128.8350854296202,129.67296865108418,198821300
2025-05-27,135.1591339111328,135.31873506532702,132.9746406768617,133.81252390577552,192953600
2025-05-28,134.4708709716797,136.904735369061,134.45091702175245,135.68780317037033,304021100
2025-05-29,138.83985900878906,143.12904506361895,137.56308016740775,141.8921589021039,369241900
2025-05-30,134.79006958007812,139.26876471984463,132.58562239610197,138.37103486307464,333170900
2025-06-02,137.03440856933594,137.7725372671851,135.05937854437917,135.14916370580715,197663100
2025-06-03,140.86473083496094,141.64276735349586,137.60295298700936,138.4308667634816,225578800
2025-06-04,141.56298828125,142.03180718032695,139.18897047063936,141.83231333868676,167120800
2025-06-05,139.63784790039062,143.63775490128222,138.48076233301106,141.8123566062966,231397900
2025-06-06,141.3634796142578,142.90958336053123,141.1540012092415,142.1514855332369,153986200
2025-06-09,142.27120971679688,144.63524295526028,141.58294302195193,142.8297985646697,185114500
2025-06-10,143.59786987304688,143.92702635161132,141.17397471532814,142.33106034435926,155881900
2025-06-11,142.4805908203125,144.6353103750697,141.52293261104455,144.25623511410478,167694000
2025-06-12,144.64527893066406,144.64527893066406,141.50299102868564,141.62269259555393,162365000
2025-06-13,141.6226806640625,143.22874251056697,140.50542554352353,142.13142750185233,180820600
2025-06-16,144.33602905273438,145.82237413621124,142.84966874779792,142.99931091676874,183133700
2025-06-17,143.7674102783203,144.86472525299953,143.42824573031362,144.13651543605366,139108000
2025-06-18,145.1240997314453,145.2936820241915,142.7698725249477,143.6576946584193,161494100
2025-06-20,143.4980926513672,145.84233449814036,142.30101614416546,145.09416929186932,242956200
2025-06-23,143.81729125976562,144.42579952474293,141.68252730453457,142.15137868352326,154308900
2025-06-24,147.53819274902344,147.59805875973223,145.14406985038545,145.20392063963206,187566100
2025-06-25,153.93251037597656,154.07216728635598,148.8948611020321,148.90484638085596,269146500
2025-06-26,154.64077758789062,156.33661581991106,153.6232685600938,155.59842060814296,198145700
2025-06-27,157.3640899658203,158.32174817747665,154.880175871103,155.65826650868465,263234500
2025-06-30,157.60350036621094,158.27185945851633,155.57846775508057,158.01248577811177,194580300
2025-07-01,152.92498779296875,156.81544119896878,151.1194180014287,155.9076636637482,213143600
2025-07-02,156.86532592773438,157.2144758260153,152.5957971297394,152.60576718743292,171224100
2025-07-03,158.9501953125,160.58618269349765,157.3840439934681,157.98256705200242,143716100
2025-07-07,157.85289001464844,158.92026447090194,156.95508262544374,157.81297934590498,140139000
2025-07-08,159.6085968017578,159.8280598400772,158.00253468758166,158.9402376292259,138133000
2025-07-09,162.48155212402344,164.01777813022636,160.7657585360006,160.8256093227867,183656400
2025-07-10,163.6985626220703,164.0975779997467,161.214648514871,163.91802564623063,167704100
2025-07-11,164.51654052734375,167.47927598463818,163.07009082840767,163.31947923241253,193633300
2025-07-14,163.66864013671875,165.08516454052796,161.62365204151925,164.96544774793,136975800
2025-07-15,170.28240966796875,171.97824787505814,168.78607915204378,170.77121644956358,230627400
2025-07-16,170.9507598876953,171.32983513615645,168.48680121561864,170.64152069930245,158831500
2025-07-17,172.5767822265625,173.7339481189201,170.4120926228971,171.59918390717252,160841100
2025-07-18,171.98822021484375,173.82371518980958,170.8410244393951,173.21520688358655,146456400
2025-07-21,170.9607696533203,172.9558771895842,170.58169435056217,172.32741344479308,123126100
2025-07-22,166.62139892578125,170.97073381366536,164.17739532245605,170.9208530826869,193114300
2025-07-23,170.36221313476562,170.84103463039327,167.55908978070133,169.1152710575868,154082200
2025-07-24,173.3149871826172,173.40476336343244,170.88095369299285,172.01816431437092,128984600
2025-07-25,173.0755615234375,174.29257821699642,172.53688923976992,173.18529303585547,122316800
2025-07-28,176.317626953125,176.56701539294556,173.54442872003753,173.59430945229414,140023500
2025-07-29,175.0806427001953,178.9411858321479,174.5918511336965,177.52466141853475,154077500
2025-07-30,178.83145141601562,179.4499298230835,175.60934208925488,176.07819353379378,174312200
2025-07-31,177.4348907470703,182.8516158332291,175.4996339264178,182.4525851776258,221685400
2025-08-01,173.29502868652344,176.1081221843386,170.47194991004753,173.6641186818972,204529000
2025-08-04,179.55966186523438,179.75916955634796,174.09307197712414,174.7315057215643,148174600
2025-08-05,177.8238983154297,179.81900550487381,175.4696712230272,179.18057181311008,156407600
2025-08-06,178.9810791015625,179.4599006050506,175.81883576850015,175.898641889325,137192300
2025-08-07,180.32777404785156,183.43016644757114,178.36259217804582,181.12581999654523,151878400
2025-08-08,182.25306701660156,182.85160535497593,179.95869034811614,181.10588629308998,123396700
2025-08-11,181.61460876464844,183.39025298215157,179.80903915640334,181.6046387082212,138323200
2025-08-12,182.71192932128906,184.02869221788941,179.0209838780724,182.51242163652668,145485700
2025-08-13,181.14576721191406,183.51994981646104,178.9112567337155,182.1732462738988,179871700
2025-08-14,181.57470703125,182.57226061200618,179.02097229994772,179.31025614092474,129554000
2025-08-15,180.008544921875,181.45499460438234,177.6044370814236,181.43505449173978,156602200
2025-08-18,181.56472778320312,182.49246055927404,180.14820347806383,180.15818875593718,132008000
2025-08-19,175.21034240722656,182.05356183349764,175.06071543129087,181.9837257637527,185229200
2025-08-20,174.97091674804688,175.5694550698242,168.38707131580557,174.74148365399904,215142700
2025-08-21,174.5519256591797,176.46722675550242,173.38478976711397,174.42225404103465,140040900
2025-08-22,177.5545654296875,178.15308843889832,170.78116816439123,172.1877223514448,172789400
2025-08-25,179.37014770507812,181.46501678957617,176.1380831102634,177.91372767003432,163012800
2025-08-26,181.32533264160156,181.94381103857447,178.37256711704984,179.61950918930867,168688200
2025-08-27,181.15574645996094,182.04356858750407,178.6618623689453,181.53480649120215,235518900
2025-08-28,179.72923278808594,184.01871637210735,175.9784366795831,180.3776517699909,281787800
2025-08-29,173.75389099121094,177.714180280125,172.72641192849127,177.67428483075477,243257900
2025-09-02,170.36221313476562,171.9583050821389,166.81092453439402,169.58412249632292,231164900
2025-09-03,170.20260620117188,171.9882358353705,168.46687251736884,170.64153226145447,164424900
2025-09-04,171.2400665283203,171.43957421789176,168.99557077235426,170.15273668191406,141670100
2025-09-05,166.61141967773438,168.61649709218636,163.66863936987482,167.61894341349083,224441400
2025-09-08,167.8982391357422,170.54176523233733,166.94059623139324,167.14010390134433,163769100
2025-09-09,170.34225463867188,170.5617176578999,166.3320999523285,168.6763418810487,157548400
2025-09-10,176.89620971679688,178.851406558282,175.04075911822534,176.20789518840485,226852000
2025-09-11,176.7465362548828,179.84910351407555,176.05818301908454,179.25053151190707,151159300
2025-09-12,177.39501953125,178.17315412234487,176.02828346447401,177.34513598621658,124911000
2025-09-15,177.32516479492188,178.4225418052247,174.0929031464731,175.2501343169162,147061600
2025-09-16,174.46202087402344,177.0757538913052,173.96321593348455,176.5769489507663,140737800
2025-09-17,169.8829803466797,172.78602876073558,168.00748411706098,172.22736966160153,211843800
2025-09-18,175.81875610351562,176.6767011378293,172.54659718713728,173.56414822000986,191763300
2025-09-19,176.24774169921875,177.65437533147113,174.76129744715922,175.34989886544702,237182100
2025-09-22,183.17115783691406,184.10891359634738,174.2924356467209,174.88102184557565,269637000
2025-09-23,178.00352478027344,181.98399370831066,175.78884483629412,181.5350723037516,192559600
2025-09-24,176.54702758789062,179.35030900890538,174.98077271717747,179.34033838980653,143564100
2025-09-25,177.2653045654297,179.82915407834395,172.7162058826927,174.06297010669513,191586700
2025-09-26,177.76409912109375,179.3403244887289,174.51188131329135,177.74414266212372,148573700
2025-09-29,181.41537475585938,183.56023005067578,179.88903275637574,179.99875523700084,193063500
2025-09-30,186.13406372070312,186.90222763381766,181.04624695721463,181.6448190078555,236981000
2025-10-01,186.79248046875,187.6903232769056,183.46045188172369,184.79726069745416,173844900
2025-10-02,188.43853759765625,190.59337868298996,187.6105195355423,189.146847340247,136805800
2025-10-03,187.17156982421875,189.90502650703218,184.93693332773543,188.73782471792558,137596900
2025-10-06,185.09654235839844,186.78250559975277,182.8918329061041,185.0566446584491,157678100
2025-10-07,184.5977325439453,188.6081286768816,183.56022492696124,185.78489078203316,140088000
2025-10-08,188.65802001953125,189.14685437964263,186.0941551173159,186.12409742063042,130168900
2025-10-09,192.10975646972656,194.833227386451,190.60335569438294,191.7705575158363,182997200
2025-10-10,182.72222900390625,195.15243956582322,181.6148814298513,193.04748211324375,268774400
2025-10-13,187.8699188232422,189.6556339904095,185.51555866051012,187.52074924115996,153482800
2025-10-14,179.59971618652344,184.35831986008523,179.2705030798172,184.32839277968645,205641400
2025-10-15,179.4001922607422,184.42813951825556,176.86625456034105,184.35831474003746,214450500
2025-10-16,181.37545776367188,182.84194556906473,179.34034021746592,181.79445210488134,179723300
2025-10-17,182.7821044921875,183.66000615888444,179.32039659193174,179.74936158304564,173135200
2025-10-20,182.20347595214844,184.75735492260156,181.2956472677441,182.69231029505525,128544700
2025-10-21,180.72702026367188,182.35311411361405,179.37027013728058,182.35311411361405,124240200
2025-10-22,179.84912109375,183.0015721983185,176.33752979723928,180.7070662621498,162249600
2025-10-23,181.724609375,182.59252505160657,179.36026373857848,179.98876279946896,111363700
2025-10-24,185.8148193359375,187.02193404421294,183.06142142022418,183.40060514170608,131296700
2025-10-27,191.03233337402344,191.54110896467577,187.9796341631504,189.5359184602369,153452700
2025-10-28,200.54953002929688,202.6644582837766,191.45133202040452,192.58860677151606,297986200
2025-10-29,206.54513549804688,211.68283533037862,204.29054272961417,207.48289118740504,308829600
2025-10-30,202.4050750732422,205.66726375798942,200.9286166610889,204.65966800141675,178864400
2025-10-31,202.0060272216797,207.4729250244422,201.58703290468912,205.95655376605836,179802200
2025-11-03,206.38555908203125,210.83489110171476,205.06870659183733,207.58268802254912,180267300
2025-11-04,198.21511840820312,203.4824975937368,197.4569251230167,202.51481474882632,188919300
2025-11-05,194.74343872070312,202.43500266122365,194.18476438007542,198.29492759193732,171350300
2025-11-06,187.63046264648438,197.14765392942226,185.9345289438528,195.95052515240693,223029800
2025-11-07,187.70028686523438,187.86989393508227,178.48238160939712,184.45805485831954,264942300
2025-11-10,198.5742645263672,199.46213677715232,193.32682642239038,194.6436788693004,198897100
2025-11-11,192.69833374023438,194.9529266552934,190.84277869998112,194.69355355890158,176483300
2025-11-12,193.33680725097656,195.4218083488666,190.673190567689,195.25221648764446,154935300
2025-11-13,186.41339111328125,190.9824463944715,183.41059072037282,190.59337913278358,207423100
2025-11-14,189.71546936035156,190.55345800755302,180.14839424900484,182.42294356130517,186591900
2025-11-17,186.15402221679688,188.54828000089623,183.87947275520656,185.52552307898492,173628900
2025-11-18,180.92654418945312,184.3583249108488,179.22062444838815,182.94172058465782,213598900
2025-11-19,186.07420349121094,187.41099710874653,182.39302051116815,184.3483273978252,247246400
2025-11-20,180.208251953125,195.53154064523628,179.42014682895694,195.4816571057099,343504800
2025-11-21,178.4524688720703,184.11888595894638,172.51667761994415,180.80682891210233,346926200
2025-11-24,182.1136932373047,183.06141961318156,176.0581937395723,179.0610093294625,256618300
2025-11-25,177.39501953125,177.73420328176402,169.14478047484366,174.49197074476177,320600300
2025-11-26,179.8291473388672,182.4728225932506,177.81398638784032,181.1958831941039,183852000
2025-11-28,176.57696533203125,178.86148547381688,176.0781603452176,178.58215589898685,121332800
2025-12-01,179.48995971679688,179.86905632530258,173.26486886531237,174.34228931397226,188131000
2025-12-02,181.02630615234375,185.2162648499111,179.56978894419797,181.32557695606172,182632200
2025-12-03,179.1607666015625,182.01393165685582,178.68191808959097,180.6472109015755,165138000
2025-12-04,182.95188903808594,184.08922700452197,179.53987513877786,181.19598816136636,167364900
2025-12-05,181.98414611816406,184.22889322931675,180.4876480440623,183.4606866221248,143971100
2025-12-08,185.1168212890625,187.5610985176648,181.97416608957425,182.21361127014939,204378100
2025-12-09,184.53817749023438,185.2864265695677,182.89203560496765,185.12679644575,144719700
2025-12-10,183.35096740722656,185.0469957406681,181.61502392815055,184.53819180758595,162785400
2025-12-11,180.50759887695312,180.89670300875093,176.20766331092784,179.85912243695617,182136600
2025-12-12,174.61141967773438,182.39321360477518,174.21234434473615,180.6871989054384,204274900
2025-12-15,175.87843322753906,178.0034654802094,174.6213802569945,177.52459033283526,164775600
2025-12-16,177.3050994873047,178.0733061224419,174.4916756985292,175.84850127733236,148588100
2025-12-17,170.54092407226562,175.71880987812392,169.91239000563186,175.68888113429998,222775500
2025-12-18,173.73345947265625,175.7387615308714,171.41888356310693,174.1225483861358,176096000
2025-12-19,180.56748962402344,181.02640724251643,175.9283357789888,176.25756723043006,324925900
2025-12-22,183.26116943359375,183.73007341419415,181.9243013805983,183.49062822521734,129064400
2025-12-23,188.76829528808594,188.88801027625055,182.47301321780614,182.54285710968043,174873600
2025-12-24,188.169677734375,188.4689804086018,186.154389299292,187.50124372172942,65528500
2025-12-26,190.085205078125,192.240166195598,187.5611125998212,189.47662851874142,139740300
2025-12-29,187.7805938720703,188.31932652162573,185.47598909796272,187.2717899684254,120006100
2025-12-30,187.1021728515625,188.5487999407664,186.49359631469858,187.8005508490403,97687300
2025-12-31,186.06460571289062,190.11512498868174,186.05463453876877,189.12744593978846,120100500
2026-01-02,188.4091339111328,192.47959571470966,187.8204997023152,189.39681300359115,148240500
2026-01-05,187.68081665039062,193.17796293683364,185.7154145267434,191.31231822272787,183529700
2026-01-06,186.80288696289062,191.72137039337454,186.3838692947835,190.07522846701318,176862600
2026-01-07,188.66851806640625,190.9232365533545,186.12446806753155,188.12978540958392,153543200
2026-01-08,184.60801696777344,189.10749810453436,183.28113525242415,188.66852284990722,172457000
2026-01-09,184.42843627929688,185.9049768874807,183.2412119543349,184.64792389684447,131327500
2026-01-12,184.5082550048828,186.6831584288149,182.59273912358015,182.79226917353867,137968500
2026-01-13,185.37620544433594,187.6708389078061,182.97182817799478,184.56809890645206,160128900
2026-01-14,182.71246337890625,184.029389177148,180.37792970729708,183.88971661277398,159586100
2026-01-15,186.6133270263672,189.25713440169068,185.895006678512,186.06460797964908,206188600
2026-01-16,185.7952423095703,189.99542077422674,185.64559857342888,188.63859508159712,187967200
2026-01-20,177.65431213378906,181.95424822676716,177.19537928172147,181.4753578011745,223345300
2026-01-21,182.89202880859375,184.947217101084,177.9835016341843,178.6319932794081,200381000
2026-01-22,184.40847778320312,185.7353746560278,183.5005985718231,184.31869154642928,139636600
2026-01-23,187.23187255859375,189.15737478680413,186.38386606278428,187.06227125943187,142748100
2026-01-26,186.03468322753906,188.6784906596197,185.55580805974404,186.7230748442759,124799600
2026-01-27,188.07989501953125,189.55643562401056,185.2664711415707,186.80288446054914,143711600
2026-01-28,191.0728759765625,191.9009400606663,189.39679023846315,190.82345963399504,148552700
2026-01-29,192.06057739257812,193.0283141326731,185.62563804704834,190.89331059974717,171764400
2026-01-30,190.68380737304688,194.0359639826301,189.0276790286862,190.76362243793778,179489500
2026-02-02,185.1766815185547,189.8557348322644,184.44839001538193,186.7629659025267,165794100
2026-02-03,179.91897583007812,185.8351396091497,175.81857039871747,185.8052108647954,204019600
2026-02-04,173.78335571289062,179.16077214377114,171.50867959294058,179.04105715530034,207014100
2026-02-05,171.47874450683594,176.40721432559468,170.63072277473634,174.52161198787914,206312900
2026-02-06,184.9771728515625,186.5634574188361,174.1924107166939,176.27752805781466,231346200
2026-02-09,189.59632873535156,193.20788788877485,183.5205500126207,183.8298238555102,196387400
2026-02-10,188.099853515625,192.03065816435006,187.68083581715956,190.9332352083219,136764800
2026-02-11,189.6063232421875,192.80882083578368,188.329312674443,192.00071425091673,144192700
2026-02-12,186.5035858154297,193.1580126884611,186.07458174632154,192.5793648877844,189932500
2026-02-13,182.3832244873047,187.0622780376601,181.16607138035295,187.04232046551596,161888000
2026-02-17,184.53817749023438,186.71308084037668,178.76168607280786,181.3256935584433,162276900
2026-02-18,187.5411376953125,189.92555739322245,186.3239846890322,188.3093443160685,164749100
2026-02-19,187.46133422851562,187.9900957055448,185.22657333636724,186.62329889395997,126554500
2026-02-20,189.37686157226562,189.88566546751952,185.5059147845697,186.13444888465776,178422300
2026-02-23,191.10281372070312,193.49720463285962,189.13741163084848,190.9531547742145,171584800
2026-02-24,192.39979553222656,193.31764595479845,186.96250644177093,191.04296985904048,175123600
2026-02-25,195.10345458984375,197.16862939564908,193.33758246616242,193.9960453222018,250637100
2026-02-26,184.4583740234375,193.83642365132246,183.8897126034445,193.81648130196652,360807900
2026-02-27,176.77635192871094,182.16373952566906,175.96824531148394,180.82687141264745,311636500
2026-03-02,182.05398559570312,183.03170868955394,174.23229218389588,174.6014235260267,209095300
2026-03-03,179.62966918945312,180.4776756968921,176.50697142699124,178.07331350693755,178099400
2026-03-04,182.6126708984375,184.26879914121506,179.6396322236537,180.01874995283958,177731200
2026-03-05,182.91197204589844,183.63029235671348,177.46472744924466,180.74703993972415,198779700
2026-03-06,177.40489196777344,182.33334690173646,176.40722643712078,179.4201653790109,189021900
2026-03-09,182.2235870361328,182.48298979408452,175.1501427003192,176.4171820751478,177213600
2026-03-10,184.33863830566406,186.00473767957752,181.58507208744064,181.97416098047233,179118500
2026-03-11,185.60574340820312,187.1921136401388,184.02934488988058,185.4860219488843,145280400
2026-03-12,182.72235107421875,184.51824924312825,181.33552155955923,183.63027948516628,155762700
2026-03-13,179.83892822265625,185.6656060713691,179.5296376335348,184.49827615888313,160988400
2026-03-16,182.8021697998047,188.44926587891726,180.9962999229416,182.55273992235968,217307400
2026-03-17,181.5150909423828,184.97717862722422,181.26566108165355,184.63795767039014,182497800
2026-03-18,179.98858642578125,182.96180140975886,179.91875397930713,182.06384475172882,156683100
2026-03-19,178.1527862548828,179.56954607641802,175.38909905828712,177.60403750119184,170968500
2026-03-20,172.30613708496094,177.85345450506617,171.32837633709812,177.59405294207926,241323500
2026-03-23,175.23944091796875,177.96321071223454,174.36144294367455,176.85574153065542,182836300
2026-03-24,174.80044555664062,175.81812366395545,173.58322660302642,174.4312942297872,147667800
2026-03-25,178.2725067138672,180.8067226806179,176.44669348987364,176.69612335614488,162602100
2026-03-26,170.8494873046875,176.10745794358192,170.74970926821888,175.66847416549638,186152200
2026-03-27,167.13795471191406,170.58008352629554,166.62910808502988,169.61229451028825,196212700
2026-03-30,164.79331970214844,169.0635577295173,163.89537828689438,168.3950875250076,185627000
2026-03-31,174.0022735595703,174.22177306603788,166.57925331681818,166.58922503111532,226181300
2026-04-01,175.3491973876953,176.96549806235143,174.3514779146501,175.59862725595661,168132000
2026-04-02,176.98544311523438,177.0852211444685,170.9791680862979,171.7873183615289,143143200
2026-04-06,177.23487854003906,177.3845303646084,175.35916114415525,176.75597747742694,107564300
2026-04-07,177.69383239746094,177.8235255680002,173.26395579650787,175.32922705160684,132534900
2026-04-08,181.66476440429688,184.83750503722598,179.8888249511496,184.079243714486,147732700
2026-04-09,183.49058532714844,183.6601958045732,180.20807985372045,181.42529878487736,116428500
2026-04-10,188.1998291015625,189.56669990817062,183.87970195572368,183.88967366981893,160459500
2026-04-13,188.87826538085938,189.2274732756209,185.3164148846483,185.605746824658,133648200
2026-04-14,196.0618438720703,196.0618438720703,190.33494396561244,190.40477641072036,161307000
2026-04-15,198.41647338867188,199.94298301571828,195.2936216855987,196.09178511161633,185338400
2026-04-16,197.8976593017578,199.39423847906178,195.36344336942167,196.97974400923295,134012900
2026-04-17,201.2200469970703,201.2400056483541,198.8155547450397,199.44410763257105,160324400
2026-04-20,201.59918212890625,201.70893187328167,197.38880498867078,199.52392392325544,119381400
2026-04-21,199.42417907714844,202.28762917830338,198.54618104306965,201.66904795828867,107945300
2026-04-22,202.03819274902344,202.03819274902344,198.54617460274403,200.53164182940822,107501000
2026-04-23,199.18470764160156,203.3651545152774,196.77022843278436,201.99828375930824,113561800
2026-04-24,207.79502868652344,210.46890943516505,199.35431566144254,199.50398270942756,214134400
2026-04-27,216.1160125732422,216.33551207209098,206.90706623150768,209.17187844164343,187172400
2026-04-28,212.68385314941406,214.2402930542568,207.72518626919629,209.01225288404052,180275400
2026-04-29,208.77279663085938,212.23488436877426,207.10660696252424,212.2149257168926,123711800
2026-04-30,199.11488342285156,209.82040915320695,198.24685712515335,209.45124259423534,225239200
2026-05-01,197.99742126464844,202.5370477944956,196.67045257290908,200.8209691272831,128647000
2026-05-04,198.02734375,201.2699318245734,194.29588290907526,199.04502180842945,125368100
2026-05-05,196.05186462402344,199.7833407086998,195.58293528206713,198.84548202478717,113406600
2026-05-06,207.3560333251953,207.7950323152332,198.15705885791613,199.43413852494058,188362800
2026-05-07,211.01766967773438,213.7115092245668,206.02907228582575,207.86487247229027,168307900
2026-05-08,214.709228515625,217.30330524675068,212.40449895841255,212.5441790763045,136421400
2026-05-11,218.93955993652344,221.79303819063418,213.40221390900197,213.55186573785767,160685800
2026-05-12,220.27650451660156,223.23973257586303,214.42986778297353,218.05159434962442,159176600
2026-05-13,225.3149871826172,227.32039781394542,221.0647077692387,224.41703053540263,150405400
2026-05-14,235.202392578125,236.00055597235212,228.77707677625682,229.32582552778115,180782900
2026-05-15,224.80616760253906,230.9720668751014,223.7286287034134,229.23602944473367,180977600
2026-05-18,221.81300354003906,229.4754818886306,217.8719993892805,229.34577348371204,146280900
2026-05-19,220.1068878173828,223.96805720569674,217.41304835521052,219.11914008419038,140948200
2026-05-20,222.9603729248047,225.61431038954527,219.9971448577806,222.6710257508039,184201600
2026-05-21,219.0093994140625,226.8814055684356,217.43300079554024,221.78305837384474,203381800
2026-05-22,214.83892822265625,220.50596731800164,214.3101381389001,220.39621757095847,169275700
2026-05-26,214.37001037597656,217.68243116855118,211.5165320236786,216.04617181279934,187202600
2026-05-27,212.1151580810547,213.66161102691768,208.30386252985457,213.63168066177133,167601200
2026-05-28,213.76138305664062,215.02849096688144,210.73829446983814,210.79815519844968,143996000
2026-05-29,210.6584930419922,217.36316924965476,210.64852132770383,214.09065053210412,289410600
2026-06-01,223.8483428955078,224.35717434911126,215.20808855445495,215.23801892090273,212850700
2026-06-02,222.3118438720703,231.75026086454594,220.84519513709748,226.66188583823322,193362900
2026-06-03,214.26025390625,222.31185725112735,214.02079575535723,221.2143597561905,160907000
2026-06-04,218.4156036376953,221.35231998810906,210.73419644348996,213.67091279390368,169022200
2026-06-05,204.87075805664062,214.62982678346356,204.10161444712602,214.2902104723603,219655500
2026-06-08,208.40679931640625,210.23475572682116,205.76975069388217,209.94507132882276,138372800
2026-06-09,207.95730590820312,211.16370951624515,199.11719156565087,210.3845825512031,180962500
2026-06-10,200.19598388671875,206.98838641050182,199.696542748819,204.20149632565034,161746600
2026-06-11,204.64100646972656,205.43013200106668,199.31696212361035,201.26479475008583,158643200
2026-06-12,204.96066284179688,206.83856645475237,203.21261880599855,204.6310298517525,112001800
2026-06-15,212.21253967285156,212.47225882321928,208.10713284720606,208.68648640498938,149936700
2026-06-16,207.1781768798828,211.25361840198772,207.05830064217733,210.94395209283806,125694100
2026-06-17,204.42124938964844,208.9761653200819,202.8530121596522,208.29691745433288,128363500
2026-06-18,210.4545135498047,211.1537281092123,206.26919428756833,207.09826842291386,241272000
2026-06-22,208.41677856445312,213.7508214450341,207.48782537372824,211.2036686200953,122041400
2026-06-23,199.81640625,203.54224815949766,199.77645766483005,201.94403040148535,153496200
2026-06-24,198.77757263183594,201.44458647582786,196.36027935647695,199.89631590195674,151810700
2026-06-25,195.52122497558594,200.5755669254449,191.9152592982058,199.85637045714446,149550000
2026-06-26,192.31480407714844,195.33143282930595,191.0062707295152,192.90414096411192,179304100
2026-06-29,194.7520751953125,195.96071419295149,189.58785574691487,193.63333194293918,148835700
2026-06-30,199.86634826660156,200.4057532237791,194.89191886651452,197.0195429632178,166476700
2026-07-01,197.35916137695312,199.62662840490702,193.23377271109229,195.98069896251877,146147600
2026-07-02,194.61224365234375,199.8363939026278,192.1350197738411,196.9196593659626,142068700
2026-07-06,195.33143615722656,197.32920075051607,193.77318221313826,194.20269428466304,108999000
2026-07-07,196.7098846435547,198.18824142626735,190.92636281467173,192.15498377986222,124154600
2026-07-08,203.891845703125,204.93069180759116,194.84197470333905,194.9618356993413,147419100
2026-07-09,202.5533447265625,204.36131918975943,198.73762239526957,204.23147485952867,132037400
2026-07-10,210.72421264648438,210.7641612313501,201.69430829342895,201.7742207048944,148421000
2026-07-13,203.30250549316406,210.33464515051216,202.77309911383117,208.3069001369788,121411000
2026-07-14,211.5632781982422,212.31243993744155,203.57221964678251,207.96729575339148,124379600
2026-07-15,212.26248168945312,213.57101502024952,205.80969553973085,211.7230919717581,124797200
2026-07-16,207.16818237304688,210.84407715298516,205.61992700554663,209.93509060438328,122986100
2026-07-17,202.58331298828125,206.41901728963356,197.74872640584337,202.41350482950477,144281900
2026-07-20,203.05279541015625,207.50781723343968,202.05391309694542,205.63989694335598,88701500
2026-07-21,207.0583038330078,208.4167843613107,203.78197113093626,207.30802440628602,108685600
2026-07-22,211.82298278808594,214.15038042761168,204.72092886821054,205.57996827489498,137645600
2026-07-23,208.5266571044922,210.63429930291466,205.72979894313582,209.22588688656515,110505300
2026-07-24,206.6088104248047,211.6731509810223,204.5810805834776,207.21812923496972,114836800
2026-07-27,196.2903594970703,208.51668459839084,195.22156333884286,207.96729627325774,154353700
2026-07-28,196.789794921875,198.47790843456414,192.52457850774027,194.78204700134697,134111500
2026-07-29,189.79762268066406,196.84974460884015,189.79762268066406,195.63110696844683,147680800
2026-07-30,194.82199096679688,197.02952748682713,191.3059363552755,193.23377181769484,129010200
2026-07-31,200.52561950683594,201.77422236802423,194.73209918257555,198.2182038580375,139961200
2026-08-03,206.40904235839844,208.50670133078404,196.62999113475112,197.46904862701152,128406900
2026-08-04,211.70310974121094,212.82185300096492,208.8163406042335,211.06382570110384,134922000
2026-08-05,218.9749755859375,221.9716224388697,216.15812022814887,216.6176127852948,158187400
2026-08-06,218.7452392578125,223.38005249670454,216.75745800384053,221.28239358061882,113940600
2026-08-07,223.70968627929688,224.50877992471257,220.41337164588714,221.29237770419127,105669400
2026-08-10,217.3068389892578,223.88946943306019,216.5277120448001,223.15029107269072,115846600
2026-08-11,217.25689697265625,221.9516406634887,215.95834695389817,221.92167541427946,101273100
2026-08-12,223.8395233154297,224.84840415873398,219.95387191061064,220.7929293559802,108783600
2026-08-13,225.04818725585938,226.97602279610956,223.45996804263754,224.80845001468583,98867200
2026-08-14,224.90834045410156,227.23573802273873,224.24907448357243,226.51654155338588,75680900
2026-08-17,224.7584991455078,227.66525027466162,224.60867289832842,225.72741618855906,93678700
2026-08-18,219.49440002441406,221.39227027986857,218.44557057093272,220.20359791537197,103128200
2026-08-19,217.31683349609375,222.62089613745684,216.51772459764655,221.4222404106533,96797300
2026-08-20,216.60763549804688,219.6142657707553,215.41896310784705,218.1159423024499,92457000
2026-08-21,214.48001098632812,218.49552214328025,214.26025565862156,218.17587248780362,98869300
2026-08-24,208.24697875976562,215.34903256074918,207.01835779182306,215.28910206110334,135187300
2026-08-25,212.81187438964844,214.48998931653267,209.87515802586688,210.79412790131315,122309000
2026-08-26,209.4256591796875,213.3612577394914,208.99613188036045,212.40232405945306,179900000
2026-08-27,227.7251739501953,230.21239627098788,220.6530857022795,222.61090164325523,298909800
2026-08-28,217.3068389892578,229.00374173344596,216.56766062888835,227.10587153371227,195116400
2026-08-31,220.53323364257812,221.05265670783686,215.96834944345454,218.62536478578363,124702700
2026-09-01,217.1969757080078,220.1636574397174,214.8595947199138,216.50774446342592,109756200
2026-09-02,224.1591796875,227.6952163087265,218.23579974693772,218.5454508199983,157104700
2026-09-03,228.1946563720703,230.14247379152744,224.49879494304554,225.76737972053164,134681600
2026-09-04,230.10252380371094,234.49759976142684,229.37334400327853,230.83170360414334,135352400
2026-09-08,225.47769165039062,233.44878317831424,224.59868561283858,232.84944771666764,122965600
2026-09-09,223.4199981689453,225.92718720955042,223.21024142511232,225.0281992525124,82955500
2026-09-10,218.36000061035156,220.99000549316406,217.1999969482422,220.52999877929688,105768000
2026-09-11,218.2899932861328,222.0,218.14999389648438,221.24000549316406,88804100
