Price,Close,High,Low,Open,Volume
Ticker,QQQ,QQQ,QQQ,QQQ,QQQ
Date,,,,,
2020-01-02,208.08888244628906,208.08888244628906,205.99027304980757,206.39458905704603,30969400
2020-01-03,206.18276977539062,207.4246109553394,205.31638056676368,205.3356379037904,27518900
2020-01-06,207.5113067626953,207.5401854320388,204.3152782799439,204.56556497727038,21655300
2020-01-07,207.4823760986328,208.06960004320752,206.82777350549108,207.58826942270514,22139300
2020-01-08,209.0419158935547,209.99495596195464,207.12622911991602,207.45353046860188,26397300
2020-01-09,210.8131866455078,211.21750259673692,209.58098145441585,210.7650506465186,23547000
2020-01-10,210.2740936279297,211.66032820349986,209.8986563211332,211.64108555426068,21898500
2020-01-13,212.70004272460938,212.72892139275268,210.80359850827728,211.14053588867964,22756900
2020-01-14,211.8625030517578,212.95031503349864,211.53520173144415,212.59412035993765,24418100
2020-01-15,211.9491424560547,212.940682447054,211.25602512597123,211.978021120721,25742100
2020-01-16,213.98036193847656,214.01887661802502,212.5556272651574,213.00807927105038,18805000
2020-01-17,215.0392608642578,215.21253282734727,213.82629836645552,214.94298886984544,24325200
2020-01-21,214.94300842285156,215.4820963868952,214.34616313252403,214.44242044664878,21146300
2020-01-22,215.51100158691406,216.7432069961825,215.24145757170203,216.03084696557093,20736400
2020-01-23,216.2041015625,216.30037356977513,214.38467226174947,215.3858482568453,26496100
2020-01-24,214.3847198486328,217.4459911531301,213.39317964760033,217.21494709781263,37436500
2020-01-27,209.95643615722656,211.09236944455108,209.07077483169581,209.5424841584409,42264400
2020-01-28,213.18133544921875,213.67230209824288,210.88057559990997,211.43892089957654,26731900
2020-01-29,213.52789306640625,214.606068983858,212.58448913863594,214.36540366735215,28924500
2020-01-30,214.2884063720703,214.38466368644922,211.48705852754097,212.15129715965054,39568100
2020-01-31,210.8902587890625,215.21259946021755,210.13936931605676,215.18372079076138,52015800
2020-02-03,214.07662963867188,214.56758162518346,211.7758696650221,211.92026298780607,25408600
2020-02-04,218.97657775878906,219.3520150965256,216.2618657097352,217.00311905979584,30691200
2020-02-05,219.69854736328125,221.65274848752654,218.37970617700938,221.61424850145755,38534800
2020-02-06,221.5950469970703,221.6528043352487,219.46755867686016,220.24731212036508,22467100
2020-02-07,220.64198303222656,221.83568841889965,220.00662300275312,220.60348304061307,25884900
2020-02-10,223.3085479736328,223.3181692987934,219.85259735404267,219.9103546830983,21478900
2020-02-11,223.34698486328125,225.28194297425551,222.75976103537513,224.54068985302013,30198000
2020-02-12,225.5226593017578,225.62855262876883,224.1075460630854,224.66589136104858,24471300
2020-02-13,225.23390197753906,226.15804874919453,223.6840164462156,223.95356047870246,22773200
2020-02-14,225.87887573242188,226.09066242063125,224.82957830659663,225.5900743676775,23438500
2020-02-18,225.9654541015625,226.38902736994686,224.54071967166917,224.7813849660654,24394500
2020-02-19,228.13148498535156,228.6031943398197,227.04368763707714,227.3132316427599,22230500
2020-02-20,226.0135955810547,228.10256862440443,223.22188397395274,227.6308740369332,42604000
2020-02-21,221.67201232910156,225.2723560384982,220.7574870704223,224.8872974103317,66017200
2020-02-24,213.12356567382812,215.87677733464332,212.03575380103447,213.4027309628316,84522600
2020-02-25,207.32833862304688,215.62648818279501,206.72187205360916,214.9141136044042,97743000
2020-02-26,208.3969268798828,212.0550429818306,206.8759201700028,208.61834956856265,79537700
2020-02-27,197.96165466308594,208.33914154282516,197.82688267850665,203.02524744261598,121822600
2020-02-28,198.11569213867188,199.4345333769781,190.77058195419983,191.22303392584632,148173700
2020-03-02,208.33914184570312,208.48354984377673,198.25045625797992,201.08068262730416,112933900
2020-03-03,201.65829467773438,211.41005881468837,199.86774398634094,209.00340544932334,131953500
2020-03-04,210.0719757080078,210.17786905149774,203.47773912232438,205.35494063774132,73086200
2020-03-05,203.68951416015625,208.2814129720825,202.2551581310623,204.74844753449452,78705500
2020-03-06,200.25282287597656,201.34062023865172,195.33362267357404,197.02790140158754,89828400
2020-03-09,186.34237670898438,193.6489733060806,184.93688458324715,186.25572601816444,116424000
2020-03-10,196.4888153076172,196.67172332048196,186.44824945300695,193.60083116102874,100599200
2020-03-11,187.9307403564453,193.25425617585452,185.53370842889754,191.9065362300721,89168800
2020-03-12,170.69911193847656,183.65652505137072,170.33329593718474,175.29099584868476,137820700
2020-03-13,185.15826416015625,187.21835867942104,171.478855812187,180.08504987039206,134882000
2020-03-16,162.97857666015625,177.78429888571935,162.8438046527912,167.64747559955362,92054400
2020-03-17,175.33914184570312,177.5051299343978,163.44064669091188,168.918192252125,121257100
2020-03-18,170.0059814453125,172.5281492023074,160.5718983230018,165.202296553107,114156300
2020-03-19,171.0263671875,176.63868292153603,165.2215221795622,169.1299237270316,120896500
2020-03-20,164.32627868652344,176.04186478188208,163.74869072798472,174.9540675165637,118983900
2020-03-23,164.44493103027344,168.0626036049241,159.1100563308023,164.8886906227027,124639800
2020-03-24,177.1791229248047,177.3431223033954,171.67060740000372,173.56145060791638,94881800
2020-03-25,175.86717224121094,182.82274430846908,173.62903115037722,177.91235896739593,88754900
2020-03-26,185.1283721923828,185.9194437189423,177.13090991327815,177.38172993078925,79887600
2020-03-27,178.7612762451172,183.78742144963604,178.14386067142345,180.33374802416697,58845000
2020-03-30,185.26345825195312,185.6975908318579,179.76459768344893,180.45919214687584,49356900
2020-03-31,183.68128967285156,188.36015209182457,182.52363739279716,184.9547174851546,62659300
2020-04-01,175.87677001953125,181.03798885377915,174.4779395483002,178.24996973899405,53715400
2020-04-02,179.44622802734375,183.39191468551573,174.5840818460189,174.84455843155314,56465300
2020-04-03,176.89938354492188,180.46883272396678,174.89277913043884,179.00246512870046,47487600
2020-04-06,189.54676818847656,190.67548040616995,182.51401830274105,183.75849134675707,64763500
2020-04-07,189.46958923339844,195.50870082071944,189.08370999909098,195.2289258635497,69904500
2020-04-08,193.492431640625,194.07125042343827,189.2476869649236,191.15781397279812,45940400
2020-04-09,193.77220153808594,196.04892419321612,192.0067754575091,195.20962881995843,68252600
2020-04-13,195.86561584472656,196.24185320418985,191.73664671818415,192.94253757804694,42853900
2020-04-14,204.38404846191406,205.0014640471716,199.13600862705067,199.9174236171041,63959600
2020-04-15,202.03977966308594,204.35509904368442,199.81129561551657,201.12330551508464,47036000
2020-04-16,205.7250518798828,206.8055257536864,202.29067587784786,204.22010192126996,64657400
2020-04-17,207.69296264648438,208.86991315910478,204.5962435412494,208.54191441830122,62863200
2020-04-20,205.23304748535156,208.2622456953723,205.0690480429397,205.8311648306598,38249100
2020-04-21,197.66001892089844,203.70877272450335,196.44448600663557,203.16853587371983,72932800
2020-04-22,203.52545166015625,204.856759976232,200.97861056876033,201.72144351385245,40089100
2020-04-23,203.0913543701172,206.8730269955325,202.68617673743162,204.3165290973986,43278500
2020-04-24,206.294189453125,206.73796383493092,202.10733927501343,203.5254683224947,34231900
2020-04-27,207.95347595214844,208.98572565007797,206.93088280264516,208.56124968907324,36451700
2020-04-28,204.03677368164062,209.6514096969461,203.7570134239958,209.6514096969461,46862800
2020-04-29,211.27212524414062,212.20789793540712,207.54833285878604,208.56128434854725,48716400
2020-04-30,211.185302734375,212.27541829256774,209.68035297801296,212.18859766516618,43359500
2020-05-01,205.23304748535156,209.02436248309237,204.21043934740078,206.93093705416155,48795000
2020-05-04,207.62550354003906,207.84738337681773,203.67017491383618,203.99818847470257,32841000
2020-05-05,209.97940063476562,212.3718843602269,209.19798558832846,209.76716263198642,37783100
2020-05-06,211.27212524414062,213.24013308452902,210.41353135136887,211.65800451626365,36455200
2020-05-07,213.9925994873047,214.87047694425198,212.64199274061437,213.9925994873047,38624800
2020-05-08,216.9253387451172,217.06039795947797,214.62931738063372,215.66156722780917,31852300
2020-05-11,218.8643798828125,219.8869730565774,215.37212439044205,215.60366075294203,35714100
2020-05-12,214.2820281982422,220.05102203475883,214.25308798838932,219.46254656716602,41054100
2020-05-13,211.60008239746094,216.68412250371614,209.06289797857121,214.80293566222824,65521200
2020-05-14,214.0022735595703,214.04085560027218,208.36835351461633,210.2784810169111,51549300
2020-05-15,215.3914337158203,215.44931412930026,210.6257500679816,211.05986788943042,55747200
2020-05-18,219.4046630859375,220.61055429505518,217.51383391343794,218.29524906168993,42398100
2020-05-19,218.85472106933594,221.7392173068465,218.71002005422147,219.6650761946719,36237300
2020-05-20,223.22494506835938,223.5818841751816,221.38233966761013,221.40163804970533,37417000
2020-05-21,220.79380798339844,223.9484228776267,220.28251139055502,223.27312687956453,43642900
2020-05-22,221.55599975585938,221.75858125036493,219.47221606168574,220.3886905033673,28762400
2020-05-26,220.95779418945312,225.3279563394855,220.71661601024164,225.1253601919948,33055300
2020-05-27,222.1637420654297,222.27951763098153,216.03782357450834,220.62021015480417,55665600
2020-05-28,221.87429809570312,225.2314944563368,220.96746572510492,221.02534613678586,42784300
2020-05-29,225.12535095214844,225.35688729401372,220.68766674865412,222.25051129563715,50691800
2020-06-01,225.8007049560547,226.1769424081336,223.8133986850556,224.2571731076787,25776000
2020-06-02,227.31529235839844,227.37317277383752,223.8230218499596,226.22516213312986,33383400
2020-06-03,228.33787536621094,229.09035017383184,227.04516374494932,227.92304120694092,37228700
2020-06-04,226.73648071289062,229.39908312329413,225.43411235803438,227.99061047676122,38716100
2020-06-05,231.23204040527344,231.8205158708471,227.31530833488364,227.88448542050463,47365600
2020-06-08,233.02638244628906,233.15178510188434,229.51482840298513,231.0873002751125,32937300
2020-06-09,234.71458435058594,235.5635214498245,231.98444585837188,232.16774361217742,35046300
2020-06-10,237.53160095214844,239.0751474122941,235.88193548886338,236.4028886753113,58084400
2020-06-11,225.76206970214844,234.99436256720242,225.70418929552545,233.6148304748629,72919400
2020-06-12,227.55645751953125,231.91694872983695,223.56254715943328,230.65317733072695,72034800
2020-06-15,230.32522583007812,231.0005219774467,223.30211645674098,224.23788923250598,45307400
2020-06-16,234.280517578125,235.76616886523365,230.66284445134943,235.1776934477975,48890100
2020-06-17,235.02330017089844,236.83696473354428,234.16470646801028,235.77577488936907,34749300
2020-06-18,235.6600341796875,235.90121237208692,233.93320479906112,234.7049632384603,30578600
2020-06-19,235.62144470214844,238.28404656279602,233.89460065572752,238.02357000153597,49422100
2020-06-22,238.4472198486328,238.57284059827822,235.20014687144496,235.49005225212676,24068700
2020-06-23,240.4765625,242.7089217688039,239.490854995558,240.04168980734076,32767400
2020-06-24,235.51898193359375,240.95009059556097,234.02107404845484,239.72277080949863,46032400
2020-06-25,237.76101684570312,238.06059549512244,233.03536861977014,235.60597049212052,36940800
2020-06-26,232.14633178710938,237.6934186778951,231.62447264881834,237.51946071648175,52824600
2020-06-29,234.67822265625,234.68789599689202,229.3727492168145,231.90468714607596,34377800
2020-06-30,239.27825927734375,239.8194355201418,234.42697553635264,234.61059206429056,38909200
2020-07-01,242.07115173339844,243.06653272793153,238.77575672441694,239.31693302288755,34689200
2020-07-02,243.71397399902344,245.72406760806473,243.25011078030494,244.51607972373313,31956500
2020-07-06,249.70559692382812,250.2274264373528,246.84506048012912,246.86439241446365,34589000
2020-07-07,247.98544311523438,252.11194927639178,247.68586443037847,249.45437549713066,36578200
2020-07-08,251.25177001953125,251.28076054485865,247.87907777492936,249.30934583881933,30426300
2020-07-09,253.36827087402344,254.03508272222632,248.97120560662137,253.16533711340938,40312900
2020-07-10,255.09803771972656,255.34930862434518,250.54634785985292,253.22323825885738,32885300
2020-07-13,249.85060119628906,260.72249401967724,249.02916339569816,257.93928473818636,64108100
2020-07-14,251.61911010742188,252.02500712666992,244.26487721806083,247.32833358119967,72230500
2020-07-15,252.1312255859375,253.86107249585933,248.83583109496908,253.02996149477661,54523900
2020-07-16,250.4110870361328,251.04890826795977,247.0287204834085,249.34805164975458,47594100
2020-07-17,250.70103454589844,251.56110674845436,248.5266559377291,250.86530441416426,35137900
2020-07-20,257.81353759765625,258.4416852347966,250.09209049847138,251.33871243480277,40610100
2020-07-21,255.12716674804688,259.38895364070777,254.28641148542306,259.3792802954664,43243800
2020-07-22,256.0258483886719,256.95360457640516,253.7258340975872,255.619980861951,29865500
2020-07-23,249.33839416503906,256.3253778156358,247.92744296032234,255.61993170517167,51363500
2020-07-24,246.97076416015625,248.29471448188025,242.87327770602093,245.5018464097939,54054500
2020-07-27,251.37741088867188,251.76396106534787,247.83077541551214,248.6135491081447,36445700
2020-07-28,248.17874145507812,251.11657682700226,247.8888361024102,250.5947177003025,31302400
2020-07-29,251.03921508789062,251.89931667086722,249.24174316088272,249.71526500343768,27556900
2020-07-30,252.35353088378906,252.9140243416056,247.9274463185594,249.0774532585277,41774500
2020-07-31,256.8569641113281,257.01159014532055,252.08299221995168,256.97292626384734,53686300
2020-08-03,260.3262634277344,261.07037345511674,258.86700441481855,258.9926398916783,32081600
2020-08-04,261.29266357421875,261.3893085209211,259.0796211098927,259.82373116489623,24911300
2020-08-05,261.9401550292969,262.39435978177585,260.88679283565415,261.7758851460875,21612100
2020-08-06,265.4095153808594,265.73808462954054,261.10906562731947,261.74688693072375,28048200
2020-08-07,262.3460388183594,265.64143407046015,260.2006506583251,264.8683039499667,44969400
2020-08-10,261.22491455078125,262.8387990496852,257.70726980164903,262.6358358875512,35088400
2020-08-11,256.2770690917969,261.35061862362437,255.73589283442016,260.065302893434,43104300
2020-08-12,262.72283935546875,263.6699124180775,258.38375656795273,258.4320937756136,38773400
2020-08-13,263.32208251953125,265.5930765015088,262.38468259592787,263.4960257238545,31895700
2020-08-14,263.012939453125,264.211254679638,261.621334258248,263.9406664190735,30799500
2020-08-17,266.0666198730469,266.569132278823,263.0514864545993,264.72332302121924,24803000
2020-08-18,268.6275329589844,269.10105480398965,265.6703807791961,267.1296396787266,23529500
2020-08-19,266.8204650878906,269.6423092780877,266.30827922167595,268.5889470057557,31999400
2020-08-20,270.5216369628906,271.00483212604024,265.62203093049936,266.02792784397764,27723400
2020-08-21,272.3964538574219,272.8506585193085,270.06744948407925,270.7149440202601,34748900
2020-08-24,274.09735107421875,276.3876919143859,271.81665408487225,275.6628990160091,36418500
2020-08-25,276.2524108886719,276.4457008111197,272.87971703283785,273.3242484641861,34866600
2020-08-26,282.14727783203125,282.3985487243724,276.2233011180892,277.4989432750522,42216700
2020-08-27,281.26788330078125,283.97379381939345,279.00653355161637,283.12336564188365,49482700
2020-08-28,282.6981506347656,283.3262984255112,281.15192027085186,282.5048607798172,28021000
2020-08-31,284.96929931640625,286.7764452382934,282.7852468588165,283.22013447818046,36321000
2020-09-01,289.83984375,289.9558058881011,285.8486463762724,287.6171279661076,36216200
2020-09-02,292.5844421386719,293.29956178105886,286.91173375142955,293.0869546587408,50836800
2020-09-03,277.7502746582031,288.58350302844633,274.8511033929113,288.0809906262113,110083300
2020-09-04,274.0489501953125,279.21914423449357,262.66487356215526,275.9624136196439,123959000
2020-09-08,260.8771057128906,268.86914387034597,260.5968442333201,263.0708013495206,99568600
2020-09-09,268.54052734375,270.6375776704406,263.82453820583703,266.37582262151716,64837900
2020-09-10,263.1867370605469,272.71536098233287,261.46656346506194,271.4976997377912,69667500
2020-09-11,261.3602294921875,265.9698999193204,257.92952674318656,264.9358553743268,71809000
2020-09-14,265.91204833984375,267.90281067117957,263.7859771646786,265.1389181434649,38525200
2020-09-15,269.6809387207031,271.02423571240985,265.88303101898157,269.6519481845029,41849900
2020-09-16,265.3804016113281,270.9371453230019,265.0325152915734,270.4732968966623,42321000
2020-09-17,261.2347106933594,265.177571313958,257.7170347987162,258.55778989114464,81570800
2020-09-18,257.9006042480469,262.9451633728137,253.80311834308048,262.65525804629056,86251100
2020-09-21,258.51910400390625,258.6543833234212,251.36779148738935,253.64848815537488,57168600
2020-09-22,263.32208251953125,263.9018932006086,257.58172084169547,260.9157502254752,41128900
2020-09-23,255.2816925048828,263.18675892675503,254.40227369874867,263.00314239075476,48837300
2020-09-24,256.47039794921875,259.6691482570932,252.4405364463986,252.60483581359787,70631700
2020-09-25,262.4329528808594,263.24471721044983,255.41694972183095,256.9728534724651,55242400
2020-09-28,267.8834228515625,267.8834228515625,262.53928527534697,267.28423604787406,58438300
2020-09-29,266.6755676269531,268.37639547338364,266.11504441686037,267.3230329828605,27050000
2020-09-30,268.501953125,271.64272248563236,266.5981625174946,266.8687506981192,49380800
2020-10-01,272.7637634277344,273.37259426144135,270.4347584011566,272.3192319824493,50020200
2020-10-02,265.090576171875,272.7540457725868,264.24982115406823,266.74309567211236,75497400
2020-10-05,270.7439270019531,271.06282284456194,266.9460199623273,267.0523087458991,28184600
2020-10-06,265.91204833984375,271.73938263824925,265.03262933065736,270.05787238546503,49704200
2020-10-07,270.5119934082031,271.3044110627918,267.9607087878912,268.5502222233586,27539700
2020-10-08,271.951904296875,272.97627567976207,270.88886904334345,272.9086212791073,25443300
2020-10-09,276.10736083984375,276.1846885783184,273.2081899767563,273.5947401934564,30201100
2020-10-12,284.63092041015625,287.4624367771106,279.7409880829066,280.7846765810854,79370700
2020-10-13,284.621337890625,287.06630483441944,283.25872365827956,286.4285130159509,64240000
2020-10-14,282.2439880371094,286.389811260261,280.50449705117353,285.423420825431,36949100
2020-10-15,280.3498840332031,280.9393680696546,276.90953628514376,277.5473575407139,42514200
2020-10-16,278.81329345703125,283.4132915368663,278.4653775900794,281.992696521591,40570700
2020-10-19,274.2615661621094,281.6834663727205,273.2855319750937,280.7267198834933,36756800
2020-10-20,274.85107421875,277.95317888560766,273.44015261046803,274.9960268682495,32195400
2020-10-21,274.6385192871094,277.6633262788834,274.1553240358202,275.1023973454302,29306100
2020-10-22,274.6288146972656,276.36833509912185,271.38175713416496,275.4695696201437,32196200
2020-10-23,275.1699523925781,275.33425171273075,272.30944548904887,275.198942920618,24658500
2020-10-26,271.0435791015625,275.7112328323057,267.45827814943215,272.8893887297653,38421100
2020-10-27,273.159912109375,273.9813498420594,270.78259999958595,272.03889571411895,30559100
2020-10-28,262.5103454589844,269.27507936827647,262.2590744763743,268.6662485977363,53413500
2020-10-29,267.1006774902344,270.0964643686435,263.3607215795069,263.824599624501,43246300
2020-10-30,260.3262634277344,265.98929729313636,258.09390385369136,265.1195517888943,65838300
2020-11-02,260.90606689453125,264.3270673627996,257.9972226197486,262.7132120581859,39987400
2020-11-03,265.41912841796875,267.5162086489686,261.73718320133173,262.8195357753075,43604100
2020-11-04,277.2671203613281,279.0645926549374,272.3965036591907,274.05869660957654,75728200
2020-11-05,284.4956970214844,285.4620874656753,282.186009703758,283.66458590369433,52054200
2020-11-06,284.7082824707031,285.4330753238653,280.0889371995587,283.83853694528784,40959800
2020-11-09,278.8905944824219,289.0860306228483,278.4363898269844,287.6460889111584,86537100
2020-11-10,273.8943786621094,277.0254741037576,271.18846786161714,275.58556185295663,69024900
2020-11-11,280.0212707519531,280.4947925750533,273.85569574340076,276.41662421306324,36102900
2020-11-12,278.7069091796875,282.25357395340086,277.5955664222403,280.9876052352474,34414600
2020-11-13,281.15191650390625,281.77042043794137,278.1947646125416,280.41747994710306,24806900
2020-11-16,283.3456726074219,283.6452512673449,280.24353823818916,280.85236889928893,30168400
2020-11-17,282.44683837890625,283.86743307835485,281.80901734120613,283.5388639665494,21843500
2020-11-18,280.3595275878906,283.5099699855039,280.2725559838451,281.89611440171944,28069600
2020-11-19,282.5531311035156,282.8623830014705,279.14177536363974,279.8085868659056,22718400
2020-11-20,280.6205139160156,283.22010705207674,280.5335422989457,282.4759673973097,25907300
2020-11-23,280.6300964355469,282.91076341232724,278.38806383702627,281.6158039352227,26875600
2020-11-24,284.572998046875,285.06586661561016,279.89567179055075,281.69314387810886,24516800
2020-11-25,286.3221130371094,286.9599341655216,284.6889110928169,285.6359841911062,23326800
2020-11-27,288.96044921875,290.08146580130943,287.8877403671693,288.2839640336523,17163100
2020-11-30,289.54986572265625,289.88810823626227,284.87254006825106,289.2792776101499,27836200
2020-12-01,293.2608947753906,294.88445346121796,290.7192826785241,291.8209821620533,27521300
2020-12-02,293.6376647949219,293.97590725941365,290.25529913378017,292.09143459430805,23620000
2020-12-03,294.0533142089844,295.5995449812364,293.32852129935674,293.94702540501714,22828700
2020-12-04,295.2515869140625,295.3965690688171,293.42512437823916,294.10157996888324,19332100
2020-12-07,296.92352294921875,297.2907561096503,295.25165653163896,295.4352731118547,20851000
2020-12-08,297.92852783203125,298.2281065199663,294.7007871841629,296.44995158477576,18341500
2020-12-09,291.18316650390625,297.99620883905584,290.12013088281634,297.7159767826931,48839300
2020-12-10,292.3524169921875,293.4734334097907,288.0713145425778,289.1536670859478,27519500
2020-12-11,291.7050476074219,291.8306831209657,288.43864222290114,290.699992990976,26760400
2020-12-14,293.8214111328125,295.7638362163901,292.82602997805446,292.8936549073265,28804800
2020-12-15,296.962158203125,296.962158203125,293.88901386267713,296.0730659271686,25709000
2020-12-16,298.5953063964844,299.3780802348846,296.31460979317626,297.35832790563893,25461900
2020-12-17,300.5475158691406,300.77944020603536,298.9916409559644,300.18995601912644,23730500
2020-12-18,299.6390380859375,301.49452083485187,297.2713695482542,301.18526879471654,41173400
2020-12-21,299.07843017578125,299.610896440792,293.9279078078829,296.69677965849587,37095500
2020-12-22,299.8917236328125,300.8114409536031,297.0744264140137,299.9788528813914,26176300
2020-12-23,298.38140869140625,300.298311151002,298.2265024091057,299.9401032992736,21201300
2020-12-24,299.69805908203125,300.14339616488587,298.56534939699964,298.6427877632281,16785000
2020-12-28,302.7186584472656,303.19306815724786,300.47256173105023,302.30236444379983,22497700
2020-12-29,302.98980712890625,304.66470395083337,302.08944187724535,304.04507869462043,25871900
2020-12-30,302.9993896484375,304.47095478764754,302.3797646138136,304.1514809415962,18138100
2020-12-31,303.744873046875,304.22894406507703,301.82797072381925,302.90259420245957,21611400
2021-01-04,299.4560241699219,305.2455244401776,295.4575926553533,305.071236411445,45305900
2021-01-05,301.9248046875,302.1959128601963,298.4685595752302,298.4685595752302,29323400
2021-01-06,297.7425231933594,301.94425768119834,296.2322234067762,297.21971802250783,52809600
2021-01-07,304.94537353515625,305.77796146175444,300.36605130282,300.39509438060014,30394800
2021-01-08,308.8663330078125,309.21487948228685,305.0421603895947,307.23017070693584,33955800
2021-01-11,304.4032897949219,307.08503310784016,303.75462150760245,305.9135892944069,32746400
2021-01-12,303.91912841796875,305.52621802584207,301.2857811800355,304.44190378881314,29266800
2021-01-13,305.9716491699219,306.76550326758513,303.58033691034495,304.180580307871,22898400
2021-01-14,304.3354797363281,307.4141645709109,303.86107000917417,306.4169793743503,23500100
2021-01-15,301.9248046875,305.08095763432993,300.68558388460093,304.1225063350417,35118700
2021-01-19,306.3298034667969,306.8332266535464,303.1446081211837,304.2386132716597,24537000
2021-01-20,313.4552917480469,314.39439057112713,306.4266016578569,309.94096147562493,30728100
2021-01-21,315.96282958984375,316.70831788759295,313.41664078151587,314.7913859659749,25130600
2021-01-22,315.0528259277344,316.0596724734222,314.365423740635,314.9269627231851,21609400
2021-01-25,317.6570129394531,319.79662773237794,311.17048017532437,318.43154415816286,39080600
2021-01-26,318.121826171875,319.25456548964087,316.79547615092645,318.3735525859016,25498100
2021-01-27,309.25360107421875,315.8756890037456,307.249539984331,315.86602767429855,55264000
2021-01-28,311.0834045410156,316.02093480896673,309.83449304813007,310.4541181298361,42836300
2021-01-29,304.53875732421875,310.5025158279426,302.79611347273107,309.39881972207684,55259000
2021-02-01,312.1484069824219,313.2327214700414,305.9522735468466,307.9756871077355,35646000
2021-02-02,317.2408142089844,318.3929057368792,314.94632202925646,315.1109191955359,33930800
2021-02-03,315.98223876953125,319.6805488631782,315.92415260432034,319.3126501199401,24824500
2021-02-04,319.71917724609375,319.8063064731905,316.0596019812982,317.37629035212416,22350900
2021-02-05,320.8035583496094,321.81043442600395,319.03187127190756,320.6680338165414,22732000
2021-02-08,322.952880859375,323.1077871658272,320.8520287085858,322.4881914853754,20462800
2021-02-09,322.8851013183594,324.1436743085384,322.01374973785425,322.02344061396997,17597500
2021-02-10,322.1492614746094,324.7729181112913,319.00279986741936,324.31789017397597,28068700
2021-02-11,323.9209289550781,324.3275615844806,321.5393079695732,323.67889346135837,22046100
2021-02-12,325.73138427734375,325.89595187020984,322.0330747855263,323.0786551345279,20346800
2021-02-16,324.8504333496094,327.41600420174075,323.6886509226213,326.5253004016693,27080800
2021-02-17,323.29168701171875,324.9665834947725,319.6514927767243,321.8782078068329,31360300
2021-02-18,321.87823486328125,323.2336280192509,317.8991551016132,319.7096058137298,32236200
2021-02-19,320.47442626953125,323.34980983793963,319.45788875907965,323.2239466223806,39157700
2021-02-22,312.167724609375,317.35695180968463,311.96442305180517,316.0983789642612,47256900
2021-02-23,311.2384033203125,312.9036092906563,301.09226118178054,306.9011150952554,97241900
2021-02-24,313.8038635253906,314.11367604871,305.89413057856177,308.5855640910335,58206300
2021-02-25,302.8638916015625,313.70709534994387,301.32454914976546,311.15121547282814,110182600
2021-02-26,304.1321105957031,308.9437474743472,300.97595854773266,305.78762497172283,104739800
2021-03-01,313.2811279296875,313.6199836054889,307.81113046153894,309.0987465751583,49164500
2021-03-02,308.25640869140625,313.9974836940551,308.0047118607735,313.92004533355646,48370000
2021-03-03,299.3108215332031,308.1015389877985,299.2527353695986,307.1624399490555,86301100
2021-03-04,294.4119873046875,302.0990371273131,290.5490806444042,298.9428847614246,139131600
2021-03-05,298.84613037109375,299.746495535747,287.9739122589407,297.0260182885546,121523700
2021-03-08,290.38458251953125,300.1821771494048,289.96828845196154,298.30397886158335,88409800
2021-03-09,301.8376770019531,303.73525694853805,297.1422110624417,297.67467744361676,80391100
2021-03-10,300.9759521484375,306.3878617080025,300.28857968686685,306.0877400890627,76798100
2021-03-11,307.90789794921875,309.66989398051334,304.8195225253842,305.7101966431199,53484800
2021-03-12,305.4100646972656,308.09183692565364,301.46974924205045,303.8610316001151,69315600
2021-03-15,308.6727600097656,308.8373571812603,304.09346638127744,305.72962903843666,42955700
2021-03-16,310.366943359375,313.871642149708,308.93411213610096,310.8607052243403,54925900
2021-03-17,311.64495849609375,313.53284754502164,305.62311301915645,307.3367435684353,78258700
2021-03-18,302.0990905761719,307.75303729560653,301.6440625750953,306.7752042507634,82718100
2021-03-19,303.16400146484375,304.7033437065261,299.7948566529253,301.93444221012976,78446200
2021-03-22,308.849365234375,310.914117396103,305.5535301852278,305.5535301852278,56194800
2021-03-23,307.5019226074219,311.25335988892084,306.68765967352556,309.9350378767081,53455400
2021-03-24,302.3157653808594,308.90746311498856,302.1703665918509,308.8686802436986,64803700
2021-03-25,301.7923889160156,303.30462551444776,297.9731180765903,300.4740667310642,78729000
2021-03-26,306.3193054199219,306.6391828174355,300.183238678992,301.5790969053566,63519600
2021-03-29,306.2320861816406,307.2789873156319,302.8974683731191,305.78618658592865,54608000
2021-03-30,304.690673828125,305.26259536528187,301.9958415502942,304.2738541695857,44635700
2021-03-31,309.3533935546875,310.914056684004,306.1350953167934,306.47437891354315,55032500
2021-04-01,314.6268310546875,314.7625267828705,312.92073904776106,313.17278343496827,55685600
2021-04-05,320.908203125,321.67400959517823,316.8659685015175,317.10830969994527,42172500
2021-04-06,320.6853332519531,322.6337367666103,319.90982350996234,320.59809395273015,33537200
2021-04-07,321.46075439453125,322.29442351628467,319.2796835663621,320.2102655032343,32046400
2021-04-08,324.8147277832031,324.9989094525258,323.51578256664493,324.3106687623888,29940800
2021-04-09,326.7825012207031,326.9860890956346,322.72089057489217,323.45758758875724,36664900
2021-04-12,326.3560791015625,326.7728988898223,324.4755089142188,325.74537450902636,25833000
2021-04-13,330.1656799316406,330.6309561353368,327.6647020061011,327.8779634603512,30374000
2021-04-14,326.2010498046875,330.53411285929667,325.3867866942295,330.4080906667244,42564300
2021-04-15,331.1446838378906,331.53245341080236,325.91982312701936,329.0702586196048,36342800
2021-04-16,331.5325012207031,331.7457626834928,329.6616044678657,331.66819692465873,40860100
2021-04-19,328.4983215332031,331.1155885314801,326.57896873500243,329.96207172902274,34533100
2021-04-20,326.10400390625,329.1187141235269,324.13619461803864,327.8391751174834,38081800
2021-04-21,328.895751953125,329.07993360971795,323.7387247338475,324.82440844681906,36598100
2021-04-22,324.9311218261719,329.4871190436578,323.7775752444874,328.50808062439205,45936100
2021-04-23,329.0218505859375,330.3304695475756,325.5612107593178,325.5612107593178,36381900
2021-04-26,331.16412353515625,331.4452476291295,328.5177468041697,329.264176683064,30812000
2021-04-27,329.7294921875,331.66822214842335,328.7795334395574,331.4549606694149,33187200
2021-04-28,328.6146545410156,330.40798526846567,327.9651671336623,329.3998376321553,33615700
2021-04-29,329.7973327636719,332.29828122950687,326.5790341440886,331.88146141564596,37708900
2021-04-30,327.6356201171875,329.8360972860039,326.7244147806382,327.35452560683456,38263400
2021-05-03,325.8907470703125,329.5840245077419,325.4448475555954,328.8376242784692,29729700
2021-05-04,320.026123046875,323.6612412033449,316.21649673606737,323.3413342392819,65147000
2021-05-05,318.95013427734375,322.9342394294813,318.17465418454293,322.0714904622713,46219300
2021-05-06,321.35418701171875,321.5092889550731,316.4492026859882,318.68843337457514,46814300
2021-05-07,323.9617614746094,326.33668773045906,321.52864610869307,324.126536941346,53324500
2021-05-10,315.78033447265625,322.7597443386134,315.57674653434634,322.58526574806535,60700500
2021-05-11,315.3441467285156,316.1390331811532,309.24683219038434,309.90602291699855,71963600
2021-05-12,307.1820068359375,312.73644786644485,306.3192580171597,310.4196815194903,91164900
2021-05-13,309.55694580078125,312.5231996658119,307.1916933671056,310.119193940392,69877800
2021-05-14,316.3910217285156,317.30219751217567,312.2130318222759,312.7171204997074,44370000
2021-05-17,314.4715881347656,316.37153455642704,311.6022770677948,314.68484954004015,39395000
2021-05-18,312.3487548828125,316.64303422977486,312.07733389792406,315.4216545891111,36528500
2021-05-19,312.7074890136719,313.0079898328191,306.6101741549159,306.9591609794364,66319100
2021-05-20,318.7562561035156,319.6093019729697,313.9676205775707,314.190555577994,46466100
2021-05-21,316.991943359375,320.7239735921718,316.6332831724443,320.3071538929097,50330400
2021-05-24,322.3235168457031,323.4479836254808,316.8853646355601,319.2796970065807,32475800
2021-05-25,322.7694396972656,324.5530676062325,321.5965164232101,323.83574702943866,31280300
2021-05-26,323.8939208984375,324.3591971493166,322.75007733813146,323.43831818100426,25444900
2021-05-27,322.6822204589844,324.2913698816061,322.4786620955859,323.4480270791408,27931700
2021-05-28,323.6999816894531,325.2897541666594,323.38010432071417,323.8841633687067,29927400
2021-06-01,322.6240539550781,325.5030690773311,321.27662245737076,325.0280601294368,31145400
2021-06-02,323.25408935546875,324.09743201993837,321.5383242650881,323.04082791067566,22047900
2021-06-03,319.8904113769531,321.6934158595787,318.22310259495436,320.4235502295139,37057800
2021-06-04,325.3188171386719,325.7647166420639,321.61583668105953,321.6836993136331,38736500
2021-06-07,326.2882080078125,326.346367531055,324.09743402345566,324.78567477026974,32611900
2021-06-08,326.443359375,328.89585158541155,324.7663473137233,328.03310255552793,27282800
2021-06-09,326.52081298828125,328.5855646020038,326.3366313224689,327.81008464896746,21485300
2021-06-10,329.92327880859375,330.02989472502594,326.41418335710034,326.86008283223407,33702100
2021-06-11,330.7860107421875,330.79571385593243,329.28350724491844,329.9329650472229,21222800
2021-06-14,333.95587158203125,333.9655451136697,330.02992645276777,331.21255267389915,27827700
2021-06-15,331.7747802734375,333.9170680327256,331.05743026066455,333.6068642208596,35963800
2021-06-16,330.5631103515625,333.3063998058053,327.1121739212168,332.2400925756048,55399500
2021-06-17,334.7604675292969,335.7686152979436,329.5065263923153,329.554982803743,59722700
2021-06-18,332.133544921875,334.24675358717735,331.3871149159547,333.1029099517575,55414900
2021-06-21,334.1976623535156,334.51794039002993,330.1119109228464,332.32462521783617,32992600
2021-06-22,337.31292724609375,337.7593439706411,333.6929919871668,333.993841259903,28941600
2021-06-23,337.47796630859375,338.62316628177916,336.643359660952,337.2547727068681,27188500
2021-06-24,339.5645751953125,341.08822115574117,338.86582159157274,339.4092933259272,32581600
2021-06-25,339.1471862792969,340.37001228841126,338.54548764528295,340.12738996069703,28682800
2021-06-28,343.2717590332031,343.40764175017654,340.3700055288033,340.42823251693966,39130300
2021-06-29,344.5140075683594,344.5431210644073,342.2624947676922,343.0971013990546,29426000
2021-06-30,343.9704895019531,344.7468986534807,343.3881900425526,344.3586792692265,32724000
2021-07-01,344.1064147949219,344.6110585931317,342.2721757133601,343.6211701215332,29290000
2021-07-02,348.05633544921875,348.37658392233686,345.7659650458484,345.998873026298,32727200
2021-07-06,349.560546875,349.84199706760444,345.9697245818565,348.65799892493936,38842400
2021-07-07,350.298095703125,352.0546788214517,348.3474028940629,351.7538295326983,35265200
2021-07-08,348.18243408203125,349.0364694012732,343.9608293377966,345.24185269967666,50890000
2021-07-09,350.3563537597656,350.83188404216685,347.01786817849813,347.60016768536724,35184500
2021-07-12,351.7247619628906,352.1808931403898,350.18165783912826,351.753875458604,25717700
2021-07-13,351.7247619628906,354.68474262269365,350.8707265993189,351.3462569016323,39723000
2021-07-14,352.35552978515625,354.7040971225229,351.5306080210806,354.06357068042814,35336400
2021-07-15,349.88079833984375,352.4720178509438,347.88159271368477,352.2682233868746,53391600
2021-07-16,347.04693603515625,351.71498661277093,346.69754453018766,350.73478306539107,47262000
2021-07-19,344.2034606933594,344.6983901077833,341.6510690390563,343.6017324357535,64404600
2021-07-20,348.2018127441406,349.64783210985405,343.3590517137888,345.1350634556446,42183700
2021-07-21,350.8901672363281,350.8901672363281,347.55168112030583,347.77490435850655,30259900
2021-07-22,353.2095947265625,353.2192794800728,351.09390553080846,351.09390553080846,30252200
2021-07-23,357.334228515625,357.61564913282234,353.18053484060164,354.52949977971826,31960800
2021-07-26,357.6156005859375,358.0038200081069,355.78139116921693,356.6451112644814,28438100
2021-07-27,353.6754455566406,357.35360868187286,349.53146647345926,357.35360868187286,57933100
2021-07-28,355.0340576171875,356.6062750287339,352.5204940964089,354.81086405189757,42066200
2021-07-29,355.6649169921875,356.82948634161215,354.47120453246976,354.47120453246976,25672500
2021-07-30,353.811279296875,354.3935787806666,351.7150189254144,351.7441324187549,36484600
2021-08-02,353.8404541015625,356.0531688297909,353.1319861515424,355.47086924510194,27334100
2021-08-03,355.9852600097656,356.10171401395365,351.31720776762677,354.50041222238866,35558500
2021-08-04,356.4995422363281,357.4506324293252,354.8400137966244,355.94635621743237,29602200
2021-08-05,358.7608337402344,358.99374172153244,356.6063460622678,357.3147843777116,21443900
2021-08-06,357.1885070800781,358.4695598204947,356.0821648893383,357.4990707050841,33332100
2021-08-09,357.8485107421875,358.37255361139034,356.54805870512257,357.6446866760717,25960200
2021-08-10,356.0142517089844,358.65398349642066,354.83025370983324,358.3628485855555,35130800
2021-08-11,355.4029541015625,357.7709508682405,354.0733882155567,357.27602135917334,34249800
2021-08-12,356.6839904785156,357.04306684042984,353.5492988568263,354.89829342400446,25969200
2021-08-13,357.9358825683594,358.26584538723085,356.53837556079554,357.0333345975948,19336200
2021-08-16,358.0911560058594,358.12995425400317,352.96697363746,356.8198173800413,34856900
2021-08-17,354.93707275390625,356.3151510147856,352.5108494327965,355.34466168634174,44793900
2021-08-18,351.5209655761719,355.8008274852032,351.19100272642396,354.40332034686696,38541900
2021-08-19,353.21929931640625,354.8885422009641,349.33734187482844,349.58967858596617,48499400
2021-08-20,356.8780212402344,357.2759253852955,353.9762382539555,354.28680192087853,39486000
2021-08-23,362.2157287597656,362.9047678636542,357.9067539381562,357.9164386915184,34034700
2021-08-24,363.3221130371094,363.9238117282097,362.341909262712,362.80775483823464,21732900
2021-08-25,363.7393493652344,364.3119640704269,362.8270871251734,363.5743827826378,20441900
2021-08-26,361.4296569824219,363.56471578355405,360.9929249278574,362.88539100832384,29133300
2021-08-27,364.9428405761719,365.44748439971636,361.5752411891111,362.0604858868606,27104700
2021-08-30,369.038330078125,369.5235748062067,365.70952873457384,365.7289574785693,27295700
2021-08-31,368.7373962402344,369.3487795792828,367.1942922955025,369.2808678418203,29628200
2021-09-01,369.3487854003906,371.4159322397432,369.14499095082925,369.79523177921465,28138300
2021-09-02,369.17413330078125,371.02777146554007,367.9610216445504,370.69780864908336,25453400
2021-09-03,370.3096618652344,370.70756608874484,368.0096066365166,368.0290057631559,24605400
2021-09-07,370.8336181640625,371.4838589668425,369.26143038110774,370.41631491144716,23970200
2021-09-08,369.54296875,370.6590256855365,367.28174138032995,370.6590256855365,32949200
2021-09-09,368.27154541015625,370.87244941105996,368.0289231052142,369.766107101354,29399000
2021-09-10,365.4765625,370.69779968081804,365.14659969152603,369.9796470751384,40249400
2021-09-13,365.2242126464844,368.2327352961627,363.17649451023095,367.8057176495254,48741800
2021-09-14,364.18585205078125,367.4369677608617,363.2347618019217,366.7091007301896,41826600
2021-09-15,366.89349365234375,367.24288522558624,362.3516105190871,364.64198082794206,34097900
2021-09-16,367.1457824707031,367.718367568976,363.642330526106,365.56388026882286,35193100
2021-09-17,362.7979736328125,366.71875839113625,361.7595726718765,366.67024577672095,60912300
2021-09-20,355.3014831542969,358.75052850819037,350.66709716152684,357.01141811814324,76203200
2021-09-21,355.7386474609375,358.3230148534642,354.6116280954116,357.12797879738775,41927500
2021-09-22,359.0614013671875,360.5187493428805,355.55403515444647,356.6519087067731,46972900
2021-09-23,362.3744812011719,363.40433817488514,359.5763680462439,360.21760478173354,44652000
2021-09-24,362.71441650390625,363.1322120662038,359.74142941771123,360.11062893099836,36056800
2021-09-27,359.8192138671875,360.69361670499325,357.2737175316514,359.6734850025232,43338100
2021-09-28,349.63720703125,359.77062620482974,349.13200373868887,355.2723036782193,97701600
2021-09-29,349.0639953613281,353.0376940575205,348.4422089595116,350.9002680921135,58076600
2021-09-30,347.7815246582031,352.3673142998109,346.9459926884588,350.7059458519513,61384600
2021-10-01,349.9383850097656,350.97796700376824,344.3033180915017,348.40332487128245,56375500
2021-10-04,342.5933532714844,348.6559112896858,340.3587649288273,348.3255826438038,76766000
2021-10-05,347.21795654296875,349.4622696577363,343.4288584043883,343.652299412036,47232900
2021-10-06,349.44287109375,349.71490816575323,343.10824696739064,344.0117954940638,56806500
2021-10-07,352.6490173339844,355.29167583028516,351.9494892129102,352.48383820617084,39411200
2021-10-08,350.89056396484375,353.9607141915723,350.3561852041232,353.72751833333194,41822300
2021-10-11,348.1992492675781,352.87247527953656,348.11178231200773,349.35538452132647,34847200
2021-10-12,346.98486328125,350.0841294694706,346.3436265923632,349.6469428519261,43905100
2021-10-13,349.7635498046875,350.433932313799,347.26661956929087,349.2874922387302,40120800
2021-10-14,356.2050476074219,356.4187931935729,352.687985403338,353.34864279695967,43433900
2021-10-15,358.44927978515625,358.56586286925926,356.3895662331551,357.4194230091557,40419900
2021-10-18,362.0538330078125,362.2675785774531,356.5547693978069,357.1571351895697,34513500
2021-10-19,364.7936096191406,364.8421760222479,362.10238452095024,363.1225161847525,29091000
2021-10-20,364.3175354003906,365.86232053598303,362.84073729606274,365.25022970588054,31390300
2021-10-21,366.5423889160156,366.73671381413243,363.2196525668617,363.52083540407114,25469300
2021-10-22,363.46258544921875,366.2509731223025,361.8012170845607,365.28913296115627,36275800
2021-10-25,367.1836242675781,368.0968979159917,362.9378891413452,364.8810195167244,32597800
2021-10-26,368.33978271484375,371.82769811913937,367.1641971604271,369.41823547205826,47191300
2021-10-27,369.1947937011719,372.2552182979416,368.5244113090448,368.78672325168736,45760500
2021-10-28,373.2947692871094,373.5473857182244,370.3217822509706,371.0893270341014,38007000
2021-10-29,375.1310119628906,375.2961910870078,369.87487050736155,370.2246197351638,37310100
2021-11-01,376.41357421875,376.5398824641891,373.4891825389615,375.56831706828604,30765300
2021-11-02,377.98748779296875,378.4635749766438,375.7528993465057,375.80146575410737,25135300
2021-11-03,382.0000305175781,382.41779647294356,377.4336914813911,378.47324379942285,33748900
2021-11-04,386.8966979980469,387.84884257503916,382.7189794670043,383.26305361105216,40265300
2021-11-05,387.2659606933594,389.5879864994472,385.8669041947823,388.6650171919364,43383800
2021-11-08,386.7413330078125,388.25697270785713,386.100096265513,387.2368408654585,29256300
2021-11-09,384.07916259765625,388.20831470429704,382.7189772454321,387.80996941367835,50490700
2021-11-10,378.4343566894531,384.1179891815818,376.51064698992576,381.3101812742508,54937400
2021-11-11,379.48370361328125,381.5822883113041,379.1436498134024,381.40741366559087,32243000
2021-11-12,383.476806640625,384.0111556551073,379.03674644093985,380.63009799400083,34730600
2021-11-15,383.3893737792969,384.9730299828314,380.95076500650976,384.65242647558927,33716900
2021-11-16,386.11944580078125,386.61492387931935,382.466351246265,382.66064649183136,27872900
2021-11-17,386.3235168457031,388.35408477451546,385.3616766820078,386.44009993829405,28703300
2021-11-18,390.3263854980469,390.83158881405245,386.14866628730584,388.36383413413324,45721500
2021-11-19,392.5026550292969,393.77540319697215,391.1327444019126,391.9585808347099,45191700
2021-11-22,387.946044921875,397.08847871856335,387.83918696183883,394.0377788389632,61715400
2021-11-23,386.1778259277344,388.84963077816195,381.7474900750113,386.789887223981,70098700
2021-11-24,387.42144775390625,387.7031803861137,381.3783094778985,383.70033548203725,46954400
2021-11-26,380.0763854980469,386.2361064003588,378.68702448181364,384.84674538412554,51533300
2021-11-29,388.3249206542969,389.33535682537865,383.90431058676927,384.63298453085525,54447100
2021-11-30,382.6218566894531,389.78228826501027,380.6107093860575,387.440812314893,81332700
2021-12-01,376.11236572265625,389.0924939464996,375.64603334024446,386.9550383610428,77766500
2021-12-02,378.822998046875,380.6009493514841,373.41137266182295,374.82984957942165,84416600
2021-12-03,372.23583984375,381.1839484767018,368.1261077111133,380.18323734532777,105349100
2021-12-06,375.21856689453125,376.578752515702,368.51474195836346,372.7216367168469,67588800
2021-12-07,386.517822265625,387.1299131676193,381.8154496254589,381.8543205406165,56005300
2021-12-08,388.2471618652344,388.45121190853195,384.9535711997848,386.84813523155293,39204000
2021-12-09,382.5343933105469,388.8204216107013,382.3400684022684,387.02301998348895,49973700
2021-12-10,386.6927795410156,386.9550915421731,382.1749764167518,385.34228931509506,52545800
2021-12-13,381.106201171875,387.0035798094843,380.73700162639506,386.6829763172521,50166400
2021-12-14,377.16168212890625,378.9979252293101,372.72162134697993,376.28724959080563,75199200
2021-12-15,385.7600402832031,386.11954439644194,372.9645402349824,376.90909348999844,73858000
2021-12-16,375.8403015136719,387.14933536877277,374.2566453963507,386.72184428250864,82591400
2021-12-17,373.9652099609375,378.1235083343343,370.91448063171447,372.4301201552073,80492500
2021-12-20,370.3376159667969,371.1255866591313,367.2051786350103,369.2480777101217,65336800
2021-12-21,378.6258850097656,378.9371901124146,369.8609215154893,373.6062015583831,48899500
2021-12-22,383.2369689941406,383.4412499594031,377.67251700140145,378.33401801404176,37042200
2021-12-23,386.12628173828125,387.59519903351975,383.42188146726215,383.58724190976255,29595500
2021-12-27,392.5078125,392.5078125,387.39084295846783,387.42002595370644,32820700
2021-12-28,390.688720703125,393.5779565780435,389.8132009778117,393.40285857051924,33113700
2021-12-29,390.6302795410156,392.0894886983413,388.2566302700842,390.8248526370669,32248500
2021-12-30,389.4629211425781,392.5953579163481,388.8792315554268,390.41625210349576,23850100
2021-12-31,387.0309143066406,390.15361358706275,386.5347736936786,388.79169097937756,34752900
2022-01-03,390.7568054199219,391.00974454371743,386.0873473183604,388.19832024519195,40575900
2022-01-04,385.6884765625,391.34047822796384,382.5949599614313,391.30155766728365,58027200
2022-01-05,373.8397216796875,385.12428010378204,373.5867825549278,384.00552916746227,75739800
2022-01-06,373.5770568847656,376.8165184216376,369.7928558939074,372.0205905872242,70814300
2022-01-07,369.5301513671875,375.26973173594047,367.7596666339239,373.58676631105357,72652300
2022-01-10,369.7733154296875,370.28893116706166,359.2670213392742,364.6271924939485,91770500
2022-01-11,375.328125,375.4934854420192,366.96198507841575,369.0437750740555,68295700
2022-01-12,376.81646728515625,379.5889707439038,374.54010446184316,377.89626785911645,54576400
2022-01-13,367.3899841308594,378.8788226987878,366.4560985140958,378.19784650025264,77994000
2022-01-14,369.6760559082031,370.0068064199914,364.6660807383496,364.8703913946755,80121200
2022-01-18,360.4732666015625,365.9890899163701,359.71447907712337,363.868379872128,75450900
2022-01-19,356.5140075683594,364.5007377255495,356.25133090845486,362.0298017987283,81791500
2022-01-20,351.883544921875,363.70313717180824,351.3485132576029,359.73409997884835,88610700
2022-01-21,342.126220703125,352.3309484155579,341.84409858774796,349.6946518810321,143388900
2022-01-24,343.6924133300781,344.35394409860754,325.06318082244553,336.5033910595923,198685800
2022-01-25,335.72509765625,341.48412280913794,332.38837987086396,337.2427024792045,124398400
2022-01-26,335.1998291015625,347.17507067851926,331.51288540493397,343.3130289963466,146559500
2022-01-27,331.8240966796875,341.7175160054741,330.80263267745994,339.8983737320851,95255700
2022-01-28,342.2332458496094,342.447264423983,328.7599022902496,333.7017452516599,108167900
2022-01-31,353.17724609375,353.76093569684656,341.9607928414267,343.5951296676344,94326400
2022-02-01,355.5801696777344,356.2319630008931,349.373690044565,354.5198143088772,74433000
2022-02-02,358.46929931640625,360.0355325270616,354.3835316340809,359.704782025708,78777100
2022-02-03,343.9356384277344,352.0877595673493,342.87528317586026,348.78022424897017,95384800
2022-02-04,348.2743835449219,351.5721813751419,342.3986253392621,344.45123232666253,86318300
2022-02-07,345.47271728515625,351.2317141430203,344.2177888048599,348.8678018823196,58198100
2022-02-08,349.3541259765625,350.44366407130263,343.20598422745877,344.33444287920713,64720900
2022-02-09,356.75726318359375,356.8350746245941,352.27261072691533,353.8680273004975,55766400
2022-02-10,348.6828918457031,356.52370682890097,346.84430370922803,349.7432469581747,112468500
2022-02-11,337.6220703125,350.27828670953545,336.39632517138085,348.68287051394003,101569100
2022-02-14,338.0404052734375,341.43551898191356,334.53832682443243,337.0675991070054,80254400
2022-02-15,346.4454345703125,346.6788985298237,342.2526427338725,343.31299780023323,55128800
2022-02-16,346.35797119140625,347.3794059544113,341.17289687012845,344.1983399690961,58947100
2022-02-17,336.0559387207031,343.8480967760415,335.63760946086956,343.1476750723119,61801400
2022-02-18,332.2231140136719,337.3789759165863,329.91756765920456,336.98985930484275,80001500
2022-02-22,328.88629150390625,334.6842375572723,325.25774354936186,329.2851455895957,85967100
2022-02-23,320.46185302734375,332.8748407868643,320.15054789735365,332.0382416486685,86215400
2022-02-24,331.23077392578125,331.76583514902126,309.6053110745808,310.1695256086582,130614100
2022-02-25,336.36724853515625,336.57155924840185,328.2151560760343,332.0285404288966,78842100
2022-02-28,337.36920166015625,339.0619047530669,332.0382423149123,333.1958841481367,77515500
2022-03-01,332.2035827636719,338.61437211753906,329.6840182452462,336.34774671347776,67407000
2022-03-02,337.7777404785156,339.1104801061964,330.9875431074301,333.75030891184065,70609000
2022-03-03,332.9526672363281,340.5210984604028,331.09460378869966,340.41407433832154,71089400
2022-03-04,328.1275329589844,332.0284954824209,325.8122790448653,330.59846912175567,76936300
2022-03-07,316.0257873535156,329.2754318745046,315.82150637733827,328.1177901966875,89933800
2022-03-08,314.5569152832031,324.14877091450364,311.2396423195089,315.2378618637905,116153900
2022-03-09,325.88031005859375,327.2325248047773,320.1407599335738,322.7284277548084,64723400
2022-03-10,322.2615051269531,323.4678050248186,317.8255111481958,321.82376014149736,69362700
2022-03-11,315.5782775878906,325.53983175609693,315.0918745614951,325.2285266941595,66228400
2022-03-14,309.51776123046875,317.70877279649835,308.81733958006123,314.3428716623377,79802600
2022-03-15,319.22625732421875,320.0045198743235,310.5488451262365,312.15396895978637,76471000
2022-03-16,331.0654296875,331.1821616873152,319.4695661402415,323.1370646980165,105243000
2022-03-17,335.0733337402344,335.1316997309201,327.8745745746981,329.16839361847946,67810000
2022-03-18,341.9316101074219,342.2234697530368,332.26191499890564,333.4195566448327,85446300
2022-03-21,340.98101806640625,343.31866317461163,336.5979780751096,341.09792410133036,73799100
2022-03-22,347.6821594238281,348.549041489872,341.09788040409666,341.4777283646636,63345900
2022-03-23,342.685546875,348.3640355512725,342.6271087174735,344.8089089212396,70615500
2022-03-24,350.3022766113281,350.3509948884147,342.4517676660401,344.60431889958267,53555300
2022-03-25,350.0101013183594,351.29580018977583,345.71471853730384,350.243853940656,57584200
2022-03-28,355.4255676269531,355.5229744553533,348.7633507609772,350.00033128092554,56833900
2022-03-29,361.5423278808594,362.1656780545059,356.54565799435034,359.31183941200896,68073000
2022-03-30,357.5489807128906,361.33789020751715,356.0684976489149,359.6820629229621,68757700
2022-03-31,353.1171875,358.04567005236385,352.27952440693844,357.69501139905674,67011400
2022-04-01,352.4450988769531,354.1593341944505,349.2698205991994,353.38013902507805,54527800
2022-04-04,359.70147705078125,359.71122665164575,353.0197902241706,353.2827619279761,45950200
2022-04-05,351.714599609375,358.96122778866624,350.57499618285163,358.25019063157123,62738700
2022-04-06,344.0783996582031,347.5069003465268,341.4485636915753,346.4062655140077,90077100
2022-04-07,344.8965759277344,347.0880960702405,339.6271839292701,343.0849038199109,63777400
2022-04-08,340.07525634765625,343.9128544106506,339.4421564054095,343.1628781374533,61956100
2022-04-11,332.0299377441406,336.7636071517967,331.6890286539163,335.8480363263463,66107400
2022-04-12,330.6272888183594,338.6531115701923,329.2539328859317,336.77328177821795,72790200
2022-04-13,337.347900390625,338.3998166492752,330.24736904048524,330.9681259265162,61367800
2022-04-14,329.6337890625,337.95183248717245,329.4195059388165,337.43560901526075,73519400
2022-04-18,329.8871154785156,332.17604260732804,327.0624952815199,328.58194696609405,58560600
2022-04-19,337.26031494140625,337.83497659773195,328.2215139748147,329.2442113806773,56515700
2022-04-20,332.3415222167969,338.5264838163348,331.1240112611551,338.068698508038,65500000
2022-04-21,325.4649658203125,338.82836492225624,324.5396754904148,336.2180290235459,75801000
2022-04-22,316.9425048828125,326.838439334833,316.51393856889234,325.62092815310405,82562100
2022-04-25,321.0137939453125,321.3254838822718,314.04963725828924,315.31586648054065,101755900
2022-04-26,308.8972473144531,319.14381191685385,308.6244962424448,318.95874781764684,105819600
2022-04-27,308.5270690917969,314.4879988119312,306.81280391367983,308.9945743408159,111204200
2022-04-28,319.4847106933594,321.31585242137135,309.2673357800152,313.4848115156932,99450000
2022-04-29,305.1082458496094,318.72489909461126,304.47514609679433,315.2866493407325,91977900
2022-05-02,310.2023620605469,310.436114682396,301.6018469141752,304.69918805124564,115511800
2022-05-03,310.53350830078125,312.8224350402843,307.7673267371829,310.22181833531886,78185500
2022-05-04,321.0333251953125,321.7053936845587,305.73165437547124,311.01076573447637,116083400
2022-05-05,304.86480712890625,316.7964169925775,301.5726520595983,316.7185093538342,154607400
2022-05-06,301.2123107910156,306.9005203041833,297.17989889460654,302.86813813217265,139572800
2022-05-09,289.42669677734375,301.3096155262985,288.0338713858974,295.5921888671596,113387300
2022-05-10,292.94287109375,297.8129146763731,288.86177219356085,296.59540378071733,124124600
2022-05-11,284.2547607421875,296.18637005820534,283.38790825672874,290.6832255838595,140326100
2022-05-12,283.58270263671875,288.0631497956638,277.53411532056,279.978887320911,120910900
2022-05-13,294.09228515625,295.12473233696886,286.4365588211198,288.03394787771657,83684900
2022-05-16,290.6831970214844,294.40391787849285,289.40724783468886,292.34874379462224,59190400
2022-05-17,298.2123107910156,298.5921587961595,292.7383559367014,296.5370143344921,62715300
2022-05-18,283.57293701171875,294.3941605391823,282.3164573337348,293.70262261227504,79477100
2022-05-19,282.053466796875,286.738476663522,280.10544911695507,281.77102563484806,79920700
2022-05-20,281.1768798828125,286.1638006552641,272.9270233764225,285.51123134311183,91764200
2022-05-23,285.8521728515625,286.2320209059807,279.82305474608825,282.2191085702212,63648400
2022-05-24,279.77435302734375,281.3522429494565,274.9140573272363,280.6412353589031,73491100
2022-05-25,283.68988037109375,285.7645243666123,278.079578831032,278.2841124050644,67144500
2022-05-26,291.550048828125,293.0987490190363,282.60865493867686,282.8911258210658,59462200
2022-05-27,301.0660705566406,301.2121659048462,294.55970010522407,294.6765763837885,66985600
2022-05-31,300.2674865722656,303.23820206563914,296.42013921910774,301.03696198777624,60968300
2022-06-01,298.04669189453125,304.5238444499757,295.83570262602854,302.40051240627986,65341700
2022-06-02,306.2089538574219,306.3842683433846,295.5143243477627,296.92664928605205,59291300
2022-06-03,298.24151611328125,302.40052312325975,296.9947859978607,300.99794802786283,60914700
2022-06-06,299.2349853515625,304.23165526192764,297.6765653234213,302.67323523378644,51785000
2022-06-07,301.81610107421875,302.59532594620396,294.8227250478429,295.9136101442326,44900300
2022-06-08,299.64410400390625,303.61804712763023,298.7966913157756,301.01743035758443,38342100
2022-06-09,291.6183166503906,301.0174984578301,291.4527517501581,297.959125360913,55900500
2022-06-10,281.33270263671875,287.20597460384334,280.8846669045221,286.01768266023385,85963500
2022-06-13,268.251708984375,275.00158137030417,267.39457667040625,272.47890269246346,94442000
2022-06-14,268.7388000488281,271.417324532628,266.23559003375,270.44331562942807,64697500
2022-06-15,275.4496765136719,279.37493078532503,269.4205596688989,272.15755174098666,86051400
2022-06-16,264.3363037109375,268.8849088704275,262.28112936584387,268.4271234740811,81910300
2022-06-17,267.55047607421875,269.9854980416754,263.47912647848466,265.1057045070877,82703400
2022-06-21,274.3006286621094,276.61349173532,271.9195063318225,272.02683895071556,51633700
2022-06-22,273.9006042480469,278.30180844546015,271.2071624610074,271.8024357299077,67472900
2022-06-23,277.9797058105469,278.82871750635326,273.5491977794671,276.37924669266306,57457800
2022-06-24,287.5043640136719,287.92401558987484,280.56586254296246,280.80006451551657,58422300
2022-06-27,285.3964538574219,289.42681798517424,284.26442815111665,288.8608200227862,54151500
2022-06-28,276.70135498046875,288.5192616412146,276.5159351758475,285.9331824998259,61609800
2022-06-29,276.9551086425781,278.45797422473055,274.0665082539823,276.5647620681519,57302700
2022-06-30,273.51995849609375,277.09168696089944,269.12849346614837,273.97862381270477,79313600
2022-07-01,275.3254089355469,275.7157555176732,270.34840811421464,272.2221134025702,56675100
2022-07-05,280.038818359375,280.1559193205776,270.075081156703,271.5974532153894,61829300
2022-07-06,281.83447265625,283.9326410168725,278.7019024096697,280.4194628152482,63194700
2022-07-07,287.8653869628906,288.56802247137284,282.6444176772337,282.6444176772337,56620100
2022-07-08,288.2265319824219,289.5927597706103,284.09854359020363,285.0353812475997,59895500
2022-07-11,282.06866455078125,286.0404777553998,281.19037756980873,285.81604417604984,55273900
2022-07-12,279.3362731933594,285.2306049937938,277.7455817987747,283.3178858517059,55797100
2022-07-13,278.76043701171875,281.10254575215123,273.2662215205759,273.8322492499436,73939400
2022-07-14,279.7558898925781,280.62440871511484,273.0515607161218,276.16462427336086,63741800
2022-07-15,284.8304748535156,284.93783728464246,281.1318763281155,282.7421043242773,63818100
2022-07-18,282.41998291015625,289.0169486418252,281.24894346518283,287.611677482635,59519600
2022-07-19,291.10528564453125,291.3980678086759,284.44003162699636,286.0404609545284,55172600
2022-07-20,295.72125244140625,296.90206024914977,290.7442528094692,291.52497556868116,67769400
2022-07-21,299.9664001464844,300.02495064223245,293.52557758038677,296.17997591992554,55049400
2022-07-22,294.7064208984375,301.10820063986284,292.8815274055897,299.03933679168165,57127700
2022-07-25,293.02777099609375,295.2039963017495,291.027226900708,294.7355627102361,40582400
2022-07-26,287.2701721191406,291.5835805480421,286.46020374795387,291.3298418811851,50074100
2022-07-27,299.4100646972656,301.0983496471215,291.26145191551063,291.82747960619065,69304400
2022-07-28,302.3377380371094,302.9135043443742,295.44801947013815,299.19539952894036,55139900
2022-07-29,307.8514404296875,308.7590324776936,302.45481919119555,303.87962702583735,57501000
2022-08-01,307.666015625,311.120642967431,304.9921110110565,306.0850930494122,46358800
2022-08-02,306.7487487792969,310.8669689606227,304.31881392899396,305.37278238610025,48676500
2022-08-03,315.10223388671875,315.92197036204516,308.3686310866716,308.42718156480026,53735700
2022-08-04,316.5758361816406,316.88812529432516,313.0333828747934,315.1803332975884,38973700
2022-08-05,313.98974609375,316.0195656918979,310.7107998702354,311.4914928430166,53894000
2022-08-08,312.9748229980469,318.5959077315919,311.51100133048016,314.907078320585,43878500
2022-08-09,309.432373046875,311.3353531473063,307.81243659216807,311.0816145255079,39764200
2022-08-10,318.0689697265625,318.3617519714591,314.29231404150215,316.7612924209817,51459600
2022-08-11,316.2635192871094,322.3920511229261,315.560883736056,320.39150687223895,45897700
2022-08-12,322.4214172363281,322.6165756154438,317.25899713697703,318.31293577249124,40928400
2022-08-15,325.0269775390625,325.5246864619341,321.4552489111956,321.4747855946209,38266600
2022-08-16,324.26580810546875,326.35420819540025,321.22106348744586,324.0511130474527,41186900
2022-08-17,320.5671691894531,323.436261971791,318.48853770617495,321.1331968983646,47842200
2022-08-18,321.338134765625,322.5189425848019,318.90820030114213,320.5183981966612,41937200
2022-08-19,315.0730285644531,318.95704693798035,314.31184232639384,318.30322313147957,51770600
2022-08-22,306.77801513671875,311.05237977233116,305.96804680393296,310.81817780266437,51098900
2022-08-23,306.5242614746094,309.35431072684594,305.7728139625083,306.54376837538723,39497100
2022-08-24,307.41229248046875,309.22741689930655,305.44099374167973,306.0460352146257,38057100
2022-08-25,312.8479309082031,312.8674675891927,308.1442069262223,309.1883770057598,38098300
2022-08-26,300.02490234375,313.7555572354442,299.9370766142662,312.5552127027734,69047700
2022-08-29,297.06787109375,299.81009369638383,295.96512104997925,297.27279771822845,48321900
2022-08-30,293.7597351074219,299.33203795561866,291.24197482667506,298.7172280617715,51184500
2022-08-31,292.0519714355469,297.5559559895286,291.94463879300986,296.65813213421137,50044000
2022-09-01,292.1788635253906,292.54970319492196,285.88444683132894,289.56350871500655,57990700
2022-09-02,288.0508117675781,296.42385775688933,286.44058427059224,295.04786195450646,64666800
2022-09-06,285.98193359375,289.44632923624584,283.85452002401945,288.52899865452224,57005400
2022-09-07,291.7591552734375,292.7545432113645,286.19662144134224,286.46012838191547,49260400
2022-09-08,293.2717590332031,294.5892043917732,288.32406480087906,289.6902922987745,55649800
2022-09-09,299.68341064453125,300.1811196804725,293.2718628039594,295.5261464185198,56125200
2022-09-12,303.2453308105469,303.57712686254604,300.7470771871738,301.0593663354785,45905700
2022-09-13,286.61627197265625,295.7114605874526,285.7282166567736,294.520884533157,79562200
2022-09-14,288.89007568359375,289.76836270160635,285.9917076770831,287.7580500540228,54907200
2022-09-15,284.0790100097656,289.37803753073274,282.4785506213726,286.9773782296725,65299400
2022-09-16,282.3419494628906,282.73229597764134,278.731177193004,280.7805336223577,79920400
2022-09-19,284.5406188964844,284.6970440569441,279.6426884526191,279.7013441584104,52613800
2022-09-20,282.2725524902344,284.5602147143925,279.97510436926854,282.0378998122083,51271100
2022-09-21,277.2181091308594,287.3757485704161,277.0812557791903,283.1132455183981,82931000
2022-09-22,273.8062438964844,276.7000351668306,272.58420013628125,275.69307230182534,62757100
2022-09-23,269.3481750488281,271.63583691551656,265.9362092867827,271.3425285725791,74815200
2022-09-26,268.23370361328125,273.2391899171992,267.4418216694611,268.8789462776998,71176700
2022-09-27,268.34124755859375,273.94307663877163,266.0242277024173,271.59675876301304,69780100
2022-09-28,273.6791076660156,274.9598069578421,266.8454494776389,268.32165784227294,79652100
2022-09-29,265.7895812988281,270.0716267058167,262.82734890338435,269.69033479435024,81216000
2022-09-30,261.2828063964844,269.0354467666195,261.1263811763165,264.96848054743543,78482400
2022-10-03,267.4125061035156,269.00605596137075,261.5466959774545,263.05226226362504,61267400
2022-10-04,275.8201599121094,276.5240582865972,272.75037177377175,272.75037177377175,66696900
2022-10-05,275.6734924316406,277.4625511231233,269.2602100468539,272.05623146486425,55766300
2022-10-06,273.5031433105469,277.82427276832533,273.1805070928327,274.6762872643789,53489400
2022-10-07,263.0816345214844,268.99631546280324,261.75203515428467,268.869218115013,71354700
2022-10-10,260.45172119140625,263.66814841441,257.74368321845105,263.2770705805112,60393000
2022-10-11,256.8735656738281,261.6444286795512,255.19203248058224,258.77996563092654,66522500
2022-10-12,256.7855224609375,259.425118132508,256.0914102086223,257.5089625595466,50580200
2022-10-13,262.8078308105469,264.12764394193346,248.5734536032913,249.45333399672413,112894100
2022-10-14,254.90853881835938,265.7309653636263,254.32198168993213,265.13462233804114,77244300
2022-10-17,263.32598876953125,264.1960683906086,260.77434594840025,260.8721154137595,64576500
2022-10-18,265.4082946777344,271.01012274316884,262.7295551546462,270.34533826855227,69781000
2022-10-19,264.4404296875,267.5590871120454,262.07457015959795,263.89295658178486,53115400
2022-10-20,263.09124755859375,268.69310486964116,261.92788976794674,263.5507370396225,60605500
2022-10-21,269.2602233886719,269.7979106618397,260.85255709108765,261.986617180999,77897700
2022-10-24,272.2224426269531,273.1511778563182,265.88735790217254,269.5241608272236,63963600
2022-10-25,277.8536376953125,278.2349296698417,271.68476317219097,273.16100158374826,59014500
2022-10-26,271.71405029296875,277.6287591147078,271.2252328615051,272.2321955769183,63492400
2022-10-27,266.76727294921875,272.05628218222876,266.24912756295623,270.59961549604924,57760300
2022-10-28,274.9305419921875,275.3998175773541,265.97540096188175,266.14161205508304,62651300
2022-10-31,271.733642578125,273.503159426672,269.81745662103884,272.68194966008537,47742000
2022-11-01,268.9571228027344,275.7614831825195,268.59540266363206,275.204224129554,45895900
2022-11-02,259.7380065917969,271.9877694465551,259.6695649953625,268.9277677479085,79803100
2022-11-03,254.66412353515625,258.58444930817916,254.28286141146174,257.1277827515424,70038900
2022-11-04,258.7603759765625,260.64720401130904,253.28561503914713,259.5913715372942,78313200
2022-11-07,261.6053466796875,262.1430638319726,257.675264711144,259.80650185570005,47333800
2022-11-08,263.51171875,266.7476878754442,259.5816073657685,263.1206707578258,63213800
2022-11-09,257.4307861328125,262.5535826079869,257.1472637052419,261.77148675232706,64862100
2022-11-10,276.42626953125,276.71954806888135,267.7253248392745,269.83701981536905,99256700
2022-11-11,281.5196838378906,282.1844981179217,274.9011075659427,276.2404623502696,66961800
2022-11-14,279.05615234375,282.74182575860164,278.07851728924834,279.46674235901037,55290700
2022-11-15,282.9178161621094,286.7012589614155,279.5742912260636,285.67472427703444,73985400
2022-11-16,279.05615234375,283.00580631775176,278.2349424781751,280.9625526340498,48859800
2022-11-17,278.440185546875,279.9164237510192,274.4416625000356,274.5980876597836,55462100
2022-11-18,278.45001220703125,281.54909849777874,276.00592466887895,281.45135886429506,53588600
2022-11-21,275.5855407714844,278.21535143793466,274.7545450656288,277.0617493138327,40083500
2022-11-22,279.5547790527344,279.7111744196331,274.18754186864925,276.31880913961606,41873400
2022-11-23,282.36053466796875,282.9862055245089,279.39830194977225,279.5742690811381,46390000
2022-11-25,280.5030212402344,281.47087025300624,280.0142037856951,280.7669719250677,15498800
2022-11-28,276.3872375488281,280.54218712643853,275.4585020148679,278.5282610120956,38714200
2022-11-29,274.29510498046875,277.0129295415653,272.9264217185959,276.61209554432804,35618900
2022-11-30,286.7989501953125,286.9065055448826,273.70843484346506,274.5589724039487,74718100
2022-12-01,287.15093994140625,289.13553770503285,284.3744602516807,287.12161208618227,51547300
2022-12-02,286.0071105957031,286.88700597383513,281.9108175119256,282.0868144885837,53583200
2022-12-05,281.2069091796875,285.15653258522,279.75021293114065,283.88561918438853,41482100
2022-12-06,275.3801574707031,281.1873104465043,273.9919327917334,281.05045709162715,53937600
2022-12-07,274.2559509277344,276.2503347220623,272.54508964298054,274.19729521334705,45614300
2022-12-08,277.501708984375,278.46955811599247,273.53251315292846,275.6050946410666,42594900
2022-12-09,275.732177734375,279.2516696245524,275.2922300599584,276.4849459273226,47860500
2022-12-12,279.19293212890625,279.2516176649539,274.87180303489004,275.908093532643,35732500
2022-12-13,282.1943054199219,290.2402513163145,279.5155953648504,290.0153845506873,80667700
2022-12-14,280.10223388671875,284.89263977012683,276.85647828887886,281.60777041561107,64984400
2022-12-15,270.6972961425781,276.68041594822324,269.5045805722666,276.0156016536726,60554100
2022-12-16,268.1163635253906,271.55762753266515,266.5130280152086,270.0227634589525,68300400
2022-12-19,264.348388671875,268.47407711477496,263.11360998326035,268.3858829093709,44167900
2022-12-20,264.142578125,265.8869331436149,261.6044454235954,263.1821914650864,51064200
2022-12-21,267.97430419921875,269.27765841529884,264.33857367332774,265.1813681287866,46394700
2022-12-22,261.418212890625,265.093120157277,257.2043012809809,264.9657185869975,60278400
2022-12-23,262.0062561035156,262.67266222528946,258.25296279970826,260.1541178129993,39373600
2022-12-27,258.30194091796875,261.50648008934456,257.76296633096587,261.39866722805584,38009000
2022-12-28,254.8915557861328,260.15401783097843,254.52896974676278,257.9000868310476,47139000
2022-12-29,261.1046447753906,262.0454127740725,256.9985455070873,257.6943196587652,45893600
2022-12-30,260.9478759765625,261.07527757710335,257.03778328615977,258.34113754746767,37858300
2023-01-03,259.18389892578125,264.7403425754029,256.8809508045334,263.2703795073479,42335300
2023-01-04,260.4187316894531,262.0945116610241,257.2730180814706,261.30073374037886,47754900
2023-01-05,256.34197998046875,258.919320349099,256.02841054713053,258.7527412605254,45396700
2023-01-06,263.4173889160156,264.5345752837796,255.126804985391,258.07654065905234,54659700
2023-01-09,265.1225891113281,269.77747289377504,264.51500906581396,265.40676048327515,45568700
2023-01-10,267.36669921875,267.4745120737934,263.58400819036984,264.09358467777196,35247800
2023-01-11,271.9921569824219,272.09996982647135,267.6508731910464,268.4348714453479,44077000
2023-01-12,273.46209716796875,274.49108918311964,268.2584306857929,272.55072731097135,60600000
2023-01-13,275.34375,275.5887439039788,270.6300696799657,270.963257800599,44802900
2023-01-17,275.90234375,277.18610941652383,273.98157000685694,275.1477433843072,36269700
2023-01-18,272.3155822753906,278.9892126837552,272.1097958051242,277.4408347282873,47754500
2023-01-19,269.6402282714844,271.82558420366604,268.40547959041226,270.6888091384825,44150400
2023-01-20,277.0194091796875,277.3525971911707,270.18898017810113,271.24737024419835,60613600
2023-01-23,283.1736755371094,284.39864475391676,277.06844810068554,277.8622257606587,52799900
2023-01-24,282.595458984375,283.75182260561473,281.0373019205408,281.55668760848556,44875100
2023-01-25,281.9683532714844,282.5857126972859,275.54949598721333,278.08762887043525,50872000
2023-01-26,287.46600341796875,287.64239182663204,282.7425144316851,285.38846018754776,51596300
2023-01-27,290.32745361328125,292.2874039544897,286.0351575809997,286.15274981643717,56441900
2023-01-30,284.45745849609375,288.48517308170074,284.0850929525682,287.0641967396339,49405800
2023-01-31,288.7203063964844,288.8183099038059,284.38883249370343,284.4966154172271,46705100
2023-02-01,294.89422607421875,297.35394412149606,286.4468125594158,288.5145763137995,67562200
2023-02-02,305.4779052734375,307.39864851001664,300.5878380395017,301.41101371232133,83070600
2023-02-03,300.0488586425781,306.134527365596,298.44171454947156,298.8336987253652,76170800
2023-02-06,297.5107421875,299.7842924007308,296.16818061095165,297.43235731063703,40802300
2023-02-07,303.67474365234375,304.8017092397127,296.26613294999623,297.38328921452313,67584000
2023-02-08,298.275146484375,303.30242572488396,297.58918155909504,302.36165759241106,56720900
2023-02-09,295.638916015625,302.80253245280153,294.1885718359373,302.65554215168055,49137800
2023-02-10,293.6986999511719,295.5312495423064,291.29774776311353,293.4831041224218,50050100
2023-02-13,298.4025573730469,298.9905486890682,293.92406189600115,295.10004452804384,39636700
2023-02-14,300.6074523925781,301.5580297219123,294.88439967500585,296.8247617232843,64079100
2023-02-15,302.910400390625,303.0769794600468,298.1085269393555,298.7944917715508,43100600
2023-02-16,297.2265930175781,302.2538727236449,297.07960265615446,298.28498343279347,59498600
2023-02-17,295.12939453125,295.8839648215853,292.1306722050672,295.041200334183,58230700
2023-02-21,288.1422119140625,292.74810899592325,288.00503088741164,291.30754373044596,46526700
2023-02-22,288.3577880859375,290.42552201582805,286.70162711443794,288.72037423239385,51389200
2023-02-23,290.8763122558594,292.16007766757474,286.6917980591671,292.0032780111049,69294400
2023-02-24,286.005859375,287.1034271642342,284.2418855081771,285.91766516763073,74332000
2023-02-27,288.0539855957031,290.5529110256689,287.4659943455708,289.1613626370489,48995000
2023-02-28,287.6816101074219,290.1903450360639,287.093618816479,287.4268069031681,48243100
2023-03-01,285.3688659667969,288.0441798329406,284.3888905066176,287.387613022248,58287000
2023-03-02,287.7305908203125,288.5341779040145,282.59552879500677,282.8797300624582,53565900
2023-03-03,293.67901611328125,293.9142305420157,288.9653369053291,289.4749432455241,60511500
2023-03-06,294.0122375488281,297.91255078931,293.8162603935119,294.9138281640149,56736300
2023-03-07,290.4059143066406,294.9824127073463,289.7983343272335,294.06123341389787,65955800
2023-03-08,291.85626220703125,292.45403280782995,288.975132322113,290.8272701587182,50876300
2023-03-09,286.799560546875,294.9529618127606,285.98616434091986,292.35600347242956,71456700
2023-03-10,282.7718505859375,288.4557250634592,281.6252962741897,286.96614352139824,98593600
2023-03-13,284.8690185546875,288.57332394308236,279.47915447648757,280.98832479219584,97123600
2023-03-14,291.415283203125,291.9640670408029,287.57379633938,288.4165608377867,73602500
2023-03-15,292.9440612792969,293.2772493516955,287.3679984394516,288.80856358255966,83631500
2023-03-16,300.6662292480469,301.0288153358868,291.2388713383132,292.0326489647935,98198100
2023-03-17,299.2452697753906,302.95938486538984,297.29512832561835,300.5780518528827,89923700
2023-03-20,300.3072509765625,300.6311303110754,296.42054919854286,298.62890724672246,56359500
2023-03-21,304.5964050292969,305.04788323131515,300.72932185078076,302.24082881743965,49757000
2023-03-22,300.45452880859375,309.4155616024022,300.2876918296602,304.5277173641124,75791900
2023-03-23,304.01727294921875,308.3358335477737,301.3279933399785,304.1841398375628,74576000
2023-03-24,305.1362609863281,305.23438628802813,301.26917759155515,303.5953103540764,57195200
2023-03-27,303.0456237792969,306.9127064965641,302.1917301252153,305.8330587920121,50287400
2023-03-28,301.43597412109375,302.49600280278304,299.1294607378363,302.466559225668,48585900
2023-03-29,306.932373046875,307.5507181893601,304.31177457462326,305.1264302220419,53274300
2023-03-30,309.8375244140625,310.4656939492293,307.0206459205841,309.40566534682836,58354800
2023-03-31,314.99041748046875,315.2259960757609,309.7590750261057,310.06333534027965,62138100
2023-04-03,314.224853515625,314.48987569045227,311.54539785656647,312.8703889195931,47126800
2023-04-04,313.164794921875,315.6774131311537,311.947723948201,314.66647713252024,45875400
2023-04-05,310.0730895996094,313.15496013444977,308.257322684208,312.21273582508866,62795700
2023-04-06,312.1637878417969,312.6545342650368,307.0305994244895,308.4243024929315,46916500
2023-04-10,311.98699951171875,312.03609210575996,307.45250919646037,309.238832639675,45134700
2023-04-11,309.98480224609375,312.0067046080071,309.4744368646345,311.94778749401394,40113600
2023-04-12,307.24639892578125,312.52683299595236,306.7850962851923,311.93793154691537,62813300
2023-04-13,313.2630310058594,313.73412832120374,307.825553186617,309.00332642775743,54613800
2023-04-14,312.674072265625,314.43092227098646,309.768832905649,311.71219883461987,56278300
2023-04-17,312.9390869140625,313.2924398141298,310.19091970365525,312.261854645645,43007000
2023-04-18,312.958740234375,315.47138904102917,311.7613479245438,315.04932442631457,46746900
2023-04-19,312.8114929199219,313.87152168372256,310.4264731305352,310.55407195884237,38960100
2023-04-20,310.4264831542969,313.3611364890163,309.14073022453687,309.84740610563057,62462100
2023-04-21,310.7503356933594,311.52572317920414,308.2868098097779,310.0633088936985,59002300
2023-04-24,310.1025390625,311.85938891120855,307.9334192694122,310.524573610328,44043100
2023-04-25,304.25286865234375,309.14071237711994,304.15474335870545,308.4733046259451,57121600
2023-04-26,306.0981140136719,309.1113036974002,305.5779240970005,307.6390646932986,55400500
2023-04-27,314.4211730957031,314.92171397402467,309.21924413400245,309.85723831198396,65430400
2023-04-28,316.5902404785156,316.6785712153417,313.0568612415905,314.1855717047368,59712600
2023-05-01,316.22711181640625,317.64046359518244,315.14746393639973,316.1289565631733,41013400
2023-05-02,313.4690856933594,316.48227491711145,311.7318247639411,316.15836561209886,56519400
2023-05-03,311.4178161621094,316.50194097973383,311.30983639348045,313.832279731987,59882100
2023-05-04,310.31854248046875,312.3404149311977,309.2879572324431,311.19205535831844,50224500
2023-05-05,316.9142150878906,317.7681090058985,310.3578206159297,312.57600386245673,51806100
2023-05-08,317.6993408203125,318.0428692194948,315.3732081600549,316.4528560062947,36465800
2023-05-09,315.6873474121094,316.9043888562053,315.373262538542,316.04067043028607,31768800
2023-05-10,319.1224670410156,319.9763606733042,315.6479754087776,318.1213255801761,60446600
2023-05-11,320.1628723144531,320.7026812198648,318.1213510973268,319.67212605397896,44278500
2023-05-12,319.0145263671875,321.1149348281114,316.9632105060504,320.6928702621586,48432800
2023-05-15,320.7419738769531,320.97752251513634,317.96433305634275,319.4856645520145,33375600
2023-05-16,321.1051025390625,322.8128899714254,319.9861866676694,320.0254547559925,40019200
2023-05-17,324.99176025390625,325.5708371783504,320.98728442192385,322.1650573359087,47486100
2023-05-18,331.0279846191406,331.24391418025004,325.36478333622733,325.3844024044097,64213500
2023-05-19,330.2820739746094,331.9505933702211,329.2220452265491,331.24391752243963,61554900
2023-05-22,331.3911437988281,332.40207988096876,330.0170303294707,330.02685483940945,43015900
2023-05-23,327.1903381347656,330.8218725069687,326.8370151983698,329.67354301090694,48216700
2023-05-24,325.51202392578125,326.7487142213428,323.460707928602,325.2372071881873,62891200
2023-05-25,333.4326171875,334.6987508381004,330.4390771882498,332.8633647442254,66862800
2023-05-26,341.9520263671875,342.7863010934035,334.3552829944159,334.4534382479904,63007000
2023-05-30,343.50274658203125,347.37962387982896,342.0795705146639,346.18220186431466,72652200
2023-05-31,341.5495910644531,344.11130225670985,340.0970012254624,341.9225630348241,65105400
2023-06-01,345.49517822265625,346.8201691113252,340.2441874526576,341.29439159721204,50488600
2023-06-02,348.0863342285156,349.24448827334294,345.49520941716,347.25205955281666,53372100
2023-06-05,348.3316955566406,350.883582144611,347.30114037340985,347.8703928659199,47266200
2023-06-06,348.2728271484375,349.23470066993315,346.3981727066274,347.7231936940905,41390400
2023-06-07,342.3642272949219,350.5106032126766,341.73605770611135,348.55744268687283,69225900
2023-06-08,346.6141052246094,347.0754079440885,342.43296712222565,342.6586912501391,47153900
2023-06-09,347.9391784667969,351.040699138578,346.496382932025,348.0667773162255,53196900
2023-06-12,353.8182373046875,353.9163925495602,348.62616331728384,349.59783135014015,44606500
2023-06-13,356.5370178222656,357.3712625849286,353.3667858847022,356.56646140267986,57097800
2023-06-14,359.1280822753906,359.41272347330965,353.74952280701973,356.54675233361814,69525600
2023-06-15,363.40740966796875,364.8894429222012,357.2436381860123,357.86195327861964,71138800
2023-06-16,361.12060546875,365.9495627793965,360.6789517210808,365.82196393469854,80932000
2023-06-20,360.60357666015625,361.9992210577164,357.645252046979,359.6698977267216,49204700
2023-06-21,355.6893310546875,359.89587962721504,354.7654602472478,359.4634281856961,53378300
2023-06-22,359.8861389160156,360.043366747909,354.03823537075647,354.4412029254088,47603000
2023-06-23,356.3183898925781,358.61822910430584,354.6279059428646,355.9940362893382,48922900
2023-06-26,351.54180908203125,358.5789391758396,351.453357180665,355.78768031078647,52685500
2023-06-27,357.58624267578125,358.31356381466287,352.35756283184793,353.08485397686843,49428100
2023-06-28,358.28411865234375,360.23012057412603,355.6894094314815,355.76805334391855,46498000
2023-06-29,357.5666198730469,358.62810268773603,355.9252956971378,357.98923340395874,46151000
2023-06-30,363.080322265625,364.1319369850528,360.9279028966516,361.24238851694764,58712500
2023-07-03,363.9354248046875,364.56442610409556,362.63807025771337,363.7191990468585,19432900
2023-07-05,363.92559814453125,365.62592029282894,362.33340387544496,362.372725830964,34460900
2023-07-06,361.15399169921875,361.5962812236896,358.264442790466,360.2203126942512,49374700
2023-07-07,359.9549255371094,364.1221830587918,359.7288917758838,360.9279564882664,47133700
2023-07-10,360.0728759765625,360.7510372753997,357.1735189685086,359.6797463815223,48498800
2023-07-11,361.8517761230469,362.30387357517714,358.3626803681237,360.49545377279605,38214100
2023-07-12,366.4219665527344,367.7684509021404,363.9451935946004,365.9501931335994,61975400
2023-07-13,372.643310546875,373.4688915075443,369.016633116235,369.59650438644826,46960000
2023-07-14,372.56475830078125,376.28969622897483,371.6900172609404,373.0758237437194,55148500
2023-07-17,376.0439758300781,376.918716845104,372.80061946885183,373.28220093014846,40868900
2023-07-18,379.1202697753906,380.48643025096686,373.4787840563649,375.4051399126897,55262000
2023-07-19,379.0317687988281,381.32179994850327,377.7049304495396,380.18170336657397,54093000
2023-07-20,370.29437255859375,377.50840607614344,369.27221176229006,376.0439558023817,71941700
2023-07-21,369.1837158203125,373.40010235740306,368.7512643809259,372.67278130360324,60499600
2023-07-24,369.7734680175781,371.1002764580917,367.9158882106813,370.15675956883325,40380100
2023-07-25,372.2796936035156,373.9406936381096,370.46143575568584,370.48111172850344,38894400
2023-07-26,371.0412902832031,372.7317742066789,368.74145110717086,371.2378700393192,47075700
2023-07-27,370.15679931640625,378.10796279614465,368.86928269570615,376.49612252032574,63940200
2023-07-28,376.8990478515625,377.9211786460314,373.69498364625855,374.206049043493,56902900
2023-07-31,377.0956115722656,378.27503021734213,375.77861108178536,377.20373944509765,44019900
2023-08-01,376.2209167480469,376.97769191496076,374.1569490273522,375.7491432709596,41060600
2023-08-02,367.9650573730469,372.75147785059374,366.72667080407234,372.75147785059374,72687100
2023-08-03,367.3753662109375,369.4983018652998,365.39001240778197,365.5571082205294,47666400
2023-08-04,365.6553955078125,371.6113968871545,365.1541380670017,369.30171945598914,61702800
2023-08-07,368.7512512207031,368.8495410886664,365.13441203296577,367.4637349337974,37230400
2023-08-08,365.6160583496094,366.2647356007834,362.490637952567,366.24508962124304,44726500
2023-08-09,361.59625244140625,366.05834931171427,360.83947730891896,365.9010914931724,51150900
2023-08-10,362.26458740234375,367.9355570708687,360.74119910131196,364.6037487888542,72035300
2023-08-11,359.9549255371094,361.68473167795355,358.4315371702507,359.7092158009151,48707200
2023-08-14,363.9944152832031,364.1123511595301,358.4413811511349,359.15883439674536,42130800
2023-08-15,360.1318664550781,363.8175125707832,359.46351316409294,363.02138541543525,45539900
2023-08-16,356.3183898925781,361.12445606745706,356.2201000129945,359.59122992630523,53190500
2023-08-17,352.4263610839844,358.0580388030528,352.0135855407682,357.71403918779725,62604300
2023-08-18,351.984130859375,353.2421635617153,348.6228083299143,349.16338776854,61191400
2023-08-21,357.6550598144531,358.33322103619656,352.9865751686361,353.44851063860824,50696500
2023-08-22,357.1439208984375,360.26934067221697,356.45592183151985,360.2595026874777,44530200
2023-08-23,362.775634765625,363.86660148965944,358.1071502121783,358.3233759596713,51770600
2023-08-24,355.02099609375,366.34328710975603,354.814608365216,366.24502723493003,66842500
2023-08-25,357.77294921875,359.46343306019554,352.42630404552017,355.85643166198474,69960500
2023-08-28,360.4659729003906,361.3996517770629,357.99903788003854,360.6920066314646,40910000
2023-08-29,368.3384704589844,368.69230800859503,359.9450490630402,360.2693726558129,58492400
2023-08-30,370.3926086425781,370.97250991801434,367.44409229932364,368.4466070521001,41731500
2023-08-31,371.5032043457031,373.2035261573354,370.40242976003566,370.4712356701043,35730700
2023-09-01,371.11016845703125,374.29455716790716,369.6260719928034,373.87194360321496,39801200
2023-09-05,371.5819091796875,372.80061981456237,369.38032965344104,370.30420061660834,32344200
2023-09-06,368.30908203125,371.14950117508664,366.30411204087085,370.80550152185896,42998700
2023-09-07,365.6750793457031,366.45153056121603,362.8150142298059,363.8568211799981,52060700
2023-09-08,366.1861267089844,368.4171903454123,365.22296372375945,365.6259312968317,35800100
2023-09-11,370.5007629394531,371.0118283442909,367.24756874146516,369.21324644388017,39936600
2023-09-12,366.39251708984375,370.4811304591035,366.10748541432696,368.8299383335772,41391000
2023-09-13,367.7880859375,369.3901179238382,365.4980848118178,366.62834339305766,46300700
2023-09-14,370.7955627441406,371.7784014897126,367.4735929789483,369.53753034956287,48039400
2023-09-15,364.4464111328125,369.8618618963035,363.51270238260497,369.45889443536424,69811200
2023-09-18,364.826416015625,365.93863645323245,363.22206476755633,363.5075090480625,36903500
2023-09-19,364.0487976074219,364.846047022524,361.0271075817854,363.50746579523855,37621700
2023-09-20,358.80267333984375,365.46611246764394,358.72391560385915,365.1117927675392,45514200
2023-09-21,352.2278137207031,355.9089722370328,352.0605060828978,355.12154499734396,69734800
2023-09-22,352.27703857421875,356.1058002061891,351.9620676839268,353.9699695629412,51589700
2023-09-25,353.95025634765625,354.0388663136453,350.3281813107885,351.3124427906293,39168000
2023-09-26,348.6352844238281,351.91289229277817,347.6510228478301,351.37153040361153,53657700
2023-09-27,349.4522705078125,351.3617405439319,345.8301647465173,349.7869158699708,56066000
2023-09-28,352.37548828125,354.50149684068487,347.68054144851845,348.5368441938577,56453300
2023-09-29,352.63140869140625,357.23777601769604,351.40108163532835,355.84996349396636,64829600
2023-10-02,355.5743713378906,356.9720060523361,352.2869410494211,352.8971784631042,51625100
2023-10-03,349.3341369628906,355.3282864453552,347.7199335363626,353.13337228482897,60478500
2023-10-04,354.0881042480469,354.9345547909679,349.70812819170675,350.17073233689933,54786700
2023-10-05,353.0447692871094,354.48178270513296,349.5506528835014,354.0782318748588,45897400
2023-10-06,358.9602355957031,360.15118378118626,349.2652523404519,350.05264964515703,75049100
2023-10-09,360.7908935546875,361.3322253655533,355.10186327801586,356.5979299467426,45304800
2023-10-10,362.7889709472656,365.436636991541,360.62361350091794,361.12556647967915,46968800
2023-10-11,365.3775939941406,365.5646061019628,362.39528253424044,364.11774034197475,38215100
2023-10-12,364.1078796386719,367.8579138612387,361.71613120455214,365.87956850775583,49587900
2023-10-13,359.5310363769531,365.31849875234707,358.13337184276384,364.73778807689456,52469900
2023-10-16,363.5960693359375,364.649236422345,360.7023379238582,360.84997115156034,44201100
2023-10-17,362.40509033203125,364.0980212855741,357.9365347853642,360.05269096797355,50999100
2023-10-18,357.6511535644531,362.11970989850084,356.3223943198003,359.91497339834217,54280500
2023-10-19,354.3046875,360.2594588062133,353.5074379211459,359.0685105524273,72274200
2023-10-20,349.0191650390625,354.373550479642,348.79277406044923,353.802661937845,72559700
2023-10-23,350.0723571777344,353.6058529260909,345.59394861069154,347.70028297707074,60665200
2023-10-24,353.47784423828125,354.2455670218574,350.1904143682358,351.88334538295214,47082100
2023-10-25,344.826171875,351.2632505247359,344.24546119183015,351.08609066287613,71190500
2023-10-26,338.2513427734375,344.56046319125295,336.9619624891379,343.62540266266313,78621400
2023-10-27,339.8753662109375,343.34980841162735,338.664713645482,340.9777343824353,63476700
2023-10-30,343.70416259765625,345.02306953665595,340.9974431987372,342.3556989748793,55298500
2023-10-31,345.3478698730469,345.72189409468723,341.1647579872037,343.7336964353076,47671900
2023-11-01,351.3420104980469,351.9030468160759,346.0860571858595,346.18448935280355,58992700
2023-11-02,357.7200622558594,357.95627544374383,354.6294662070536,355.84997109811536,58162400
2023-11-03,361.92279052734375,363.21217069923983,358.7829939153068,359.009384875461,53280500
2023-11-06,363.3992004394531,363.96023673494824,361.1354108770652,362.6905309181117,38848700
2023-11-07,366.8343505859375,367.70047565765793,363.2417713219163,364.44257180716573,50777400
2023-11-08,367.070556640625,367.90718508359936,364.787062313558,367.20833765767605,35663400
2023-11-09,364.2456970214844,368.9012351592412,363.7535662221592,367.7595181376134,53859400
2023-11-10,372.43475341796875,372.5823866474113,365.43663796959595,365.96814763286875,58309800
2023-11-13,371.2732849121094,372.3264519626699,369.33428848820785,370.85991188861345,40733500
2023-11-14,379.2655334472656,380.1809196223346,377.14937687893797,377.67103435891903,67792600
2023-11-15,379.5509338378906,381.6474157438796,378.19264809388204,381.155284969226,54141400
2023-11-16,379.87579345703125,380.11200663962404,377.52339371034566,378.78324741297644,45343500
2023-11-17,379.96435546875,380.9781437125755,378.241897673309,379.14740152203535,46571900
2023-11-20,384.59033203125,385.24980045802454,379.97414315566067,379.97414315566067,44429600
2023-11-21,382.3560791015625,383.104127478915,380.6139470007728,382.8875887400645,43337000
2023-11-22,383.92108154296875,386.8837186036944,382.9171455132762,384.4230645764553,44121000
2023-11-24,383.3797607421875,384.1081047433518,382.38564687454755,383.5175417523055,15718800
2023-11-27,383.0450744628906,384.9938930766563,382.1690672796005,382.8875890129527,34139700
2023-11-28,384.049072265625,384.6297830598259,381.94273782541677,382.2970876541649,35491100
2023-11-29,383.67498779296875,387.93685707414187,383.3304902471519,386.50966582887696,38811700
2023-11-30,382.7104187011719,384.40334982807576,379.7478117570499,383.9407456818497,52834400
2023-12-01,383.802978515625,384.3935414950963,379.99389085209225,381.6474431647872,40490100
2023-12-04,380.23992919921875,380.5155212317235,376.6375283217996,380.01353822930184,51186900
2023-12-05,381.1946716308594,382.38561971941857,378.1631291761713,378.3403190869991,42933000
2023-12-06,378.9898986816406,384.2261773485947,378.64543116817373,384.1277451859132,41994100
2023-12-07,384.2852478027344,385.1120239390845,380.86985886236414,381.96240485355264,49593500
2023-12-08,385.9979248046875,386.4408245481199,382.36599672212515,382.5530088484466,46687500
2023-12-11,389.295166015625,389.56093589114397,385.36797155305123,385.5746580939018,41198000
2023-12-12,392.39556884765625,392.51367542874294,388.20260499540507,389.3344997805244,39221200
2023-12-13,397.3857421875,397.9959795327111,392.5628666775999,393.3305894727491,55408100
2023-12-14,397.0412902832031,399.9054650273427,394.03927446369323,398.60626257953487,55447800
2023-12-15,398.9606018066406,400.1417277666197,397.2184695510884,397.8188547219358,62896600
2023-12-18,401.47357177734375,402.3710426248639,399.0277462649899,399.35318817364663,46610000
2023-12-19,403.5248718261719,403.6432143177387,401.739802351394,401.92718799546697,35711900
2023-12-20,397.52862548828125,404.81686222390726,397.3511117357138,402.7260644342573,54042400
2023-12-21,402.1539611816406,402.51889062414244,398.89942259726985,401.4537481111412,45568900
2023-12-22,402.7555847167969,404.3236828046268,400.8817585167201,403.36704094129067,34314000
2023-12-26,405.2212219238281,405.89184950293827,403.5150372531443,403.61366603766743,22722500
2023-12-27,406.0461730957031,406.3323380041614,404.64497985615014,405.503474581525,31980500
2023-12-28,405.8487243652344,407.4472786001535,405.493510166212,407.20059203535254,27029200
2023-12-29,404.09228515625,406.1842123547382,402.17799515628036,405.8289680708048,42662100
2024-01-02,397.2541809082031,400.7077928852175,394.93532112958644,400.46110631543075,58026900
2024-01-03,393.0506286621094,395.6852544540013,392.61648800716534,394.6294287174648,47002800
2024-01-04,391.02783203125,394.29395995431605,390.8107466354673,391.1857150566472,39432800
2024-01-05,391.49163818359375,394.26439318675887,390.10032213186327,391.19562630582584,44922800
2024-01-08,399.58294677734375,399.86908153761993,392.56716456476687,392.7151704947561,42473800
2024-01-09,400.3722839355469,401.2998278033739,396.385820723595,396.5831820153857,39132900
2024-01-10,403.0859069824219,404.0923774761502,399.8000546991392,400.68812044220664,33962800
2024-01-11,403.9245910644531,405.7500776839411,398.8823019732114,404.35876183167534,54536200
2024-01-12,404.13177490234375,405.79937840440965,402.7404591342418,404.96063810423556,39595000
2024-01-16,404.09228515625,405.67108506829044,401.4379355206149,402.8983307090454,43903000
2024-01-17,401.81292724609375,402.1878956347256,397.57980756543736,400.7867328397497,54386000
2024-01-18,407.516357421875,408.0985341433326,403.73713222559695,405.0790927808669,59562500
2024-01-19,415.5978088378906,415.7556918630463,409.13463247146666,409.71680918810495,70325100
2024-01-22,416.1405334472656,419.10077238644385,415.53860253748337,417.79826002605955,44880600
2024-01-23,417.86737060546875,418.0844560150282,414.9959350071137,416.8312688317537,33003800
2024-01-24,420.1861877441406,424.1529273697124,419.69281456588413,421.77486503694314,46948000
2024-01-25,420.69927978515625,423.3536296702719,418.36069593474804,422.68261931824196,44367200
2024-01-26,418.1929626464844,420.56114783250166,417.5417064505357,418.81461765684946,37137000
2024-01-29,422.47540283203125,422.67276412816915,417.99556640503255,418.6468225465606,38694700
2024-01-30,419.6632080078125,422.0116691243493,418.7554182347818,421.43936949466547,36739000
2024-01-31,411.4436340332031,417.2654315784379,411.26602691421135,415.272214756942,64010600
2024-02-01,416.2885437011719,416.7819168628328,412.2724789381055,413.2395011756799,51008600
2024-02-02,423.3240661621094,424.53774491430374,417.18650258936236,418.18309593751326,59602400
2024-02-05,422.771484375,423.9160836378695,419.3671974329479,423.3832622919812,39889200
2024-02-06,421.9228820800781,424.51802988415363,419.584297971648,423.9160989320108,35846100
2024-02-07,426.2645568847656,427.0934202261627,423.4029984199902,424.70551086208974,37712700
2024-02-08,427.0538635253906,427.8136472003101,425.70202615332914,426.3828532749753,29889900
2024-02-09,431.2574768066406,432.04689194825363,427.3993251082334,428.1887101367379,36943900
2024-02-12,429.5701599121094,433.31981417558666,428.88930250964694,431.1489601223572,33203300
2024-02-13,422.8701477050781,425.5540990543251,419.692823167463,421.61699064734256,64491700
2024-02-14,427.478271484375,427.90256520413857,423.19579577332206,425.5442569952469,45092700
2024-02-15,428.7511901855469,429.2149622005433,425.6133137308573,428.16901342001694,38796100
2024-02-16,424.86334228515625,429.2247438693549,424.15288377696066,429.1260933343297,53716500
2024-02-20,421.6564025878906,424.3798016822506,417.8870247947105,422.8700811679179,53999500
2024-02-21,419.96905517578125,420.05788883742673,416.0418243903044,418.92310656439344,49779000
2024-02-22,432.2639465332031,433.3000180733952,427.96171712915435,428.73137801666724,53887800
2024-02-23,430.9910583496094,434.75055943637386,430.01418912468716,433.82301548242646,39853900
2024-02-26,430.76409912109375,432.7869471692382,430.5766149089948,431.8002008373945,33043200
2024-02-27,431.8001708984375,432.184986282359,429.26422577428366,431.8692503640229,33713200
2024-02-28,429.5010681152344,430.88253708025496,428.5439229619259,429.6589511430398,32938800
2024-02-29,433.18157958984375,434.25712932878366,429.2543188931637,432.42179586043784,42495200
2024-03-01,439.7040100097656,440.66115513774344,434.01049462540504,434.0696969951267,43853000
2024-03-04,438.13507080078125,440.12831755147187,437.8883842316844,439.7039937666643,34325700
2024-03-05,430.2707214355469,435.1058025012789,427.9025362866196,435.0959254018696,57917100
2024-03-06,432.97442626953125,436.13199642628683,431.09961428378455,434.48414693490355,46234500
2024-03-07,439.5461730957031,440.7993301178958,435.01698085540727,436.5563328635165,44526700
2024-03-08,433.20135498046875,442.6938797953184,432.53037471556775,439.901370869489,72096000
2024-03-11,431.593017578125,432.846174651549,429.6688500741566,431.71142232671815,45860000
2024-03-12,437.7798767089844,438.13509093051266,430.67529114733907,433.9019708917608,55300900
2024-03-13,434.4150695800781,436.8030089363392,433.30004141473387,436.78325473745014,37928700
2024-03-14,433.3197937011719,436.17147490901215,430.60624131940546,435.64850056359603,52195200
2024-03-15,428.1689453125,433.0533211737261,427.0045618535446,430.29044372372584,73069800
2024-03-18,432.2525634765625,435.77002263361766,432.0154107319482,433.4876272298241,47323800
2024-03-19,433.32958984375,433.73469442402046,428.15218143620706,430.2468751531262,43004100
2024-03-20,438.4674377441406,438.80337150894667,432.82567425217115,434.52512339661354,43653500
2024-03-21,440.54229736328125,443.9708355613274,440.34470525377156,443.51634054123906,39345700
2024-03-22,441.0462646484375,442.1429869204166,439.1788335545133,440.0285731989278,28253900
2024-03-25,439.445556640625,440.9276330874447,437.2520822932149,438.2499932634195,27789200
2024-03-26,438.0227966308594,441.8860798362607,437.79553403539165,440.967169447926,34142000
2024-03-27,439.5147399902344,441.20432901385453,436.6493979452697,441.105517877216,41359200
2024-03-28,438.7045593261719,440.3150873730311,438.3488452662453,439.46534778476365,36839600
2024-04-01,439.63336181640625,442.1825204613971,437.7264002216161,439.65311198392817,38729000
2024-04-02,435.8392028808594,436.15538646711934,432.79601878365486,434.8215114618378,44259700
2024-04-03,436.8173522949219,438.6946431607458,433.7049976814608,433.71485768745384,39949800
2024-04-04,430.13818359375,441.6094731133344,429.9109209744225,440.9968560724856,57267700
2024-04-05,435.2068786621094,437.87462875113954,430.7507584555262,431.56096761180083,54744600
2024-04-08,435.3352966308594,437.2125875865216,433.9520311978938,436.13561556539395,28144900
2024-04-09,436.94580078125,437.9437117785747,432.21302808963225,437.66705870710007,39443600
2024-04-10,433.1319580078125,433.9915576445621,431.0669348170311,431.77833281863883,61502200
2024-04-11,440.04827880859375,440.9967993468194,432.7268171178065,434.99935255997985,45474600
2024-04-12,433.0331115722656,436.9556753449203,431.65973632798597,435.82931285671975,53665000
2024-04-15,425.9093017578125,436.8667847613836,425.0694522981349,436.7778637813603,63453600
2024-04-16,425.94879150390625,428.57701077839033,424.5655261365261,425.75116924302756,47619000
2024-04-17,420.751708984375,427.9447203363732,419.82293846710934,427.92497016791634,56880500
2024-04-18,418.35064697265625,423.12291968681035,417.7775605488764,421.3938305631004,46549400
2024-04-19,409.6954040527344,417.69862441269396,408.134296500219,417.17495850837054,75231000
2024-04-22,413.8155212402344,416.14730709405615,408.9938276035389,412.32355460226944,47807700
2024-04-23,419.9908447265625,421.1863779906692,413.8649164811478,415.74220734573504,44384700
2024-04-24,421.4136657714844,424.59519137964264,419.1312702431236,423.0834744692618,48440300
2024-04-25,419.3782653808594,420.23786493944755,413.1436658883996,414.230497882568,57392200
2024-04-26,425.8500061035156,427.381473182625,421.81877105316397,422.5103887021801,41874900
2024-04-29,427.5791015625,428.57704279451684,424.84221094712433,427.9545657944638,30022200
2024-04-30,419.5166015625,427.39136982222493,419.4375707439293,425.9982141906258,43665900
2024-05-01,416.4833068847656,425.0003330647084,415.63359737530845,418.09383507210157,52251700
2024-05-02,421.7989501953125,422.6980801902515,415.6038815105745,420.21806262347377,36559000
2024-05-03,430.2764892578125,431.26454032422834,427.45064752834196,429.2489077059209,48515300
2024-05-06,434.989501953125,435.0784229348323,431.3040604511998,432.07473911225696,30227200
2024-05-07,435.05865478515625,436.6889330215927,434.32747648868434,435.4341190165748,30996100
2024-05-08,434.8017883300781,436.2048342357661,432.32177028509693,432.44036175201296,24896700
2024-05-09,435.7502746582031,436.3233611678897,433.22086631601803,435.068517003567,24580100
2024-05-10,436.77789306640625,439.00100817482354,435.23653567013787,437.25216847792285,27116600
2024-05-13,437.78564453125,438.78358573741383,436.3727387710848,438.6847746021528,22994200
2024-05-14,440.60162353515625,441.1351795765155,437.17308498286746,437.3608171056989,34478300
2024-05-15,447.4883117675781,447.7353245285619,441.5600055039681,443.0717223950717,41464700
2024-05-16,446.579345703125,449.25695573333155,446.41136374933757,447.300603706104,34780400
2024-05-17,446.3619689941406,447.31048959544074,444.1684943734974,446.70776275246817,35803700
2024-05-20,449.4742736816406,450.136250950765,446.3915594570712,446.57929155498357,24474200
2024-05-21,450.35369873046875,450.54143085979473,447.42907579122794,447.6266980809167,23167700
2024-05-22,450.2647399902344,451.3614923460644,447.6661608786562,450.6105638917276,25120000
2024-05-23,448.2392883300781,455.0765854024799,446.4509181608015,455.04694507409687,40899200
2024-05-24,452.4779968261719,453.7427009819922,448.1503283413245,449.8497773775448,29669500
2024-05-28,454.18731689453125,454.24659754757704,451.23305379035156,453.6932913505319,26216800
2024-05-29,450.98602294921875,452.7645027751896,449.899160765381,450.0375023855627,29739200
2024-05-30,446.1544494628906,450.19560488160533,444.83046464487313,450.0572632581326,30536800
2024-05-31,445.3244934082031,447.07336311604297,437.76590868384545,446.3817152995183,55941300
2024-06-03,447.7156066894531,450.1363138301229,442.54808850150624,449.13840270768463,32997500
2024-06-04,448.9407653808594,450.1362987474651,445.73948952356676,447.4586887576052,23767400
2024-06-05,457.9913330078125,458.07036382987604,448.9803116462065,452.507661370221,33817400
2024-06-06,457.8332214355469,458.9892544596683,456.6673284046728,458.67307087921665,21966800
2024-06-07,457.4281005859375,460.17488126832046,456.32148824669326,457.46763107031757,25829700
2024-06-10,459.2757568359375,459.6314708938704,456.01520042833266,456.3017436759834,20660800
2024-06-11,462.4276428222656,462.5462342770449,456.5092266656226,458.001193404112,22053300
2024-06-12,468.484375,470.80630087751473,465.6585636171395,466.35018122447093,34532600
2024-06-13,471.023681640625,472.6737401049363,468.7511763645749,472.01173265680745,25859000
2024-06-14,473.4642028808594,473.5333736936647,470.36170799369097,470.8260932107854,23372600
2024-06-17,479.2640380859375,481.0425179080329,472.42674173146634,473.7309461963046,37054500
2024-06-18,479.4122619628906,480.0940196286849,477.6535322250408,479.2146698362232,24438600
2024-06-20,475.7169494628906,481.0227788796813,473.8890489544044,480.6078143162827,33918700
2024-06-21,474.4423522949219,476.77416848361605,472.9504156934659,475.440293517699,37456800
2024-06-24,469.041015625,474.9490574140219,468.9024843141438,473.2172197227776,37751000
2024-06-25,474.4048156738281,474.7016900786388,470.189017920386,471.1291705370449,29014700
2024-06-26,475.3844909667969,475.92880093044886,473.1677483971883,473.58337252856364,22737100
2024-06-27,476.611572265625,478.08612876340686,474.32554913110164,475.13704596869303,26222100
2024-06-28,474.1375427246094,482.1436072423702,473.49429478929665,477.4033117975724,34881600
2024-07-01,476.91839599609375,477.48245728594264,471.3171348061598,475.0579027852008,24898300
2024-07-02,481.9258728027344,481.98524767467785,475.2953968944467,475.42405251727433,26723600
2024-07-03,485.9437561035156,486.0724117323164,481.17377316359585,481.17377316359585,18064900
2024-07-05,491.0105895996094,491.44602546018973,486.4880122572662,486.7849168172166,28495900
2024-07-08,492.1783447265625,492.73253034096933,490.35744482196145,491.376753741408,22109400
2024-07-09,492.6038818359375,494.8107486472105,491.08976215311105,493.69247152313164,25614500
2024-07-10,497.74005126953125,498.2942369269607,493.2175036938141,494.52378120012463,28046900
2024-07-11,486.8244934082031,498.05670338480786,485.6369657380776,497.84889132768484,49966600
2024-07-12,489.6844787597656,494.43464949995774,486.933332417575,487.39845569345266,37109400
2024-07-15,491.000732421875,495.8103089222989,488.962114418248,491.45594988459715,31151400
2024-07-16,491.1887512207031,493.2669624935249,488.0318560940838,492.45546558304693,25950600
2024-07-17,476.7698974609375,483.7269347890986,476.70064691464466,483.2123425264367,56268800
2024-07-18,474.5136413574219,480.6690887882238,471.32705866428927,480.4909641521686,49347400
2024-07-19,470.3077087402344,476.690779451391,469.0212128794801,474.1771324025522,42042900
2024-07-22,477.31427001953125,478.3335790011108,472.75209900040915,476.1663054051844,40300000
2024-07-23,475.63189697265625,479.40235260218805,475.1568979647483,476.41370644097475,23282500
2024-07-24,458.5708312988281,469.2686376662744,457.7098653963061,468.90248253079744,58818600
2024-07-25,453.5138244628906,463.08347745644176,450.9012394618867,458.90727360561084,59256800
2024-07-26,458.1650695800781,461.0943407799324,454.9982686823399,457.848383450134,39992100
2024-07-29,459.0854187011719,463.05381067459047,456.8290828356766,460.8766312425985,28218500
2024-07-30,452.7815246582031,461.7178056143378,449.4365991488919,461.01518280406907,41317200
2024-07-31,466.1809997558594,467.8831499165186,461.5693600159238,463.0141989264488,44552100
2024-08-01,454.889404296875,470.6144736045948,451.2476045693235,466.8638300127631,56653900
2024-08-02,444.0926513671875,448.86263428021607,439.85707252429887,446.21045588905764,66323200
2024-08-05,430.85150146484375,437.6996954353394,419.0552302659208,420.30213280152026,87483500
2024-08-06,434.96832275390625,442.4300770811271,430.04990284842074,432.6922054571562,63164400
2024-08-07,430.2577209472656,444.3400455113918,429.8618783945526,441.85608592677744,54929200
2024-08-08,443.41973876953125,444.3301736904715,432.6130580671069,436.48248198323597,47890100
2024-08-09,445.73541259765625,447.36828199277033,440.98521139268263,442.1034884926195,33574000
2024-08-12,446.6953430175781,449.6543015423584,443.8946973509151,446.7052488965294,27795000
2024-08-13,457.779052734375,458.0462698402238,450.95067113228396,451.0892326243312,40084500
2024-08-14,457.92755126953125,460.28282498699116,453.6424734145616,458.6994548040249,34733700
2024-08-15,469.4962463378906,469.8920888985799,463.5189240086724,463.89498501162524,38280600
2024-08-16,470.0999450683594,471.46562770160637,466.75501924509746,467.7149534002889,38383600
2024-08-19,476.275146484375,476.31473980211405,468.4571423782289,470.23847926625564,23737700
2024-08-20,475.275634765625,477.92781315701507,473.5833602435094,475.36469707718084,29209300
2024-08-21,477.4923400878906,479.34292733029224,474.3453511879504,476.0573769337116,25658800
2024-08-22,469.92181396484375,480.50087108600786,468.89259906395546,479.8081238986909,37739600
2024-08-23,475.018310546875,477.72986373864114,470.3472959517967,474.2661885575702,36061500
2024-08-26,470.40673828125,475.39443971347083,468.3285268344201,474.47409885301283,27452600
2024-08-27,471.81195068359375,472.8807286031664,466.8143440444415,468.77380546465093,27510000
2024-08-28,466.4581298828125,472.0692672340193,463.03404773017155,471.3468628213856,37372400
2024-08-29,465.7752685546875,472.9698061378377,464.4986483367516,468.36807210677364,41081500
2024-08-30,471.3270263671875,471.9504927515124,465.626826998042,470.1098112366977,33466500
2024-09-03,457.01708984375,468.41751833575614,454.64200434968836,468.2888929130331,44985200
2024-09-04,455.8294982910156,459.62967104153984,452.97941402939506,453.9096605609189,32505100
2024-09-05,456.255126953125,460.53026908790207,453.18729411410754,454.20660310052904,34452400
2024-09-06,444.0332336425781,456.4331887234478,443.5384229367161,455.5524111706059,50624400
2024-09-09,449.7433776855469,450.73299918390046,445.15154963762876,448.35791362802206,32981200
2024-09-10,453.8998107910156,454.404527431382,447.5365516543528,451.50491342000015,29680300
2024-09-11,463.7564392089844,464.4986553607296,446.5964054047374,455.13684408962206,57843000
2024-09-12,468.3086853027344,469.1201821772386,462.00480120861374,463.78610782015113,40067800
2024-09-13,470.40673828125,471.5843904277585,467.34881109269736,467.5764349381155,29111800
2024-09-16,468.3284606933594,468.94202118034616,465.0132528878114,468.2789916995769,22585600
2024-09-17,468.5758056640625,472.6431651371136,466.08197072203683,471.3467635782714,30084400
2024-09-18,466.5471496582031,473.8604366394035,465.9434648552166,469.7733253245315,39909200
2024-09-19,478.3434143066406,481.1836532649459,475.50320554918557,477.6011982117997,52782500
2024-09-20,477.4330139160156,478.6700408299841,473.335966280543,477.4824829122334,34577700
2024-09-23,478.69854736328125,479.7886668451641,477.271487358506,478.60935989339436,24843000
2024-09-24,481.007568359375,481.9589315670274,475.85432326157445,480.10574366251944,25952600
2024-09-25,481.45355224609375,483.40584748164935,480.20486720146965,480.3832421383325,26549900
2024-09-26,485.07073974609375,489.2627322137733,481.4337116875212,488.93568125355074,32020200
2024-09-27,482.3751525878906,486.23020427686686,481.1958457378582,486.0914480623736,22851100
2024-09-30,483.68328857421875,484.020229062973,478.5795822480605,481.41386237049977,30281100
2024-10-01,476.94439697265625,483.6139194959118,473.1091848680393,483.31662795419345,42735400
2024-10-02,477.61834716796875,479.53099347672526,473.42635462803594,476.0426111384499,23744000
2024-10-03,477.26153564453125,480.19492312784206,474.6848980169124,475.42815712622803,25337200
2024-10-04,482.9400329589844,483.49499732601123,478.054350472024,483.06886937334593,30686600
2024-10-07,477.7669677734375,482.19679333270193,476.5480119306122,481.0274062437878,24975100
2024-10-08,484.9022521972656,485.5860530274448,479.50125391077506,480.30397136476074,28272000
2024-10-09,488.7176513671875,489.29245536882917,483.5644061682119,484.6049568617026,24995000
2024-10-10,488.16265869140625,490.0257663240612,485.130164010439,486.43830727293584,25750400
2024-10-11,488.9257507324219,489.9465223032904,485.7644497271091,486.32930368033,20644500
2024-10-14,493.028564453125,494.3465973585844,490.808706825702,491.3141024770898,26060100
2024-10-15,486.43829345703125,494.0195299441258,484.2877839012804,493.3555385326402,34784500
2024-10-16,486.4977722167969,487.2707604745814,483.18779530560226,486.76533460642946,22996800
2024-10-17,486.834716796875,492.02761076485535,486.7752584875692,491.97807225486406,27210700
2024-10-18,490.0257568359375,491.1158762002441,488.866259365882,489.6194382436373,25335000
2024-10-21,490.9672546386719,491.7699720639436,486.894178959246,488.81674495745733,30336500
2024-10-22,491.5024108886719,492.9790396580823,487.5482818189782,488.301460782079,26685800
2024-10-23,483.970703125,489.80777949555636,480.6904551648371,489.1537078148346,39346600
2024-10-24,487.8951416015625,488.56902265027605,485.0410215796077,487.6870072609626,22024900
2024-10-25,490.8681640625,495.7835760452956,489.98614869868027,490.68978912710674,38762100
2024-10-28,490.94744873046875,494.03940202418397,490.65015716118575,493.97994371032735,20477800
2024-10-29,495.6646423339844,496.84394921613693,489.4113580647336,491.2645459528903,28014100
2024-10-30,491.91864013671875,495.8529597761459,491.43305383710356,494.9015965333086,29756000
2024-10-31,479.5012512207031,488.00412245137545,479.40214395365643,487.954583939498,41245200
2024-11-01,483.049072265625,486.33924004761803,480.8391344021652,481.1364259666195,33655800
2024-11-04,481.641845703125,484.9815519553387,479.8976545652101,482.4445631601672,23291600
2024-11-05,487.7861022949219,488.45009377025474,483.1382526974681,483.2274401655053,24353600
2024-11-06,501.03594970703125,501.85850679379894,495.10971593005127,496.06107920229374,43082200
2024-11-07,508.9243469238281,509.70728521710686,503.7711019992823,503.83056030755586,32853100
2024-11-08,509.51898193359375,510.29193992816494,507.8044898484447,508.4288323181187,22924500
2024-11-11,509.2217712402344,510.9461229115346,506.3280021058684,510.73798855974053,24167500
2024-11-12,508.300048828125,510.0343202052163,505.2477445114932,509.15236530324336,25835300
2024-11-13,507.64599609375,510.3514400261562,505.36668014613633,507.7946721174008,24567400
2024-11-14,504.11798095703125,508.1811066415075,503.2062364575977,507.30904134011206,28679500
2024-11-15,492.1069030761719,498.80612454252906,490.04558089937717,498.41964553643646,51461100
2024-11-18,495.52593994140625,497.6269113394485,492.26553137733686,493.6529424943126,27080800
2024-11-19,498.9350280761719,499.42064465302644,492.6123649661754,492.94933575145996,24523000
2024-11-20,498.6476135253906,498.9548248827178,492.0970072679585,498.63769372570533,29565500
2024-11-21,500.44134521484375,502.4035299899302,493.088021478257,501.6900000053646,34526700
2024-11-22,501.2440490722656,501.9773883931018,498.2610927916357,499.8863672514566,23826600
2024-11-25,502.0368347167969,506.85316942781503,499.727789745264,505.31708246990956,26375200
2024-11-26,504.73236083984375,505.55491780378014,502.671069017246,503.5134050919411,26557100
2024-11-27,500.7584228515625,503.67200096615676,497.4187167746415,503.6026531011734,24957400
2024-11-29,505.1585388183594,505.75315217485644,500.7683621205399,501.3827848330466,15334000
2024-12-02,510.6585998535156,511.6199130371729,506.0305903133928,506.4170995466131,25147200
2024-12-03,512.224365234375,512.5018776266475,508.7558232504012,509.33062714398557,18597900
2024-12-04,518.5569458007812,518.8146185971435,514.9298080292643,515.6433681181578,26086200
2024-12-05,517.1200561523438,519.3299939278061,516.733546890651,518.6065744020088,18169600
2024-12-06,521.748046875,521.9858801083601,517.6551619389516,517.7839983547849,23762600
2024-12-09,517.6849365234375,521.6192257616104,516.5353285463648,520.8264281316256,20674400
2024-12-10,515.9208374023438,520.6579039280881,514.4937776630583,518.9137130815643,24350000
2024-12-11,525.1571044921875,525.8409052468438,519.875053656175,520.2813419948772,32168600
2024-12-12,521.7679443359375,524.2058562213963,521.2922778164673,522.9373315206931,23577500
2024-12-13,525.76171875,528.3779449247531,522.5607082907461,525.6923406392922,28780400
2024-12-16,533.3329467773438,534.3041797331767,528.2094313308821,528.2887292324265,31979900
2024-12-17,530.9843139648438,532.6492071689107,529.3293405604305,531.5392783661994,28579100
2024-12-18,511.8280944824219,532.0546894348616,510.38125523319684,530.3402575084388,54703200
2024-12-19,509.5487060546875,517.0705149732767,509.21179579232137,516.5056307829288,46441800
2024-12-20,513.998291015625,520.1029592084699,504.71254304884667,505.852200874932,60530000
2024-12-23,519.0060424804688,519.383239168352,512.31586004398,515.7105696508168,29672800
2024-12-24,526.0437622070312,526.1330632045123,520.3163815436208,520.9516666586724,17558200
2024-12-26,525.6863403320312,527.3142356084127,522.4206745678785,524.4158307733787,19090500
2024-12-27,518.6984252929688,522.5596938208661,514.0331448619471,522.1229428744699,33839600
2024-12-30,511.7996826171875,515.5219705176164,508.0476176252374,511.7004458401546,34584000
2024-12-31,507.4521179199219,513.8345638741997,506.48928482473434,513.0802310210817,29117000
2025-01-02,506.4595031738281,512.8221380642742,501.9728857721829,510.49940358547883,36389800
2025-01-03,514.747802734375,515.8099028942349,508.74252327822325,509.5564103096281,29059500
2025-01-06,520.6636962890625,524.0187233784725,518.1722957509822,520.1475802181556,36109700
2025-01-07,511.3728942871094,522.1030076792526,509.4869713360559,521.7059999662438,36690300
2025-01-08,511.4622802734375,513.1000507629971,506.7970001880406,511.2736819109176,30777800
2025-01-10,503.4419860839844,507.799529251394,500.1961615298894,507.700292461824,40532500
2025-01-13,501.823974609375,502.28056678713506,496.00729379112454,497.49620898526393,31694200
2025-01-14,501.3475341796875,506.39001083545065,497.88333436019064,504.9804910575475,33737200
2025-01-15,512.8817138671875,514.0231792721111,507.680415704871,509.2388513156959,34957600
2025-01-16,509.2884216308594,515.224210811633,509.15937746744135,515.144785037811,28229000
2025-01-17,517.8843383789062,520.1971366722539,509.3181091218114,518.9861209529159,51837900
2025-01-21,520.921875,522.0832120911833,516.2169118563148,520.6042324328826,23628000
2025-01-22,527.582275390625,529.875202608773,525.3489023631776,525.6566091124832,33593000
2025-01-23,528.7039794921875,528.8230878847827,524.5449397957133,525.130545961952,23096600
2025-01-24,525.716064453125,529.8452955948869,524.2470209693237,529.0810270552897,19878300
2025-01-27,510.41015625,514.1621916220109,506.3801306258622,507.2238554261772,60771700
2025-01-28,517.9539184570312,519.135127001106,507.9980395084438,511.4125906777684,33194200
2025-01-29,516.9812622070312,518.7282661051813,513.0803108268819,518.5992219137866,26649000
2025-01-30,519.1847534179688,522.2122024136221,514.3805539731445,519.8399100776113,27431300
2025-01-31,518.4303588867188,527.5921922182381,517.3385119017584,523.0261489535886,38755200
2025-02-03,514.2813110351562,517.0010535797855,507.27348469906485,509.6755846757201,40580800
2025-02-04,520.59423828125,521.2295233442737,514.4003603770645,514.7974286874838,26046800
2025-02-05,522.9566650390625,523.11551659981,516.7727228160936,517.9638671852232,21134100
2025-02-06,525.6863403320312,525.8948102853632,521.8548794809367,523.4629031663001,19434500
2025-02-07,519.0557250976562,528.1678797493125,518.3311390158517,526.2224024701397,29605500
2025-02-10,525.3389282226562,526.4407109622551,522.8574028177311,523.3239005134812,20852800
2025-02-11,524.0882568359375,526.0039872775455,521.9442454321847,522.0732896066455,19325500
2025-02-12,524.3959350585938,525.2793726405877,518.0928847804781,518.4402741025981,25009400
2025-02-13,531.9398193359375,532.2574012792994,525.2793832223591,526.0635234537466,28714800
2025-02-14,534.1731567382812,534.8580601398642,531.7114424599516,532.0489565555039,17862600
2025-02-18,535.384033203125,536.0093823292375,532.0786250485454,535.7413582511595,20565000
2025-02-19,535.5330810546875,536.8135264180986,532.4956962288245,534.590089236306,19666900
2025-02-20,533.2599487304688,535.1161249242239,528.52523935916,534.7488640035847,26550800
2025-02-21,522.1923828125,534.421347555334,521.8251218909734,534.4014759647268,47093800
2025-02-24,516.0282592773438,525.1602852244356,515.6908057368098,523.9790766643296,39268400
2025-02-25,509.52667236328125,515.4823335308943,505.67533996149535,515.402907751773,48940000
2025-02-26,510.7575378417969,515.8198259825109,507.59110865878125,511.72040130693927,34457600
2025-02-27,496.57305908203125,515.2341477107384,496.35468364163813,514.3010917647001,52448000
2025-02-28,504.4147033691406,505.02018100858754,493.25774490318094,496.4341094377578,47654000
2025-03-03,493.3768615722656,509.2486881332856,489.93250314963643,507.73993161461107,44587200
2025-03-04,491.8879699707031,500.0174498903787,484.1356867718227,490.5280988504062,67875400
2025-03-05,498.3002624511719,499.90828614862966,487.62970266721254,492.5331995401363,46323700
2025-03-06,484.59228515625,494.8955530213461,482.60706486522406,490.04170516165766,57574300
2025-03-07,488.15576171875,489.6347411717219,476.9789615630039,483.5599718062666,54714700
2025-03-10,469.23663330078125,480.39356231594445,465.1967024947357,479.8774159142813,76668000
2025-03-11,468.11492919921875,475.27163953814954,463.5588524754523,468.8593867741882,68760800
2025-03-12,473.3956604003906,477.50505079394827,468.3035653299785,475.6190975102553,46971100
2025-03-13,464.87908935546875,472.7604173080319,462.9832001082339,472.73064021166954,46563300
2025-03-14,476.1153869628906,477.0087300371878,469.6237081167645,470.2292160585815,43563000
2025-03-17,479.2024230957031,482.2497437290607,474.26914911026887,476.06577117794853,41744400
2025-03-18,471.03326416015625,476.0657749736721,468.91899953639006,475.86727110411596,39072300
2025-03-19,477.3363037109375,481.74346485411456,471.3607712944133,473.2864373851265,40430300
2025-03-20,475.7183837890625,480.96927004322396,472.6611273475336,473.35596661844284,36780500
2025-03-21,477.28668212890625,478.0509810732746,469.4152905592447,470.57662752286865,42234900
2025-03-24,487.7604675292969,488.605450554934,481.5374510469469,484.8577098068958,34567200
2025-03-25,490.5438537597656,490.70291186860106,487.5218407035887,488.4861096315565,26035200
2025-03-26,481.51751708984375,490.24562966600536,479.96673847902554,489.390696139039,34627100
2025-03-27,478.7738037109375,483.70448349873095,477.4119047450076,479.5591436051509,33469800
2025-03-28,466.16876220703125,477.6803158784236,465.2840071747282,476.9745201773356,46363800
2025-03-31,466.14892578125,467.08334293131804,454.62739030879317,459.1902923533091,53000300
2025-04-01,469.90655517578125,470.83105198841025,461.6754876852753,464.53844262078127,41156200
2025-04-02,473.3361511230469,476.7260031222664,463.1069521266998,463.3654253458386,49894500
2025-04-03,447.99676513671875,457.35115906183495,447.47984907108474,453.7426062022167,70456300
2025-04-04,420.1722106933594,437.7675929050692,420.1722106933594,435.55079068681124,117088400
2025-04-07,421.1861572265625,440.5212273303754,400.01204418212296,406.24497996843866,161557000
2025-04-08,413.60125732421875,440.52124286102435,407.3683213181599,435.5706616527368,101248100
2025-04-09,463.2461242675781,465.06529634282225,412.97496569005153,413.11415290728195,142876900
2025-04-10,443.54327392578125,452.89766878987024,430.07336033484415,450.8796663706337,108384100
2025-04-11,451.7147216796875,453.0965220504698,438.72195143296096,442.02233920712024,52483800
2025-04-14,454.7764892578125,462.3017305650004,449.95514472763216,461.7152208667026,43941200
2025-04-15,455.2834777832031,459.64754944257936,453.4543549864483,455.83024573579985,35404200
2025-04-16,441.5550537109375,449.9451788691767,435.17301051795084,446.37639807774553,48980600
2025-04-17,441.4755554199219,445.103979334769,438.75172707786896,444.5274202476084,44837000
2025-04-21,430.55047607421875,436.4851969411389,425.40109511314887,435.6402443758458,44149300
2025-04-22,441.8533630371094,444.9350193638807,435.03388632871594,436.2268070816329,52304400
2025-04-23,451.87371826171875,460.6416026468302,450.2036537132872,455.46240028946823,55801100
2025-04-24,464.588134765625,464.89630034955155,453.13619442842605,453.7823774307529,45956100
2025-04-25,469.7673645019531,470.29423120888106,462.63975320893314,464.2104027176438,38697100
2025-04-28,469.6182556152344,472.0040665388327,463.27595392675005,470.23458681729716,33550800
2025-04-29,472.7198181152344,473.6045731544733,466.8149185696458,467.3915080044207,30613100
2025-04-30,472.66015625,474.37994353629085,459.6972091439361,464.36944608517086,46810600
2025-05-01,478.8334655761719,484.30096287876717,477.89901815565884,480.5532529218463,43316500
2025-05-02,485.94122314453125,488.00894827712347,481.9648613296433,483.66477784831574,39218100
2025-05-05,483.058349609375,486.14003597307794,481.2391774925475,481.73622270162116,28309500
2025-05-06,478.5650939941406,482.1835675083398,475.36412148604,476.7260205679887,32786300
2025-05-07,480.4438781738281,482.9291041737698,473.9624196873836,479.2310866723673,38006300
2025-05-08,485.4044189453125,489.78836133137906,481.30877127503675,485.642990937839,39577600
2025-05-09,485.0863037109375,488.63521379310254,483.326774588034,487.31305654497106,27767400
2025-05-12,504.84881591796875,504.88858802841014,498.51646492128515,503.99388239825186,45090600
2025-05-13,512.5431518554688,514.3325026354601,505.4155095627927,506.15112683099704,53269600
2025-05-14,515.6148071289062,516.1615447200978,512.7021295054291,513.7161211405411,47014500
2025-05-15,516.1815185546875,518.8456739501621,512.1256121181644,513.4676707665623,50153300
2025-05-16,518.4281005859375,518.6169801912382,514.0441278903378,517.5830873308704,48394600
2025-05-19,518.9252319335938,519.4421784495908,511.201128732598,511.201128732598,52536200
2025-05-20,517.1954956054688,517.8515686536134,513.6067827063093,516.4001746478178,42517600
2025-05-21,510.0081481933594,519.909311026266,508.2187974987168,513.2191016405527,71292800
2025-05-22,510.9624938964844,514.6505913275334,509.27252798800356,510.62447644500173,55607200
2025-05-23,506.2306213378906,508.8152626278632,502.59224657648224,503.1887069260503,58368100
2025-05-27,518.1397705078125,518.6269257716245,511.5490069592283,513.099785560271,47226300
2025-05-28,515.8434448242188,520.5852756508032,515.326559052752,519.0941399870436,46637200
2025-05-29,516.8574829101562,523.3687637584553,514.2629211840699,523.21968658337,58513300
2025-05-30,516.0422973632812,517.6030267064441,508.9047349583655,516.3703642123456,67662800
2025-06-02,520.1180419921875,520.3566139720011,512.9207767791972,514.1832909592489,44762800
2025-06-03,524.183837890625,525.6153304447355,519.6010958649408,520.4659496294596,44070300
2025-06-04,525.6452026367188,526.708886650537,522.8617009643712,524.8896842213366,41359300
2025-06-05,521.688720703125,529.8999177687056,519.5713031286073,527.0468829475419,61031200
2025-06-06,526.7883911132812,528.6572860020211,525.0885352856423,526.8679353376542,42467000
2025-06-09,527.5638427734375,529.2040557008712,525.8838273941709,527.0071545180014,33688700
2025-06-10,531.0530395507812,531.7389643345455,525.7644714899908,528.0309659877803,40664800
2025-06-11,529.263671875,533.607902979141,526.9772759658763,532.4547240748923,53701000
2025-06-12,530.5062255859375,531.4804753804111,527.7029442130614,527.9514667987352,34104900
2025-06-13,523.8458862304688,528.7268432784747,522.6231138097035,524.5616021772432,55814400
2025-06-16,531.132568359375,532.2062030416474,527.3152949826874,527.3649873706377,37622100
2025-06-17,525.9533081054688,530.178191841852,524.7901787794913,528.5677704245282,42180900
2025-06-18,525.8638916015625,529.4028511373086,524.2833217813045,526.9673174269449,43983500
2025-06-20,523.7166748046875,530.4068839390565,521.7781863439574,529.1145785233912,61643500
2025-06-23,529.1017456054688,529.6192118620138,521.1400908129034,524.2849177292203,50666100
2025-06-24,537.1928100585938,538.1083833993794,533.6996241180443,534.3166475371182,45442000
2025-06-25,538.5661010742188,540.7058200544818,536.7946645040316,539.4618115177252,44804200
2025-06-26,543.601806640625,544.0496618306095,538.9243834682991,540.745568102249,43811400
2025-06-27,545.4630126953125,547.3538694850535,541.9299793720932,544.6369739056408,57577100
2025-06-30,548.9959106445312,550.150323841353,546.3785118204822,548.6177271894713,45548700
2025-07-01,544.3682861328125,548.0704878876566,542.0494367342798,547.0951436887766,56166700
2025-07-02,548.1598510742188,548.3589045674089,543.5022908980393,543.5420772996381,36538300
2025-07-03,553.553955078125,554.5292991491806,550.528547956803,550.528547956803,26443500
2025-07-07,549.3840942382812,551.6830197478901,546.9458251844275,550.8669428006658,45349300
2025-07-08,549.692626953125,551.3546055319305,548.4585193260065,550.7276203014773,36153300
2025-07-09,553.5838623046875,554.9572527460838,550.4489361357153,551.8223265771115,43045500
2025-07-10,552.7877197265625,554.6288283109999,550.1006487780387,554.2208201829343,34710900
2025-07-11,551.5436401367188,553.1259849885996,549.4039211443059,550.6479296881262,39618600
2025-07-14,553.5440673828125,554.280510790838,548.9860026438791,551.3346764161255,36453300
2025-07-15,554.051513671875,558.1119745200461,553.9918036921638,557.5646229155932,43277700
2025-07-16,554.6188354492188,557.5248833529374,548.9163193085661,554.6089344039383,52314700
2025-07-17,559.1072387695312,559.6148040205102,554.5392729959415,555.3453881761403,40423800
2025-07-18,558.56982421875,562.0231629422733,557.2959302535468,560.4208944407413,50484700
2025-07-21,561.4658813476562,563.3468370391857,559.3660092861638,559.3958946507648,39595200
2025-07-22,558.559814453125,561.6449312247784,555.9324539325285,561.5951830334812,43270600
2025-07-23,561.1076049804688,561.1473913894928,556.897899192682,559.644679980569,40215300
2025-07-24,562.3018798828125,563.5259649748344,560.590092369004,562.4212998555654,42275500
2025-07-25,563.6553344726562,564.9789766749151,561.5654242523398,562.2222340881906,30630800
2025-07-28,565.4168090820312,566.3124587614624,564.1528770013529,565.0187020627711,31498700
2025-07-29,564.541015625,569.3677442783611,563.8145341030877,568.0242394036405,45463300
2025-07-30,565.2974853515625,567.8849991894002,562.3416890497874,565.4566917408055,43433800
2025-07-31,562.3018798828125,571.8757657350329,561.1673293990499,571.7861703841629,64613600
2025-08-01,551.2252197265625,556.3405979294319,549.0357523301388,556.1515061828632,69400800
2025-08-04,561.3961181640625,561.6150952409816,556.2708397121321,556.3703360927129,47669800
2025-08-05,557.5845947265625,563.8444243211386,557.047144120063,562.6800492447384,48666600
2025-08-06,564.6007690429688,565.0386624956789,557.9428326498341,558.4205125100245,41823700
2025-08-07,566.5115966796875,570.5720580592475,562.4013871009583,568.9299422883823,44463000
2025-08-08,571.7960815429688,572.0150586353669,567.4172078636645,567.7157577691117,35255500
2025-08-11,570.1041870117188,574.0352659921666,568.8303539029688,571.9353942373868,33112900
2025-08-12,577.2697143554688,577.568264258411,569.7459530883017,572.4031383383943,42143300
2025-08-13,577.558349609375,580.5240464797514,576.165035771658,579.9667330931853,41209300
2025-08-14,577.1105346679688,579.0909866487473,575.139983732242,575.508266162602,45425000
2025-08-15,574.5728149414062,577.060832349756,572.8112791786587,577.0209851959504,49480200
2025-08-18,574.3438110351562,575.0006815724842,572.4827790837365,573.67703945311,29831000
2025-08-19,566.5513916015625,573.7964659713523,565.5262993771687,573.6272978127284,53752600
2025-08-20,563.1875610351562,565.7253262654696,556.1614033493433,565.6059063070504,76781100
2025-08-21,560.5802001953125,563.774775630925,558.2911756152315,561.6450181787756,46436900
2025-08-22,569.2284545898438,571.238791941298,560.5702032580724,561.9634564557491,51502100
2025-08-25,567.5863647460938,570.5420998652211,566.4318908111547,567.6659983001664,34044700
2025-08-26,569.8654174804688,570.1739291946637,566.0736815609588,567.0987738406898,34103000
2025-08-27,570.7412109375,571.6567843025553,567.6361701841732,568.8503542214644,36927100
2025-08-28,574.31396484375,575.2295381040836,569.716114225579,571.3581690220095,46787900
2025-08-29,567.6660766601562,572.2738897636767,565.8149455424127,571.90560730373,56030400
2025-09-02,562.9088745117188,563.2571726003424,556.8580000613789,558.6195355636612,65876800
2025-09-03,567.337646484375,568.9598387100518,564.013628467236,566.5016459001621,54230200
2025-09-04,572.4728393554688,572.8410610450118,566.3026052373926,568.0043701424134,47526300
2025-09-05,573.2988891601562,578.3346336864022,568.7906334517568,577.7076484747704,68342500
2025-09-08,576.0953369140625,578.0559258331112,575.0006337663383,575.5977335300787,46371400
2025-09-09,577.7276000976562,578.155531799883,574.2742003720782,576.8915995273586,44007600
2025-09-10,577.9166870117188,580.9719796320359,575.7769677758832,580.942094267134,49308000
2025-09-11,581.2804565429688,582.0766099053841,578.8322257294989,580.4444560297375,44745800
2025-09-12,583.8480224609375,585.0422828265267,581.3002953608963,582.2357922273038,50745900
2025-09-15,588.8440551757812,588.9535133647106,585.4702889551867,585.6195942983544,44360300
2025-09-16,588.3463745117188,590.018314719858,587.6596793599289,589.7695130089575,36942100
2025-09-17,587.1720581054688,588.9136701422223,581.5690385221046,588.2667613743852,69384800
2025-09-18,592.4666137695312,595.2731046813599,590.1179399259114,592.0585449007204,61069300
2025-09-19,596.4771728515625,597.173829761915,592.9939490424024,594.4668964152456,58196100
2025-09-22,600.0083618164062,600.6759063866804,595.5446250028239,595.56457167487,57154800
2025-09-23,596.02294921875,600.3770403666388,594.8073576106723,600.1777560752951,64635500
2025-09-24,593.9305419921875,597.7167610032964,591.2005236200914,597.3979183069385,49850300
2025-09-25,591.3699340820312,592.9541133753095,586.358211090951,590.0447574609248,70920200
2025-09-26,593.801025390625,594.1298414316656,588.9089213733314,592.1869260081028,54337400
2025-09-29,596.5509643554688,599.858888854889,595.2357610619866,596.929586249639,48332900
2025-09-30,598.18505859375,598.5238479838199,593.9305790157047,596.2521164355429,46533800
2025-10-01,601.0545043945312,601.592517201177,594.1696797218984,594.9966151966095,46899600
2025-10-02,603.5254516601562,604.9502399376884,600.7356543050928,604.8506282086944,43765400
2025-10-03,600.9848022460938,605.1197232184186,599.2013385970163,604.3027001978111,46482100
2025-10-06,605.498291015625,607.1422494333636,603.7645725777412,606.2355880916678,41962100
2025-10-07,602.3099365234375,607.4910236381941,600.835342343377,606.8035324139453,58209500
2025-10-08,609.2147827148438,609.5236520962168,603.0572809483214,603.2066985640004,50629800
2025-10-09,608.4774169921875,609.3840783602061,605.2691043090726,609.2545466200572,45551000
2025-10-10,587.3546142578125,610.9484275974415,586.9062397942465,609.174937229752,97614800
2025-10-13,599.8190307617188,600.7556121211176,595.056398092238,597.497493628088,65872600
2025-10-14,595.8236083984375,600.4965418065246,587.98225574158,593.1433960886728,69203200
2025-10-15,600.0281982421875,604.4919346880256,593.761112515483,601.8117224786903,62805500
2025-10-16,597.8063354492188,606.0960622285921,593.3326864685649,602.9076964191378,70982000
2025-10-17,601.7320556640625,603.306322454893,594.1995718879336,595.7738386787643,72024900
2025-10-20,609.3142700195312,610.5696939626,604.8605678351395,604.9303203667564,45761700
2025-10-21,609.1549682617188,610.4900574537519,607.1024677916307,609.41403175621,44538200
2025-10-22,603.286376953125,609.1848147458128,597.5573034367524,608.5969960402966,61478800
2025-10-23,608.3578491210938,609.1449520725764,602.3199065464308,602.7084409478078,42844300
2025-10-24,614.8540649414062,616.1692681518385,612.8912638677524,613.7481193370727,47632500
2025-10-27,625.8041381835938,626.262425126202,621.7589166953564,622.2471236453642,54098600
2025-10-28,630.6165771484375,632.3701816547181,626.9599505234498,628.0658962701283,61195700
2025-10-29,633.4562377929688,634.6917152842577,627.9563074763624,633.2769001713006,67422800
2025-10-30,623.7715454101562,631.1944440896802,623.6619603385896,629.869267455657,61628600
2025-10-31,626.7805786132812,631.8919134270566,624.4092354874234,631.8619934183905,66305100
2025-11-03,629.7796020507812,633.5059808284601,627.5576766411583,632.7985429356352,37154300
2025-11-04,616.996337890625,624.6683271251044,616.2092348629542,621.0117005353788,63830800
2025-11-05,621.01171875,624.3195827183903,614.9638020768305,616.2391121345779,48688500
2025-11-06,609.4439086914062,619.7761638844125,608.078899450419,619.5270737190788,72115100
2025-11-07,607.5209350585938,607.7301926884926,596.4912153281726,606.0961466218313,81835400
2025-11-10,620.9618530273438,622.037939599601,614.6449603115116,616.6675408883244,55919900
2025-11-11,619.307861328125,620.4536395227035,615.2726130875191,618.3115007347396,44868800
2025-11-12,618.8196411132812,622.5858524528388,615.5615225825271,622.5659665942537,47444400
2025-11-13,606.1858520507812,615.8704485105809,603.8742880136988,615.2925422980531,71333600
2025-11-14,606.6441040039062,611.1177533949825,594.9966460866717,597.3679891941105,80087300
2025-11-17,601.4630737304688,610.2509824067986,597.686888568112,604.0934805750228,63850400
2025-11-18,594.1397705078125,600.1179339423381,589.1878876531316,597.4377215700049,83327300
2025-11-19,597.6868896484375,603.9539765734731,592.4261367628516,594.897091844488,73111500
2025-11-20,583.5385131835938,611.7953468701894,582.6218784315797,609.3940836964333,117743200
2025-11-21,587.9224853515625,594.807310091711,578.6264242609341,585.3319113971087,103344200
2025-11-24,602.9575805664062,604.4720682054578,592.9939741263881,593.1135933516537,60168100
2025-11-25,606.6740112304688,608.0390203669549,595.1461119637967,601.3135864178203,57560900
2025-11-26,612.034423828125,613.9474190856081,608.1685399702174,610.2808195033393,42393600
2025-11-28,616.996337890625,617.0660904342964,613.1802595402138,613.8677508272276,23034400
2025-12-01,614.923828125,617.1855860502521,610.2907880213397,611.3967336448243,40957600
2025-12-02,619.736328125,621.4799592732617,615.3424043891131,617.2055939510703,54541800
2025-12-03,621.2507934570312,621.9481972408511,615.7807833814271,617.3649627124794,47841600
2025-12-04,620.6729125976562,622.665633919662,617.285262025035,622.6556605829674,47067800
2025-12-05,623.20361328125,626.6310962033638,621.440096358939,622.1076409382764,53614200
2025-12-08,622.008056640625,626.5514587784469,619.42745579579,624.9273860516373,43462400
2025-12-09,622.7752075195312,623.5922305440594,618.7399590794447,620.7426537012356,37156000
2025-12-10,625.3258666992188,626.920080160108,618.7299643381673,621.5795410824109,55031400
2025-12-11,623.3032836914062,623.5025679748155,615.4718431258982,621.5496792982444,58272800
2025-12-12,611.3868408203125,621.2707218227131,609.1350559341882,619.8160741378235,75158700
2025-12-15,608.3179931640625,616.1693197420918,607.102462393675,616.1195138735233,49538200
2025-12-16,609.5235595703125,611.2771638485672,604.7011478051123,606.0462710202155,55152800
2025-12-17,598.224853515625,611.4167192166101,598.0953825829183,610.8288396926666,70654300
2025-12-18,606.8932495117188,610.6993546715539,604.7112171529216,607.5807408251216,78875800
2025-12-19,614.8042602539062,615.372193060386,609.6431199441153,609.722845815118,60369800
2025-12-22,617.7513427734375,620.1855972768566,616.3147325600856,619.8862552767364,43703100
2025-12-23,620.6444702148438,620.9437513214359,616.3247143117193,616.7437078609482,41120400
2025-12-24,622.4602661132812,622.8094781897531,620.2554500580117,620.524833532521,18468700
2025-12-26,622.4202880859375,624.0464530908596,621.672054895625,623.1884327551913,28959800
2025-12-29,619.4074096679688,621.312944373981,617.2724362589381,618.6392040742111,32458300
2025-12-30,617.9707641601562,620.7142858196408,617.7612369489017,618.3798323976478,31226800
2025-12-31,612.8628540039062,618.4995685313527,612.6034567489972,618.1903012408169,40746500
2026-01-02,611.6757202148438,621.3827805917631,608.7127456204436,618.5993746796253,61859200
2026-01-05,616.5341796875,619.3475438678657,615.2671519649484,617.8610636312775,46828400
2026-01-06,621.951416015625,622.550039153126,617.0829067758982,617.7712838046286,43137500
2026-01-07,622.550048828125,626.4607976434537,621.0934661514185,621.5723159557587,44880300
2026-01-08,619.0083618164062,621.9514248328863,616.3446684463296,621.5623898130801,50435900
2026-01-09,625.173828125,626.4108973206594,617.6016810573577,619.946120817708,49688700
2026-01-12,625.6925659179688,627.368601054656,620.7941591397378,620.8440291770474,37388700
2026-01-13,624.7647705078125,627.9871421828441,622.2307758506613,625.7923733874012,44481400
2026-01-14,618.0905151367188,621.9813522711377,613.1122798122711,620.7741807448011,72598700
2026-01-15,620.3153076171875,628.5159146085045,619.2877047511574,625.1238996016858,53934900
2026-01-16,619.7965087890625,624.6051616315584,617.4221104790464,624.0265108868263,61058100
2026-01-20,606.6276245117188,613.611135001854,605.6199939698072,609.0918377338978,81988900
2026-01-21,614.8282470703125,618.958448118544,606.4280383777512,608.0342310571399,79837900
2026-01-22,619.2976684570312,620.9936758988773,616.3247080096578,620.8838887514372,42254800
2026-01-23,621.2530517578125,623.9267921630139,617.1926928942361,618.2701049354484,43645800
2026-01-26,623.9866333007812,626.1315320367429,620.654474506515,621.7419335987944,35983000
2026-01-27,629.6432495117188,630.5510790290263,625.8621995501378,627.428447510711,38997200
2026-01-28,631.7283325195312,635.1003753282191,630.3216807638972,633.9631070350727,50691700
2026-01-29,627.947265625,632.1772678570734,616.8135816536253,631.159712042883,79944000
2026-01-30,620.4050903320312,626.780052376051,617.8411370320566,624.2360714484229,65650700
2026-02-02,624.6650390625,627.0094788951942,617.2026180242116,617.2425627681274,49020300
2026-02-03,615.0676879882812,628.4959413976924,609.5207880738473,626.8199062679399,81234000
2026-02-04,604.3230590820312,613.6510093064408,599.0554677378625,613.5712416010163,81850700
2026-02-05,595.6236572265625,603.3852988890579,593.3589849842447,598.7961590682759,89354500
2026-02-06,608.2138671875,609.9696699932801,597.3594924154261,598.7761302609774,78019300
2026-02-09,612.8728637695312,615.0078372205985,603.6446538426547,606.1088060763491,56797600
2026-02-10,610.029541015625,615.566515685603,609.5706636004911,613.8605219833995,53938900
2026-02-11,611.6657104492188,616.0653561148772,606.2584951427149,614.9280269463444,58575100
2026-02-12,599.22509765625,614.3593449076634,598.1576109292407,613.2619605146361,81378900
2026-02-13,600.5020751953125,605.0513310342399,595.0150312237765,599.0155948438262,69237500
2026-02-17,599.8834838867188,602.527265543405,591.9422745141455,596.9703796848319,69013800
2026-02-18,604.3629150390625,608.3335807359596,599.3048511606997,600.691591343514,64250700
2026-02-19,602.0484008789062,604.3929016136949,599.3348375008546,601.3899824064425,60960800
2026-02-20,607.3758544921875,608.912204870808,597.818404566386,598.7063226521155,74127300
2026-02-23,599.9932250976562,606.5777139403463,597.6387991893799,605.1809875790976,63859100
2026-02-24,606.4380493164062,607.5554060860559,598.3172099190714,600.9809641013653,55023700
2026-02-25,615.227294921875,615.3769659271486,609.5606824638733,609.6305248735758,55710700
2026-02-26,607.8048095703125,614.1398874724765,602.5571907580546,614.1398874724765,96178900
2026-02-27,605.859375,606.8869778398549,600.7714135107487,601.5595305738112,68125200
2026-03-02,606.6575317382812,608.4831769130049,596.5812880631398,597.449233707877,75264600
2026-03-03,600.1629028320312,602.5373012472795,590.4757543096065,594.925270014521,97015500
2026-03-04,609.311279296875,611.4362666076488,602.0085154373871,602.7367763187228,70943900
2026-03-05,607.4755249023438,611.316491745462,600.8412272682934,605.9691332548557,89602400
2026-03-06,598.337158203125,604.5724349663923,596.9205203720956,598.8958365654587,86302300
2026-03-09,606.3283081054688,607.8347607375977,589.9370196014203,592.83015152989,93068200
2026-03-10,606.3383178710938,611.8452732023572,603.9938171455258,606.3483040570791,64078900
2026-03-11,606.2584838867188,610.9873082570145,603.6047767674571,607.5155254821397,60114800
2026-03-12,595.8530883789062,602.7168865412752,595.6435611395323,601.3401324342583,71836600
2026-03-13,592.3213500976562,602.1780807449821,591.1740956767717,598.3172021392496,63145500
2026-03-16,598.9656982421875,602.4374809704295,597.6986704778886,598.6264723831473,49077200
2026-03-17,601.8887939453125,604.4727195335382,600.4521836848432,601.7192114600242,47106600
2026-03-18,593.4986572265625,601.7391485345295,593.1594313501803,600.0730994941966,56128000
2026-03-19,591.623046875,594.3964663870662,585.6970372512312,588.1213056121308,75597600
2026-03-20,580.6888427734375,589.777367794347,577.177115328303,589.6676415345306,91964700
2026-03-23,587.3545532226562,594.426798587646,585.316814476339,589.8718065319924,89936100
2026-03-24,583.3389282226562,587.2846043834495,581.291190762444,584.168034177979,57750900
2026-03-25,587.1747436523438,590.7208345412774,585.0470769253521,588.4933019738706,60475500
2026-03-26,573.1600952148438,583.9882223389391,572.8005050402526,581.9604215239336,81492100
2026-03-27,561.9624633789062,570.3932010852176,560.953562318283,570.1834096572744,82702200
2026-03-30,557.6671752929688,567.4264087803426,554.990063621082,566.7571613464482,70602600
2026-03-31,576.54638671875,578.0048059355398,563.5906539497258,563.6705222317372,95878000
2026-04-01,583.6685791015625,587.0948065489223,579.7828346644924,580.8416686249938,79435100
2026-04-02,584.3378295898438,585.4066623334502,571.2921684003409,573.3399058573888,50941700
2026-04-06,587.85400390625,589.9616731281693,584.04818857967,585.5864761740653,35108500
2026-04-07,587.9439086914062,588.33343423744,577.7650922119919,584.9971348275072,49948200
2026-04-08,605.4246826171875,609.2304976949432,601.4590090396181,608.0418015962135,63086000
2026-04-09,609.5202026367188,609.8298599139192,602.3680889271087,605.2648690435934,37837500
2026-04-10,610.3992309570312,612.9963525292593,608.9108762966896,611.1684052317679,34038500
2026-04-13,616.7122802734375,626.0519920071752,607.4424380458482,608.8109292631304,32972100
2026-04-14,627.909912109375,627.909912109375,619.4192432257902,619.5391066149297,49921100
2026-04-15,636.7003173828125,637.1298380333551,627.5104045058445,628.389443361703,50102400
2026-04-16,639.7669067382812,641.4750515662109,634.5626649382287,638.508341093032,42320600
2026-04-17,648.1376953125,649.2864572780229,643.3629742993419,644.8813252169399,53488900
2026-04-20,646.0799560546875,648.0478251654257,641.8146849601577,647.3285838511964,37138500
2026-04-21,643.6226806640625,649.4862317832127,641.5050128476822,647.6981578004061,39580500
2026-04-22,654.390869140625,654.6106593494021,647.8081371457112,649.4363527672372,37368400
2026-04-23,650.7048950195312,656.1988574654163,644.8114082493845,652.8325617169355,40099800
2026-04-24,663.1512451171875,663.7805584259092,655.8093378063087,657.7871447947734,45563100
2026-04-27,663.5008544921875,663.7006471456002,659.9647623025988,662.6718094811696,32717000
2026-04-28,656.8281860351562,658.9159186391063,653.0923012400261,656.6883250827437,34147900
2026-04-29,660.84375,660.9935487523345,655.8692364466933,657.906975030037,31724900
2026-04-30,667.0069580078125,668.165718724101,656.8381407338443,664.6195670718752,40622200
2026-05-01,673.4099731445312,675.2279215792395,668.0658095505829,668.425399726581,39172600
2026-05-04,672.141357421875,675.9871067346722,668.165745937857,673.9193717407993,34542000
2026-05-05,680.8617553710938,682.0205161358222,676.7662804889583,677.2157986999623,37101100
2026-05-06,695.0062255859375,695.1660231170968,685.7263848294704,687.0250065058129,38778500
2026-05-07,694.1771240234375,700.4701959320079,691.0106209986512,695.8153383268437,43779100
2026-05-08,710.44921875,710.44921875,698.7321150158692,699.1516368844667,44320400
2026-05-11,712.5069580078125,713.805579696499,708.1317613118729,709.5801817559162,36019100
2026-05-12,706.463623046875,709.4003981235137,695.8752835015275,707.4425277497028,45873000
2026-05-13,713.9254760742188,715.8633489513101,704.0563165931343,709.1806902070881,40012500
2026-05-14,718.9998168945312,721.2374091114184,713.4359241362712,713.8355094170396,33327500
2026-05-15,708.1517944335938,714.3450008365951,704.7754998097428,709.3604881552494,51792700
2026-05-18,705.1051025390625,711.2883097073819,698.0827906816122,710.7588622671137,49834500
2026-05-19,700.7599487304688,705.714465040699,694.4868131207006,699.0418050981273,46827500
2026-05-20,712.3671875,712.3671875,703.0174157954351,704.5157692199168,36779200
2026-05-21,713.7256469726562,716.3327671783537,705.9941534147096,708.2116871156971,36415400
2026-05-22,716.7523193359375,721.3273088449104,715.1640988544713,717.2817668085307,33118600
2026-05-26,729.4783935546875,730.3673702569255,723.3650554496121,725.1631283460116,34254700
2026-05-27,728.6492919921875,732.515039000156,724.6436840304248,732.155448805963,35148700
2026-05-28,734.79248046875,735.7913827320126,725.6125662306399,728.9289290608506,32840000
2026-05-29,737.49951171875,740.815874477768,734.4428732975097,737.0300569298091,37541700
2026-06-01,741.9246826171875,744.8315224447946,735.1820921097265,736.2309273283665,33890600
2026-06-02,745.3408813476562,745.6206032443648,738.4184960219842,741.5850600741305,30085200
2026-06-03,743.39306640625,747.828194840854,740.1965670083828,746.4896389980919,40270200
2026-06-04,739.7969970703125,742.6838392688934,731.815777671541,734.6726235372454,40782600
2026-06-05,704.2860107421875,730.8867822650427,703.5468328396532,729.2585667367451,99606600
2026-06-08,715.283935546875,722.2363170978037,712.2872288217055,717.0220156925686,47401500
2026-06-09,707.052978515625,724.863361278284,685.6165148330579,722.1863106332692,91932200
2026-06-10,692.9285278320312,710.4992458337158,692.1693523412803,700.8897497708573,65334300
2026-06-11,716.332763671875,717.5813914617661,694.2370511794155,698.5223198057862,71798900
2026-06-12,720.5481567382812,723.2152086039907,710.4992028084189,716.8222099862159,51168400
2026-06-15,743.1832885742188,743.9424640540115,736.5705604269921,737.2897407963812,46710200
2026-06-16,729.0587768554688,743.4029984406948,728.8390476265988,741.4351902855873,45348700
2026-06-17,721.7168579101562,734.8723831709506,720.058646070882,734.38293083454,51669300
2026-06-18,739.8070068359375,741.005701773832,731.7059239216511,736.390778085872,50154600
2026-06-22,737.9500122070312,745.4500122070312,734.3900146484375,742.02001953125,43518600
2026-06-23,713.6500244140625,723.6099853515625,712.1099853515625,715.739990234375,53354200
2026-06-24,710.6199951171875,719.9299926757812,704.4500122070312,715.3699951171875,52480400
2026-06-25,716.3800048828125,726.8300170898438,705.2999877929688,725.9000244140625,49668000
2026-06-26,706.52001953125,715.5599975585938,702.8099975585938,707.1300048828125,47081800
2026-06-29,724.0800170898438,724.5800170898438,705.1699829101562,713.989990234375,44939100
2026-06-30,736.4000244140625,737.6199951171875,723.9099731445312,724.1799926757812,42121800
2026-07-01,725.1699829101562,731.9199829101562,724.5999755859375,729.1900024414062,40803800
2026-07-02,712.5999755859375,730.8300170898438,707.5599975585938,725.5800170898438,50959800
2026-07-06,722.8200073242188,726.0800170898438,718.4500122070312,719.9299926757812,30220400
2026-07-07,709.4299926757812,716.3499755859375,704.9000244140625,714.1699829101562,42483100
2026-07-08,711.4400024414062,712.260009765625,700.9099731445312,704.9500122070312,35603200
2026-07-09,723.280029296875,724.22998046875,715.1300048828125,718.3300170898438,33654700
2026-07-10,725.510009765625,726.3900146484375,717.0,720.7000122070312,26415900
2026-07-13,711.739990234375,718.739990234375,710.0800170898438,717.719970703125,36552400
2026-07-14,719.6900024414062,722.2899780273438,714.3400268554688,720.219970703125,29448100
2026-07-15,717.739990234375,724.3599853515625,710.22998046875,723.8499755859375,32627600
2026-07-16,705.9400024414062,713.5999755859375,702.6099853515625,712.010009765625,39402000
2026-07-17,695.3300170898438,702.2999877929688,686.760009765625,691.6500244140625,54109300
2026-07-20,696.0599975585938,705.7999877929688,695.510009765625,702.1599731445312,29687600
2026-07-21,708.969970703125,710.0499877929688,702.7999877929688,706.5700073242188,33728300
2026-07-22,705.3499755859375,709.6500244140625,703.6199951171875,703.6199951171875,23692200
2026-07-23,691.9600219726562,698.6599731445312,687.7899780273438,694.6699829101562,44028600
2026-07-24,684.22998046875,692.6300048828125,682.47998046875,690.4099731445312,42876700
2026-07-27,682.1199951171875,692.2999877929688,675.9500122070312,691.6799926757812,42681500
2026-07-28,675.489990234375,679.4000244140625,667.8800048828125,676.22998046875,51398700
2026-07-29,661.72998046875,680.0499877929688,661.1400146484375,675.510009765625,57233300
2026-07-30,683.5499877929688,685.1199951171875,673.2999877929688,674.760009765625,66753700
2026-07-31,687.989990234375,695.77001953125,680.0499877929688,692.1099853515625,50540500
2026-08-03,700.0700073242188,701.5900268554688,685.8200073242188,688.2999877929688,44965100
2026-08-04,723.8499755859375,725.6599731445312,707.530029296875,708.1599731445312,59778600
2026-08-05,717.2999877929688,728.5399780273438,716.9199829101562,726.25,33540200
2026-08-06,714.6500244140625,719.3200073242188,708.5,710.8200073242188,33035900
2026-08-07,723.030029296875,723.6300048828125,716.510009765625,720.1500244140625,31070400
2026-08-10,720.8699951171875,724.6699829101562,720.3300170898438,722.3900146484375,26243200
2026-08-11,718.4500122070312,723.3499755859375,715.5,723.2899780273438,29286100
2026-08-12,723.7000122070312,727.25,722.9199829101562,727.0800170898438,29066000
2026-08-13,732.0700073242188,733.9600219726562,724.030029296875,725.1500244140625,31599700
2026-08-14,731.0700073242188,734.3900146484375,728.3200073242188,733.4099731445312,23790600
2026-08-17,729.8699951171875,734.5800170898438,729.27001953125,732.9500122070312,26452600
2026-08-18,717.510009765625,722.1300048828125,715.9199829101562,720.2100219726562,48997200
2026-08-19,716.0800170898438,721.5,712.6099853515625,720.3900146484375,35801700
2026-08-20,710.9299926757812,714.9400024414062,708.52001953125,712.0900268554688,33396400
2026-08-21,713.4400024414062,715.6699829101562,709.2000122070312,715.22998046875,33399400
2026-08-24,706.3200073242188,709.7899780273438,702.7000122070312,709.6599731445312,37443100
2026-08-25,710.719970703125,714.0399780273438,707.4500122070312,711.219970703125,23869600
2026-08-26,711.3699951171875,713.02001953125,707.969970703125,708.4099731445312,20392400
2026-08-27,721.1099853515625,721.3499755859375,714.530029296875,716.9299926757812,28723500
2026-08-28,716.4299926757812,724.1300048828125,715.0900268554688,719.739990234375,34105400
2026-08-31,716.760009765625,717.5800170898438,713.1599731445312,715.1699829101562,32237200
2026-09-01,707.6400146484375,712.2999877929688,704.6599731445312,707.3900146484375,35236100
2026-09-02,709.239990234375,709.7999877929688,705.0999755859375,707.0999755859375,23476200
2026-09-03,717.6699829101562,718.9199829101562,709.6900024414062,710.8499755859375,29449800
2026-09-04,718.9600219726562,721.8599853515625,716.5599975585938,719.3499755859375,32871100
2026-09-08,718.3599853515625,721.8900146484375,715.5700073242188,720.9099731445312,28341400
2026-09-09,716.3099975585938,719.7000122070312,714.02001953125,716.4000244140625,26763400
2026-09-10,708.6900024414062,712.0599975585938,706.8599853515625,707.5499877929688,31414400
2026-09-11,714.8800048828125,717.6300048828125,713.6300048828125,715.6799926757812,26598700
