Price,Close,High,Low,Open,Volume
Ticker,SHY,SHY,SHY,SHY,SHY
Date,,,,,
2020-01-02,72.45369720458984,72.487926734343,72.42802668942878,72.45369720458984,2665200
2020-01-03,72.51359558105469,72.53071360984504,72.47081356630903,72.49648408087944,2039900
2020-01-06,72.4879379272461,72.51360844637095,72.46226740812124,72.5050559590735,1132100
2020-01-07,72.4879379272461,72.5050559590735,72.47937891133239,72.4964969431598,1103400
2020-01-08,72.45369720458984,72.51359724950407,72.445144718613,72.49648574893511,1864300
2020-01-09,72.46224212646484,72.47935362370589,72.42801260336876,72.43657161629628,1424400
2020-01-10,72.4793930053711,72.49651104052721,72.47084051641056,72.47084051641056,1065900
2020-01-13,72.4708480834961,72.47940057334964,72.4537300465526,72.47940057334964,1275600
2020-01-14,72.4793930053711,72.50507005810528,72.47084051641056,72.47084051641056,2323400
2020-01-15,72.51359558105469,72.51359558105469,72.48792506648428,72.50504309527462,2467900
2020-01-16,72.51359558105469,72.51359558105469,72.48792506648428,72.50504309527462,1995100
2020-01-17,72.5392837524414,72.5392837524414,72.49650172728217,72.50506074376068,1592600
2020-01-21,72.55641174316406,72.56497076081725,72.54785272551088,72.54785272551088,2814600
2020-01-22,72.57352447509766,72.58208349289534,72.55641296811999,72.55641296811999,1878400
2020-01-23,72.5992202758789,72.63344983036923,72.58210876294373,72.5992202758789,6874100
2020-01-24,72.6248779296875,72.65054845653997,72.5992008742168,72.60775989270704,3717500
2020-01-27,72.70187377929688,72.7189918125734,72.68476227463715,72.71043279593513,1915500
2020-01-28,72.66769409179688,72.71048267572459,72.65914159790836,72.70192365321479,1233400
2020-01-29,72.73606872558594,72.73606872558594,72.67616869483884,72.6932801913607,1269100
2020-01-30,72.74465942382812,72.79600046437027,72.73610040753225,72.76177092780333,1348300
2020-01-31,72.83877563476562,72.85588713559697,72.77887558893289,72.77887558893289,4298900
2020-02-03,72.81734466552734,72.83448988702297,72.77449468976044,72.81734466552734,4133700
2020-02-04,72.74022674560547,72.7573654318754,72.71450890771932,72.74879281924667,1575300
2020-02-05,72.68878173828125,72.7144930315662,72.68878173828125,72.69735434903826,2229300
2020-02-06,72.70597076416016,72.70597076416016,72.68025945538449,72.68882553231636,1505800
2020-02-07,72.74878692626953,72.76593215013813,72.73164824138792,72.74022085332221,1408200
2020-02-10,72.78308868408203,72.80879998720329,72.76594999499738,72.79166129811864,982700
2020-02-11,72.74878692626953,72.76593215013813,72.73164824138792,72.75735953820383,1911200
2020-02-12,72.71453857421875,72.7316838064712,72.71453857421875,72.72311119034498,1400400
2020-02-13,72.73163604736328,72.75734733986849,72.72306343686624,72.74020865786031,1700700
2020-02-14,72.76594543457031,72.77451804806967,72.75737282107096,72.76594543457031,1560000
2020-02-18,72.7916488647461,72.80878755090332,72.77451017858887,72.7916488647461,1669400
2020-02-19,72.80022430419922,72.80022430419922,72.75736777866081,72.77451300447126,1422800
2020-02-20,72.81734466552734,72.83448988702297,72.79163337226998,72.79163337226998,2051800
2020-02-21,72.87738037109375,72.92023690966819,72.84309644803214,72.85166906354497,1798800
2020-02-24,72.99736022949219,73.02307153330642,72.9887941542133,72.99736022949219,2725200
2020-02-25,73.07445526123047,73.10873915800354,73.01446007662375,73.01446007662375,3027000
2020-02-26,73.12590026855469,73.15161156427536,73.04019376982353,73.05733245397508,3688200
2020-02-27,73.21160125732422,73.28016906674337,73.16017866975297,73.22874647917212,6008700
2020-02-28,73.47730255126953,73.51157991823715,73.38302344464248,73.40873473936142,9540700
2020-03-02,73.44729614257812,73.64471491937766,73.44729614257812,73.57604694931364,15009300
2020-03-03,73.73909759521484,73.83350782466239,73.48159610098328,73.49875981128238,7232300
2020-03-04,73.74769592285156,73.85928298954691,73.74769592285156,73.7906150328939,5711900
2020-03-05,73.90216064453125,73.93649460664065,73.87641181008262,73.91074577219203,3797200
2020-03-06,73.98802947998047,74.13395052945438,73.96228063258418,74.08244628612483,4378300
2020-03-09,74.39146423339844,74.39146423339844,74.13396914623553,74.27988368381504,44359800
2020-03-10,74.06526947021484,74.1339374168171,73.94510383792881,74.07385460067408,11970200
2020-03-11,73.97942352294922,74.09100400322552,73.9708383941481,74.07384029415785,7873200
2020-03-12,73.9622573852539,74.27984168324005,73.9622573852539,74.07384442028048,12312300
2020-03-13,74.05668640136719,74.09102037562411,73.77343602514954,73.85927423505986,9422400
2020-03-16,74.17686462402344,74.4429513325327,74.15970090825047,74.31420054435559,12123900
2020-03-17,74.00518798828125,74.27126810049226,73.927934909827,74.23693412657215,10487800
2020-03-18,73.9107894897461,74.48586896103203,73.9107894897461,74.00520630426021,11907500
2020-03-19,74.03951263427734,74.27125874337153,74.00517866468282,74.00517866468282,12898400
2020-03-20,74.23694610595703,74.35711175980025,74.14252929957493,74.14252929957493,10683700
2020-03-23,74.32276916503906,74.44294135348923,74.29702032056268,74.42577109148081,9472000
2020-03-24,74.21981811523438,74.30564983093107,74.21981811523438,74.24556697508936,8366100
2020-03-25,74.30559539794922,74.35709307993429,74.23692745627889,74.23692745627889,6098000
2020-03-26,74.39146423339844,74.42579822139454,74.31421767181115,74.32279625740621,8381000
2020-03-27,74.374267578125,74.41718013271299,74.26268052941765,74.41718013271299,37087900
2020-03-30,74.40861511230469,74.46869793850688,74.38286626515189,74.44294909135407,5650800
2020-03-31,74.39146423339844,74.48588106325309,74.39146423339844,74.43438335552823,5677600
2020-04-01,74.43954467773438,74.48250977076931,74.4051686693745,74.43954467773438,6923900
2020-04-02,74.45671081542969,74.4824911761252,74.43952609381654,74.45671081542969,5879700
2020-04-03,74.43954467773438,74.50829013790091,74.4051686693745,74.4309490365061,5018100
2020-04-06,74.38800811767578,74.43097978501612,74.37941902945244,74.40519940723428,4869100
2020-04-07,74.37077331542969,74.3965536758552,74.3278016770195,74.34499295500416,7881000
2020-04-08,74.41378784179688,74.4395747759081,74.37082273138984,74.37082273138984,4890600
2020-04-09,74.43954467773438,74.46532504486598,74.4051686693745,74.41375775404958,5400400
2020-04-13,74.44815826416016,74.44815826416016,74.41378224448675,74.44815826416016,3356200
2020-04-14,74.44815826416016,74.46534955227453,74.41378224448675,74.43956917665831,4712200
2020-04-15,74.47393035888672,74.50829981515736,74.46533471654205,74.49111508702204,4270000
2020-04-16,74.49112701416016,74.50831174504701,74.4739422832733,74.49112701416016,2383600
2020-04-17,74.46533966064453,74.49971567575159,74.46533966064453,74.47393530355991,3282700
2020-04-20,74.46533966064453,74.49971567575159,74.46533966064453,74.48252438992083,5969400
2020-04-21,74.48255920410156,74.49975049796778,74.46537446679288,74.49115485103466,3610300
2020-04-22,74.45671081542969,74.47390209359439,74.45671081542969,74.47390209359439,4836900
2020-04-23,74.44815826416016,74.47394519633173,74.43956917665831,74.45675390821735,3010000
2020-04-24,74.44815826416016,74.47394519633173,74.44815826416016,74.45675390821735,3117600
2020-04-27,74.44815826416016,74.45675390821735,74.42237788854393,74.44815826416016,4928800
2020-04-28,74.47393035888672,74.49111508702204,74.46533471654205,74.48251944467737,3706900
2020-04-29,74.46533966064453,74.49971567575159,74.46533966064453,74.4911200328362,4285700
2020-04-30,74.59423828125,74.59423828125,74.47392552245392,74.47392552245392,9557300
2020-05-01,74.48416137695312,74.50136693681989,74.45835959915138,74.50136693681989,5135000
2020-05-04,74.48416137695312,74.51856593468824,74.46696237908478,74.47555859701973,5813400
2020-05-05,74.4755630493164,74.50137139065944,74.4755630493164,74.49276861021177,4334000
2020-05-06,74.50133514404297,74.50133514404297,74.47552681525629,74.48412959151851,2007300
2020-05-07,74.55296325683594,74.57016225303508,74.49275692714228,74.50135970624075,2455600
2020-05-08,74.53580474853516,74.59601111093295,74.52720196476366,74.5616065378483,2690000
2020-05-11,74.5099868774414,74.54439144613035,74.48418509142482,74.54439144613035,4067600
2020-05-12,74.52715301513672,74.52715301513672,74.4841456865279,74.50135124277024,2670000
2020-05-13,74.52715301513672,74.5529547875032,74.51855023701555,74.53575579325789,3829400
2020-05-14,74.5099868774414,74.56159701147507,74.5099868774414,74.5357952254585,2284600
2020-05-15,74.55296325683594,74.57016225303508,74.54436047773748,74.5615660359344,1942800
2020-05-18,74.49278259277344,74.54438616114805,74.49278259277344,74.54438616114805,2761400
2020-05-19,74.53580474853516,74.53580474853516,74.50140017545051,74.50140017545051,2976500
2020-05-20,74.53580474853516,74.5444009703053,74.50999639722066,74.50999639722066,3497900
2020-05-21,74.51853942871094,74.53574498245776,74.51853942871094,74.52714220558434,3246300
2020-05-22,74.51853942871094,74.54434119733507,74.51853942871094,74.53574498245776,2592500
2020-05-26,74.51853942871094,74.52714220558434,74.5013404369602,74.50993665183752,4356200
2020-05-27,74.50133514404297,74.54433590136287,74.50133514404297,74.50993135830957,3507600
2020-05-28,74.53580474853516,74.53580474853516,74.50140017545051,74.50999639722066,3433400
2020-05-29,74.53580474853516,74.5530037540768,74.51859918099215,74.51859918099215,6903400
2020-06-01,74.52715301513672,74.54436591472187,74.50993354824918,74.53575618127809,6995500
2020-06-02,74.52715301513672,74.53575618127809,74.50993354824918,74.52715301513672,3869300
2020-06-03,74.46691131591797,74.50994685621845,74.46691131591797,74.50994685621845,4476300
2020-06-04,74.48411560058594,74.4927253345713,74.45829296593269,74.47550586660059,4350000
2020-06-05,74.45826721191406,74.45826721191406,74.43244458619246,74.44965748090668,4391300
2020-06-08,74.44109344482422,74.46691608411867,74.42387397375859,74.44109344482422,4200200
2020-06-09,74.46691131591797,74.47551448359592,74.44969184595492,74.44969184595492,7839900
2020-06-10,74.50995635986328,74.52717583202265,74.48413371892863,74.49274345500832,3146500
2020-06-11,74.47551727294922,74.52716911746933,74.47551727294922,74.51855938216534,3244500
2020-06-12,74.50131225585938,74.50991541990759,74.48409279316135,74.49270252451036,3356000
2020-06-15,74.48411560058594,74.51854796922456,74.48411560058594,74.50133506855666,3246000
2020-06-16,74.47551727294922,74.50994964686134,74.47551727294922,74.4841270082532,5306400
2020-06-17,74.50131225585938,74.50131225585938,74.48409279316135,74.48409279316135,3369600
2020-06-18,74.49275207519531,74.50996498204213,74.49275207519531,74.50996498204213,2027100
2020-06-19,74.50995635986328,74.52717583202265,74.49274345500832,74.501353191088,3477600
2020-06-22,74.49275207519531,74.51857471911812,74.49275207519531,74.50996498204213,2597900
2020-06-23,74.50995635986328,74.50995635986328,74.49274345500832,74.501353191088,2792100
2020-06-24,74.51854705810547,74.51854705810547,74.49272442376794,74.50133415764803,2110900
2020-06-25,74.51854705810547,74.52715679198556,74.50993732422539,74.50993732422539,1716500
2020-06-26,74.54435729980469,74.55296703225345,74.51853466976004,74.51853466976004,4109900
2020-06-29,74.56157684326172,74.56157684326172,74.53574764588822,74.54435737834605,2766100
2020-06-30,74.55298614501953,74.5701990470282,74.54437641036354,74.5701990470282,4443400
2020-07-01,74.52800750732422,74.56246414912253,74.52800750732422,74.56246414912253,4789400
2020-07-02,74.56244659423828,74.56244659423828,74.52798996055239,74.54522156336078,2662800
2020-07-06,74.53661346435547,74.55384506894453,74.53661346435547,74.54522926665,3406700
2020-07-07,74.55382537841797,74.55382537841797,74.53659377837997,74.54520957839897,2939000
2020-07-08,74.55382537841797,74.56243460650713,74.54520957839897,74.55382537841797,3454900
2020-07-09,74.57107543945312,74.57107543945312,74.5452346026514,74.55385040556266,2508600
2020-07-10,74.54524993896484,74.57970658576663,74.54524993896484,74.57970658576663,2447400
2020-07-13,74.54524993896484,74.55386574364864,74.53663413428104,74.54524993896484,2332100
2020-07-14,74.55382537841797,74.57105040652613,74.54520957839897,74.56243460650713,2112500
2020-07-15,74.56244659423828,74.56244659423828,74.5366057619566,74.54522156336078,4553200
2020-07-16,74.56244659423828,74.57967819704668,74.56244659423828,74.57106239564249,1750100
2020-07-17,74.57969665527344,74.57969665527344,74.55385581659623,74.57108085173687,2016200
2020-07-20,74.56244659423828,74.57967819704668,74.55383736476499,74.57967819704668,3534600
2020-07-21,74.57969665527344,74.57969665527344,74.55385581659623,74.55385581659623,4017900
2020-07-22,74.57107543945312,74.57969124236438,74.56245963654187,74.57969124236438,3776600
2020-07-23,74.57107543945312,74.57969124236438,74.56245963654187,74.57107543945312,2263100
2020-07-24,74.57969665527344,74.57969665527344,74.56246504820028,74.57108085173687,3056000
2020-07-27,74.55382537841797,74.57966620654511,74.54520957839897,74.57966620654511,2250900
2020-07-28,74.57107543945312,74.57969124236438,74.56245963654187,74.56245963654187,3804400
2020-07-29,74.58830261230469,74.59691841546301,74.57107757792026,74.57969338107858,2551300
2020-07-30,74.6141128540039,74.6141128540039,74.59688125627088,74.59688125627088,2016900
2020-07-31,74.62276458740234,74.62276458740234,74.60553955178659,74.62276458740234,3229400
2020-08-03,74.62275695800781,74.62275695800781,74.58828042145934,74.6055154018701,2979500
2020-08-04,74.63138580322266,74.63138580322266,74.61415081943036,74.62277159919064,2871000
2020-08-05,74.61412811279297,74.62274888992977,74.60550733565617,74.61412811279297,3037500
2020-08-06,74.61412811279297,74.6313630913403,74.60550733565617,74.61412811279297,1793300
2020-08-07,74.60551452636719,74.61413530433488,74.5969003241264,74.60551452636719,3944500
2020-08-10,74.5882797241211,74.6055147043707,74.57965894613282,74.6055147043707,2089800
2020-08-11,74.57105255126953,74.57967333092056,74.54519678804465,74.57105255126953,3345700
2020-08-12,74.55381774902344,74.56243852869542,74.54519696935145,74.55381774902344,4246900
2020-08-13,74.54519653320312,74.55381731282468,74.53658232930974,74.54519653320312,2073800
2020-08-14,74.55381774902344,74.57105273263922,74.54519696935145,74.55381774902344,2548600
2020-08-17,74.5624008178711,74.57101501745815,74.55378004255917,74.57101501745815,2655100
2020-08-18,74.57105255126953,74.57967333092056,74.56243834734668,74.56243834734668,2106500
2020-08-19,74.57105255126953,74.57967333092056,74.56243834734668,74.57967333092056,2064900
2020-08-20,74.57105255126953,74.58829411057158,74.57105255126953,74.57967333092056,2121000
2020-08-21,74.5624008178711,74.58825656808202,74.5624008178711,74.57963579277008,3337600
2020-08-24,74.55381774902344,74.57967351231122,74.55381774902344,74.57105273263922,2834100
2020-08-25,74.5624008178711,74.5624008178711,74.53654506766017,74.54515926724723,1986600
2020-08-26,74.5624008178711,74.5624008178711,74.54515926724723,74.5624008178711,2983300
2020-08-27,74.55381774902344,74.5882942919832,74.54519696935145,74.57967351231122,2609000
2020-08-28,74.57965850830078,74.5969000641761,74.57103773036313,74.57103773036313,3445500
2020-08-31,74.60551452636719,74.60551452636719,74.57965876819101,74.57965876819101,2357200
2020-09-01,74.5874252319336,74.59605089509323,74.57880614822717,74.5874252319336,3093600
2020-09-02,74.59603881835938,74.59603881835938,74.57879407428517,74.57879407428517,3682600
2020-09-03,74.5874252319336,74.61329564195927,74.5874252319336,74.59605089509323,2547200
2020-09-04,74.56153869628906,74.5960347620138,74.55291303499493,74.58740910071967,2904300
2020-09-08,74.57017517089844,74.58741991653555,74.57017517089844,74.57880083344337,2014700
2020-09-09,74.5787582397461,74.5787582397461,74.56150692450888,74.57013258212748,3009100
2020-09-10,74.57017517089844,74.58741991653555,74.56154950835351,74.56154950835351,2910000
2020-09-11,74.5874252319336,74.60467655825285,74.57880614822717,74.57880614822717,2109800
2020-09-14,74.5787582397461,74.59600297553433,74.5787582397461,74.59600297553433,1993000
2020-09-15,74.5874252319336,74.5874252319336,74.57880614822717,74.57880614822717,2013100
2020-09-16,74.59603881835938,74.59603881835938,74.570168412522,74.5874131565962,2551200
2020-09-17,74.5787582397461,74.60462863315294,74.5787582397461,74.59600297553433,2494700
2020-09-18,74.5874252319336,74.60467655825285,74.57880614822717,74.59605089509323,2334200
2020-09-21,74.5787582397461,74.59600297553433,74.5787582397461,74.59600297553433,3969100
2020-09-22,74.59603881835938,74.59603881835938,74.57879407428517,74.5874131565962,2108400
2020-09-23,74.59603881835938,74.59603881835938,74.57879407428517,74.5874131565962,3298200
2020-09-24,74.5874252319336,74.59605089509323,74.57880614822717,74.5874252319336,2955200
2020-09-25,74.59603881835938,74.60466448012255,74.59603881835938,74.59603881835938,1786000
2020-09-28,74.6046371459961,74.6046371459961,74.58738582879039,74.6046371459961,2777700
2020-09-29,74.59603881835938,74.61328356243358,74.59603881835938,74.60466448012255,2568900
2020-09-30,74.6046371459961,74.6046371459961,74.58738582879039,74.6046371459961,3111800
2020-10-01,74.58738708496094,74.60464638474194,74.58738708496094,74.58738708496094,3890800
2020-10-02,74.59603118896484,74.60466084052747,74.57877846833505,74.59603118896484,3081300
2020-10-05,74.57014465332031,74.58739737298684,74.5615150022395,74.58739737298684,3139800
2020-10-06,74.57014465332031,74.57877430440112,74.5615150022395,74.57014465332031,2618100
2020-10-07,74.56150817871094,74.56150817871094,74.5442554606233,74.5442554606233,3613200
2020-10-08,74.56150817871094,74.57013782900201,74.55288511091437,74.56150817871094,1996700
2020-10-09,74.56150817871094,74.57013782900201,74.55288511091437,74.57013782900201,1977700
2020-10-12,74.5787582397461,74.5787582397461,74.55287587457396,74.56149894130222,2400900
2020-10-13,74.57014465332031,74.58739737298684,74.5615150022395,74.57014465332031,5330600
2020-10-14,74.57014465332031,74.58739737298684,74.57014465332031,74.57014465332031,8129500
2020-10-15,74.58738708496094,74.59601673485145,74.57013436767413,74.57876401756462,6851500
2020-10-16,74.5787582397461,74.58738130647436,74.57012859052415,74.5787582397461,1562100
2020-10-19,74.5787582397461,74.5787582397461,74.55287587457396,74.56149894130222,2499200
2020-10-20,74.57014465332031,74.57877430440112,74.5615150022395,74.57014465332031,1991800
2020-10-21,74.57014465332031,74.57014465332031,74.55289193365378,74.5615150022395,1788700
2020-10-22,74.54426574707031,74.57014811902054,74.54426574707031,74.56151846753866,3063300
2020-10-23,74.5528793334961,74.57013205024674,74.5528793334961,74.56150240062442,2014300
2020-10-26,74.56150817871094,74.57013782900201,74.55288511091437,74.56150817871094,2319200
2020-10-27,74.56150817871094,74.57876747929308,74.56150817871094,74.57013782900201,1982000
2020-10-28,74.56150817871094,74.57876747929308,74.56150817871094,74.57013782900201,4930200
2020-10-29,74.5787582397461,74.5787582397461,74.56149894130222,74.57012859052415,3688800
2020-10-30,74.57014465332031,74.57877430440112,74.55289193365378,74.57877430440112,3562300
2020-11-02,74.56925964355469,74.56925964355469,74.55199914026318,74.56062609917653,3642500
2020-11-03,74.5520248413086,74.560651803196,74.53475774659961,74.5520248413086,1739600
2020-11-04,74.56925964355469,74.58652673231101,74.56062609917653,74.56925964355469,4432600
2020-11-05,74.5520248413086,74.57791889790498,74.5520248413086,74.56928535055049,4646000
2020-11-06,74.56063079833984,74.56926434326213,74.55200383888278,74.56926434326213,2479200
2020-11-09,74.53472900390625,74.53472900390625,74.50883495729535,74.5260954598811,5418600
2020-11-10,74.52608489990234,74.52608489990234,74.50882439976232,74.50882439976232,3162200
2020-11-11,74.50885772705078,74.51749127371433,74.50022418038724,74.50885772705078,2643200
2020-11-12,74.51746368408203,74.54335772901901,74.51746368408203,74.53472418555197,3915800
2020-11-13,74.51746368408203,74.54335772901901,74.51746368408203,74.53472418555197,3156800
2020-11-16,74.53472900390625,74.54336254793141,74.5174685013205,74.5260954598811,3752900
2020-11-17,74.52608489990234,74.54335198550598,74.52608489990234,74.52608489990234,3457900
2020-11-18,74.52608489990234,74.54335198550598,74.52608489990234,74.53471844270416,2325200
2020-11-19,74.54340362548828,74.552037174271,74.53477007670557,74.53477007670557,1900700
2020-11-20,74.5520248413086,74.560651803196,74.5520248413086,74.560651803196,1784700
2020-11-23,74.5520248413086,74.560651803196,74.5520248413086,74.5520248413086,1640500
2020-11-24,74.56063079833984,74.56063079833984,74.55200383888278,74.55200383888278,2649500
2020-11-25,74.56925964355469,74.56925964355469,74.56062609917653,74.56062609917653,2449800
2020-11-27,74.56925964355469,74.57789318793286,74.56925964355469,74.56925964355469,1378900
2020-11-30,74.5865249633789,74.5865249633789,74.5692578750321,74.5865249633789,3375300
2020-12-01,74.54592895507812,74.56319604996695,74.53729211364386,74.55455920853267,6173900
2020-12-02,74.56321716308594,74.56321716308594,74.53731321942796,74.54595006330781,2297100
2020-12-03,74.58049774169922,74.58049774169922,74.5632240523435,74.57186089702135,2751900
2020-12-04,74.57186126708984,74.57186126708984,74.5545875776484,74.56322442236912,2825200
2020-12-07,74.589111328125,74.589111328125,74.5718442306106,74.5718442306106,3213900
2020-12-08,74.57186126708984,74.58912836854904,74.57186126708984,74.58049811181057,2559800
2020-12-09,74.56321716308594,74.5718540069658,74.56321716308594,74.5718540069658,2829000
2020-12-10,74.58049774169922,74.59776484307272,74.57186089702135,74.58912799839487,2977700
2020-12-11,74.62366485595703,74.62366485595703,74.60639775549362,74.61503459971625,1802200
2020-12-14,74.61502075195312,74.62365100659221,74.60638390933339,74.60638390933339,2805200
2020-12-15,74.61502075195312,74.62365100659221,74.60638390933339,74.61502075195312,1969300
2020-12-16,74.61502075195312,74.61502075195312,74.60638390933339,74.60638390933339,1444700
2020-12-17,74.61674499511719,74.62538503762988,74.59947150051326,74.62538503762988,2541200
2020-12-18,74.60812377929688,74.61675723280406,74.60812377929688,74.60812377929688,2924100
2020-12-21,74.60812377929688,74.61675723280406,74.59948373536716,74.60812377929688,2249100
2020-12-22,74.60812377929688,74.62539727673378,74.60812377929688,74.60812377929688,1928400
2020-12-23,74.62540435791016,74.62540435791016,74.60813085883417,74.60813085883417,2821600
2020-12-24,74.60812377929688,74.62539727673378,74.60812377929688,74.60812377929688,1039500
2020-12-28,74.61674499511719,74.61674499511719,74.59947150051326,74.59947150051326,1836400
2020-12-29,74.61674499511719,74.61674499511719,74.60811154302594,74.61674499511719,2010600
2020-12-30,74.62540435791016,74.62540435791016,74.60813085883417,74.60813085883417,1327500
2020-12-31,74.61674499511719,74.62538503762988,74.59947150051326,74.61674499511719,1949900
2021-01-04,74.62540435791016,74.63404440265973,74.60813085883417,74.60813085883417,2989300
2021-01-05,74.62540435791016,74.63404440265973,74.60813085883417,74.62540435791016,2529400
2021-01-06,74.58220672607422,74.60812685893329,74.56493322792431,74.59948681464694,2082000
2021-01-07,74.59950256347656,74.59950256347656,74.57358901556964,74.59086251736619,4207700
2021-01-08,74.59082794189453,74.59082794189453,74.57355444810484,74.57355444810484,2760300
2021-01-11,74.58220672607422,74.59084677036057,74.57357327221067,74.58220672607422,2545700
2021-01-12,74.58220672607422,74.58220672607422,74.56493322792431,74.56493322792431,4048300
2021-01-13,74.57355499267578,74.5821884444231,74.57355499267578,74.57355499267578,2021800
2021-01-14,74.58220672607422,74.59084677036057,74.57357327221067,74.58220672607422,3344000
2021-01-15,74.59082794189453,74.59946798399994,74.58218789978912,74.58218789978912,3148300
2021-01-19,74.61674499511719,74.61674499511719,74.58219141548788,74.58219141548788,3019500
2021-01-20,74.60812377929688,74.61675723280406,74.59948373536716,74.60812377929688,2392300
2021-01-21,74.61674499511719,74.62538503762988,74.59947150051326,74.61674499511719,1574700
2021-01-22,74.61674499511719,74.62538503762988,74.61674499511719,74.61674499511719,4095800
2021-01-25,74.62540435791016,74.62540435791016,74.61676431316059,74.61676431316059,2037500
2021-01-26,74.61674499511719,74.63402508014256,74.61674499511719,74.63402508014256,2015500
2021-01-27,74.61674499511719,74.64266512265525,74.61674499511719,74.63402508014256,3786800
2021-01-28,74.60812377929688,74.62539727673378,74.60812377929688,74.62539727673378,2429600
2021-01-29,74.63401794433594,74.63401794433594,74.61673786096273,74.62537790264933,3237800
2021-02-01,74.64266967773438,74.64266967773438,74.62539018166434,74.64266967773438,3266300
2021-02-02,74.61673736572266,74.63402345224016,74.61673736572266,74.63402345224016,2245400
2021-02-03,74.62541198730469,74.62541198730469,74.61676894038857,74.61676894038857,2219000
2021-02-04,74.62541198730469,74.62541198730469,74.61676894038857,74.61676894038857,1848200
2021-02-05,74.64266967773438,74.64266967773438,74.62539018166434,74.63403322605497,1495900
2021-02-08,74.63402557373047,74.63402557373047,74.62538253022603,74.62538253022603,2193100
2021-02-09,74.61673736572266,74.63402345224016,74.61673736572266,74.63402345224016,1930700
2021-02-10,74.62541198730469,74.63405503422081,74.61676894038857,74.63405503422081,3016100
2021-02-11,74.62541198730469,74.63405503422081,74.62541198730469,74.63405503422081,2348600
2021-02-12,74.63402557373047,74.64266202452437,74.62538253022603,74.62538253022603,3364600
2021-02-16,74.60812377929688,74.6254098726393,74.59948732533861,74.61676682596809,3364200
2021-02-17,74.62541198730469,74.62541198730469,74.60812589347243,74.60812589347243,2307600
2021-02-18,74.62541198730469,74.63405503422081,74.60812589347243,74.62541198730469,2362300
2021-02-19,74.63402557373047,74.63402557373047,74.6167394867216,74.6167394867216,2113900
2021-02-22,74.61673736572266,74.62538040898141,74.61673736572266,74.62538040898141,3801600
2021-02-23,74.62541198730469,74.62541198730469,74.60812589347243,74.60812589347243,9025900
2021-02-24,74.60812377929688,74.60812377929688,74.5908442786674,74.59948732533861,2530000
2021-02-25,74.49575805664062,74.55624617153498,74.46119247774242,74.55624617153498,4956100
2021-02-26,74.59081268310547,74.59081268310547,74.51304507414466,74.54760406076491,5187500
2021-03-01,74.58390808105469,74.59255332849138,74.5666175861813,74.58390808105469,3366700
2021-03-02,74.6012191772461,74.6012191772461,74.58393527046353,74.58393527046353,5519200
2021-03-03,74.55799865722656,74.58392781200449,74.54935340750279,74.58392781200449,2406100
2021-03-04,74.55799865722656,74.57528256228072,74.54935340750279,74.56663731255695,2566100
2021-03-05,74.55799865722656,74.55799865722656,74.53206950244864,74.54070815777902,4413600
2021-03-08,74.53204345703125,74.54932735604551,74.52339821032858,74.54932735604551,2729700
2021-03-09,74.53204345703125,74.53204345703125,74.51475296362592,74.53204345703125,3255500
2021-03-10,74.55799865722656,74.55799865722656,74.52342425272487,74.53206950244864,2860000
2021-03-11,74.55799865722656,74.56663731255695,74.54935340750279,74.56663731255695,3578500
2021-03-12,74.54934692382812,74.54934692382812,74.53206302027718,74.54070167485625,1824700
2021-03-15,74.55799865722656,74.55799865722656,74.54070815777902,74.54070815777902,2273700
2021-03-16,74.55799865722656,74.55799865722656,74.54070815777902,74.54935340750279,1853600
2021-03-17,74.57525634765625,74.60118549331959,74.54068195530812,74.54932720199291,3413300
2021-03-18,74.56663513183594,74.56663513183594,74.53206732273857,74.54935122728726,4692000
2021-03-19,74.56663513183594,74.58392563077781,74.54070597781632,74.55799647675819,3276300
2021-03-22,74.55799865722656,74.56663731255695,74.55799865722656,74.56663731255695,2118500
2021-03-23,74.56663513183594,74.57528038130688,74.56663513183594,74.57528038130688,3241300
2021-03-24,74.58390808105469,74.59255332849138,74.57526283361798,74.58390808105469,2322600
2021-03-25,74.59256744384766,74.60120609852743,74.57527694570233,74.59256744384766,2771400
2021-03-26,74.59256744384766,74.60120609852743,74.583922194775,74.583922194775,3068700
2021-03-29,74.57525634765625,74.59254684102585,74.56661110097146,74.58390159434106,2182000
2021-03-30,74.57525634765625,74.57525634765625,74.55797244867772,74.56661110097146,2213800
2021-03-31,74.54934692382812,74.56663082737907,74.54934692382812,74.56663082737907,4481000
2021-04-01,74.54847717285156,74.56576488282646,74.54847717285156,74.54847717285156,3614300
2021-04-05,74.53117370605469,74.53982085790182,74.50523884635756,74.5138859982047,3118200
2021-04-06,74.54847717285156,74.55711772991647,74.53983001994156,74.53983001994156,2497100
2021-04-07,74.55714416503906,74.57443847699095,74.55714416503906,74.56579132101501,3509100
2021-04-08,74.58306121826172,74.58306121826172,74.56577350628751,74.57442066019755,2109800
2021-04-09,74.55714416503906,74.57443847699095,74.54850360491054,74.54850360491054,2496200
2021-04-12,74.53984069824219,74.55712841069366,74.53119354409343,74.54848785239093,1687100
2021-04-13,74.5657958984375,74.5657958984375,74.539861024765,74.54850818127179,1237100
2021-04-14,74.5657958984375,74.5657958984375,74.55714874193072,74.55714874193072,1414000
2021-04-15,74.58306121826172,74.58306121826172,74.56577350628751,74.56577350628751,1843200
2021-04-16,74.57441711425781,74.57441711425781,74.55712280726009,74.55712280726009,1674900
2021-04-19,74.5657958984375,74.57444305494428,74.55714874193072,74.55714874193072,2063900
2021-04-20,74.58306121826172,74.59170837217175,74.56577350628751,74.57442066019755,2012700
2021-04-21,74.60033416748047,74.60033416748047,74.58303986461189,74.60033416748047,2061000
2021-04-22,74.5916976928711,74.5916976928711,74.57440998337196,74.58305054019907,4373500
2021-04-23,74.57441711425781,74.60035197890888,74.57441711425781,74.60035197890888,1535200
2021-04-26,74.55714416503906,74.57443847699095,74.55714416503906,74.57443847699095,1265800
2021-04-27,74.54847717285156,74.56576488282646,74.54847717285156,74.56576488282646,1473000
2021-04-28,74.5657958984375,74.57444305494428,74.54850818127179,74.55714874193072,2032700
2021-04-29,74.58306121826172,74.58306121826172,74.55712635237748,74.56577350628751,1552900
2021-04-30,74.5916976928711,74.5916976928711,74.57440998337196,74.57440998337196,2367400
2021-05-03,74.58477020263672,74.59341195984963,74.57612184866257,74.58477020263672,2910400
2021-05-04,74.58477020263672,74.60206031382378,74.58477020263672,74.58477020263672,1972900
2021-05-05,74.60205841064453,74.60205841064453,74.58476829989856,74.58476829989856,1301900
2021-05-06,74.60205841064453,74.61070676439805,74.59341005689102,74.61070676439805,1981300
2021-05-07,74.62803649902344,74.63668485736882,74.61939473744263,74.62803649902344,1950300
2021-05-10,74.60205841064453,74.61935511815157,74.60205841064453,74.61070676439805,2483700
2021-05-11,74.59342193603516,74.61071864629673,74.59342193603516,74.60207029116594,2630000
2021-05-12,74.58477020263672,74.58477020263672,74.56747349468841,74.56747349468841,4113100
2021-05-13,74.60205841064453,74.60205841064453,74.58476829989856,74.59341005689102,5495200
2021-05-14,74.60205841064453,74.61070676439805,74.60205841064453,74.60205841064453,3836400
2021-05-17,74.60205841064453,74.61070676439805,74.59341005689102,74.59341005689102,3861000
2021-05-18,74.61071014404297,74.61071014404297,74.6020617898977,74.61071014404297,3419200
2021-05-19,74.58477020263672,74.61935702177207,74.58477020263672,74.61935702177207,5213300
2021-05-20,74.6193618774414,74.6193618774414,74.59341681383064,74.60206516836757,4011000
2021-05-21,74.60205841064453,74.61935511815157,74.60205841064453,74.61935511815157,1822400
2021-05-24,74.6193618774414,74.6193618774414,74.60206516836757,74.61071352290449,2565300
2021-05-25,74.6193618774414,74.62800363521667,74.61071352290449,74.6193618774414,2403900
2021-05-26,74.63665771484375,74.63665771484375,74.62800935964346,74.63665771484375,1810700
2021-05-27,74.63665771484375,74.63665771484375,74.61936760120531,74.62800935964346,1257900
2021-05-28,74.63665771484375,74.64530607004406,74.62800935964346,74.63665771484375,2054600
2021-06-01,74.62109375,74.63838626780174,74.62109375,74.62109375,2265800
2021-06-02,74.62974548339844,74.63838844371155,74.6210959254057,74.63838844371155,1234900
2021-06-03,74.60379028320312,74.62108939767532,74.60379028320312,74.61243984043922,1607800
2021-06-04,74.62974548339844,74.62974548339844,74.6210959254057,74.6210959254057,2060600
2021-06-07,74.62109375,74.62109375,74.61244419225942,74.62109375,1240100
2021-06-08,74.63839721679688,74.63839721679688,74.62975425546786,74.62975425546786,1504400
2021-06-09,74.62109375,74.64703582554233,74.62109375,74.64703582554233,2284000
2021-06-10,74.64704895019531,74.64704895019531,74.61245731083041,74.62110687009178,1736300
2021-06-11,74.62974548339844,74.64703800170429,74.62974548339844,74.64703800170429,1661000
2021-06-14,74.60379028320312,74.62973895491142,74.60379028320312,74.62108939767532,3526800
2021-06-15,74.59518432617188,74.61247685154287,74.59518432617188,74.61247685154287,12066300
2021-06-16,74.52596282958984,74.61243860748465,74.51731327249668,74.60378905039148,2094700
2021-06-17,74.52596282958984,74.54325534609723,74.51731327249668,74.54325534609723,2527100
2021-06-18,74.4654312133789,74.48272373037119,74.4221900243795,74.47408077071461,4317700
2021-06-21,74.48273468017578,74.48273468017578,74.43950008249953,74.44814304342673,5551300
2021-06-22,74.52596282958984,74.52596282958984,74.49137119889613,74.5000207559893,2681300
2021-06-23,74.47406768798828,74.5173022717136,74.47406768798828,74.5173022717136,2761200
2021-06-24,74.48273468017578,74.49138423878307,74.47409171924859,74.49138423878307,1273500
2021-06-25,74.47406768798828,74.49136020194283,74.47406768798828,74.49136020194283,1344300
2021-06-28,74.5,74.5,74.48270089063327,74.49135044531663,1484900
2021-06-29,74.49140930175781,74.50005886327529,74.48275974024034,74.48275974024034,1691200
2021-06-30,74.50867462158203,74.50867462158203,74.49137550639537,74.50867462158203,2585800
2021-07-01,74.49394989013672,74.50260075114807,74.48530562779891,74.50260075114807,2227100
2021-07-02,74.52854919433594,74.52854919433594,74.50260320911944,74.51990493171294,1863400
2021-07-06,74.55451202392578,74.56316288717706,74.51992176827119,74.52856603284721,3158600
2021-07-07,74.56315612792969,74.56315612792969,74.53721013920315,74.54586100167022,1723000
2021-07-08,74.59776306152344,74.60641392515973,74.58046793292641,74.58046793292641,1440800
2021-07-09,74.57181549072266,74.58911061895357,74.56316462726949,74.58046635417581,1258000
2021-07-12,74.55451202392578,74.57181375042833,74.53721689609849,74.56316288717706,1271000
2021-07-13,74.49394989013672,74.51990247317076,74.49394989013672,74.51990247317076,2683300
2021-07-14,74.5458755493164,74.5458755493164,74.52857382100585,74.52857382100585,1696000
2021-07-15,74.55451202392578,74.55451202392578,74.53721689609849,74.55451202392578,1396300
2021-07-16,74.5458755493164,74.56317067895102,74.5199295555265,74.52857382100585,1851600
2021-07-19,74.5804672241211,74.62370834454047,74.5804672241211,74.58911148899968,9352500
2021-07-20,74.61504364013672,74.63234536403544,74.59774851491225,74.62369450208608,2405300
2021-07-21,74.589111328125,74.60641305519582,74.58046706326506,74.59776219166041,2789500
2021-07-22,74.59776306152344,74.60641392515973,74.58046793292641,74.58911219788715,2295700
2021-07-23,74.60641479492188,74.60641479492188,74.5891130674476,74.5891130674476,1386800
2021-07-26,74.589111328125,74.60641305519582,74.589111328125,74.60641305519582,2259200
2021-07-27,74.60641479492188,74.6150590599834,74.60641479492188,74.6150590599834,1387000
2021-07-28,74.61504364013672,74.62369450208608,74.58045338968779,74.60639937686162,2438500
2021-07-29,74.61504364013672,74.61504364013672,74.59774851491225,74.59774851491225,1197600
2021-07-30,74.63233947753906,74.63233947753906,74.61503775500498,74.62368861627202,2019300
2021-08-02,74.66001892089844,74.66867098556463,74.6427213911577,74.6427213911577,3399900
2021-08-03,74.66001892089844,74.66867098556463,74.6513734558239,74.66001892089844,1221700
2021-08-04,74.63410186767578,74.6860010791182,74.61680433039317,74.66870354183557,1878600
2021-08-05,74.5994873046875,74.60813937163124,74.58218977039344,74.5994873046875,1400000
2021-08-06,74.57353210449219,74.58218417078632,74.57353210449219,74.57353210449219,2313700
2021-08-09,74.54757690429688,74.59083063292492,74.54757690429688,74.58217856728083,1862800
2021-08-10,74.52161407470703,74.55621573154703,74.52161407470703,74.54756366743922,1198100
2021-08-11,74.55624389648438,74.56488936426693,74.53893976173183,74.53893976173183,1837300
2021-08-12,74.55624389648438,74.55624389648438,74.53893976173183,74.5475918291081,1792800
2021-08-13,74.56488037109375,74.57353243742651,74.54758283802114,74.54758283802114,1333000
2021-08-16,74.58218383789062,74.59948137080879,74.5735317716351,74.58218383789062,1797100
2021-08-17,74.56488037109375,74.59083657009204,74.56488037109375,74.57353243742651,1579600
2021-08-18,74.56488037109375,74.58218450375928,74.54758283802114,74.56488037109375,2310100
2021-08-19,74.56488037109375,74.58218450375928,74.55623490435391,74.58218450375928,1780800
2021-08-20,74.56488037109375,74.57353243742651,74.55623490435391,74.56488037109375,1685300
2021-08-23,74.56488037109375,74.56488037109375,74.54758283802114,74.55623490435391,1532500
2021-08-24,74.55624389648438,74.56488936426693,74.5475918291081,74.56488936426693,1249900
2021-08-25,74.54757690429688,74.56487443599265,74.53892483865279,74.56487443599265,1319600
2021-08-26,74.54757690429688,74.56487443599265,74.53892483865279,74.54757690429688,2078600
2021-08-27,74.5994873046875,74.5994873046875,74.53893603526818,74.56488563650598,2774900
2021-08-30,74.61679077148438,74.62543623875742,74.59084117047857,74.59948663775161,1438000
2021-08-31,74.60814666748047,74.61679873527028,74.60814666748047,74.61679873527028,2052200
2021-09-01,74.6020736694336,74.6107204386118,74.59342029966822,74.6107204386118,1324600
2021-09-02,74.6020736694336,74.6107204386118,74.59342029966822,74.6020736694336,1640100
2021-09-03,74.6020736694336,74.6107204386118,74.6020736694336,74.6020736694336,1136600
2021-09-07,74.57610321044922,74.59340994757814,74.57610321044922,74.59340994757814,1468700
2021-09-08,74.59343719482422,74.60209056654955,74.58478382309889,74.59343719482422,1607200
2021-09-09,74.61070251464844,74.61070251464844,74.58474901217436,74.58474901217436,1600700
2021-09-10,74.58476257324219,74.60206931176202,74.58476257324219,74.58476257324219,1380200
2021-09-13,74.6020736694336,74.6020736694336,74.59342029966822,74.59342029966822,1095900
2021-09-14,74.61070251464844,74.61935588233499,74.60205574754745,74.61070251464844,1422900
2021-09-15,74.61070251464844,74.61070251464844,74.5934023798609,74.60205574754745,1790500
2021-09-16,74.58476257324219,74.5934159425021,74.57610920398228,74.58476257324219,1095300
2021-09-17,74.56745910644531,74.57610587473243,74.56745910644531,74.57610587473243,2905000
2021-09-20,74.58476257324219,74.5934159425021,74.57610920398228,74.58476257324219,2407400
2021-09-21,74.6020736694336,74.6107204386118,74.59342029966822,74.59342029966822,1931300
2021-09-22,74.55884552001953,74.60210578688353,74.54154537362794,74.58479903990192,1606100
2021-09-23,74.51556396484375,74.54152407789961,74.51556396484375,74.53287070688098,2855800
2021-09-24,74.48961639404297,74.52422328028976,74.48961639404297,74.5155699085809,1462800
2021-09-27,74.48095703125,74.4982637732756,74.48095703125,74.4896104022628,1835300
2021-09-28,74.48961639404297,74.49826976575183,74.48096302233411,74.48961639404297,2489500
2021-09-29,74.51556396484375,74.51556396484375,74.49826382339462,74.49826382339462,3552100
2021-09-30,74.53286743164062,74.53286743164062,74.49826054967501,74.49826054967501,4498600
2021-10-01,74.568359375,74.568359375,74.54240254339754,74.55105702107578,3991700
2021-10-04,74.53372955322266,74.55103850427997,74.53372955322266,74.54238402875131,12146800
2021-10-05,74.52508544921875,74.53373992595183,74.51643757391719,74.52508544921875,3590900
2021-10-06,74.51644134521484,74.51644134521484,74.49913239087266,74.51644134521484,3850200
2021-10-07,74.490478515625,74.49913299286602,74.4818306398159,74.49913299286602,2452100
2021-10-08,74.46450805664062,74.49911935783815,74.45586018241427,74.49911935783815,1969600
2021-10-11,74.40394592285156,74.44721170319104,74.40394592285156,74.42990275048275,2012100
2021-10-12,74.43853759765625,74.44719207172824,74.41258077686977,74.43853759765625,1945700
2021-10-13,74.41258239746094,74.4212368717214,74.39528005036965,74.39528005036965,2764300
2021-10-14,74.41258239746094,74.42988474455224,74.36066875475741,74.4212368717214,3496500
2021-10-15,74.36933898925781,74.40395029527711,74.35203663696397,74.38664794298329,2839800
2021-10-18,74.3174057006836,74.34336252298391,74.30010335296001,74.3174057006836,2968700
2021-10-19,74.34334564208984,74.36065458731302,74.34334564208984,74.34334564208984,1838600
2021-10-20,74.36933898925781,74.36933898925781,74.36069111382672,74.36069111382672,2360700
2021-10-21,74.28278350830078,74.31739480010118,74.27412903499345,74.30874032679385,2117400
2021-10-22,74.26551818847656,74.26551818847656,74.21359792417647,74.25686371085452,3414900
2021-10-25,74.30012512207031,74.30877299775089,74.27416169073312,74.27416169073312,1990400
2021-10-26,74.28278350830078,74.29143798160811,74.26548116311504,74.28278350830078,2870300
2021-10-27,74.26551818847656,74.30012949753257,74.21359792417647,74.29147501991051,4373600
2021-10-28,74.2741470336914,74.30875833387908,74.23088785952969,74.23954233493424,2970000
2021-10-29,74.28278350830078,74.30874032679385,74.20491305282157,74.22221539800731,3957900
2021-11-01,74.24906158447266,74.26636615241802,74.22309482913917,74.2404059993615,5050500
2021-11-02,74.32693481445312,74.33559039872242,74.28366349538295,74.30097466392155,2187800
2021-11-03,74.30961608886719,74.32692065183217,74.24038463245715,74.30961608886719,3242400
2021-11-04,74.37886810302734,74.41348384387257,74.35290794796279,74.35290794796279,3545800
2021-11-05,74.4134750366211,74.42213062137733,74.3528991478808,74.36155473263705,2946700
2021-11-08,74.32693481445312,74.38751069978557,74.31827923018382,74.37885511551627,2292900
2021-11-09,74.37020874023438,74.38751330710318,74.3615531556617,74.37020874023438,1938700
2021-11-10,74.22305297851562,74.28362883558414,74.22305297851562,74.26632427739595,5382400
2021-11-11,74.17115783691406,74.21442915045824,74.17115783691406,74.20577356729432,1839100
2021-11-12,74.23175048828125,74.24906165852083,74.20579033519886,74.23175048828125,3130800
2021-11-15,74.22305297851562,74.24036413897706,74.19709284009672,74.24036413897706,2433500
2021-11-16,74.22305297851562,74.23170855874633,74.1365169830282,74.20574842032744,1722500
2021-11-17,74.24906158447266,74.24906158447266,74.20579026119383,74.21444584630498,1445900
2021-11-18,74.24043273925781,74.25773731343592,74.22312156280036,74.23177715102908,1620300
2021-11-19,74.22305297851562,74.31824455423376,74.22305297851562,74.30093999604557,2791100
2021-11-22,74.13656616210938,74.17118190372162,74.11926159244207,74.15387733405431,3126600
2021-11-23,74.13656616210938,74.16252631774915,74.12791717841453,74.14522174808185,2892300
2021-11-24,74.1192398071289,74.12789539055731,74.0932796591194,74.11058422370051,1613400
2021-11-26,74.26634979248047,74.32692567036055,74.26634979248047,74.27500537568491,2842700
2021-11-29,74.30097961425781,74.30097961425781,74.24040372488946,74.25770829230467,3767900
2021-11-30,74.24043273925781,74.38754472774944,74.21447257685098,74.3442799911645,6358600
2021-12-01,74.24905395507812,74.24905395507812,74.12783153833544,74.17978211518908,10046200
2021-12-02,74.15381622314453,74.19711278009305,74.12784093142625,74.18845214747793,4117900
2021-12-03,74.19712829589844,74.21444295862237,74.11053516389339,74.1191957983196,2931600
2021-12-06,74.1364974975586,74.17978744600552,74.11917623327845,74.17113341999217,4120400
2021-12-07,74.04125213623047,74.0845420857145,74.04125213623047,74.07588805949382,4194600
2021-12-08,74.06719970703125,74.06719970703125,74.01524914464248,74.02390316762433,2396700
2021-12-09,74.04125213623047,74.0845420857145,74.04125213623047,74.05856679479871,1829300
2021-12-10,74.0759048461914,74.12785543979577,74.04992294326084,74.06724421188122,1854400
2021-12-13,74.11917877197266,74.13650003684609,74.06722818960627,74.07588882204298,2589400
2021-12-14,74.0759048461914,74.1018801429936,74.0759048461914,74.0759048461914,3931700
2021-12-15,74.10186767578125,74.10186767578125,74.00662053277911,74.06723175049618,5859800
2021-12-16,74.1607666015625,74.1607666015625,74.11746753618876,74.11746753618876,2523500
2021-12-17,74.12609100341797,74.17805910968984,74.10877270633742,74.15207836031146,2459300
2021-12-20,74.14342498779297,74.19538649291307,74.14342498779297,74.16940574035301,5130600
2021-12-21,74.10014343261719,74.11746834497013,74.07416267160583,74.10880588879367,2031700
2021-12-22,74.09146881103516,74.10878711148202,74.07414390307191,74.1001246575004,3726000
2021-12-23,74.0827865600586,74.09144901172537,74.06546165672505,74.09144901172537,1919700
2021-12-27,74.05681610107422,74.05681610107422,74.03083534997909,74.03949119533377,2270700
2021-12-28,74.05681610107422,74.07413439929913,74.04815364820399,74.05681610107422,3464800
2021-12-29,74.04818725585938,74.0655055619444,74.03952479905759,74.04818725585938,3110300
2021-12-30,74.09146881103516,74.09146881103516,74.04816314864344,74.05682560262505,1619100
2021-12-31,74.0827865600586,74.1087673075443,74.0568058125729,74.10010485587752,2649500
2022-01-03,73.9961929321289,74.0135112305378,73.97886802620441,74.00484877757555,5301700
2022-01-04,74.03949737548828,74.03949737548828,73.99619832255402,73.99619832255402,2759300
2022-01-05,73.94427490234375,74.01356135793638,73.93561905103473,74.01356135793638,2851800
2022-01-06,73.88360595703125,73.90958671019257,73.86628765742906,73.9009308641495,3526800
2022-01-07,73.86629486083984,73.89227561653479,73.8403141051449,73.85763240643595,2658000
2022-01-10,73.82296752929688,73.85761072922793,73.82296752929688,73.84894827736647,4347300
2022-01-11,73.84896850585938,73.84896850585938,73.77102624030087,73.77968869453511,15869300
2022-01-12,73.82296752929688,73.85761072922793,73.82296752929688,73.85761072922793,7286200
2022-01-13,73.85762023925781,73.86628269223466,73.83163948784289,73.84030194081973,3739100
2022-01-14,73.76236724853516,73.83165367062837,73.76236724853516,73.83165367062837,2064800
2022-01-18,73.6497573852539,73.70171888086261,73.64109493348089,73.6930564290896,3257300
2022-01-19,73.6844253540039,73.71906856522666,73.67576289931898,73.67576289931898,3753500
2022-01-20,73.66708374023438,73.6844086456757,73.65842789502913,73.67574619295505,2762400
2022-01-21,73.72772216796875,73.7623653781369,73.71906632106425,73.74504707681119,5322600
2022-01-24,73.77104949951172,73.82301102626697,73.7450687361341,73.7623870425463,7835800
2022-01-25,73.73636627197266,73.79699022280055,73.73636627197266,73.77967192578475,4657100
2022-01-26,73.60648345947266,73.77103707651176,73.58916515597686,73.74505631750928,10878900
2022-01-27,73.54586791992188,73.58051113840378,73.52854961444007,73.54586791992188,7524900
2022-01-28,73.57183837890625,73.58916328948018,73.53720177279315,73.54585762056274,4613200
2022-01-31,73.57183837890625,73.58916328948018,73.52853931750619,73.55452007584971,7218500
2022-02-01,73.5657958984375,73.59178370016313,73.52248509866432,73.59178370016313,13138500
2022-02-02,73.58309173583984,73.60907952563873,73.57442693613832,73.5917499262357,5492000
2022-02-03,73.5224609375,73.54844873068545,73.50513133583868,73.54844873068545,3620800
2022-02-04,73.37516021728516,73.4184775970523,73.3405142446365,73.4184775970523,9404700
2022-02-07,73.39250183105469,73.40116663028783,73.3578492434274,73.39250183105469,3555700
2022-02-08,73.31452941894531,73.36651160331054,73.31452941894531,73.3578468043655,14355600
2022-02-09,73.30590057373047,73.34921136718293,73.29723577131689,73.34055317407707,2976900
2022-02-10,72.93338775634766,73.16728452901232,72.93338775634766,73.15861972726704,5892000
2022-02-11,73.15862274169922,73.15862274169922,72.98536635549817,73.05467155370158,5432400
2022-02-14,73.00265502929688,73.05463720816454,72.95934425776227,73.01131982732555,4375400
2022-02-15,73.0286865234375,73.0460095189909,72.9853691205924,73.0026921161458,2127700
2022-02-16,73.12396240234375,73.13262059343953,73.03732761693662,73.05465721774053,3335200
2022-02-17,73.16725158691406,73.16725158691406,73.11527601845782,73.12394081630194,4442900
2022-02-18,73.17593383789062,73.21924461883278,73.14994604746417,73.19325682840632,2459400
2022-02-22,73.10661315917969,73.1499305402447,73.08062537426245,73.13260094409694,3487300
2022-02-23,73.06331634521484,73.10663373847356,73.0459933534951,73.08064594624084,4258700
2022-02-24,73.12396240234375,73.23657837034436,73.10663280153986,73.21924876954047,4573600
2022-02-25,73.12396240234375,73.12396240234375,73.04599241733858,73.08930981004214,4279100
2022-02-28,73.25389862060547,73.31453900253751,73.2452404298337,73.25389862060547,5265300
2022-03-01,73.42288208007812,73.53553134987968,73.3882192406175,73.4055473547175,7383600
2022-03-02,73.18024444580078,73.31889580789098,73.16291633116991,73.31022844494514,5250800
2022-03-03,73.18024444580078,73.21490728632332,73.13692085359321,73.17158369411577,6877400
2022-03-04,73.25825500488281,73.31024597246659,73.24092027484662,73.24958763986471,2880500
2022-03-07,73.16290283203125,73.23222850028522,73.16290283203125,73.18889830481159,6302700
2022-03-08,73.06758880615234,73.14558184334774,73.05026069303129,73.11957975677578,5585700
2022-03-09,73.02424621582031,73.04158093726029,72.9895899954586,73.01558546635945,4988900
2022-03-10,72.96360778808594,72.97227515116685,72.92895155828411,72.96360778808594,4780300
2022-03-11,72.93760681152344,72.94627417395095,72.89428322190675,72.93760681152344,2620800
2022-03-14,72.7469711303711,72.83363154001707,72.7469711303711,72.81629681358345,3874900
2022-03-15,72.77298736572266,72.8683019345907,72.76432000082107,72.85964118095146,4999800
2022-03-16,72.70361328125,72.77293893179838,72.58229669841928,72.75560421353232,5365100
2022-03-17,72.67766571044922,72.70366119372167,72.65166361591449,72.66899834560431,4453400
2022-03-18,72.66032409667969,72.67765882472716,72.63432861587012,72.64299597989385,4946500
2022-03-21,72.41767883300781,72.58232566595613,72.40901147041565,72.5649909407718,5342500
2022-03-22,72.36566162109375,72.39165708817687,72.32233143511645,72.33966615401063,2931500
2022-03-23,72.42633819580078,72.45233366944541,72.3743406372517,72.40900347253115,4184400
2022-03-24,72.40901184082031,72.41767920345681,72.35702088752248,72.4003510894444,3311200
2022-03-25,72.2097396850586,72.30506088107619,72.15774209824501,72.30506088107619,4601800
2022-03-28,72.140380859375,72.20103917342496,72.140380859375,72.16637633521636,2991200
2022-03-29,72.175048828125,72.21837242052011,72.12305787274653,72.16638146514164,4640300
2022-03-30,72.22705078125,72.24438550985623,72.15772508934883,72.16639245365195,5826600
2022-03-31,72.22705078125,72.28770910884806,72.21838341694689,72.25304626289747,5328800
2022-04-01,72.07621002197266,72.11955895734303,72.05020330639799,72.0675389120748,10292300
2022-04-04,72.11953735351562,72.12820184669907,72.05885283064684,72.10219513891487,5015400
2022-04-05,71.98948669433594,72.07617791233722,71.9721444822661,72.07617791233722,4694600
2022-04-06,72.04151153564453,72.11953827411008,71.94614919647388,71.963491411296,7479700
2022-04-07,72.09351348876953,72.13685578672288,72.05883568193765,72.09351348876953,6184500
2022-04-08,72.00682830810547,72.05884833454503,71.99816381546265,71.99816381546265,4539500
2022-04-11,72.02417755126953,72.05018425996934,71.97215751975276,71.98082862735842,6705400
2022-04-12,72.20623016357422,72.22356576443724,72.11953893102499,72.136874531888,5658800
2022-04-13,72.2409439086914,72.35364190564442,72.2236016850861,72.266950629979,4808100
2022-04-14,72.11088562011719,72.19757687406137,72.09355001497585,72.18024126892001,4336200
2022-04-18,72.11088562011719,72.13689233488857,72.09355001497585,72.12822122525854,4100100
2022-04-19,71.94612884521484,72.05016226236884,71.92879324941342,72.02415556160913,5811000
2022-04-20,71.98948669433594,71.99815780037085,71.93747328635835,71.95480888431223,6121600
2022-04-21,71.86810302734375,71.91144532045791,71.79874742142353,71.91144532045791,7119600
2022-04-22,71.85079193115234,71.8854697491284,71.74676509134163,71.74676509134163,5426000
2022-04-25,71.9635009765625,72.09354114854511,71.94615875943526,71.99817879669905,5772300
2022-04-26,72.09351348876953,72.1108490851278,72.04149347146402,72.07617127829592,6670600
2022-04-27,72.05885314941406,72.14554438045054,72.02417533417608,72.13687327311182,8770900
2022-04-28,72.00682830810547,72.01549941486482,71.93747929638026,71.99816381546265,4671300
2022-04-29,71.86810302734375,71.93745863326397,71.85943192307506,71.85943192307506,8047300
2022-05-02,71.8628921508789,71.89758836731126,71.84554735147606,71.8802435679084,10907500
2022-05-03,71.82820129394531,71.90626944114985,71.80218078408618,71.88891802282568,7556800
2022-05-04,72.01903533935547,72.0277110494993,71.70677595045659,71.75882359369164,11387900
2022-05-05,71.89759063720703,71.94963165468523,71.85421871089062,71.93228685473478,6415700
2022-05-06,71.88894653320312,71.99303523154725,71.87160172562731,71.8976222458059,6375000
2022-05-09,72.07109069824219,72.08844212198063,71.98435343243753,71.99302914430676,6956200
2022-05-10,72.02771759033203,72.10577913583158,72.01904187940038,72.08843433159673,10070100
2022-05-11,72.03642272949219,72.07111235213326,71.9236582941996,71.97570596342355,7797800
2022-05-12,72.14051055908203,72.20122732997027,72.08846950335831,72.11449003122017,5231400
2022-05-13,72.11448669433594,72.11448669433594,72.05376992625719,72.0884661676781,5002600
2022-05-16,72.1578369140625,72.1925331450317,72.13181639524295,72.14048548976321,4515800
2022-05-17,72.00171661376953,72.08845389373803,71.98436518719767,72.01906142271112,3569200
2022-05-18,72.03642272949219,72.08846378108497,71.9670302489477,71.97570596342355,3613800
2022-05-19,72.14051055908203,72.18388251727293,72.11449003122017,72.18388251727293,4523400
2022-05-20,72.19254302978516,72.24458407454982,72.13182627168294,72.14917108072773,4869500
2022-05-23,72.1578369140625,72.20120223955195,72.13181639524295,72.18385743288205,3648100
2022-05-24,72.3226318359375,72.35732806503417,72.2098740545951,72.21854976627652,4830000
2022-05-25,72.37468719482422,72.40938342761534,72.33131524942789,72.40938342761534,3377200
2022-05-26,72.39198303222656,72.45269974413122,72.36596252964246,72.43535494828359,5493200
2022-05-27,72.40937805175781,72.42672285805077,72.37468182154264,72.41804714608966,6058600
2022-05-31,72.29662322998047,72.33131946479362,72.27060270827813,72.33131946479362,8197900
2022-06-01,72.16207885742188,72.28360715442163,72.13603802560701,72.25756632260675,10980900
2022-06-02,72.17942810058594,72.205468926727,72.14470479146652,72.18811058356431,5243200
2022-06-03,72.15338897705078,72.17074732062308,72.1360240106843,72.1360240106843,3224000
2022-06-06,72.05791473388672,72.11867888171511,72.05791473388672,72.11867888171511,3584900
2022-06-07,72.06655883789062,72.11864710078623,72.0578829797351,72.09260628073467,3944900
2022-06-08,72.01448059082031,72.05788637481301,72.01448059082031,72.04052141209881,4133100
2022-06-09,71.96240997314453,72.01449162368061,71.94504500776996,71.98845079841257,5332600
2022-06-10,71.6585922241211,71.82351966513052,71.6585922241211,71.80616132184313,6124200
2022-06-13,71.29399871826172,71.47629112006265,71.18983541597197,71.45025029449022,8794300
2022-06-14,71.15511322021484,71.33740562486616,71.12907239423522,71.31136479888654,8106200
2022-06-15,71.43289184570312,71.47629101399482,71.18115282755335,71.2939986124644,9018300
2022-06-16,71.52837371826172,71.55441454176783,71.32004050741948,71.3460813309256,8076400
2022-06-17,71.51101684570312,71.56310512140261,71.43289436634505,71.55442263832035,8188800
2022-06-21,71.48497772216797,71.49366020545708,71.45025441180583,71.46761937838403,5443800
2022-06-22,71.69332122802734,71.69332122802734,71.62388122015354,71.64123956642318,4110700
2022-06-23,71.75405883789062,71.9276687115392,71.74537635737056,71.82349881367476,6229400
2022-06-24,71.73673248291016,71.81486160405274,71.69332667974254,71.71069165012787,6103300
2022-06-27,71.6585922241211,71.71935635981805,71.59782808842414,71.6585922241211,7376400
2022-06-28,71.64122009277344,71.64990257494578,71.60649678687747,71.62386175122217,4399500
2022-06-29,71.72802734375,71.73670982620047,71.63253990517575,71.64122238762621,4170700
2022-06-30,71.86692810058594,71.91900975515756,71.82352230658002,71.84088727330011,16742600
2022-07-01,72.08329010009766,72.17886876444993,72.02246791633902,72.04853361950403,9559300
2022-07-05,72.07459259033203,72.1267306209128,72.05721766621859,72.10066492018252,9888800
2022-07-06,71.87476348876953,72.09198653769394,71.86607271065857,72.09198653769394,4883800
2022-07-07,71.82261657714844,71.87474797632014,71.77916932509206,71.87474797632014,4906300
2022-07-08,71.73575592041016,71.7618216322947,71.70099942818975,71.7531374810819,3249100
2022-07-11,71.76177978515625,71.84867427959718,71.75309563900751,71.80522703237672,16663800
2022-07-12,71.7965087890625,71.88340325025919,71.78782464623616,71.84864679160384,6373100
2022-07-13,71.71835327148438,71.80524115389385,71.62277461209781,71.6314653890749,11769700
2022-07-14,71.6922836303711,71.74441503112818,71.54456694635908,71.5793234232372,6656800
2022-07-15,71.74437713623047,71.79650850945212,71.6748642191905,71.68355499109965,5961500
2022-07-18,71.70096588134766,71.71834743388706,71.65752525823908,71.70096588134766,2608200
2022-07-19,71.6227798461914,71.71835851256273,71.61408906857919,71.70966773495051,9115200
2022-07-20,71.61409759521484,71.69230134479396,71.60541344568966,71.69230134479396,5453600
2022-07-21,71.8139419555664,71.8313168828255,71.70098172645723,71.71836328283776,5850000
2022-07-22,71.99640655517578,72.07460366938678,71.95295929453329,71.96165007248604,6038100
2022-07-25,71.935546875,71.97030333957471,71.91816532815376,71.935546875,20449500
2022-07-26,71.90081787109375,72.01377145226292,71.90081787109375,72.0050873046409,2854600
2022-07-27,72.0137710571289,72.03984338721288,71.8834425523105,71.91819240084855,7051600
2022-07-28,72.170166015625,72.20492249045331,72.1267253939294,72.18754756759903,5573700
2022-07-29,72.16149139404297,72.19624124433851,72.10066921234484,72.11804413749262,5546100
2022-08-01,72.15975952148438,72.17715951553106,72.10757281165097,72.15975952148438,6463000
2022-08-02,71.90747833251953,72.16842502928706,71.90747833251953,72.1510250435558,14265300
2022-08-03,71.93358612060547,71.93358612060547,71.76832603987214,71.8900994198447,6485500
2022-08-04,72.0292739868164,72.04667397793435,71.92490058471768,71.95099393524235,5411500
2022-08-05,71.73353576660156,71.7944224591928,71.71613577663162,71.75962911540469,5049700
2022-08-08,71.80309295654297,71.81178631180482,71.7682996270484,71.78569297372117,6868900
2022-08-09,71.73353576660156,71.75092912041973,71.70744241779843,71.74223576158654,3742100
2022-08-10,71.80309295654297,71.95095962978306,71.79439296513206,71.90746630887759,6820900
2022-08-11,71.77701568603516,71.92488904219799,71.77701568603516,71.89879569586077,4071500
2022-08-12,71.79440307617188,71.86398974496112,71.7683097344134,71.85528975232496,4782800
2022-08-15,71.85529327392578,71.8900866100256,71.83789328780071,71.86399326698832,17015900
2022-08-16,71.79440307617188,71.83788976705266,71.78570308353572,71.83788976705266,3249300
2022-08-17,71.73353576660156,71.75092912041973,71.66394907902536,71.69004242782849,4162400
2022-08-18,71.83790588378906,71.85530587296502,71.77701919397613,71.81181253617659,3648300
2022-08-19,71.78571319580078,71.79441318966248,71.74222649879414,71.76831984422832,4519300
2022-08-22,71.69001007080078,71.75089673591106,71.67261672483305,71.72480339888504,3739700
2022-08-23,71.7248306274414,71.82051065695849,71.68134392793901,71.70743727487071,4227600
2022-08-24,71.64655303955078,71.71613308836703,71.64655303955078,71.69873973520085,4551800
2022-08-25,71.69001007080078,71.72480339888504,71.67261672483305,71.70741005291731,3026400
2022-08-26,71.6726303100586,71.71611700129505,71.6204369899648,71.6813303027659,4304000
2022-08-29,71.62046813964844,71.66396148595136,71.6117747793102,71.6552614894602,3656100
2022-08-30,71.58567810058594,71.63786480480285,71.54218475630343,71.60307145660737,4626200
2022-08-31,71.57696533203125,71.62915202693577,71.55956534296212,71.59435868494894,5424100
2022-09-01,71.52470397949219,71.57696080953752,71.4724537936719,71.53341455853725,6728700
2022-09-02,71.68144989013672,71.70757497893172,71.62048913487372,71.66403537901472,4105600
2022-09-06,71.52470397949219,71.58566474435753,71.52470397949219,71.57696080953752,4991800
2022-09-07,71.62921142578125,71.62921142578125,71.55083614657987,71.56825066054958,4425300
2022-09-08,71.5421371459961,71.60309792109376,71.53342656548895,71.58567676007948,4979800
2022-09-09,71.48117065429688,71.56825651972524,71.45504555909093,71.5421314245193,4072200
2022-09-12,71.47246551513672,71.53342628999961,71.45505099841567,71.52471570952602,3139400
2022-09-13,71.2286148071289,71.28086499593691,71.18506855363863,71.2547399015329,6543600
2022-09-14,71.16764831542969,71.22860907887832,71.15893773658705,71.16764831542969,4744800
2022-09-15,71.08924865722656,71.14150547301917,71.08924865722656,71.12408431968055,3592100
2022-09-16,71.12410736083984,71.15023245508793,71.05443601336134,71.0631465928525,4366200
2022-09-19,71.04573822021484,71.0631527364773,71.00219196321973,71.01961312370817,4378200
2022-09-20,71.01091766357422,71.1241286539508,70.9847925615048,71.01091766357422,15975300
2022-09-21,70.9499740600586,71.01964544526835,70.81934187384753,71.01093486105988,4475800
2022-09-22,70.81929779052734,70.88025855358202,70.78446211960683,70.87154797479567,6605100
2022-09-23,70.73222351074219,70.83672389638045,70.71480235031851,70.81930938018272,10192800
2022-09-26,70.57545471191406,70.71479075131913,70.54061904100658,70.6973762379778,6145800
2022-09-27,70.57545471191406,70.64512605372902,70.54932961978966,70.63641547494593,15088300
2022-09-28,70.8802719116211,70.8802719116211,70.74093584590476,70.80189662044805,7793400
2022-09-29,70.7844467163086,70.81057180275772,70.70607145696121,70.75832162985947,4734800
2022-09-30,70.72351837158203,70.84543992702389,70.69739327316255,70.79318973018493,8447100
2022-10-03,70.87870788574219,70.9920762205229,70.83511030957916,70.86998570928107,8906600
2022-10-04,70.90489959716797,70.99210809479176,70.88746188948777,70.92234395792244,6219800
2022-10-05,70.83513641357422,70.86129629952667,70.77409446199391,70.82641423389882,7175900
2022-10-06,70.74790954589844,70.84383353818994,70.74790954589844,70.83511801385218,5100100
2022-10-07,70.66072082519531,70.7043250672525,70.66072082519531,70.68688070920032,4619000
2022-10-10,70.6345443725586,70.67814860438762,70.59966231770971,70.66942642740747,2934800
2022-10-11,70.66944122314453,70.73920534744848,70.66944122314453,70.69560110649024,3836500
2022-10-12,70.73919677734375,70.74791230202105,70.67815483924134,70.68687036391863,8787600
2022-10-13,70.5299072265625,70.61711570137176,70.45142758292123,70.46014976101665,5751300
2022-10-14,70.4950180053711,70.6258240512233,70.47758030402434,70.60838634987655,5506000
2022-10-17,70.57353210449219,70.62585188222158,70.56480992384579,70.61713635464967,4013800
2022-10-18,70.6083984375,70.6519960248664,70.56479419706059,70.64328049923692,7012000
2022-10-19,70.47759246826172,70.52991223440411,70.46887028954698,70.50375235133292,4349100
2022-10-20,70.39911651611328,70.47759616944828,70.39911651611328,70.43399192665771,5797300
2022-10-21,70.582275390625,70.62587300074455,70.46019143736791,70.48635133405493,5180300
2022-10-24,70.56478881835938,70.60839305547512,70.52119123431613,70.54735111535658,3680100
2022-10-25,70.6345443725586,70.71302400616482,70.61710667167,70.66942642740747,5113300
2022-10-26,70.69561004638672,70.73049211294975,70.64329027307913,70.65200579991445,6039900
2022-10-27,70.8438491821289,70.85257136146474,70.73920964239285,70.77409170666269,4010800
2022-10-28,70.73919677734375,70.80023871544617,70.71303024409505,70.75663447977061,4464100
2022-10-31,70.6345443725586,70.66070425042733,70.59966231770971,70.64326654953874,6845900
2022-11-01,70.5655288696289,70.74897398824592,70.5655288696289,70.74024326688759,5349700
2022-11-02,70.53062438964844,70.72280699892788,70.48695076506083,70.6092475773884,5714700
2022-11-03,70.3995590209961,70.44323929092307,70.37335352490929,70.37335352490929,4834000
2022-11-04,70.47821044921875,70.504415955819,70.3821191485671,70.43453016176758,4347200
2022-11-07,70.41707611083984,70.44328162267442,70.40833871866916,70.44328162267442,4391400
2022-11-08,70.48692321777344,70.5043913278464,70.44324294558028,70.45198033295367,7092100
2022-11-09,70.6004867553711,70.61795486647345,70.49565809473432,70.51313287051089,4587600
2022-11-10,70.98486328125,71.01106878446205,70.89750938231803,70.90624010693854,6631600
2022-11-11,70.9673843383789,71.00232722883635,70.90623594624712,70.92371072381329,4246000
2022-11-14,70.90626525878906,70.90626525878906,70.85385423377372,70.8975345310716,7192100
2022-11-15,70.97611999511719,70.98485738368706,70.91497160447761,70.97611999511719,21231100
2022-11-16,70.98486328125,71.01980617375784,70.96738850265844,71.01106878446205,8253300
2022-11-17,70.89752197265625,70.92372748052202,70.86257907394307,70.92372748052202,5450000
2022-11-18,70.81887817382812,70.91496945115462,70.81887817382812,70.88876395091549,4372600
2022-11-21,70.8014144897461,70.88003099538008,70.79267710089512,70.87129360652911,3435700
2022-11-22,70.85382843017578,70.8625658193889,70.81014814878542,70.84509104096266,3421500
2022-11-23,70.91497802734375,70.92371541670497,70.82762412775756,70.84509224180466,4071000
2022-11-25,70.92371368408203,70.93244440855463,70.88877079216613,70.8975081813139,1539000
2022-11-28,70.94120788574219,70.97615079050806,70.92373976569806,70.94120788574219,4330000
2022-11-29,70.91497802734375,70.95865830947452,70.91497802734375,70.94118353075207,4708500
2022-11-30,71.1246337890625,71.1246337890625,70.8538346816401,70.88004018691635,10368900
2022-12-01,71.27780151367188,71.27780151367188,71.13774613817696,71.16401152973816,23602200
2022-12-02,71.26030731201172,71.26905576547595,71.11149678640601,71.15526576656217,5163300
2022-12-05,71.05897521972656,71.19027547434939,71.05897521972656,71.18152034318564,6591300
2022-12-06,71.13775634765625,71.15526661121007,71.08523891341244,71.09399404518936,4237200
2022-12-07,71.28655242919922,71.29530088099447,71.2077696155896,71.22527987559505,5160400
2022-12-08,71.21653747558594,71.26905490857489,71.20778234401821,71.2427961920804,4121000
2022-12-09,71.1815185546875,71.25154624582129,71.1815185546875,71.20777726931063,4623400
2022-12-12,71.13775634765625,71.2252943090077,71.11149763053434,71.21653917723079,4593800
2022-12-13,71.34784698486328,71.44413340996346,71.33033671945805,71.4178680118556,5790700
2022-12-14,71.35659790039062,71.44413587401684,71.27782173797875,71.4091220202083,5651700
2022-12-15,71.36624145507812,71.41010783408457,71.33114969048692,71.40133321966933,6162800
2022-12-16,71.43640899658203,71.48027536577105,71.31359119453467,71.32236580698611,3987700
2022-12-19,71.34867858886719,71.41008748613619,71.34867858886719,71.41008748613619,4845600
2022-12-20,71.34867858886719,71.36622111962926,71.2960376104453,71.3135868342752,3735600
2022-12-21,71.41886138916016,71.43640391974812,71.39253755367659,71.42762930792026,5219300
2022-12-22,71.37500762939453,71.45395907058644,71.37500762939453,71.4013247764585,6612800
2022-12-23,71.33992767333984,71.35747020992888,71.3223851367508,71.3311530585103,2737200
2022-12-27,71.24344635009766,71.28731274309618,71.199586650171,71.2785381258821,3969500
2022-12-28,71.24344635009766,71.2785381258821,71.24344635009766,71.2609955845258,4308900
2022-12-29,71.29606628417969,71.3048408996236,71.26098120854506,71.2872983618063,4149000
2022-12-30,71.2083511352539,71.29607722394228,71.19958321153514,71.23466829255327,6051600
2023-01-03,71.269775390625,71.3224164096138,71.24345822766709,71.31364179093684,7190500
2023-01-04,71.33992767333984,71.39256197617699,71.30483590709171,71.37501943958796,4098500
2023-01-05,71.24344635009766,71.2785381258821,71.19081203295693,71.21712919152729,4879300
2023-01-06,71.515380859375,71.52415547433311,71.28729441502529,71.31361156682948,6357400
2023-01-09,71.5855712890625,71.60312052066931,71.5241623645802,71.5241623645802,6204800
2023-01-10,71.5241470336914,71.54169626153663,71.48028735021707,71.5241470336914,3993000
2023-01-11,71.5855712890625,71.5943459048659,71.5153877487768,71.5241623645802,6779700
2023-01-12,71.74348449707031,71.75225911331266,71.65575841386018,71.70839272517203,5571100
2023-01-13,71.62064361572266,71.72591889757119,71.60310108194905,71.69082713695501,4546500
2023-01-17,71.66449737548828,71.69081451805087,71.6294056210489,71.63818023292569,5843400
2023-01-18,71.82244110107422,71.83998364010773,71.7873493299362,71.81366648502197,4551600
2023-01-19,71.80486297607422,71.83118012057047,71.77854583157796,71.81363758859572,4791800
2023-01-20,71.74348449707031,71.75225911331266,71.69962480200081,71.73470988082796,4042100
2023-01-23,71.67329406738281,71.71716045130906,71.65575152965461,71.69961791358084,5559300
2023-01-24,71.6996078491211,71.72592499855452,71.64696685718472,71.67328400661813,4179100
2023-01-25,71.74348449707031,71.76980165272624,71.71716734141438,71.72594195765674,3169400
2023-01-26,71.6996078491211,71.74346753382028,71.69083323495344,71.72592499855452,5417000
2023-01-27,71.6996078491211,71.6996078491211,71.66451608552002,71.68205862078578,3822700
2023-01-30,71.6294174194336,71.6469599530089,71.6206428061115,71.6469599530089,6446200
2023-01-31,71.76099395751953,71.76099395751953,71.66449331155052,71.70835298231172,7241100
2023-02-01,71.88583374023438,71.88583374023438,71.65731594920912,71.75399629519939,8447400
2023-02-02,71.89459228515625,71.94732455718898,71.86821944361192,71.93853361000752,10328800
2023-02-03,71.63095092773438,71.74520647227821,71.63095092773438,71.7188403239628,7167500
2023-02-06,71.42880249023438,71.52548284208815,71.42880249023438,71.49911669258829,4079000
2023-02-07,71.46397399902344,71.56065437036861,71.42881689075857,71.48155590592225,4900000
2023-02-08,71.49029541015625,71.50787730605107,71.44635408147633,71.4815111677374,5112700
2023-02-09,71.43756103515625,71.53424134315222,71.41998584530624,71.52545039546303,4328600
2023-02-10,71.4024429321289,71.47275714097375,71.4024429321289,71.46396618848514,5046300
2023-02-13,71.42000579833984,71.42000579833984,71.37605775314424,71.37605775314424,4934400
2023-02-14,71.27056884765625,71.35846491631676,71.27056884765625,71.33209877793004,7889600
2023-02-15,71.27938079833984,71.3145378950575,71.26180560274629,71.27938079833984,5025800
2023-02-16,71.28816986083984,71.34090215175442,71.26180371538256,71.29696081116907,6081600
2023-02-17,71.34967803955078,71.34967803955078,71.26178867140389,71.27936386282168,3773700
2023-02-21,71.20903778076172,71.2793519457351,71.20903778076172,71.26177675725567,6391400
2023-02-22,71.24423217773438,71.28818023024269,71.22665698004987,71.26181408095024,3889600
2023-02-23,71.28816986083984,71.29696081116907,71.23543756992527,71.26180371538256,4072900
2023-02-24,71.13875579833984,71.1826971380391,71.11238965341424,71.1739128934174,4189600
2023-02-27,71.20026397705078,71.20026397705078,71.16510688941015,71.19147302875842,3246600
2023-02-28,71.18270874023438,71.20029064340397,71.12997644178824,71.15634259101131,3978100
2023-03-01,71.05238342285156,71.14925756159577,71.04357485051881,71.12283856356954,5386100
2023-03-02,71.07877349853516,71.08758206728365,71.01712695523425,71.03474409273124,6623600
2023-03-03,71.1228256225586,71.1316274743178,71.05237049466014,71.1316274743178,6045000
2023-03-06,71.08758544921875,71.15804056462,71.07877688005118,71.15804056462,3862300
2023-03-07,70.9378890991211,71.12282877883366,70.92908052800018,71.11402020771274,6748700
2023-03-08,70.90265655517578,71.00833252532229,70.87623756263916,70.97310496228324,7627900
2023-03-09,71.13162994384766,71.1492470859193,71.0083368252303,71.02595396730194,6480300
2023-03-10,71.51911163330078,71.52792020251275,71.33417199366764,71.41342895966628,10588600
2023-03-13,72.23248291015625,72.25890862939188,71.94186718829029,72.08277076268399,12061400
2023-03-14,71.95942687988281,72.04749239165913,71.76567872259419,71.9330078982467,18453100
2023-03-15,72.3821792602539,72.57592749387588,72.22365858901506,72.43501724434334,13411600
2023-03-16,72.091552734375,72.47024060934744,72.0563251740322,72.42620447917642,8516600
2023-03-17,72.45262908935547,72.5407013565287,72.2148514373114,72.22366000782286,8629700
2023-03-20,72.36457061767578,72.54070845027611,72.29411548463565,72.52309130753042,4907700
2023-03-21,72.091552734375,72.21484583608974,72.07393559471853,72.13558886454602,4840900
2023-03-22,72.42619323730469,72.44381037422664,72.02108643469766,72.0651225580335,8003600
2023-03-23,72.63756561279297,72.67278645211535,72.42620026304036,72.47904495996337,4930700
2023-03-24,72.67278289794922,72.86653109959539,72.6287534914647,72.83130354302614,8638700
2023-03-27,72.36457061767578,72.47025331723597,72.3469601939014,72.41741532694152,3942500
2023-03-28,72.28527069091797,72.33810864982385,72.25885171146503,72.31168967037091,9564900
2023-03-29,72.25886535644531,72.3028947575254,72.20602066859323,72.21482923639667,4047500
2023-03-30,72.2676773071289,72.2676773071289,72.1884203427248,72.1884203427248,4077300
2023-03-31,72.35572814941406,72.35572814941406,72.22362652886001,72.24123694274904,6451500
2023-04-03,72.44398498535156,72.44398498535156,72.25863934471928,72.28511633142105,9610600
2023-04-04,72.61170959472656,72.63819332783444,72.37340986654077,72.37340986654077,4905400
2023-04-05,72.70878601074219,72.91178753318206,72.69996483469163,72.76174673565643,7535500
2023-04-06,72.68228912353516,72.76172682230501,72.66464004254203,72.71759401924172,4666600
2023-04-10,72.42636108398438,72.4793218144432,72.41753990701031,72.4616659930493,3702300
2023-04-11,72.41752624511719,72.46165232283158,72.35574434933974,72.46165232283158,2725400
2023-04-12,72.4969482421875,72.54990222237193,72.44399426200307,72.53225314021738,6091300
2023-04-13,72.54109191894531,72.63817871964643,72.52343610042414,72.60287381632585,3350600
2023-04-14,72.37340545654297,72.41753827531045,72.33810054827354,72.41753827531045,3161000
2023-04-17,72.26747131347656,72.32043202851153,72.24099432281953,72.31160412038555,3293300
2023-04-18,72.24984741210938,72.32045723428496,72.23219158970385,72.26749650079164,3581200
2023-04-19,72.18805694580078,72.24101093929502,72.17922903564425,72.22336185270443,5923200
2023-04-20,72.36456298828125,72.37339089700336,72.32043691211346,72.3380859958363,4592300
2023-04-21,72.32042694091797,72.44399071110558,72.31159903341302,72.43516280360063,3348200
2023-04-24,72.39988708496094,72.41754290708627,72.36458217443342,72.36458217443342,1906000
2023-04-25,72.68228912353516,72.708766111885,72.52342045971578,72.53224836707251,3373400
2023-04-26,72.59403991699219,72.69112670968222,72.54108593324172,72.68229880115007,4804200
2023-04-27,72.45281219482422,72.53224989526775,72.41751403209429,72.50577290636006,3452200
2023-04-28,72.53227233886719,72.53227233886719,72.46166252411764,72.51462325204108,4325300
2023-05-01,72.37389373779297,72.45351649489683,72.36505201432038,72.45351649489683,3339700
2023-05-02,72.61276245117188,72.66583979489302,72.39159785312329,72.40043957747154,5394100
2023-05-03,72.78971862792969,72.7985671049921,72.63932826492076,72.66586694669758,4568800
2023-05-04,72.90470123291016,73.07278173758178,72.78969132247349,72.78969132247349,8624900
2023-05-05,72.72779083251953,72.78971667147113,72.69240367463145,72.78086819464654,3375100
2023-05-08,72.61276245117188,72.69237846675358,72.61276245117188,72.6304526492763,3166700
2023-05-09,72.59508514404297,72.6216238230835,72.55969798885236,72.61278209634314,4479100
2023-05-10,72.77201080322266,72.81623967900492,72.68354630224933,72.70123650268049,4931800
2023-05-11,72.81625366210938,72.92241513330912,72.79856345828112,72.91356665668994,7866500
2023-05-12,72.69239807128906,72.8162497396454,72.68355634455627,72.7985595367701,8635100
2023-05-15,72.70126342773438,72.71011190593138,72.6747247425546,72.69241494953735,3605100
2023-05-16,72.61276245117188,72.66583979489302,72.55967835804285,72.6481495967886,6905300
2023-05-17,72.53316497802734,72.60393929393933,72.49777782007135,72.59509081709777,4660300
2023-05-18,72.40044403076172,72.47121832634843,72.3827538315692,72.4446796528555,4385700
2023-05-19,72.34740447998047,72.48895314510267,72.29432710526555,72.34740447998047,5650300
2023-05-22,72.32083129882812,72.41814427233275,72.3031410988312,72.36506692293337,4024300
2023-05-23,72.3119888305664,72.33852750747047,72.24122127529193,72.27660167822458,8964000
2023-05-24,72.22352600097656,72.32968746046642,72.20583579909959,72.32083898482327,5761400
2023-05-25,72.06427001953125,72.20581859846516,72.05542154599596,72.16158298019637,7552600
2023-05-26,72.04659271240234,72.05543443811187,71.94927973432604,72.02005403645589,3728700
2023-05-30,72.18814849853516,72.19699697536124,72.04660661636883,72.07314529743688,4441800
2023-05-31,72.2589111328125,72.29429828498589,72.17928835307009,72.22352398063911,7230400
2023-06-01,72.37149810791016,72.39810093333458,72.3094225933453,72.31829245706133,5119300
2023-06-02,72.16754913330078,72.30057005802784,72.13207643565855,72.29170019218597,9465300
2023-06-05,72.18531799316406,72.26512652076943,72.07889985729557,72.10550269983068,5934100
2023-06-06,72.14983367919922,72.20303935571376,72.12323084094194,72.18530638545121,4313400
2023-06-07,72.09661865234375,72.16755728992067,72.05227608384789,72.14095445511357,6869400
2023-06-08,72.2119140625,72.24738677112896,72.16757148528195,72.1941810910492,4306300
2023-06-09,72.07888793945312,72.14096348368057,72.07888793945312,72.14096348368057,4022200
2023-06-12,72.14095306396484,72.14095306396484,72.0788775287033,72.13208319729151,3824300
2023-06-13,72.00790405273438,72.22074017555963,71.98130122881203,72.22074017555963,4872200
2023-06-14,71.96361541748047,72.10549949326747,71.86606715537103,72.087766520942,6175900
2023-06-15,72.1143569946289,72.12322686213432,72.05228145354415,72.08775415783923,6384600
2023-06-16,72.01683044433594,72.04343328913973,71.93702190992457,71.99022759953215,5079900
2023-06-20,72.04342651367188,72.09663896400356,72.02569354071328,72.02569354071328,4787500
2023-06-21,72.04342651367188,72.07889922531702,71.99022082906812,71.99909069841141,20688500
2023-06-22,71.96361541748047,72.06116367958991,71.95474554845387,72.02569096921123,4198700
2023-06-23,72.02571868896484,72.12326698861663,71.99911583737442,72.09666413702621,3892900
2023-06-26,72.07888793945312,72.09662767536206,72.0345521311346,72.08775780740758,3101500
2023-06-27,71.97246551513672,72.10547968535715,71.95472578195675,72.07000698472308,3574100
2023-06-28,72.05227661132812,72.05227661132812,71.96359823941324,72.00793404250763,4298900
2023-06-29,71.87494659423828,71.89267956892483,71.84833698361554,71.88380969871726,4646400
2023-06-30,71.90152740478516,71.91039050654801,71.85718483306471,71.90152740478516,6958700
2023-07-03,71.81797790527344,71.9335595831949,71.80908544167279,71.85354097671372,3600000
2023-07-05,71.80017852783203,71.8712978667184,71.79128606686112,71.8624121887078,6037200
2023-07-06,71.75569915771484,71.76459161573032,71.61345374425748,71.69346551752261,8592000
2023-07-07,71.83576202392578,71.89799570250521,71.80019895288578,71.8090846334241,3944100
2023-07-10,71.94242095947266,71.96020588066565,71.86240916298422,71.87129484062069,2858000
2023-07-11,71.93355560302734,71.96022620939125,71.91577067681011,71.93355560302734,3658500
2023-07-12,72.14691162109375,72.17358222168495,72.10245609813475,72.12024102050255,5068800
2023-07-13,72.35138702392578,72.35138702392578,72.26248276554387,72.29804582548866,4954800
2023-07-14,72.1646957397461,72.28027739583186,72.1646957397461,72.25360001006982,4248900
2023-07-17,72.19132232666016,72.21799969615671,72.16465174012052,72.20021478315901,4027500
2023-07-18,72.19132232666016,72.2891189992768,72.18243665311822,72.26244841273714,2590600
2023-07-19,72.2180404663086,72.25359674646322,72.18247740319325,72.2358186063859,7015800
2023-07-20,72.12913513183594,72.14692005628308,72.07579392441704,72.12913513183594,8745700
2023-07-21,72.13801574707031,72.1558006685967,72.1024526869777,72.13801574707031,3891900
2023-07-24,72.04911804199219,72.1646929105859,72.04911804199219,72.14691477040255,4127300
2023-07-25,72.04020690917969,72.04909936844702,72.00464385506939,72.02242877360405,3275700
2023-07-26,72.11133575439453,72.1380063502498,72.0046465880142,72.06688023932958,4339700
2023-07-27,72.0046615600586,72.09356582571523,71.99577588156541,72.07578768576818,5591500
2023-07-28,72.10245513916016,72.1202400612914,72.05800639975281,72.0846769999893,6008600
2023-07-31,72.1202163696289,72.14688696110403,72.08465332000935,72.08465332000935,4066700
2023-08-01,72.0595932006836,72.1219967080166,72.0506842431197,72.08634047556815,4957400
2023-08-02,72.09526824951172,72.11309977075533,72.03287152662456,72.09526824951172,4046400
2023-08-03,72.12203979492188,72.14878028505069,72.07746777755051,72.10420826767933,4109400
2023-08-04,72.26463317871094,72.28245789909381,72.20223645627186,72.20223645627186,3590400
2023-08-07,72.29137420654297,72.30920572779343,72.2557179647748,72.26463372540003,10383600
2023-08-08,72.3270263671875,72.3448578874318,72.29137012743126,72.30920164767556,3017000
2023-08-09,72.282470703125,72.34487423735085,72.27356174172179,72.31812695093953,3198100
2023-08-10,72.24683380126953,72.3627115262378,72.24683380126953,72.31813950854651,3867900
2023-08-11,72.17549133300781,72.22897229144921,72.1665755730235,72.18440709299213,3596100
2023-08-14,72.11309051513672,72.15765571106039,72.10417475565924,72.13091523335981,3217200
2023-08-15,72.13984680175781,72.20224353031023,72.12202207962856,72.13984680175781,4782100
2023-08-16,72.10417938232422,72.19331658062303,72.10417938232422,72.16657610120662,3794300
2023-08-17,72.18439483642578,72.20221955263561,72.12199812859473,72.18439483642578,6059400
2023-08-18,72.21117401123047,72.24683026349048,72.1933424847331,72.21117401123047,3090600
2023-08-21,72.13093566894531,72.17550767822866,72.13093566894531,72.16659191622523,2642200
2023-08-22,72.09526824951172,72.139840251888,72.09526824951172,72.12201553137713,2734400
2023-08-23,72.2289810180664,72.25572150051786,72.184415814225,72.184415814225,5509000
2023-08-24,72.18439483642578,72.23787578578637,72.17547907795532,72.17547907795532,3653100
2023-08-25,72.13984680175781,72.20224353031023,72.09527479533465,72.15767152388706,4682300
2023-08-28,72.18439483642578,72.18439483642578,72.12199812859473,72.14873860327502,2798300
2023-08-29,72.34487915039062,72.34487915039062,72.14877317445982,72.14877317445982,5272000
2023-08-30,72.34487915039062,72.39836012537745,72.33596338764804,72.38944436263486,4512400
2023-08-31,72.41619110107422,72.42510686458641,72.35379435795873,72.38053484776039,3948700
2023-09-01,72.37684631347656,72.50195700091736,72.3679147058173,72.50195700091736,4157300
2023-09-05,72.2874755859375,72.36790777331363,72.27853716111339,72.3500309236654,4130000
2023-09-06,72.20707702636719,72.31431089198963,72.19813859822432,72.31431089198963,5001100
2023-09-07,72.34111022949219,72.34111022949219,72.26962326743933,72.27855487643211,3130700
2023-09-08,72.30537414550781,72.38579953901147,72.30537414550781,72.36792950201816,3581600
2023-09-11,72.32322692871094,72.32322692871094,72.29641847060527,72.3053568959808,2750500
2023-09-12,72.2874755859375,72.30535243558573,72.27853716111339,72.30535243558573,3358400
2023-09-13,72.35004425048828,72.36792110342942,72.29642732770832,72.29642732770832,3489500
2023-09-14,72.33218383789062,72.39473919546289,72.32324541023098,72.38580076780325,3349300
2023-09-15,72.29641723632812,72.35003415162407,72.29641723632812,72.31428726875319,4055900
2023-09-18,72.2874755859375,72.30535243558573,72.26960555430973,72.2874755859375,2676700
2023-09-19,72.23387908935547,72.28749601741364,72.23387908935547,72.26962598073504,3162800
2023-09-20,72.18919372558594,72.32324286367012,72.18025529824102,72.30537282700267,3583600
2023-09-21,72.22494506835938,72.25175353402402,72.19813660269475,72.19813660269475,5170800
2023-09-22,72.29641723632812,72.3232256939761,72.25173192823434,72.26067035345724,3908000
2023-09-25,72.26960754394531,72.30535442620545,72.26960754394531,72.27853915099486,3439100
2023-09-26,72.2785415649414,72.29641841567884,72.25173310685611,72.28747999031013,14216300
2023-09-27,72.22494506835938,72.30537728337609,72.18919817479893,72.30537728337609,5777600
2023-09-28,72.35004425048828,72.35004425048828,72.26068043984775,72.28748890123774,4522600
2023-09-29,72.3589859008789,72.42154125291657,72.3589859008789,72.40366439917895,6015100
2023-10-02,72.2863998413086,72.322239233511,72.27743828434171,72.29536139827547,5671000
2023-10-03,72.232666015625,72.33122266507111,72.232666015625,72.30433798603993,6707600
2023-10-04,72.39391326904297,72.39391326904297,72.28639509948867,72.3222344893401,5927000
2023-10-05,72.4655990600586,72.47456061815002,72.44768277954171,72.4655990600586,4665400
2023-10-06,72.40287780761719,72.4118393652114,72.34912213338308,72.36703841290591,3456700
2023-10-09,72.61793518066406,72.61793518066406,72.52833325013569,72.52833325013569,4119300
2023-10-10,72.5730972290039,72.59997506019728,72.51934156661716,72.53725784219138,5135700
2023-10-11,72.5551986694336,72.5551986694336,72.50143615825542,72.52831399601163,3131500
2023-10-12,72.4655990600586,72.50143845675835,72.45664433763314,72.4924837343329,5362000
2023-10-13,72.51041412353516,72.53729196737322,72.49249783953222,72.53729196737322,3506100
2023-10-16,72.4655990600586,72.48352217624145,72.45664433763314,72.48352217624145,2967800
2023-10-17,72.30433654785156,72.36705379300912,72.28642026452098,72.36705379300912,4245000
2023-10-18,72.30433654785156,72.34913750967856,72.27745870502218,72.32225966684918,5232700
2023-10-19,72.40287780761719,72.4118393652114,72.31328273867182,72.32224429626604,5556600
2023-10-20,72.51934814453125,72.5462259781626,72.47454719803586,72.47454719803586,3660500
2023-10-23,72.56416320800781,72.56416320800781,72.48352968383112,72.5014459662037,4261800
2023-10-24,72.54625701904297,72.56417330390826,72.49250132877944,72.5372954587765,13761400
2023-10-25,72.4655990600586,72.51936157294121,72.45664433763314,72.51040001484978,4773400
2023-10-26,72.60895538330078,72.6268716635059,72.53727659114865,72.53727659114865,4710800
2023-10-27,72.65375518798828,72.66271674662515,72.60896106613673,72.63583890638094,3858100
2023-10-30,72.62686920166016,72.63583075929186,72.58207508483287,72.59999136443065,4816700
2023-10-31,72.60002899169922,72.61795211625187,72.58211270281575,72.58211270281575,3917400
2023-11-01,72.76171875,72.78867309244947,72.59998584018044,72.59998584018044,7362900
2023-11-02,72.77073669433594,72.8516066187403,72.74378233790989,72.83363247770545,7828400
2023-11-03,72.9683837890625,73.00432520254628,72.87853368291486,72.94142944273058,8024300
2023-11-06,72.8336181640625,72.89651393507141,72.8336181640625,72.89651393507141,6061400
2023-11-07,72.88751983642578,72.92346124945905,72.8425913563533,72.85157842339252,4546600
2023-11-08,72.86955261230469,72.90549402874615,72.86955261230469,72.87853968019611,4422000
2023-11-09,72.76171875,72.89649046224739,72.76171875,72.8875102515127,6032900
2023-11-10,72.77969360351562,72.8425893608199,72.74375219146698,72.8425893608199,3916100
2023-11-13,72.80667114257812,72.80667114257812,72.72580808105093,72.74377536523733,7360300
2023-11-14,73.09417724609375,73.09417724609375,73.01331420495468,73.0492556193911,7956500
2023-11-15,72.95939636230469,73.0043248427189,72.93244201610563,72.99533777561132,5069400
2023-11-16,73.08517456054688,73.1211159673027,73.07619435019971,73.07619435019971,4086500
2023-11-17,73.03126525878906,73.07619373063353,73.01329798312469,73.06720666524016,3381800
2023-11-20,73.04027557373047,73.04926264198451,73.02230143722238,73.04027557373047,6247300
2023-11-21,73.08517456054688,73.1211159673027,73.06720728473016,73.08517456054688,2590400
2023-11-22,73.09417724609375,73.1211315931401,73.0492556193911,73.1211315931401,4803300
2023-11-24,73.04027557373047,73.06722992336809,73.03128850547643,73.05824285511405,1575200
2023-11-27,73.1301040649414,73.1390911305378,73.06720831601159,73.07619538160799,4004100
2023-11-28,73.26490020751953,73.28286748790089,73.13012161172482,73.14809574723033,20921000
2023-11-29,73.40866088867188,73.44460230547564,73.3637392590104,73.38170653985013,4423100
2023-11-30,73.36373901367188,73.39069336240348,73.3277975969883,73.38170629445152,5204200
2023-12-01,73.57733917236328,73.58635351062124,73.37005752390847,73.37906498624098,11831100
2023-12-04,73.46918487548828,73.52326402700128,73.43314127571318,73.47819921339465,4431100
2023-12-05,73.5593032836914,73.58633941736186,73.48720234328745,73.50522414042636,12180000
2023-12-06,73.54126739501953,73.57731786168436,73.53225305937247,73.57731786168436,6794600
2023-12-07,73.59536743164062,73.63141103261721,73.58635309343377,73.59536743164062,4977800
2023-12-08,73.43313598632812,73.50523005661056,73.40609297455694,73.46017212217463,3367800
2023-12-11,73.45115661621094,73.45115661621094,73.37004820996198,73.3970843453783,2963900
2023-12-12,73.46015930175781,73.47818109720205,73.42410883494586,73.43312317062971,3268600
2023-12-13,73.82966613769531,73.84769480944983,73.48719700951942,73.51423314122756,10843800
2023-12-14,73.95626068115234,74.01050511780333,73.92009542411253,73.9381746037237,9304300
2023-12-15,73.87486267089844,73.93815012531142,73.84774046155219,73.9019848802447,7178300
2023-12-18,73.8658447265625,73.90200998391416,73.85680858558773,73.8929738429394,3760500
2023-12-19,73.89295959472656,73.91103877100755,73.86583048358077,73.86583048358077,5159300
2023-12-20,73.99239349365234,74.01047956483657,73.92910604013774,73.9652712846911,5164000
2023-12-21,74.06474304199219,74.11899437169038,74.03762082605154,74.1099513337712,6662900
2023-12-22,74.09186553955078,74.10090857750433,74.05570718337039,74.09186553955078,3387900
2023-12-26,74.0556869506836,74.0918452969852,74.03760087971777,74.04664391520069,2503100
2023-12-27,74.1461410522461,74.16422023623282,74.0918897046476,74.10093274555054,2584700
2023-12-28,74.13705444335938,74.17321968789882,74.12801140777074,74.16417665231019,2408600
2023-12-29,74.1732406616211,74.20036287824117,74.11899622838095,74.11899622838095,5075600
2024-01-02,74.08282470703125,74.10994692135709,74.07378166965049,74.08282470703125,4983500
2024-01-03,74.10090637207031,74.12802858730683,74.02857586622846,74.05570497928167,4336500
2024-01-04,74.0556869506836,74.0828091593173,74.03760087971777,74.0556869506836,2923700
2024-01-05,74.03760528564453,74.15513716265654,73.99239700335468,74.01048307539679,8105400
2024-01-08,74.10090637207031,74.18227991559657,74.06474111914939,74.0737841568338,4654900
2024-01-09,74.11900329589844,74.12803943708873,74.08283803768417,74.09187417887445,5227400
2024-01-10,74.11900329589844,74.164204695303,74.10996025689045,74.164204695303,6432200
2024-01-11,74.290771484375,74.29981452238901,74.17323958146058,74.17323958146058,4904100
2024-01-12,74.4444808959961,74.47161001450392,74.3992794941192,74.43544475431156,6809700
2024-01-16,74.32691955566406,74.42637225737585,74.2997973457091,74.381163975574,8427200
2024-01-17,74.18228912353516,74.20941134213824,74.15516000711452,74.20941134213824,6717400
2024-01-18,74.21845245361328,74.23653853243829,74.1913302331938,74.22749549302578,4490300
2024-01-19,74.16419982910156,74.19132204652824,74.12803457326024,74.16419982910156,5469300
2024-01-22,74.20037841796875,74.21845760022943,74.18229923570807,74.19133537792916,4607400
2024-01-23,74.19132232666016,74.20036536510895,74.15515707068228,74.17324314757985,3355600
2024-01-24,74.15514373779297,74.28172555986512,74.15514373779297,74.27268252304225,4708300
2024-01-25,74.290771484375,74.30885756040303,74.2365270519248,74.24557008993881,5493200
2024-01-26,74.24556732177734,74.26364649931436,74.22748124642362,74.26364649931436,4654800
2024-01-29,74.31790161132812,74.32694465030472,74.2817432510571,74.2817432510571,3344700
2024-01-30,74.27268981933594,74.34502032539237,74.22748152859648,74.33597728768113,2345800
2024-01-31,74.40830993652344,74.48967658481756,74.33597942838405,74.38118082260848,7413100
2024-02-01,74.5189437866211,74.5914876163735,74.45546966512784,74.5189437866211,8288100
2024-02-02,74.28315734863281,74.3284989580647,74.23782265735922,74.29222705415086,8260700
2024-02-05,74.1380844116211,74.21062130888339,74.1380844116211,74.20155852057499,5968500
2024-02-06,74.25596618652344,74.28316838896218,74.1743595792072,74.1743595792072,3603400
2024-02-07,74.228759765625,74.31036636830348,74.21969005927441,74.23782947197559,3044100
2024-02-08,74.21061706542969,74.24688897106627,74.2015542776395,74.2287564773273,2233400
2024-02-09,74.18341827392578,74.19248798029126,74.16528577935374,74.16528577935374,2523900
2024-02-12,74.19248962402344,74.21969182556363,74.18341991745702,74.21062211899721,2730500
2024-02-13,73.95674133300781,74.05648737187201,73.94767854268238,74.0383548730606,5284900
2024-02-14,74.06553649902344,74.0927386987619,74.00206239358083,74.01113209954651,5431500
2024-02-15,74.1380844116211,74.17435631933175,74.10181250391044,74.1562169063969,3772500
2024-02-16,74.04743194580078,74.04743194580078,73.99302060763402,74.00209031702202,7850200
2024-02-20,74.0927505493164,74.14715495749488,74.0927505493164,74.11995275340564,6172800
2024-02-21,74.0292739868164,74.12902001061984,74.0292739868164,74.12902001061984,8590400
2024-02-22,74.02020263671875,74.07461396005075,73.99300043413241,74.02927234363398,15501400
2024-02-23,74.05648040771484,74.06555011534793,74.00207599823614,74.01114570586923,3869300
2024-02-26,74.00206756591797,74.04740918075696,73.98392815271873,74.03833947415734,4547200
2024-02-27,74.00206756591797,74.03833947415734,73.98392815271873,74.02020006095809,3432400
2024-02-28,74.07460021972656,74.08366300680134,74.0383283169532,74.04739802218606,3239500
2024-02-29,74.11995697021484,74.15622888378398,74.10182447251034,74.11995697021484,8833900
2024-03-01,74.26545715332031,74.28364304325736,74.11084586546555,74.15632099810477,4883100
2024-03-04,74.19271850585938,74.22909723347749,74.165436194779,74.20180798386428,2416300
2024-03-05,74.24725341796875,74.29272854392771,74.21997111780539,74.24725341796875,4102800
2024-03-06,74.26545715332031,74.32002176166253,74.24726432485218,74.29273945749142,5338700
2024-03-07,74.3564224243164,74.3564224243164,74.30185086133781,74.32914011209367,2987700
2024-03-08,74.39276885986328,74.44733346062249,74.37457603392347,74.43823704765258,2387700
2024-03-11,74.32910919189453,74.36548096737245,74.32001277875993,74.35639149276808,3509600
2024-03-12,74.2563705444336,74.3018387445457,74.24727412899837,74.29274926764248,2260900
2024-03-13,74.21997833251953,74.265453462899,74.21997833251953,74.25635704911696,2223300
2024-03-14,74.15633392333984,74.20180212537299,74.15633392333984,74.19271264808573,4085000
2024-03-15,74.11085510253906,74.14723382547842,74.11085510253906,74.12904793327472,3045500
2024-03-18,74.11995697021484,74.12905338625181,74.0926746606364,74.12905338625181,1971600
2024-03-19,74.1836166381836,74.19271305405292,74.15633432910798,74.17452022231429,1821700
2024-03-20,74.30184173583984,74.31093815164127,74.18361608455035,74.19271250035177,4769000
2024-03-21,74.30184173583984,74.33822046051328,74.29275225857067,74.32003456744269,3708500
2024-03-22,74.3564224243164,74.37460831962052,74.3564224243164,74.3564224243164,2038000
2024-03-25,74.32002258300781,74.35640130181503,74.32002258300781,74.34730488748043,3700600
2024-03-26,74.3382339477539,74.3473303652057,74.30185521648023,74.32004805138384,2183300
2024-03-27,74.42005920410156,74.43824509347692,74.39277690077309,74.39277690077309,2585300
2024-03-28,74.37460327148438,74.38369968778558,74.3382245448122,74.36550685518317,5702800
2024-04-01,74.21947479248047,74.35634515109908,74.21947479248047,74.34722556563595,4661800
2024-04-02,74.25598907470703,74.27424217236543,74.2103702535951,74.21948984090726,3485000
2024-04-03,74.31071472167969,74.31071472167969,74.21034360515219,74.22858973474149,2904100
2024-04-04,74.38370513916016,74.39283168458172,74.31071366033092,74.32895978965962,2806000
2024-04-05,74.26510620117188,74.33810465950975,74.2559796535006,74.30160543034081,3967100
2024-04-08,74.19213104248047,74.24688338418663,74.19213104248047,74.2286302831118,3335800
2024-04-09,74.26510620117188,74.29247888266954,74.2559796535006,74.2559796535006,2680500
2024-04-10,73.96398162841797,74.04610662204324,73.95486204363802,74.02785352945314,6329400
2024-04-11,74.05525207519531,74.06437166230357,74.00049974496142,74.06437166230357,6686500
2024-04-12,74.10084533691406,74.14647110278588,74.10084533691406,74.10997188239132,5387500
2024-04-15,74.073486328125,74.073486328125,73.97311519390067,74.00961442102913,4841300
2024-04-16,74.02784729003906,74.05522692661654,73.97310193991315,74.01872770602776,3062800
2024-04-17,74.0826187133789,74.10999139550343,74.04611948337411,74.0552460312544,3598900
2024-04-18,74.0461196899414,74.10086505434316,74.03699314203567,74.10086505434316,3279600
2024-04-19,74.06436920166016,74.09174188510926,74.05524961485489,74.09174188510926,2938200
2024-04-22,74.10084533691406,74.11909842786858,74.07347266199676,74.07347266199676,4174300
2024-04-23,74.16472625732422,74.18297935049996,74.0734816759915,74.08260822257937,3619000
2024-04-24,74.1373519897461,74.1464785361383,74.10997931208462,74.12822544335387,4299800
2024-04-25,74.0826187133789,74.10086484762314,74.0552460312544,74.07349216549864,4224200
2024-04-26,74.10084533691406,74.13734455730862,74.0917187914368,74.10997188239132,3071500
2024-04-29,74.1373519897461,74.1464785361383,74.11910585847683,74.12822544335387,2259600
2024-04-30,74.0461196899414,74.1099916022489,74.0461196899414,74.08261892004802,6420900
2024-05-01,74.19442749023438,74.2218888371996,74.06626988168604,74.10288035492911,8032700
2024-05-02,74.30428314208984,74.31343925369832,74.21274297820558,74.22189908981406,3750700
2024-05-03,74.42324829101562,74.50563229530468,74.38663084997735,74.4690148542664,4960200
2024-05-06,74.41410064697266,74.43240587754205,74.39578843233971,74.43240587754205,2960700
2024-05-07,74.42324829101562,74.45070962577864,74.4049360784651,74.43239741322812,2706200
2024-05-08,74.40494537353516,74.43240671172879,74.40494537353516,74.40494537353516,2308800
2024-05-09,74.46903228759766,74.4873445044351,74.45072705482461,74.45072705482461,2160200
2024-05-10,74.40494537353516,74.45986804992242,74.40494537353516,74.45986804992242,1866100
2024-05-13,74.42324829101562,74.4690148542664,74.42324829101562,74.4690148542664,2442600
2024-05-14,74.49650573730469,74.49650573730469,74.4690443916494,74.47820050155634,2319500
2024-05-15,74.63381958007812,74.63381958007812,74.57889688867158,74.59720212445193,3248400
2024-05-16,74.57887268066406,74.62463924729202,74.56971657371317,74.6154901244044,2978300
2024-05-17,74.5331039428711,74.5788774965181,74.5331039428711,74.56972138897596,2758000
2024-05-20,74.51480865478516,74.5422699970122,74.51480865478516,74.5422699970122,2445200
2024-05-21,74.5514144897461,74.56971972035706,74.5514144897461,74.5514144897461,1991300
2024-05-22,74.49650573730469,74.5331231928669,74.49650573730469,74.51481795711855,3051100
2024-05-23,74.45989227294922,74.54228329839691,74.4507431466174,74.54228329839691,3473500
2024-05-24,74.48733520507812,74.48733520507812,74.45071776003914,74.45986688325125,3041000
2024-05-28,74.42324829101562,74.52394450785519,74.42324829101562,74.51478840157993,2889800
2024-05-29,74.39580535888672,74.44157892181995,74.37750012415252,74.44157892181995,2441700
2024-05-30,74.47818756103516,74.48734366935123,74.45072622015127,74.45987534440302,3711400
2024-05-31,74.57887268066406,74.58802878761497,74.5239500070852,74.53309912997284,2923000
2024-06-03,74.66338348388672,74.66338348388672,74.58072665150992,74.58072665150992,5533700
2024-06-04,74.73684692382812,74.76440387208065,74.70011133275565,74.70929698217317,2133300
2024-06-05,74.81031799316406,74.81031799316406,74.7092968695165,74.7644037593409,2577600
2024-06-06,74.81949615478516,74.82868180326953,74.79194621592889,74.8011248578164,3346500
2024-06-07,74.62662506103516,74.70008921483054,74.62662506103516,74.70008921483054,3524300
2024-06-10,74.63581848144531,74.6541897784789,74.62663983952541,74.63581848144531,2952900
2024-06-11,74.71846771240234,74.72765335998574,74.66336784009432,74.69091777624834,3755800
2024-06-12,74.81949615478516,74.94806720717901,74.81949615478516,74.93888155869462,3409200
2024-06-13,74.93889617919922,74.96644612343046,74.89298194101323,74.91134623496798,2473800
2024-06-14,74.94806671142578,74.98480229852343,74.94806671142578,74.97561665009982,2854900
2024-06-17,74.87460327148438,74.92052451174914,74.87460327148438,74.90215321300421,1272200
2024-06-18,74.9756088256836,75.01234440894756,74.94805888988465,74.95724453734967,2182800
2024-06-20,74.94806671142578,74.95725235984939,74.91133112432811,74.92969541457855,2618200
2024-06-21,74.9756088256836,75.02153005641256,74.95724453734967,75.00315876148254,2020500
2024-06-24,74.98480987548828,74.99399552484007,74.96643857678468,74.98480987548828,1576500
2024-06-25,74.99398803710938,75.00316667894721,74.96643109180539,74.99398803710938,2618100
2024-06-26,74.92051696777344,74.95725255496671,74.92051696777344,74.94806690651919,2329000
2024-06-27,74.9756088256836,75.00315876148254,74.95724453734967,74.96642317821859,1675800
2024-06-28,74.98480987548828,75.07664534921368,74.97562422613647,75.0582810571076,3894800
2024-07-01,74.9203109741211,74.96638457269242,74.90188575259906,74.92952709980419,3672100
2024-07-02,74.98479461669922,75.0216520821272,74.97558552272426,75.00322686433458,2468800
2024-07-03,75.09537506103516,75.11380028080244,75.01245102731717,75.01245102731717,1772800
2024-07-05,75.23358917236328,75.23358917236328,75.16909035810512,75.17829945311092,2171900
2024-07-08,75.22435760498047,75.22435760498047,75.19671626595044,75.2151414820231,2236000
2024-07-09,75.20594024658203,75.2335815885001,75.17829187482117,75.21514934065952,7304200
2024-07-10,75.23358917236328,75.25201439221838,75.21515692266465,75.25201439221838,2505700
2024-07-11,75.40864562988281,75.42707787769062,75.38100428801388,75.3994365358217,5810700
2024-07-12,75.51919555664062,75.51919555664062,75.44548064702866,75.45469676819033,3170300
2024-07-15,75.51919555664062,75.54683689028494,75.49155422299631,75.50997943547895,3380600
2024-07-16,75.5468521118164,75.55606823483498,75.49156943338917,75.50999464958421,2562400
2024-07-17,75.55610656738281,75.55610656738281,75.49160773321424,75.50082386090853,2701000
2024-07-18,75.51919555664062,75.56526913260828,75.50997943547895,75.54683689028494,3111100
2024-07-19,75.48236846923828,75.51000981400301,75.48236846923828,75.50080071897712,2041700
2024-07-22,75.49158477783203,75.49158477783203,75.45472730810818,75.48236865294018,2429500
2024-07-23,75.5284423828125,75.556083727694,75.500801037931,75.51922625790414,2133400
2024-07-24,75.56529235839844,75.6390002608246,75.56529235839844,75.61135891868443,4871200
2024-07-25,75.57450866699219,75.63900748142402,75.55608344708747,75.59294091674045,4907000
2024-07-26,75.67587280273438,75.68508892856471,75.65744758091797,75.67587280273438,1591000
2024-07-29,75.68508911132812,75.7035213630333,75.65744776361463,75.69430523718071,4588200
2024-07-30,75.71269226074219,75.74033359451016,75.66662571440912,75.70348316938001,3108100
2024-07-31,75.86935424804688,75.86935424804688,75.6942900709894,75.75878887934591,3403900
2024-08-01,76.00061798095703,76.0191113161501,75.88967912922107,75.8989257968176,5052500
2024-08-02,76.42587280273438,76.44436613787981,76.28720100170675,76.30569433685218,5001400
2024-08-05,76.40739440917969,76.64775841890048,76.34268183577117,76.61077879793255,15588100
2024-08-06,76.31494903564453,76.38890122458648,76.24098979356106,76.38890122458648,12849200
2024-08-07,76.26871490478516,76.31494118962013,76.21324900549583,76.25946823718999,5778900
2024-08-08,76.23177337646484,76.24102004868007,76.16706077724695,76.17630744946217,3622000
2024-08-09,76.25023651123047,76.29645574770628,76.21325689016491,76.28720907915451,5079400
2024-08-12,76.29647827148438,76.31497161404742,76.22251900751945,76.23176567880097,3745600
2024-08-13,76.4166488647461,76.4166488647461,76.37042257054023,76.38890885633724,3856100
2024-08-14,76.40739440917969,76.44437403014761,76.3611681196844,76.37041478821175,4780700
2024-08-15,76.22251892089844,76.25949855283888,76.19478596022901,76.23176559216945,3164700
2024-08-16,76.30571746826172,76.30571746826172,76.23175821154145,76.30571746826172,2987100
2024-08-19,76.28720092773438,76.33342721241236,76.28720092773438,76.28720092773438,2839700
2024-08-20,76.39816284179688,76.39816284179688,76.35193654316431,76.37042988387451,1882600
2024-08-21,76.48138427734375,76.54609687666579,76.38893166133141,76.45364426065345,3914500
2024-08-22,76.37968444824219,76.44439704113022,76.37968444824219,76.43515036981945,4181300
2024-08-23,76.5553207397461,76.5553207397461,76.40740928022812,76.44438890839334,3896800
2024-08-26,76.51834106445312,76.58305365041667,76.51834106445312,76.58305365041667,1896600
2024-08-27,76.56455993652344,76.58304622223014,76.50909402626114,76.50909402626114,4067400
2024-08-28,76.5553207397461,76.60154703823834,76.5553207397461,76.58305369758429,3126600
2024-08-29,76.54607391357422,76.55531352988818,76.52758057466184,76.55531352988818,2397100
2024-08-30,76.54607391357422,76.59229315457073,76.53682724411803,76.56456019934437,2781300
2024-09-03,76.6277084350586,76.66481713419647,76.59987868014535,76.59987868014535,3718600
2024-09-04,76.79468536376953,76.80396430694556,76.67408741352067,76.6833663566967,2731100
2024-09-05,76.82254028320312,76.86892793652034,76.7668807614322,76.86892793652034,8628200
2024-09-06,76.961669921875,77.0544381191138,76.82251408713692,76.90601041908367,6478400
2024-09-09,76.97095489501953,76.98950570481671,76.92456725388612,76.95239700746204,9361700
2024-09-10,77.08228302001953,77.08228302001953,76.98024293743406,76.98951480454836,6833800
2024-09-11,77.01734924316406,77.11939640971397,76.99879843004662,76.99879843004662,3679100
2024-09-12,77.02661895751953,77.04517684617453,76.952401558421,77.02661895751953,2599000
2024-09-13,77.137939453125,77.1564902626718,77.1008307562712,77.14721839677851,3964000
2024-09-16,77.18431854248047,77.20287642943323,77.14721692409512,77.18431854248047,2861100
2024-09-17,77.128662109375,77.15649186315258,77.1101112994434,77.14721999706697,3015200
2024-09-18,77.10082244873047,77.22142039219088,77.04516294832712,77.09154350607676,4413300
2024-09-19,77.16577911376953,77.16577911376953,77.11011960022272,77.12867041215128,2892600
2024-09-20,77.193603515625,77.21216140402734,77.1101142510964,77.14722295014045,4082500
2024-09-23,77.193603515625,77.22143327046787,77.13794400593927,77.1750527049833,5030800
2024-09-24,77.26781463623047,77.27709357967778,77.18431830072474,77.2121551310667,8947900
2024-09-25,77.20288848876953,77.25854800280183,77.20288848876953,77.24926905787605,4829100
2024-09-26,77.128662109375,77.21215844846812,77.128662109375,77.20287950462213,2321800
2024-09-27,77.249267578125,77.25854652287303,77.18432912041085,77.20288700990692,3208500
2024-09-30,77.137939453125,77.22142871272591,77.11938156581799,77.20287790317911,5176000
2024-10-01,77.1872787475586,77.26174062638664,77.17796923743619,77.1872787475586,4955500
2024-10-02,77.16864776611328,77.19656918850771,77.14071924264499,77.15002875046775,5697700
2024-10-03,77.06626892089844,77.14072368454622,77.06626892089844,77.13142127726167,6480000
2024-10-04,76.8056869506836,76.91737979801935,76.78707502666636,76.87083933636009,4013000
2024-10-07,76.70328521728516,76.74981856239715,76.69397570783272,76.69397570783272,5052100
2024-10-08,76.76844024658203,76.76844024658203,76.71259028900347,76.73120930855478,6423500
2024-10-09,76.69397735595703,76.7498202117215,76.68466784630454,76.7498202117215,4166800
2024-10-10,76.7591323852539,76.78705381410514,76.68467050760029,76.7591323852539,3859500
2024-10-11,76.82427978515625,76.84289170282838,76.78704884873694,76.80566076640908,3367200
2024-10-14,76.78702545166016,76.78702545166016,76.73118261458409,76.7684135396591,1849500
2024-10-15,76.82427978515625,76.86151072157554,76.80566076640908,76.85220121220196,3387000
2024-10-16,76.87083435058594,76.88945337447302,76.85222242777586,76.87083435058594,2130700
2024-10-17,76.8056869506836,76.82430597577829,76.78707502666636,76.81499646323094,2469600
2024-10-18,76.87083435058594,76.88945337447302,76.85222242777586,76.87083435058594,1725600
2024-10-21,76.7591323852539,76.8428966718076,76.7591323852539,76.8428966718076,3474300
2024-10-22,76.74982452392578,76.79636497372789,76.73121260465032,76.78705546355233,4333300
2024-10-23,76.70328521728516,76.73120664456738,76.69397570783272,76.73120664456738,3303900
2024-10-24,76.74053192138672,76.77776286921608,76.712610485784,76.74053192138672,2444500
2024-10-25,76.71258544921875,76.8149687470655,76.70328304110534,76.78704732057547,2453000
2024-10-28,76.67533874511719,76.73118868768653,76.64741732436923,76.73118868768653,2886400
2024-10-29,76.70328521728516,76.72189713511494,76.62882334381585,76.64743526164564,2920500
2024-10-30,76.63812255859375,76.75912487320784,76.63812255859375,76.71258442896014,2949300
2024-10-31,76.65673065185547,76.6846520739949,76.59157829983887,76.62880922971604,3751500
2024-11-01,76.63153839111328,76.77162690554788,76.6128551721485,76.75295081214334,5598400
2024-11-04,76.68755340576172,76.74358879663582,76.66887019176478,76.72491270819724,2400700
2024-11-05,76.66887664794922,76.68755986351944,76.59416516234518,76.68755986351944,2808600
2024-11-06,76.57547760009766,76.59416081460735,76.5287838149405,76.5381182966368,6637800
2024-11-07,76.70622253417969,76.70622253417969,76.60348624319349,76.63151106164602,10555500
2024-11-08,76.65021514892578,76.72493377431206,76.622197445796,76.69691607118229,3935000
2024-11-11,76.59417724609375,76.59417724609375,76.575494027576,76.575494027576,1567900
2024-11-12,76.51945495605469,76.5661558745509,76.49143725518086,76.53813104811734,4609900
2024-11-13,76.63153839111328,76.6595560940002,76.58483746926159,76.6595560940002,2909700
2024-11-14,76.51945495605469,76.66888506923507,76.5101133472435,76.65020897717243,4405400
2024-11-15,76.6034927368164,76.66886973429888,76.51943965100679,76.54745734627666,3299800
2024-11-18,76.65955352783203,76.65955352783203,76.60351099837396,76.631535825883,2645000
2024-11-19,76.65955352783203,76.70624732256042,76.65955352783203,76.69691283895075,2655600
2024-11-20,76.62220764160156,76.66890144451112,76.62220764160156,76.64088373765314,3362300
2024-11-21,76.6034927368164,76.66886973429888,76.58481664848927,76.63151755764459,2565700
2024-11-22,76.59417724609375,76.64087104126797,76.58483563683487,76.6221949483103,2352200
2024-11-25,76.74359893798828,76.74359893798828,76.67822193147641,76.69690514794226,3579100
2024-11-26,76.74359893798828,76.74359893798828,76.67822193147641,76.72492284708173,6597200
2024-11-27,76.7903060913086,76.8276654017157,76.78096448231685,76.81832379272396,2463400
2024-11-29,76.88371276855469,76.89305437900009,76.86503667322485,76.87437115810927,1597600
2024-12-02,76.87902069091797,76.90712887724932,76.81343253995405,76.8415407262854,5102300
2024-12-03,76.88838195800781,76.93523369889259,76.8696455507971,76.92586192100123,3950600
2024-12-04,76.97273254394531,76.99146895575223,76.86966440757291,76.86966440757291,3935400
2024-12-05,76.97273254394531,76.97273254394531,76.91650901137707,76.92588079156741,2517700
2024-12-06,77.04767608642578,77.0851489020624,77.02893253003525,77.07578427243936,5705800
2024-12-09,77.01953887939453,77.04765420599598,77.01953887939453,77.04765420599598,4641600
2024-12-10,77.01019287109375,77.01955750032144,76.97271290846719,77.01019287109375,2919500
2024-12-11,76.99144744873047,77.08514377873912,76.99144744873047,77.0664073721661,2453000
2024-12-12,76.95394897460938,77.01953710469441,76.95394897460938,77.01017247794658,3185000
2024-12-13,76.9164810180664,76.97270453017242,76.9164810180664,76.96333275339289,2420800
2024-12-16,76.92585754394531,76.95396572744804,76.91648576658721,76.94460109866152,2930300
2024-12-17,76.93521881103516,76.95395521462015,76.91647525887954,76.91647525887954,2492600
2024-12-18,76.79419708251953,76.99163477864941,76.78479323802812,76.97283426269823,6931400
2024-12-19,76.87879943847656,76.88820328165605,76.82239072546093,76.84119841181992,12522700
2024-12-20,76.88822937011719,76.95404194864275,76.87882552374694,76.95404194864275,3495400
2024-12-23,76.84122467041016,76.88822955630904,76.84122467041016,76.86942903655611,2933800
2024-12-24,76.87879943847656,76.87879943847656,76.84119841181992,76.85059508196875,1583800
2024-12-26,76.89762878417969,76.9070326300079,76.84122005527573,76.85061672807127,1758100
2024-12-27,76.91642761230469,76.95403582175832,76.91642761230469,76.92583145792622,3668600
2024-12-30,77.02925872802734,77.03866257444086,77.0010543618199,77.0010543618199,7397300
2024-12-31,77.07624053955078,77.0950410519667,77.03863234168863,77.0856372092436,3167100
2025-01-02,77.0574722290039,77.10448429361143,77.02926785945297,77.09508044608314,3948300
2025-01-03,77.0574722290039,77.10448429361143,77.03867170698126,77.09508044608314,2804100
2025-01-06,77.07624053955078,77.0856372092436,77.03863234168863,77.05743285410455,2324300
2025-01-07,77.02925872802734,77.08566746044225,77.0010543618199,77.06686694064832,4035500
2025-01-08,77.07624053955078,77.0856372092436,77.04802901138144,77.04802901138144,2747600
2025-01-10,76.93521881103516,77.03863957160434,76.93521881103516,77.02923572799868,6188500
2025-01-13,76.95404052734375,76.95404052734375,76.91643231559046,76.94463668114719,4855000
2025-01-14,76.97283935546875,76.99163987266384,76.96343551035515,76.98223602755024,2281900
2025-01-15,77.14208221435547,77.14208221435547,77.10447400229589,77.13267836808232,3694300
2025-01-16,77.18907928466797,77.20788697531009,77.09506235055424,77.10446619587529,4775000
2025-01-17,77.17028045654297,77.20788866561827,77.16087661101604,77.19848482009134,2248500
2025-01-21,77.19847106933594,77.20787491318784,77.15145902310758,77.19847106933594,2400400
2025-01-22,77.1796646118164,77.20787614382179,77.1514602528423,77.19847229982,2706800
2025-01-23,77.1796646118164,77.19847229982,77.1514602528423,77.1514602528423,3378500
2025-01-24,77.2266845703125,77.27369662210636,77.20788405341416,77.2266845703125,2190000
2025-01-27,77.33951568603516,77.36772005026737,77.301907476048,77.35831620451242,3639700
2025-01-28,77.3582992553711,77.3582992553711,77.31129438296036,77.32069105362388,2980500
2025-01-29,77.31130981445312,77.36771854181774,77.27370160519924,77.36771854181774,2849200
2025-01-30,77.3582992553711,77.37710694276024,77.339498741013,77.34889541167654,1956300
2025-01-31,77.36772155761719,77.3959259223989,77.33951719283547,77.36772155761719,2987300
2025-02-03,77.31395721435547,77.38942400562345,77.29509411499313,77.34225546185363,3483200
2025-02-04,77.38941955566406,77.38941955566406,77.31395276873549,77.31395276873549,3232500
2025-02-05,77.43656158447266,77.47429496852494,77.41769849090008,77.41769849090008,3456200
2025-02-06,77.40826416015625,77.43656239926645,77.39883621172433,77.40826416015625,2083200
2025-02-07,77.3233871459961,77.37998363717423,77.3233871459961,77.37054848967493,3488900
2025-02-10,77.36111450195312,77.38941274533384,77.35167935519013,77.37054245180784,2573000
2025-02-11,77.34223175048828,77.36110204097474,77.33280380215217,77.33280380215217,2861900
2025-02-12,77.23848724365234,77.27622063773309,77.22905929281394,77.26679268689468,4537400
2025-02-13,77.34223175048828,77.35166689573151,77.31393351166571,77.32336865690894,3512000
2025-02-14,77.44600677490234,77.47430501738522,77.42714367888311,77.44600677490234,3120500
2025-02-18,77.37997436523438,77.42714290017015,77.37997436523438,77.4177077538014,2824100
2025-02-19,77.43656158447266,77.43656158447266,77.38940025208764,77.38940025208764,2694600
2025-02-20,77.44600677490234,77.48374016384886,77.44600677490234,77.45544192136599,2106500
2025-02-21,77.57807159423828,77.59694188754418,77.48374171843342,77.48374171843342,3614000
2025-02-24,77.63468170166016,77.63468170166016,77.55921491600797,77.56865006344171,2497300
2025-02-25,77.73844146728516,77.76673971076082,77.70070807701485,77.7101360269012,3632100
2025-02-26,77.7667465209961,77.785609619329,77.70071488146756,77.73844827504229,2280100
2025-02-27,77.79503631591797,77.80447146251393,77.7290046835626,77.73843983015854,4639500
2025-02-28,77.93653869628906,77.93653869628906,77.82333852209713,77.85163676641798,4383100
2025-03-03,77.98668670654297,77.99615083517597,77.863681910374,77.87314603900698,5333700
2025-03-04,77.99614715576172,78.13808020250109,77.96776199021677,78.07184574322467,5198900
2025-03-05,77.91098022460938,78.06237739134366,77.90152331594916,78.043456355009,4304600
2025-03-06,77.95829772949219,77.99614702315931,77.90152739849881,77.94883360132175,4557400
2025-03-07,77.94881439208984,78.08128327777264,77.91096510775007,78.06236224510917,3499300
2025-03-10,78.09076690673828,78.11915207232909,78.02453244735487,78.05291761294566,4644400
2025-03-11,78.04344940185547,78.15699004777623,78.03398527502421,78.09075559798458,4668500
2025-03-12,77.98668670654297,78.04346425932594,77.96776566829196,77.98668670654297,3475800
2025-03-13,78.04344940185547,78.08129147115332,77.95828669840131,77.9866718598815,2946600
2025-03-14,77.98668670654297,78.05292116894395,77.97722979692496,78.05292116894395,3932500
2025-03-17,77.95829772949219,78.01506806048556,77.93937669216594,77.96776185766262,4582600
2025-03-18,77.95829772949219,77.99614702315931,77.94883360132175,77.94883360132175,3438500
2025-03-19,78.07184600830078,78.07184600830078,77.9109847046422,77.93937708929818,3886300
2025-03-20,78.09076690673828,78.1570013661217,78.08130277853647,78.1570013661217,3039300
2025-03-21,78.13807678222656,78.19484711083149,78.13807678222656,78.17592607430129,3172500
2025-03-24,78.03397369384766,78.10020813380932,78.02450956842098,78.10020813380932,2351300
2025-03-25,78.06237030029297,78.10021958853838,78.04344926567705,78.05290617347822,2711400
2025-03-26,78.04344940185547,78.08129147115332,78.04344940185547,78.05290630967313,3684800
2025-03-27,78.081298828125,78.10969121129398,78.0623777916933,78.081298828125,2187600
2025-03-28,78.22321319580078,78.24214144672854,78.14751463011488,78.14751463011488,4087900
2025-03-31,78.2800064086914,78.31784848010139,78.21377195520293,78.2894633170369,4593200
2025-04-01,78.30848693847656,78.346457520403,78.27050911302057,78.28949440398378,4326400
2025-04-02,78.25151824951172,78.35595546086348,78.2230366906939,78.35595546086348,3071600
2025-04-03,78.54585266113281,78.58382324777077,78.48888229411499,78.50787483096441,6729500
2025-04-04,78.49836730957031,78.86864204621922,78.49836730957031,78.7831973732369,12599700
2025-04-07,78.50787353515625,78.74522953714327,78.34646594872203,78.69775543933373,18363100
2025-04-08,78.46038818359375,78.62178850334763,78.36544724512261,78.36544724512261,13086100
2025-04-09,78.41292572021484,78.60281486884453,78.14708815566365,78.51736294107857,25591000
2025-04-10,78.40342712402344,78.47938277420273,78.35595303177901,78.41291614764873,10029500
2025-04-11,78.26102447509766,78.37495796839579,78.23254291265577,78.35596543108079,6585900
2025-04-14,78.43191528320312,78.4509005755811,78.308492773921,78.308492773921,5006100
2025-04-15,78.43191528320312,78.48887840386716,78.42241901524909,78.43191528320312,3090700
2025-04-16,78.53634643554688,78.55533172645882,78.47938331928151,78.5173539011054,3178900
2025-04-17,78.56481170654297,78.60278952402327,78.52683388906266,78.56481170654297,3384000
2025-04-21,78.51737976074219,78.65979484183943,78.51737976074219,78.59333543646497,5283700
2025-04-22,78.54585266113281,78.59331951619548,78.52686012428339,78.5743342228765,3521700
2025-04-23,78.48886108398438,78.61229080955975,78.45088326407875,78.5648167237956,3647400
2025-04-24,78.58383178710938,78.58383178710938,78.52686865743208,78.54586119634533,3993500
2025-04-25,78.65028381347656,78.659780082043,78.57433539553674,78.60281695770549,2259800
2025-04-28,78.76420593261719,78.76420593261719,78.6502724568629,78.65976872405814,2847000
2025-04-29,78.81169128417969,78.82118030920101,78.73573562282573,78.74523189137761,3832200
2025-04-30,78.9161148071289,78.9161148071289,78.83066289205827,78.84015915896151,5104800
2025-05-01,78.75325775146484,78.95325910034333,78.72468716822088,78.94373315053843,5150400
2025-05-02,78.60087585449219,78.71516545979699,78.57230526970876,78.68659487501357,4556100
2025-05-05,78.59136199951172,78.64851044404492,78.56279141033123,78.63898449226068,3420300
2025-05-06,78.65802001953125,78.67707192089314,78.63897538434074,78.65802001953125,3476300
2025-05-07,78.68659973144531,78.72469626889819,78.62945129218024,78.658021878727,2522500
2025-05-08,78.52470397949219,78.66756420814092,78.51518529277585,78.65803825525153,3566000
2025-05-09,78.5627670288086,78.63896008709195,78.5627670288086,78.60086355795026,2009600
2025-05-12,78.419921875,78.46754436208718,78.40087723986795,78.41040319051966,4386600
2025-05-13,78.40087890625,78.46754602988622,78.38183427071316,78.46754602988622,4241200
2025-05-14,78.34373474121094,78.42944649711033,78.34373474121094,78.41040186230087,3960300
2025-05-15,78.49610137939453,78.49610137939453,78.42943426869907,78.45800484954425,3449300
2025-05-16,78.47706604003906,78.56277779272375,78.467540089906,78.56277779272375,3528300
2025-05-19,78.50563049316406,78.51515644255318,78.44848932917019,78.4580080123889,2906900
2025-05-20,78.51518249511719,78.5437530865943,78.48661190364008,78.50565654256722,3289200
2025-05-21,78.467529296875,78.4960998771734,78.4580033480522,78.48658119452058,4095600
2025-05-22,78.51518249511719,78.52470118149435,78.48661190364008,78.51518249511719,3415600
2025-05-23,78.5627670288086,78.63896008709195,78.54372239732274,78.63896008709195,8202300
2025-05-27,78.59136199951172,78.60088795129596,78.55327272471922,78.57231736211547,3870300
2025-05-28,78.53421020507812,78.57230674089304,78.52468425458159,78.57230674089304,1972600
2025-05-29,78.61992645263672,78.6294451366261,78.59134860215563,78.59134860215563,2154300
2025-05-30,78.71517181396484,78.71517181396484,78.63897873761107,78.65802337361366,4331000
2025-06-02,78.65017700195312,78.7075141274093,78.64062688951223,78.67884191960013,4011000
2025-06-03,78.6310806274414,78.68841047085795,78.62152322348425,78.66930295310684,4456600
2025-06-04,78.77442169189453,78.78397180679968,78.6884196265998,78.697977031669,5744700
2025-06-05,78.68840789794922,78.79351746755155,78.68840789794922,78.7744099504252,3164700
2025-06-06,78.55463409423828,78.61196393628143,78.55463409423828,78.59285641898805,1563300
2025-06-09,78.61194610595703,78.64061831063836,78.58328119143708,78.58328119143708,2166800
2025-06-10,78.61194610595703,78.65972582359787,78.61194610595703,78.64061831063836,2010600
2025-06-11,78.73617553710938,78.73617553710938,78.67883841420776,78.70751062073948,1825500
2025-06-12,78.80305480957031,78.81261221078185,78.77438989609679,78.81261221078185,2612200
2025-06-13,78.7457504272461,78.77441534998192,78.7170782143468,78.77441534998192,3572700
2025-06-16,78.73617553710938,78.7743978556565,78.72661813493212,78.74573293928661,2380700
2025-06-17,78.77442169189453,78.79352921186889,78.73619936178176,78.76486428682533,2057400
2025-06-18,78.8126449584961,78.89863973464861,78.78397274294778,78.8126449584961,1921300
2025-06-20,78.86995697021484,78.89862188911549,78.82217724527209,78.83173464829314,2328700
2025-06-23,78.97505187988281,79.01327419471272,78.898607250223,78.898607250223,3113400
2025-06-24,79.04196166992188,79.04196166992188,78.95595961446598,78.9655170184418,4292000
2025-06-25,79.05152130126953,79.06107141535121,78.99418416596232,79.01329897445252,3268100
2025-06-26,79.14705657958984,79.14705657958984,79.08971945652104,79.09927685872614,4964600
2025-06-27,79.11840057373047,79.1566156065311,79.09928576716746,79.09928576716746,2432800
2025-06-30,79.17572784423828,79.17572784423828,79.12794811954367,79.16617044126687,5690200
2025-07-01,79.09329986572266,79.16998154328436,79.08371191347818,79.14122500001564,5018100
2025-07-02,79.08370971679688,79.13164216322316,79.07412176481871,79.10287830728868,4292600
2025-07-03,78.99744415283203,79.01661274430982,78.968680295418,79.00702479183848,2781500
2025-07-07,78.97825622558594,79.00701276515767,78.9686682745741,78.99743212760961,4022000
2025-07-08,78.98783874511719,78.98783874511719,78.95908220752285,78.96866284441211,3648300
2025-07-09,79.0549545288086,79.0549545288086,79.00702208156106,79.0166100337035,2002200
2025-07-10,79.0549545288086,79.0549545288086,79.0166100337035,79.0549545288086,2249400
2025-07-11,79.03579711914062,79.04538507352667,79.01662852383488,79.04538507352667,4146300
2025-07-14,79.04537200927734,79.07412855421639,79.0262034171397,79.04537200927734,1887300
2025-07-15,78.96868133544922,79.04537032930018,78.95910069631658,79.04537032930018,3436600
2025-07-16,79.07411193847656,79.10286847737302,78.99743027257385,78.99743027257385,4457200
2025-07-17,79.04537200927734,79.08371650701777,79.0262034171397,79.07412855421639,2819800
2025-07-18,79.11246490478516,79.15080939857678,79.11246490478516,79.14122144676278,1294500
2025-07-21,79.160400390625,79.17956898152481,79.15081243844276,79.17956898152481,1857200
2025-07-22,79.21790313720703,79.21790313720703,79.17955864694748,79.17955864694748,8474300
2025-07-23,79.15081787109375,79.19875032183022,79.13164927887827,79.18916236898988,2500900
2025-07-24,79.08370971679688,79.122054211245,79.08370971679688,79.09329766877504,2147100
2025-07-25,79.13165283203125,79.14123347183659,79.11247692548956,79.13165283203125,2023400
2025-07-28,79.1220474243164,79.13163537547213,79.11245947316068,79.1220474243164,2467100
2025-07-29,79.18914794921875,79.19873590031318,79.14121550721045,79.14121550721045,2079200
2025-07-30,79.1028823852539,79.21791587452857,79.1028823852539,79.15081483415123,3786200
2025-07-31,79.1028823852539,79.15081483415123,79.09330174624635,79.1220582901988,5883700
2025-08-01,79.49720001220703,79.52605095404384,79.39140833382375,79.39140833382375,6048700
2025-08-04,79.51642608642578,79.52604551220396,79.46833629500681,79.50680666064758,4535300
2025-08-05,79.48758697509766,79.52605734646319,79.45873603094176,79.48758697509766,6269300
2025-08-06,79.51642608642578,79.51642608642578,79.46833629500681,79.46833629500681,2741800
2025-08-07,79.47795104980469,79.51642141318453,79.46833162459184,79.49718990023038,2927700
2025-08-08,79.45873260498047,79.4779641210975,79.44911317818557,79.4779641210975,2621200
2025-08-11,79.45873260498047,79.4779641210975,79.44911317818557,79.44911317818557,2730500
2025-08-12,79.51642608642578,79.52604551220396,79.477955720785,79.4875751465632,2844100
2025-08-13,79.6222152709961,79.6222152709961,79.57412548107895,79.58374490655673,3589200
2025-08-14,79.5356674194336,79.55490627336506,79.516435902975,79.54528684639934,3934100
2025-08-15,79.50680541992188,79.57412672437466,79.50680541992188,79.55489521059039,1979400
2025-08-18,79.50680541992188,79.54527578496231,79.49719333176567,79.53565635933424,6377300
2025-08-19,79.5452880859375,79.56452694016878,79.53566865882186,79.5452880859375,7318900
2025-08-20,79.57412719726562,79.60297813684943,79.5452762576818,79.55489568336705,2613800
2025-08-21,79.50680541992188,79.56451463621846,79.4875739061376,79.55489521059039,3399800
2025-08-22,79.679931640625,79.6895510678523,79.53566958210784,79.54528900933514,4815300
2025-08-25,79.6414566040039,79.6414566040039,79.62222508814892,79.63184451481276,5797100
2025-08-26,79.70877075195312,79.71839017775241,79.67030038622799,79.67030038622799,1673600
2025-08-27,79.76647186279297,79.76647186279297,79.70876265133411,79.7183820761558,2399500
2025-08-28,79.73762512207031,79.75685663525451,79.7280056967424,79.73762512207031,1824800
2025-08-29,79.8049545288086,79.82418604394579,79.76648416106181,79.77609624989421,2757600
2025-09-02,79.7644271850586,79.78371867966345,79.74513569045375,79.75477775757788,4372200
2025-09-03,79.82230377197266,79.84160262566303,79.75477250476857,79.76442193161375,3284400
2025-09-04,79.88020324707031,79.88020324707031,79.8416128950821,79.86090439089767,3232700
2025-09-05,79.9959487915039,80.08277890386482,79.98630672596244,80.05383798652964,5352500
2025-09-08,80.0442123413086,80.06350383847831,80.0249134837813,80.05386177007223,2281200
2025-09-09,79.97666931152344,80.07314150391468,79.97666931152344,80.04420058223296,2467600
2025-09-10,79.98631286621094,80.03454527868706,79.98631286621094,80.03454527868706,8269500
2025-09-11,80.0152587890625,80.07314063179554,80.00560936182153,80.04419971042901,4892400
2025-09-12,80.00560760498047,80.01525703200956,79.97666668424947,80.01525703200956,3057500
2025-09-15,80.03456115722656,80.05386001433058,80.03456115722656,80.05386001433058,1917300
2025-09-16,80.07315063476562,80.09244213130111,80.05385913823012,80.06350120631922,2091100
2025-09-17,80.03456115722656,80.15997428697308,80.03456115722656,80.09244300782382,4243800
2025-09-18,80.00560760498047,80.03454852571147,79.98631611127855,80.00560760498047,2847600
2025-09-19,80.03456115722656,80.05386001433058,80.02491172867455,80.03456115722656,2196900
2025-09-22,79.9959487915039,80.05383798652964,79.9959487915039,80.04418856063279,1835800
2025-09-23,80.02490234375,80.04420119859074,80.00561084926579,80.01526027668616,2433300
2025-09-24,79.98631286621094,80.02489585204947,79.98631286621094,80.0152537857678,3073900
2025-09-25,79.91878509521484,79.9477333790596,79.90914302762353,79.93808395111135,3458200
2025-09-26,79.96703338623047,79.9766828152058,79.92844303068688,79.94774188863754,2291700
2025-09-29,79.9959487915039,80.00559821740076,79.97665730006558,79.97665730006558,3836900
2025-09-30,80.03456115722656,80.06350208252519,80.02491172867455,80.02491172867455,4044100
2025-10-01,80.12745666503906,80.14680787387596,80.09841877707436,80.13712857788772,4194100
2025-10-02,80.14681243896484,80.14681243896484,80.09842333940705,80.11778193248617,1896800
2025-10-03,80.1177749633789,80.17583597128578,80.1177749633789,80.14680546733234,2282300
2025-10-06,80.09841918945312,80.12745707756733,80.09841918945312,80.10809848549118,2637300
2025-10-07,80.13713073730469,80.1564893298028,80.10810023169729,80.11777952794634,2301800
2025-10-08,80.12745666503906,80.16615908271285,80.11777736905083,80.16615908271285,2942100
2025-10-09,80.1177749633789,80.13712617163473,80.1080956676813,80.1274542590765,2884700
2025-10-10,80.25326538085938,80.28229588836153,80.17584577209342,80.2048762795956,5552900
2025-10-13,80.40808868408203,80.40808868408203,80.25325686611781,80.27260807468603,9266400
2025-10-14,80.35004425048828,80.35004425048828,80.30166252751742,80.32101374007756,6221200
2025-10-15,80.31132507324219,80.34035558026626,80.30165315966092,80.32100436996359,3720300
2025-10-16,80.41777038574219,80.44680089103275,80.30164836457995,80.30164836457995,5563700
2025-10-17,80.40808868408203,80.43712657164359,80.3887374755138,80.41776797993589,3354600
2025-10-20,80.41777038574219,80.41777038574219,80.38873988045162,80.41777038574219,3331400
2025-10-21,80.43714141845703,80.44681333295661,80.41778282317618,80.43714141845703,4726800
2025-10-22,80.43714141845703,80.45649263059704,80.41778282317618,80.41778282317618,6952900
2025-10-23,80.37905883789062,80.42744793441666,80.37905883789062,80.41776863848355,4405500
2025-10-24,80.42745208740234,80.44680329712827,80.4080934945365,80.43713138383526,2293400
2025-10-27,80.40808868408203,80.41776797993589,80.37905817965996,80.40808868408203,6043700
2025-10-28,80.41777038574219,80.4274496818856,80.38873988045162,80.39841917659504,6114700
2025-10-29,80.262939453125,80.4274505736888,80.25326015687426,80.4274505736888,5335000
2025-10-30,80.2726058959961,80.29196448717839,80.23390347991007,80.24357539236195,3799300
2025-10-31,80.3016586303711,80.31133054461128,80.28230003560944,80.3016586303711,3592700
2025-11-03,80.30457305908203,80.33369587252713,80.29486298572839,80.29486298572839,5418800
2025-11-04,80.33367919921875,80.3628020066194,80.33367919921875,80.34338927055707,6502000
2025-11-05,80.27542877197266,80.34338445403837,80.26571870121646,80.33367438328217,3952600
2025-11-06,80.37251281738281,80.40163562505138,80.35309267452753,80.36280274595516,3725200
2025-11-07,80.41134643554688,80.45988197990246,80.39192629251309,80.39192629251309,2942900
2025-11-10,80.39192199707031,80.41134213906645,80.38221933268628,80.40163206806838,6287900
2025-11-11,80.45988464355469,80.45988464355469,80.42105176281598,80.44047190649266,4175200
2025-11-12,80.43077087402344,80.45019101988271,80.4210608010938,80.43077087402344,2369900
2025-11-13,80.38223266601562,80.41135547722652,80.38223266601562,80.38223266601562,5328100
2025-11-14,80.41134643554688,80.46959205141935,80.38222362761063,80.45988197990246,5750000
2025-11-17,80.40164947509766,80.41135954819796,80.39193940199735,80.41135954819796,7200800
2025-11-18,80.45018768310547,80.49872323250955,80.43076753805168,80.47931049407096,3498300
2025-11-19,80.44046783447266,80.4987134493249,80.43075776312584,80.47930071324558,2679800
2025-11-20,80.50843048095703,80.53755329090095,80.46959759882684,80.47930767101312,5810700
2025-11-21,80.60551452636719,80.61522459922125,80.55697897532777,80.59580445351313,4849600
2025-11-24,80.61521911621094,80.61521911621094,80.57638623405133,80.6055090440173,5120700
2025-11-25,80.66375732421875,80.67346739673262,80.61522177487977,80.62493184739364,4276700
2025-11-26,80.654052734375,80.654052734375,80.61521985186103,80.64434266209275,4349400
2025-11-28,80.654052734375,80.68317554460673,80.63463258981051,80.67346547232448,2799600
2025-12-01,80.58491516113281,80.61412551664485,80.58491516113281,80.61412551664485,3358500
2025-12-02,80.63359832763672,80.64333758930805,80.6043879715027,80.62386649484537,4653000
2025-12-03,80.68229675292969,80.69203601575332,80.65308639333968,80.69203601575332,2121300
2025-12-04,80.62386322021484,80.66280540755852,80.62386322021484,80.66280540755852,2473900
2025-12-05,80.59465789794922,80.64334678297664,80.59465789794922,80.64334678297664,2172300
2025-12-08,80.5751724243164,80.59464351752466,80.53622280902037,80.59464351752466,3378600
2025-12-09,80.5362319946289,80.6141312341058,80.5362319946289,80.6141312341058,2709900
2025-12-10,80.67253875732422,80.67253875732422,80.5362188249715,80.5459580855336,4431300
2025-12-11,80.68229675292969,80.72124637534331,80.67255749010606,80.71150711251968,3552400
2025-12-12,80.69203186035156,80.71150295611524,80.6725533357074,80.68229259802948,4256400
2025-12-15,80.7406997680664,80.76017828944259,80.72122867556946,80.7504390287545,5252200
2025-12-16,80.7796630859375,80.79914161061815,80.75045272779703,80.76019199013736,4004800
2025-12-17,80.78939819335938,80.79913745519882,80.76018783672116,80.76991966968048,5873900
2025-12-18,80.84780883789062,80.85754809851714,80.7991273925164,80.85754809851714,3896800
2025-12-19,80.83316802978516,80.84292984261249,80.81362950059945,80.83316802978516,4195000
2025-12-22,80.79409790039062,80.8233982422141,80.78432863586099,80.8233982422141,4489000
2025-12-23,80.7550277709961,80.76479703546246,80.72572742936241,80.73549669382878,3442900
2025-12-24,80.80387115478516,80.81363296803134,80.77456335974908,80.7843326247611,2287200
2025-12-26,80.86247253417969,80.88200361260525,80.85270326908396,80.87224179927541,2034700
2025-12-29,80.90154266357422,80.9210737421255,80.8917733984156,80.90154266357422,3432000
2025-12-30,80.92105865478516,80.93082791812233,80.90152757987535,80.90152757987535,3641100
2025-12-31,80.89177703857422,80.94061591479911,80.89177703857422,80.91130811800441,3753000
2026-01-02,80.93083953857422,80.94060880331412,80.91130100909442,80.94060880331412,3041700
2026-01-05,80.96013641357422,80.96990567789571,80.94060533669654,80.95036714925273,3063400
2026-01-06,80.96990203857422,80.96990203857422,80.9210631709272,80.95036351080942,4368900
2026-01-07,80.96013641357422,80.99920601909488,80.95036714925273,80.9796749422172,4298000
2026-01-08,80.93083953857422,80.9503706162884,80.93083953857422,80.94060880331412,2470500
2026-01-09,80.90154266357422,80.94061227244272,80.88200413325698,80.94061227244272,3409700
2026-01-12,80.90154266357422,80.91130447696688,80.88200413325698,80.8917733984156,2243100
2026-01-13,80.92105865478516,80.94059718145952,80.91128939144798,80.93082791812233,4656300
2026-01-14,80.94061279296875,80.96991313686708,80.94061279296875,80.95037460642419,3022500
2026-01-15,80.88199615478516,80.93083502399466,80.88199615478516,80.93083502399466,3306400
2026-01-16,80.86247253417969,80.91130395612653,80.85270326908396,80.91130395612653,4540100
2026-01-20,80.87223052978516,80.89176160548907,80.87223052978516,80.88199234175468,5763700
2026-01-21,80.91130065917969,80.91130065917969,80.88200031685233,80.90153884624763,14151400
2026-01-22,80.88199615478516,80.8917654189801,80.86246507816048,80.88199615478516,4878300
2026-01-23,80.91130065917969,80.92106992387734,80.89176958154998,80.90153884624763,2506700
2026-01-26,80.94061279296875,80.95037460642419,80.92107426252586,80.94061279296875,3094300
2026-01-27,80.96013641357422,80.9796749422172,80.94060533669654,80.94060533669654,4339300
2026-01-28,80.96013641357422,80.9796749422172,80.94060533669654,80.9796749422172,4157500
2026-01-29,80.98943328857422,81.01873362851939,80.96990221253243,80.96990221253243,4135800
2026-01-30,81.05781555175781,81.07735408253411,81.0285152073595,81.03828447274765,4272800
2026-02-02,81.01861572265625,81.06760215778105,81.00882441505578,81.05780337589997,4079300
2026-02-03,81.00883483886719,81.02842493086949,80.98923727258331,80.99903605572524,4449700
2026-02-04,81.04801940917969,81.057810717667,81.00883175238657,81.00883175238657,3945400
2026-02-05,81.17536926269531,81.19495935288326,81.10679273561618,81.13618160803854,6014000
2026-02-06,81.17536926269531,81.20475813511767,81.14598039027295,81.20475813511767,7414400
2026-02-09,81.19496154785156,81.20476033035087,81.18517023963334,81.19496154785156,6928900
2026-02-10,81.24395751953125,81.26354761254755,81.23415873588212,81.24395751953125,4736200
2026-02-11,81.16556549072266,81.20475314297032,81.14597540173904,81.16556549072266,3509800
2026-02-12,81.24395751953125,81.26354761254755,81.18517976620039,81.19497107556757,3377300
2026-02-13,81.3713150024414,81.38111378647498,81.3419261246229,81.35172490865648,3563900
2026-02-17,81.34191131591797,81.3615088804173,81.32232122569953,81.35171009816763,3293800
2026-02-18,81.29293823242188,81.3125283240571,81.29293823242188,81.29293823242188,2145500
2026-02-19,81.29293823242188,81.32232710701543,81.28313944946355,81.28313944946355,2653900
2026-02-20,81.302734375,81.33212325134087,81.28314428220004,81.32233194208183,3451900
2026-02-23,81.3713150024414,81.39091257050858,81.3125372468044,81.33212734058931,2809000
2026-02-24,81.3713150024414,81.38111378647498,81.3419261246229,81.36152369269007,5232700
2026-02-25,81.35171508789062,81.35171508789062,81.32232621361995,81.34191630503994,4495400
2026-02-26,81.381103515625,81.40069360693752,81.34191585871866,81.34191585871866,7856900
2026-02-27,81.48887634277344,81.50846643616283,81.45948746554828,81.46928624938403,5655100
2026-03-02,81.34446716308594,81.42305316128754,81.32482441072217,81.41322803791903,7074100
2026-03-03,81.33464813232422,81.35429088434945,81.24623701227782,81.25606213547701,5817200
2026-03-04,81.28553009033203,81.33464821200295,81.26588733828756,81.32482308879413,5025800
2026-03-05,81.22659301757812,81.24623576930284,81.19712514280452,81.21676789452924,7172700
2026-03-06,81.26588439941406,81.34446289912341,81.20694115666593,81.20694115666593,5750000
2026-03-09,81.30518341064453,81.31500853513045,81.20695464890782,81.23642252799142,4899200
2026-03-10,81.25606536865234,81.33465136862648,81.24624024506221,81.3051759978561,5106600
2026-03-11,81.17748260498047,81.22660073051587,81.17748260498047,81.21677560653404,3976900
2026-03-12,81.03996276855469,81.16765940585174,81.01049489028414,81.148016651796,8506900
2026-03-13,81.08906555175781,81.14800129714723,81.06941530704634,81.1381761747915,7184000
2026-03-16,81.18730163574219,81.18730163574219,81.12835839064873,81.17747651249775,4785600
2026-03-17,81.19712829589844,81.21677104838594,81.18730317246802,81.18730317246802,3379600
2026-03-18,81.04978942871094,81.16766094402689,81.04978942871094,81.1381930651979,5624600
2026-03-19,81.0301284790039,81.06942147704486,80.91225697925415,80.9318997310881,12151300
2026-03-20,80.85332489013672,80.92208577260186,80.82385701113367,80.91226814251692,11512100
2026-03-23,80.97119903564453,81.03013479010967,80.88278790957317,80.90243815731066,8918100
2026-03-24,80.85332489013672,80.93191089706092,80.81403188667461,80.87297513905482,8547200
2026-03-25,80.94172668457031,80.97119456017413,80.9122588089665,80.94172668457031,5556000
2026-03-26,80.76490783691406,80.90242957900001,80.76490783691406,80.872961704892,7405900
2026-03-27,80.9319076538086,80.9319076538086,80.82385377221148,80.82385377221148,7966400
2026-03-30,81.03996276855469,81.07925577104007,81.01049489028414,81.02032001449895,5461200
2026-03-31,81.10871887207031,81.1578369958775,81.08907611917152,81.12836162496909,10879800
2026-04-01,81.10575866699219,81.1353149566299,81.07620237735448,81.10575866699219,7671800
2026-04-02,81.1451644897461,81.17472077753746,81.10575360040477,81.11560820195473,4735100
2026-04-06,81.06634521484375,81.09590150354798,81.04664352799387,81.0761998166981,3659700
2026-04-07,81.12545776367188,81.16486865421655,81.03678889759043,81.08605438998597,3130500
2026-04-08,81.20427703857422,81.26339713099601,81.17472075079259,81.26339713099601,6026600
2026-04-09,81.22399139404297,81.26340228587131,81.17472590004277,81.20428218969928,6123400
2026-04-10,81.1944351196289,81.24369309677932,81.18458051745522,81.23383849460564,5766600
2026-04-13,81.25354766845703,81.25354766845703,81.18458048698511,81.21413677663608,2919900
2026-04-14,81.31266784667969,81.31266784667969,81.23384605567165,81.24370065876258,3521000
2026-04-15,81.29296112060547,81.30280820622659,81.26340483002363,81.30280820622659,3072800
2026-04-16,81.26339721679688,81.31265519086541,81.26339721679688,81.31265519086541,2875600
2026-04-17,81.42103576660156,81.44074497032321,81.38162487601706,81.39147947787788,4856700
2026-04-20,81.38162994384766,81.41118623441187,81.36192825575792,81.41118623441187,1800400
2026-04-21,81.26339721679688,81.34221147867825,81.26339721679688,81.34221147867825,3375600
2026-04-22,81.30281829833984,81.33238210945069,81.29297121149642,81.33238210945069,2126000
2026-04-23,81.26339721679688,81.31265519086541,81.23383341212549,81.30280058930829,3086000
2026-04-24,81.3520736694336,81.37177535752724,81.27325188334052,81.29296108829341,3271800
2026-04-27,81.33236694335938,81.36192323209866,81.32251234149335,81.34221402836661,2376200
2026-04-28,81.28309631347656,81.31265260034777,81.27324171223339,81.3027979991046,4175900
2026-04-29,81.17472839355469,81.25355017963261,81.14517210299027,81.25355017963261,4900900
2026-04-30,81.26339721679688,81.27324430149545,81.23383341212549,81.25354261523975,4183200
2026-05-01,81.2762451171875,81.33553236677655,81.24660149239298,81.2663613958992,2999400
2026-05-04,81.17742919921875,81.23671644784206,81.12801813265247,81.23671644784206,4021000
2026-05-05,81.21695709228516,81.24660071679669,81.2070733710912,81.21695709228516,3736500
2026-05-06,81.3256607055664,81.33553688833334,81.29600954005313,81.31577698372865,2842000
2026-05-07,81.2564926147461,81.3849508469128,81.24660889255755,81.3849508469128,2564800
2026-05-08,81.3256607055664,81.35530433200886,81.31577698372865,81.35530433200886,1597900
2026-05-11,81.2466049194336,81.31577589322862,81.2466049194336,81.30589217152341,1694000
2026-05-12,81.18732452392578,81.20708442993428,81.17744080138586,81.20708442993428,3292000
2026-05-13,81.21695709228516,81.22683327440879,81.16754602538572,81.2070733710912,2667200
2026-05-14,81.18732452392578,81.25649550356256,81.17744080138586,81.24661178102264,2185600
2026-05-15,81.08849334716797,81.12802069385481,81.08849334716797,81.11813697241547,3543600
2026-05-18,81.12802124023438,81.16754858718743,81.08849389328132,81.13790496174028,3801000
2026-05-19,81.06873321533203,81.09837684049616,81.02920586875638,81.06873321533203,3046900
2026-05-20,81.17742919921875,81.2169565446577,81.06873088402916,81.06873088402916,6917100
2026-05-21,81.16754913330078,81.18731657644558,81.078618256361,81.09837816043519,5047200
2026-05-22,81.14778900146484,81.20707625259162,81.08849421126747,81.19719253104697,2721300
2026-05-26,81.2367172241211,81.2367172241211,81.187313696153,81.22683350289934,2783500
2026-05-27,81.2466049194336,81.2663648237733,81.23672119772839,81.2466049194336,2001600
2026-05-28,81.2861328125,81.32566016051528,81.2367217427132,81.24660546448472,2578700
2026-05-29,81.3256607055664,81.35530433200886,81.30589326189089,81.3256607055664,2520800
2026-06-01,81.27908325195312,81.2889886821692,81.20970743345507,81.24935183851069,2975600
2026-06-02,81.27908325195312,81.30881466539557,81.26917026033995,81.30881466539557,1890900
2026-06-03,81.23943328857422,81.25925170904752,81.21960730670432,81.23943328857422,3261700
2026-06-04,81.29889678955078,81.32862820120704,81.28898379853315,81.31872277158605,3010500
2026-06-05,81.13041687011719,81.19979268711604,81.13041687011719,81.18987969571707,5008100
2026-06-08,81.17005920410156,81.21960903703874,81.16014621295542,81.19979061614322,5010000
2026-06-09,81.20970153808594,81.2493459402636,81.18987555629883,81.20970153808594,3242100
2026-06-10,81.20970153808594,81.25925136976059,81.20970153808594,81.23943294937004,3446600
2026-06-11,81.35836029052734,81.36827328162755,81.20970323100786,81.22952165181155,4528000
2026-06-12,81.33854675292969,81.3583651749232,81.2989023475455,81.33854675292969,3966800
2026-06-15,81.37818908691406,81.41783349128913,81.35836310402804,81.40792049984611,3625900
2026-06-16,81.39800262451172,81.41782860620818,81.35835822251532,81.36827121336354,1766800
2026-06-17,81.15023040771484,81.39800224799885,81.15023040771484,81.3781838277906,5236600
2026-06-18,81.2592544555664,81.30881185051956,81.24934902569326,81.2592544555664,3044000
2026-06-22,81.17997741699219,81.2196142613328,81.17997741699219,81.19979583916249,2502000
2026-06-23,81.23943328857422,81.26916469998247,81.23943328857422,81.23943328857422,6606500
2026-06-24,81.33854675292969,81.3583651749232,81.30881533924085,81.31872833093618,3660400
2026-06-25,81.35836029052734,81.41783067573186,81.35836029052734,81.37818627272776,4011800
2026-06-26,81.45747375488281,81.47729217536441,81.42774234346211,81.42774234346211,2949000
2026-06-29,81.43765258789062,81.43765258789062,81.4079211747121,81.43765258789062,2234500
2026-06-30,81.37818908691406,81.41783349128913,81.36827609547105,81.41783349128913,3358800
2026-07-01,81.34637451171875,81.4060177755648,81.33644028722564,81.36625812745993,3433600
2026-07-02,81.44578552246094,81.47560336566025,81.42590190474257,81.43584371360176,3504900
2026-07-06,81.48554229736328,81.48554229736328,81.44578264670866,81.46565868034699,5755600
2026-07-07,81.36626434326172,81.4557178707982,81.36626434326172,81.44578364554619,3199600
2026-07-08,81.34637451171875,81.36625812745993,81.31655667148446,81.36625812745993,2179200
2026-07-09,81.41596221923828,81.44578006043791,81.38613679466093,81.39607860285338,2645800
2026-07-10,81.38613891601562,81.43584037489563,81.38613891601562,81.41596434137038,2173800
2026-07-13,81.29668426513672,81.37620356489322,81.29668426513672,81.37620356489322,2808500
2026-07-14,81.43583679199219,81.47559644067132,81.39607714331305,81.43583679199219,2766900
2026-07-15,81.50541687011719,81.53523471172922,81.47559902850516,81.47559902850516,5041100
2026-07-16,81.50541687011719,81.50541687011719,81.4656572201752,81.48554083683511,2730500
2026-07-17,81.49547576904297,81.59487110307161,81.49547576904297,81.56505326120082,4355400
2026-07-20,81.46566009521484,81.49547793787919,81.42590044386968,81.49547793787919,2909600
2026-07-21,81.39608001708984,81.43583966717273,81.38613820872466,81.42589785880755,1845000
2026-07-22,81.33644104003906,81.3960767210596,81.33644104003906,81.3960767210596,3168400
2026-07-23,81.27680206298828,81.29668567996235,81.26686783787919,81.28674387147531,3129200
2026-07-24,81.3563232421875,81.37620685962057,81.31656359069947,81.326505399416,2982800
2026-07-27,81.37620544433594,81.3960814780452,81.35632182724868,81.36626363579231,3070800
2026-07-28,81.44578552246094,81.47560336566025,81.40602587040244,81.41596767926163,2955500
2026-07-29,81.49547576904297,81.53523541933001,81.36626259314353,81.40602224343057,4820100
2026-07-30,81.5153579711914,81.54517581254473,81.50541616294771,81.52529219605735,3451100
2026-07-31,81.50541687011719,81.50541687011719,81.44578118689313,81.47559902850516,3142000
2026-08-03,81.52635192871094,81.53632426222984,81.50641486833486,81.53632426222984,4866900
2026-08-04,81.62606048583984,81.63602521275016,81.60611581869568,81.61608815226776,5719100
2026-08-05,81.65596771240234,81.65596771240234,81.59614131921968,81.60611365252706,5430100
2026-08-06,81.55626678466797,81.61608557088493,81.55626678466797,81.61608557088493,4636200
2026-08-07,81.6759033203125,81.69584798657266,81.64599392758367,81.69584798657266,2939600
2026-08-10,81.6160888671875,81.63602592784453,81.60611653352807,81.63602592784453,1629200
2026-08-11,81.62606048583984,81.6659422134664,81.62606048583984,81.64599754632223,2541600
2026-08-12,81.6759033203125,81.72575737930147,81.6759033203125,81.72575737930147,1930800
2026-08-13,81.78557586669922,81.80552053288669,81.76563880717313,81.76563880717313,1700600
2026-08-14,81.75566864013672,81.8354320936771,81.75566864013672,81.82545976031915,1945700
2026-08-17,81.75566864013672,81.79555036690691,81.75566864013672,81.76564097349467,2912500
2026-08-18,81.77560424804688,81.7955489144086,81.73573012864635,81.75566718834662,2401900
2026-08-19,81.81549072265625,81.81549072265625,81.74569959966249,81.79555366179885,6417400
2026-08-20,81.77560424804688,81.7955489144086,81.75566718834662,81.76563952152748,2248600
2026-08-21,81.75566864013672,81.78557803354896,81.73573158008243,81.77560570019101,2085000
2026-08-24,81.75566864013672,81.77560570019101,81.74569630677877,81.75566864013672,3585800
2026-08-25,81.83543395996094,81.8553710204699,81.79555223228122,81.79555223228122,1972100
2026-08-26,81.80552673339844,81.81549146058606,81.78558206569924,81.81549146058606,5500400
2026-08-27,81.7955551147461,81.82546450989443,81.7855827808093,81.81549217595764,3813100
2026-08-28,81.64599609375,81.84539712167341,81.63602376035534,81.80552300141804,5756100
2026-08-31,81.64599609375,81.67590548727235,81.64599609375,81.67590548727235,4603800
2026-09-01,81.58999633789062,81.66000366210938,81.58999633789062,81.62000274658203,9452400
2026-09-02,81.63999938964844,81.63999938964844,81.61000061035156,81.62999725341797,2705100
2026-09-03,81.70999908447266,81.73999786376953,81.69999694824219,81.7300033569336,3599400
2026-09-04,81.69000244140625,81.70999908447266,81.66999816894531,81.68000030517578,2477900
2026-09-08,81.66000366210938,81.69999694824219,81.6500015258789,81.69999694824219,4279800
2026-09-09,81.62999725341797,81.66999816894531,81.62000274658203,81.6500015258789,2610300
2026-09-10,81.41999816894531,81.5199966430664,81.41999816894531,81.5199966430664,6241200
2026-09-11,81.37000274658203,81.44999694824219,81.33999633789062,81.43000030517578,5934300
