Price,Close,High,Low,Open,Volume
Ticker,TLH,TLH,TLH,TLH,TLH
Date,,,,,
2020-01-02,116.42269897460938,116.76867468559077,116.31005828945788,116.34224835773769,182000
2020-01-03,117.72618103027344,117.72618103027344,117.00205148244032,117.1790601090049,122300
2020-01-06,117.42840576171875,118.08816701426669,117.31576509383399,118.08816701426669,142500
2020-01-07,117.09050750732422,117.51693385630156,117.0583297143643,117.35602033767296,75100
2020-01-08,116.54338073730469,117.41231605645669,116.28590932650958,117.17899333272214,98800
2020-01-09,116.76057434082031,116.81690079932967,116.02036266625532,116.07668912476467,93600
2020-01-10,117.39623260498047,117.42841039268279,116.94566991567278,116.94566991567278,129500
2020-01-13,117.11463928222656,117.16291210821156,116.80889501510293,117.05832507754876,54900
2020-01-14,117.58937072753906,117.58937072753908,117.21927077542416,117.21927077542416,57300
2020-01-15,118.10427856445312,118.13646863564688,117.79854654960259,117.99163786910502,48100
2020-01-16,117.75023651123047,117.95942280022794,117.54103794532185,117.86287717098466,145000
2020-01-17,117.2112045288086,117.24339460278927,116.80087316242562,116.88937745049834,94300
2020-01-21,118.08012390136719,118.1686281681,117.69392904512999,117.69392904512999,180400
2020-01-22,118.3536605834961,118.40193339376809,118.17665209455879,118.21687125184542,51100
2020-01-23,118.93306732177734,119.1824852535797,118.82846795285845,118.88478219056161,80300
2020-01-24,119.6490707397461,119.90652989880874,119.15022290177018,119.19045434825571,114200
2020-01-27,120.88008880615234,120.88813018547694,120.53411306455418,120.73525803990438,82600
2020-01-28,120.19615173339844,120.7674086787119,120.15592029608155,120.735218618094,48500
2020-01-29,121.10535430908203,121.20189995597191,120.45364663874858,120.45364663874858,65200
2020-01-30,121.24212646484375,121.8133712215688,121.10534937834741,121.40303996207983,142500
2020-01-31,122.1834945678711,122.22372601511377,121.66856396314134,121.66856396314134,86300
2020-02-03,122.13350677490234,122.2060344431448,121.27925922361939,121.77085613669647,165200
2020-02-04,120.93269348144531,121.23087092263177,120.67481328022784,121.23087092263177,24200
2020-02-05,120.11075592041016,120.44117629081066,120.04629505023377,120.26387815532743,131500
2020-02-06,120.40088653564453,120.50565697596619,120.03823570753116,120.1188302457786,51900
2020-02-07,121.25509643554688,121.46462493210649,121.09390742604496,121.21479918317141,24500
2020-02-10,121.52912902832031,121.84342800170484,121.44047996931452,121.65807534996475,34100
2020-02-11,121.12610626220703,121.41622915840476,121.04551178665582,121.39205327513749,59200
2020-02-12,120.68289947509766,120.739318085256,120.48142551937964,120.72319672564014,41700
2020-02-13,120.87637329101562,121.1826054795481,120.64265651089883,120.68295377957413,60000
2020-02-14,121.20671844482422,121.46461099283563,121.20671844482422,121.35984060808181,35900
2020-02-18,121.76280975341797,122.0368114107802,121.4565776704231,121.68222754083855,23600
2020-02-19,121.76280975341797,121.81922836951966,121.52103852168838,121.58551166994931,29100
2020-02-20,122.4559097290039,122.61708648933227,122.07713757888305,122.07713757888305,38000
2020-02-21,123.2054214477539,123.6808972793917,123.0120019226975,123.02005645819956,87400
2020-02-24,124.57542419433594,124.97837225591796,124.47065376328496,124.79301959074994,110900
2020-02-25,125.17171478271484,125.54241988509959,124.56729306200843,124.56729306200843,139100
2020-02-26,124.92996978759766,125.61497383626732,124.40613014179785,124.63984680904522,121200
2020-02-27,125.94547271728516,126.60631358551561,125.30075321820709,126.30812359270354,262200
2020-02-28,128.04075622558594,128.43563738258743,127.26709068022132,127.45244331099745,539100
2020-03-02,127.44833374023438,129.09470970832416,127.44833374023438,128.45713831864413,331600
2020-03-03,129.4739990234375,131.28984712605174,126.89954027991786,127.5693879466232,247400
2020-03-04,128.73956298828125,130.06311363440443,128.55393414506852,129.62730331456243,164200
2020-03-05,130.79763793945312,131.03167530065713,130.1197115636762,130.27305190683387,99000
2020-03-06,134.67950439453125,136.04341070190446,133.84825007367903,135.51882472202263,537500
2020-03-09,138.4080352783203,141.97516800425322,136.39849144076308,141.09549306788,469200
2020-03-10,133.54151916503906,138.96485369808633,133.4043232167176,137.32655600732303,455200
2020-03-11,131.67727661132812,135.76898249900003,131.66919829159636,135.1798439406355,323200
2020-03-12,131.16885375976562,136.1321691851649,129.29651817716714,134.59879058783392,445800
2020-03-13,128.89303588867188,131.62891526143628,127.40806518679652,129.7969214610607,444000
2020-03-16,135.4945831298828,135.51879345872916,131.27374750268544,132.88783510316745,493300
2020-03-17,128.52171325683594,134.66331649908366,128.52171325683594,134.08224403169416,221300
2020-03-18,122.041259765625,129.11904286919048,119.95908365718819,127.46459932375791,904500
2020-03-19,125.90696716308594,128.658990970717,122.80792024401191,124.91430619820646,424300
2020-03-20,131.1527099609375,132.02431891850003,128.9898380516077,128.9898380516077,157500
2020-03-23,135.46231079101562,135.50265313060848,130.5877591976841,130.65232418134872,173400
2020-03-24,133.46893310546875,135.15565201450653,131.6934265543622,133.21875144995286,137000
2020-03-25,133.62229919433594,134.94585104206288,132.42786504516795,133.92090157437002,55000
2020-03-26,133.4204559326172,134.40503781054286,133.19447239176426,133.9127407143259,95300
2020-03-27,135.85775756835938,136.2451474794285,134.37279985279628,134.88124141450467,175400
2020-03-30,135.09107971191406,137.81889207057114,135.09107971191406,136.4791962234012,353600
2020-03-31,135.26864624023438,135.9707705843011,134.82476957435313,135.35742157341062,612000
2020-04-01,136.72479248046875,137.64604183166207,135.83586225965084,137.3470436350413,179100
2020-04-02,137.00758361816406,137.75105903176407,136.36917925639816,137.08839991598364,167500
2020-04-03,136.82177734375,137.84000886043071,136.42580938134384,136.81370064297224,79600
2020-04-06,135.92483520507812,136.4743593912947,135.6258368326473,135.95716668530386,390900
2020-04-07,135.15708923339844,135.27830142144987,133.83178254371572,134.4297914434035,718600
2020-04-08,134.05804443359375,134.79343120686903,133.79136530710352,134.16310321001657,57200
2020-04-09,134.33282470703125,134.80153243910948,133.65401171471572,133.65401171471572,84000
2020-04-13,133.7186737060547,134.65608924994254,133.7186737060547,134.25203210145767,28400
2020-04-14,133.8560333251953,134.3247410329495,133.5327925830136,134.09847004725353,87200
2020-04-15,136.0055694580078,136.20759792947518,135.27825956222165,135.4883770642849,42600
2020-04-16,136.80563354492188,136.9187690281538,136.42583125401978,136.71674049875085,74500
2020-04-17,135.70664978027344,137.1451048044267,135.56119510224923,136.56326143063478,60700
2020-04-20,136.60365295410156,136.60365295410156,135.86018918469472,136.07838352565724,64900
2020-04-21,137.50868225097656,138.0662828881753,137.3713043496269,138.00163228797996,254000
2020-04-22,136.5147705078125,137.08853720292277,136.13496805404853,137.08046049738672,39300
2020-04-23,137.02383422851562,137.25010520557967,136.72483593686172,136.8460481278448,75200
2020-04-24,137.3794403076172,137.46833337987363,136.7652778371114,136.98345983468462,38500
2020-04-27,135.7632598876953,136.85421958699035,135.7066859439337,136.85421958699035,62300
2020-04-28,137.15313720703125,137.16121390958563,136.3530997437798,136.36926547973212,31300
2020-04-29,136.89454650878906,137.57337183779032,136.45009354411047,137.27436118579578,25100
2020-04-30,135.89248657226562,137.30668641956885,135.86824413277938,136.82990200188064,342800
2020-05-01,136.44667053222656,136.6408475357062,135.90460695248288,136.487125617763,102300
2020-05-04,136.17161560058594,136.46287497578558,135.94508190267072,136.4143338041124,94700
2020-05-05,136.08255004882812,136.13109119578579,135.44340437196175,135.44340437196175,46700
2020-05-06,134.8609619140625,134.86904799472725,134.12472118324524,134.6506003651654,68600
2020-05-07,136.50335693359375,136.55998419663752,134.86906720969534,134.95806349033248,46300
2020-05-08,135.3867950439453,136.1149494464149,135.21690099164573,135.6456976790875,90500
2020-05-11,134.5211639404297,135.37875762354759,134.33507297510295,135.16030998977706,29600
2020-05-12,135.37875366210938,135.6780991308107,134.61015627115444,134.61015627115444,44000
2020-05-13,135.9208526611328,136.4629164849688,135.72667557021487,135.8642130468451,68600
2020-05-14,136.6894989013672,137.19112014514766,136.50342017207075,136.81086425582308,42600
2020-05-15,136.3334503173828,137.23149920466997,136.187826773848,137.23149920466997,74900
2020-05-18,134.4644775390625,135.50816182425456,134.14086158661254,135.35443992603578,98300
2020-05-19,134.9418487548828,134.9418487548828,134.0438000678556,134.20562042924888,66600
2020-05-20,135.16835021972656,135.39488383678477,134.48873702339571,134.51300760056935,184600
2020-05-21,135.46774291992188,135.81562954444917,135.2573813840118,135.52437017140187,365400
2020-05-22,135.88845825195312,136.00172510391243,135.5082026035553,135.52437476443453,36000
2020-05-26,134.87716674804688,135.02279029292768,134.66680516744594,134.9499785204873,101900
2020-05-27,134.90135192871094,135.5243131587251,134.61817875495515,134.69099048129624,55800
2020-05-28,134.5858154296875,134.73143887514934,134.2379166236041,134.40782298846432,167400
2020-05-29,135.30596923828125,135.48396180837872,134.7477209361723,134.91761507888842,171100
2020-06-01,134.77943420410156,134.83613821789027,134.2934580650027,134.58504869214238,329200
2020-06-02,134.4554443359375,134.7713331385033,134.13146025712143,134.48783780013898,122100
2020-06-03,132.97317504882812,133.6373583873237,132.67348919858918,133.58065438365756,112500
2020-06-04,131.7014923095703,132.6491583554834,131.57189378383973,132.50335692423758,402700
2020-06-05,130.83482360839844,130.83482360839844,129.10957866793032,129.96815968094955,186000
2020-06-08,130.9968719482422,131.20747274508045,130.24360332349457,130.24360332349457,125300
2020-06-09,132.06602478027344,132.6410983610471,131.97692730673384,132.35761538829394,58100
2020-06-10,133.5887908935547,133.62929200021784,132.4872398912132,132.60873085200012,174400
2020-06-11,135.1844482421875,135.51654003887091,134.77946186356,135.02245616257719,239500
2020-06-12,134.4068603515625,135.09532967231962,134.27726176440768,134.50405311232785,63400
2020-06-15,134.41493225097656,135.39500440197764,134.18814094250018,135.29779929891677,204300
2020-06-16,133.21620178222656,133.93707694120687,132.47102843265606,132.79501254666002,1159600
2020-06-17,133.58065795898438,133.6778507002149,132.93267751264983,133.37006956658524,66800
2020-06-18,134.48785400390625,134.61745259472752,133.93707853171867,134.4311623449231,55300
2020-06-19,134.60931396484375,134.64981505633173,133.79934157187563,133.79934157187563,127300
2020-06-22,134.55264282226562,135.17632517772782,134.35825731037158,135.03863132040254,95600
2020-06-23,134.09097290039062,134.37445590860864,133.8722768272155,134.04237651950763,85700
2020-06-24,135.04681396484375,135.06301688771762,134.0829439807953,134.23684085007483,79800
2020-06-25,135.2086181640625,135.759405543251,135.1924276229038,135.67030813011132,275700
2020-06-26,136.15634155273438,136.2454389955079,135.55695763233106,135.62175689609325,68500
2020-06-29,136.02682495117188,136.22931813768744,135.8243317646563,135.97012092652994,96700
2020-06-30,135.54893493652344,136.3427047140285,135.33833412673462,136.3427047140285,126400
2020-07-01,135.3380889892578,135.53268379474443,134.67319041049063,135.00563969987422,220800
2020-07-02,135.44342041015625,135.56505447325316,134.68123719492291,134.88394826091618,181000
2020-07-06,135.0542449951172,135.10289368085327,134.3974629926722,134.76234050819673,97400
2020-07-07,136.28675842285156,136.35973146561346,135.2488783507718,135.3623960970147,47400
2020-07-08,135.913818359375,136.16517829910717,135.59758934285531,135.84894928258745,60100
2020-07-09,137.30029296875,137.478679738545,136.0110532554626,136.05158558018508,65300
2020-07-10,136.7732696533203,137.8111621882558,136.7165169615117,137.72196878183584,72800
2020-07-13,137.06521606445312,137.11387715122498,136.11652901883753,136.30303225351818,41500
2020-07-14,137.13006591796875,137.7219915185262,137.08953357677427,137.64900608485522,81000
2020-07-15,136.75706481933594,137.17059114635177,136.45704387855244,136.4732642362318,54300
2020-07-16,137.17056274414062,137.51923231325978,137.08136935413387,137.36516987847494,43900
2020-07-17,136.94354248046875,137.3003160801134,136.82192074082016,137.28409572399138,50500
2020-07-20,137.2030792236328,137.51119189085355,137.00847198182603,137.44632281025127,147800
2020-07-21,137.41390991210938,137.6166211720998,137.2598473749145,137.3895855507116,84200
2020-07-22,137.55169677734375,137.95711913431217,137.55169677734375,137.94901514127585,83400
2020-07-23,138.41921997070312,138.5002969678733,137.9489288461135,138.19217221012474,70300
2020-07-24,138.40310668945312,138.49230011608992,137.9652435505051,138.0544369771419,80800
2020-07-27,137.90032958984375,138.69495373286884,137.85978489047912,138.6706293877511,77600
2020-07-28,138.6949462890625,138.71927063287475,138.23275901162077,138.33817274981018,76400
2020-07-29,138.67872619628906,138.87333331965723,138.13546189595374,138.63818149902428,101400
2020-07-30,139.31935119628906,139.3842078886266,139.12474400174935,139.31935119628906,65200
2020-07-31,139.34364318847656,139.4895892711057,138.74361375737573,138.88955984000486,82500
2020-08-03,138.916748046875,138.9329848483732,138.37293285466683,138.57584952571693,188700
2020-08-04,139.87448120117188,139.87448120117188,139.41182537857094,139.44429897228707,89800
2020-08-05,138.9410858154297,139.3063457018087,138.77064276116587,138.99790842355077,87700
2020-08-06,139.38748168945312,140.1829237602082,139.20891407234873,139.6959189162785,132900
2020-08-07,138.69760131835938,139.74464584897083,138.60019289838257,139.5660781949053,85500
2020-08-10,138.356689453125,138.99790059623498,138.30797905531435,138.95731479058392,118200
2020-08-11,137.26095581054688,137.32589063260073,136.42494010231127,137.11484936466297,194700
2020-08-12,136.27069091796875,136.5060687582603,135.8242718570211,136.2382297067399,364200
2020-08-13,135.29672241210938,136.23825874404753,134.90712586908526,136.1408503195034,336500
2020-08-14,135.06942749023438,135.62135477461698,135.0450784856321,135.38597693511218,79100
2020-08-17,135.53204345703125,135.92165222169447,135.3210146649562,135.58074145635274,153600
2020-08-18,136.07589721679688,136.18953004262315,135.6863007261138,135.83240715077568,104700
2020-08-19,135.52395629882812,136.46549240987116,135.2723416658015,136.32751059127747,330800
2020-08-20,136.40872192382812,136.63598763951873,136.2950890659828,136.53859158566638,75400
2020-08-21,136.83883666992188,136.94435726611323,136.26256045621489,136.74955286969376,154200
2020-08-24,136.53858947753906,137.26097243091354,136.52235267379683,136.96065967947038,84600
2020-08-25,135.8242645263672,135.96224634047698,135.16681666529516,135.58888669877933,127800
2020-08-26,135.4427490234375,135.9378659527211,134.89082189442348,135.36970203019354,189200
2020-08-27,133.87628173828125,135.85675008709094,133.84380814089664,135.83240108157676,173700
2020-08-28,133.81944274902344,134.30644756976966,133.5759527236974,134.13599216699436,135800
2020-08-31,134.24964904785156,134.89898479693818,133.96557317234755,133.96557317234755,507000
2020-09-01,135.40338134765625,135.50088996631317,133.8758868303183,134.1927619459257,257500
2020-09-02,136.3134002685547,136.394642991886,135.08651488768058,135.18402351258536,314500
2020-09-03,136.5896453857422,137.4590156567075,136.43526809706287,136.48401620974252,151400
2020-09-04,134.71273803710938,135.8421145160169,134.53398673272505,135.5983616102394,225200
2020-09-08,135.26524353027344,136.07774501394508,135.25712297864067,135.57399806136107,162200
2020-09-09,134.98097229003906,135.59034883998223,134.6397229098066,135.52534718691925,202400
2020-09-10,135.3709259033203,136.12654662922284,134.16842670617746,134.44467434374653,252700
2020-09-11,135.72840881347656,135.77715693087768,135.4521612163424,135.56591095620894,152600
2020-09-14,135.66334533691406,136.09397004134138,135.54147509897658,135.90709821057519,80900
2020-09-15,135.54966735839844,135.6634171065789,135.2977938015555,135.4846657311821,85100
2020-09-16,135.34652709960938,136.02090496060558,134.91590221453095,135.9721568449803,236500
2020-09-17,135.53341674804688,136.11029845329762,135.3302913078279,136.06155033129193,87600
2020-09-18,135.1596221923828,135.60648807504361,135.0621135871468,135.52524536809997,192300
2020-09-21,135.630859375,136.30523705766976,135.5252426183374,135.94774683835212,142900
2020-09-22,135.630859375,135.92336038919666,135.40335996371238,135.630859375,107000
2020-09-23,135.79342651367188,135.8096676228673,135.20842424001157,135.695917869533,173800
2020-09-24,136.1671905517578,136.23219219154393,135.87468937161782,136.02094616058537,222000
2020-09-25,136.2565155029297,136.42714629353486,136.0940176628903,136.2158879434722,147200
2020-09-28,136.0696258544922,136.2808717792042,135.93150208858947,136.19149611917433,72000
2020-09-29,136.1671905517578,136.4190641573071,136.02094616058537,136.19969757054844,62900
2020-09-30,135.27337646484375,136.06150389574182,134.70461550810506,135.7364958636356,220500
2020-10-01,135.4514617919922,135.6303839558723,134.5812483213354,134.76831120788896,171300
2020-10-02,135.0448760986328,135.67110391952295,134.75209538844393,135.5978994347434,139000
2020-10-05,133.08482360839844,134.1827539727761,133.07669529512373,133.89810168285933,244400
2020-10-06,133.65415954589844,134.1909262291292,132.61316426246813,132.87341928814703,292100
2020-10-07,132.81643676757812,133.53212542485883,132.60498894139894,133.0929483271136,268200
2020-10-08,133.40200805664062,133.4752001085927,133.1254964761733,133.28002130338717,164200
2020-10-09,133.29640197753906,133.59732359833657,132.6376480776498,133.02803087063293,106900
2020-10-12,133.6378936767578,133.6378936767578,133.11738366137848,133.55656088444434,79100
2020-10-13,134.3291778564453,134.36984425414104,133.89814134208362,134.0445378918598,505700
2020-10-14,134.52432250976562,134.8415004464692,134.39419504608264,134.6463092509447,1751900
2020-10-15,134.3861083984375,135.23191235533506,134.24785257902357,135.13432293213506,709400
2020-10-16,134.10963439941406,134.71146502291361,133.9795192564693,134.31295404672042,159400
2020-10-19,133.77613830566406,133.84933036683861,133.2718973728553,133.5646780271943,111700
2020-10-20,132.83274841308594,133.31257963966445,132.6700952323389,133.08486270469018,287300
2020-10-21,132.50741577148438,132.9465929641361,132.25530150627068,132.51555649593703,296400
2020-10-22,131.40951538085938,132.3366521900594,131.40138706494838,132.18212732025228,167000
2020-10-23,131.9625244140625,132.10892095211648,131.23057895271637,131.23057895271637,303900
2020-10-26,132.8977813720703,133.15802391903338,132.58873171351476,132.67006448986288,232500
2020-10-27,133.50779724121094,133.5891176428065,133.14182440991922,133.2638112171349,157800
2020-10-28,133.59722900390625,134.0201247823943,133.23938456853796,133.98759911083442,396000
2020-10-29,132.48301696777344,133.61347319628018,132.03572387484522,133.50775546632082,445400
2020-10-30,131.47463989257812,132.51563565379772,131.39330705731322,132.3285850242664,316700
2020-11-02,132.06884765625,132.56540876911396,131.93859926768928,132.23978779771218,467400
2020-11-03,131.4257354736328,131.68623221403152,131.11641112086966,131.44201962519978,276600
2020-11-04,133.33872985839844,134.32370373357384,133.1108014035891,133.97367518553426,503800
2020-11-05,133.8922576904297,134.09576611268218,133.37127662631005,134.04692607872852,514800
2020-11-06,132.66310119628906,133.0945381550245,132.3781843724429,132.79334959697138,213200
2020-11-09,130.49778747558594,130.50593576506947,129.54536919398723,130.3594031872688,509900
2020-11-10,129.8953399658203,130.26978844420725,129.6185591178174,129.71625159053394,97000
2020-11-11,130.25350952148438,130.4000420258555,128.8289507471082,129.39063590839177,112500
2020-11-12,131.8652801513672,131.89783602334225,130.717490030906,130.96170254479458,390000
2020-11-13,131.6780242919922,131.94665677592928,131.6129001363866,131.8571126146169,424200
2020-11-16,131.4500732421875,131.767545682676,131.3768132377272,131.4500732421875,166400
2020-11-17,132.20718383789062,132.3618521904196,131.99552717814973,132.06879963330297,103600
2020-11-18,132.30494689941406,132.5328754289471,131.75140973374045,132.49217124413622,151700
2020-11-19,132.874755859375,133.24921693514935,132.74451986974108,132.81777994287992,77400
2020-11-20,133.76202392578125,133.7945798085595,133.14335036247758,133.15149864904856,87900
2020-11-23,133.2329864501953,133.39579081870107,132.98877368684813,133.27369064761604,132400
2020-11-24,132.3537139892578,132.85027495939255,132.23161392330928,132.80143493301313,170000
2020-11-25,132.22348022460938,132.8665737659928,132.06882426440222,132.49211282049725,111800
2020-11-27,133.10267639160156,133.15966472585376,132.6875235808537,132.72822775943794,66700
2020-11-30,132.86656188964844,133.19217035310422,132.81772186224674,132.99681024349744,213400
2020-12-01,131.37258911132812,132.13978249074387,130.87761670755137,132.1067902047386,334200
2020-12-02,130.51466369628906,130.9848761959551,130.06094104736758,130.9023765915431,360800
2020-12-03,131.3313446044922,131.53758101643004,130.7456402436848,130.91887178061648,390400
2020-12-04,129.82989501953125,130.26711502043182,129.42566729197557,130.09387096928901,466800
2020-12-07,130.7125701904297,130.9105615787258,130.4650841019759,130.57233101076113,240000
2020-12-08,131.19110107421875,131.6613261201763,131.1416063509961,131.29834803298198,168100
2020-12-09,130.90232849121094,131.1498146258354,130.33312674554267,130.67960229894985,225900
2020-12-10,131.71080017089844,131.73554752862557,130.91884696062246,131.16633312556303,151900
2020-12-11,132.12327575683594,132.45324892540398,131.8262948700569,132.0325312473293,116200
2020-12-14,131.7933349609375,132.04907872964282,131.0591337108871,131.306619965576,179700
2020-12-15,131.5293426513672,131.80982116455,131.20761433620524,131.4798479240611,327700
2020-12-16,131.22413635253906,131.46336509943444,130.39093302633546,130.78690349153348,205400
2020-12-17,130.94253540039062,131.9581149504209,130.57923987992575,131.7434334526847,170500
2020-12-18,130.5709991455078,131.30584238563557,130.50494426341223,131.11594247378608,306300
2020-12-21,130.94253540039062,131.18198590191494,130.61227361742954,131.07464515304684,377300
2020-12-22,131.45448303222656,131.48750417745393,131.0664184327251,131.33889012590797,150000
2020-12-23,130.7691650390625,130.7691650390625,130.0425739277613,130.7278791625239,256700
2020-12-24,131.03334045410156,131.2562740548437,130.81040685335944,130.96728558726397,79900
2020-12-28,131.1819610595703,131.26452019033638,130.46362228971088,130.63701788207064,165100
2020-12-29,131.0911865234375,131.15724141211163,130.6040332943011,130.6040332943011,214000
2020-12-30,131.24801635742188,131.2727853566013,130.79389704133706,130.79389704133706,192200
2020-12-31,131.46270751953125,131.80948616555236,131.17371901517402,131.17371901517402,129900
2021-01-04,131.38839721679688,131.7929659943434,130.61226820047972,130.72786107959,263500
2021-01-05,130.58750915527344,130.9755736930227,130.19944461752416,130.9590568236964,466700
2021-01-06,128.5563201904297,129.05172531741505,128.09394879120373,129.01043945705365,366100
2021-01-07,127.68946075439453,127.9454282360684,127.35094668907509,127.59863683475153,338900
2021-01-08,127.26823425292969,127.67281537487183,126.88842211818083,127.36731020170286,409400
2021-01-11,127.00411224365234,127.11970512721967,126.78117861152987,127.0619023860963,302700
2021-01-12,127.0371322631836,127.10318713873717,126.24448635521988,126.73989162253211,450400
2021-01-13,127.92059326171875,128.28388878874483,127.37566256985933,127.40868370928003,281000
2021-01-14,127.06197357177734,127.94544386153443,126.82253553548686,127.88764108802742,272900
2021-01-15,127.53257751464844,127.79678450101795,127.17753402206922,127.63990569722829,177100
2021-01-19,127.82156372070312,127.82156372070312,127.18579631724245,127.301389245264,262600
2021-01-20,127.84626770019531,127.9701253020821,127.42518209060711,127.51600595918627,204700
2021-01-21,127.26006317138672,127.4912489315398,126.9793268066188,127.21877730021387,187100
2021-01-22,127.51604461669922,127.56558263300063,127.202287048548,127.41696858409637,300400
2021-01-25,128.48211669921875,128.62247865857495,127.9702068946626,128.0527660832149,184900
2021-01-26,128.4738006591797,128.62241468386713,128.21783328552976,128.31692190066767,137500
2021-01-27,128.7958526611328,129.1921694559598,128.65549072543752,128.91969772242757,132000
2021-01-28,128.22608947753906,128.53158224038805,127.74720109875926,128.53158224038805,176100
2021-01-29,127.55733489990234,127.8628277434281,127.12798441266571,127.202291439683,513200
2021-02-01,127.64496612548828,127.88464614750256,127.34742491215586,127.42180706263416,257300
2021-02-02,127.04983520507812,127.14901136786125,126.7605545817415,126.90933143733056,179300
2021-02-03,126.24812316894531,126.80187774410719,126.18200152560172,126.66963445742,192500
2021-02-04,126.00845336914062,126.140684055036,125.68611821408098,125.90100411364908,190500
2021-02-05,125.15714263916016,126.09109356791649,125.11582764452628,125.80182554840579,218500
2021-02-08,125.42989349365234,125.83488386689663,125.11583142331006,125.2976628062838,183400
2021-02-09,125.44639587402344,126.0414779592028,125.42160183809196,125.80179807472787,1729500
2021-02-10,126.08281707763672,126.1406656296257,125.38855878529034,125.38855878529034,173300
2021-02-11,125.67779541015625,126.18196174672543,125.54555216515877,126.10757965069308,220400
2021-02-12,124.50421905517578,125.09930130468206,124.42983692684136,124.83481469982796,331800
2021-02-16,122.83467864990234,123.5041430092479,122.76029652362286,123.04130407495542,304000
2021-02-17,123.42144012451172,123.87601835988617,122.95860141627915,123.36357898027818,142000
2021-02-18,123.30577087402344,123.45453510269621,122.62803353519037,123.25618279779918,93900
2021-02-19,122.06604766845703,122.7437725576973,121.77676700619325,122.47929855088181,103100
2021-02-22,121.2064437866211,122.06601243635903,120.88410869582248,121.63622811149006,132100
2021-02-23,120.97504425048828,121.34698008757894,120.58658746037347,120.72710384098055,95400
2021-02-24,120.33860778808594,120.52869957715895,119.36332958703882,119.47903927752809,97300
2021-02-25,117.69380950927734,119.53691694943137,116.91690868656713,119.37987964533275,565700
2021-02-26,120.85104370117188,120.95021984007276,118.66081989103469,119.32201096558914,499900
2021-03-01,119.96084594726562,120.10148818282538,119.28244062108469,119.60510604976322,155100
2021-03-02,120.0601577758789,120.14289446944717,119.43967044565818,119.52240713922643,93000
2021-03-03,119.07563018798828,119.28245926505255,118.4055059981153,118.934987930446,108700
2021-03-04,118.25660705566406,119.23283433847543,117.78503065292391,118.93499993249384,283000
2021-03-05,118.17388916015625,118.35589980519275,117.53686452637683,117.65268833468657,132300
2021-03-08,117.46240234375,118.04152141438027,117.46240234375,118.04152141438027,142200
2021-03-09,118.67852783203125,118.80263285878563,118.24005117662622,118.52961694854079,76700
2021-03-10,118.79434204101562,118.87707871884984,118.34759680270695,118.67851826635452,59200
2021-03-11,118.23176574707031,118.50478161849672,117.98356835269686,118.28967131891258,87900
2021-03-12,116.15519714355469,116.44476288232016,115.95664932163021,116.42821302254505,91100
2021-03-15,116.70954895019531,116.91637808270178,116.43653298042497,116.4944385731256,41000
2021-03-16,116.52755737304688,116.9577529498896,116.10561779442162,116.86674761174008,161600
2021-03-17,115.84086608886719,116.03941398027258,115.15419184211008,115.70022379117216,114000
2021-03-18,114.91421508789062,115.1872309486507,114.25237222721053,114.39301446629722,55300
2021-03-19,115.30307006835938,115.31135131071902,114.7074013153381,114.75705089796075,36700
2021-03-22,116.28759765625,116.39515283388542,115.70847866868843,115.9649447471909,56800
2021-03-23,117.35482025146484,117.35482025146484,116.50268548655406,116.65986497690848,70000
2021-03-24,117.86776733398438,117.88431719649513,116.94117701492237,117.03218232296213,126800
2021-03-25,117.239013671875,118.10768580075099,117.09009015411138,118.00841187147294,93700
2021-03-26,116.70954895019531,117.1397444566379,116.50271981768886,116.5688940311043,38700
2021-03-29,115.94835662841797,116.86667808565517,115.73325896796206,116.86667808565517,28800
2021-03-30,116.27935791015625,116.42000022606985,115.6257706860192,115.7829628696433,44600
2021-03-31,115.95667266845703,116.45305494705451,115.7084752172349,116.28759418752202,82400
2021-04-01,117.30504608154297,117.31332403144435,116.5430576335982,116.66729007257615,59700
2021-04-05,116.74185943603516,116.75015002615137,116.22834837261661,116.66731995355724,75900
2021-04-06,117.3796157836914,117.52041679683603,116.95721274425755,116.99033719048788,55100
2021-04-07,116.9903335571289,117.57839672373508,116.86610109000507,117.25537967111882,115600
2021-04-08,117.64461517333984,117.65290576106577,117.27190523031355,117.27190523031355,32500
2021-04-09,117.5783462524414,117.89307258008816,117.27188523492923,117.4209767695736,42100
2021-04-12,117.33818054199219,117.4292885510554,117.17253306317522,117.41272001174595,28700
2021-04-13,117.99256134033203,118.16648685259189,117.36308292770025,117.36308292770025,70000
2021-04-14,117.69435119628906,117.80201512172579,117.46244216567936,117.71919768970479,65500
2021-04-15,119.1437759399414,119.69041137346075,118.63025230989976,118.63025230989976,55800
2021-04-16,118.65507507324219,118.95324554012463,118.323780171413,118.34034870793158,92400
2021-04-19,118.40663146972656,118.68823345063754,118.19127837060067,118.2658178411784,33900
2021-04-20,118.92839050292969,119.04434497404131,118.1084312565294,118.1084312565294,70100
2021-04-21,119.05266571044922,119.14377372068756,118.70480220901904,118.96155770021089,17300
2021-04-22,119.40052032470703,119.48333773997321,118.70479337363072,119.30112173305916,39200
2021-04-23,119.25973510742188,119.49164412176616,118.87045655375253,119.49164412176616,38800
2021-04-26,119.31771850585938,119.58276462885,119.24317902305378,119.30114996364877,52800
2021-04-27,118.39008331298828,119.14379401350696,118.26583820254194,119.02783949328061,102100
2021-04-28,118.52265167236328,118.53092962765209,117.88489524833419,118.30729845385753,26800
2021-04-29,118.2326889038086,118.23268890380858,117.3795924047269,117.54523987907527,120700
2021-04-30,118.18302154541016,118.4646235766582,117.99252754051824,118.33210051321386,504400
2021-05-03,118.50055694580078,119.24689417961116,118.36788573720676,118.55032288413177,875200
2021-05-04,118.90694427490234,119.56205054487644,118.83231431758274,119.10597014785586,142400
2021-05-05,119.06449890136719,119.23034746050203,118.6913364799553,118.69962447921014,54400
2021-05-06,119.33815002441406,119.47083392787708,118.8488923655069,118.89864566594716,54000
2021-05-07,118.91523742675781,119.79425891364488,118.74938885216154,119.47913776450734,45800
2021-05-10,118.2352523803711,119.03133058570494,118.12744511474747,118.83231736108894,90600
2021-05-11,117.64643096923828,117.90349805624007,117.55521239126054,117.77911483782958,48900
2021-05-12,116.57672119140625,117.28988131426554,116.5020912450848,117.13232076974285,76000
2021-05-13,116.8255615234375,117.14897078032514,116.68458955540335,116.750918884587,30900
2021-05-14,117.49720764160156,117.49720764160156,116.99964930638905,117.21526382325038,19400
2021-05-17,116.70111083984375,117.43085965307851,116.70111083984375,117.29817575004793,43600
2021-05-18,117.04943084716797,117.04943084716797,116.17872253064053,116.17872253064053,23300
2021-05-19,116.66793060302734,117.50547390381767,116.23671430250864,116.97475101603763,72900
2021-05-20,117.46401977539062,117.55523837352966,116.99963878611295,117.0659807350716,38200
2021-05-21,117.7542953491211,117.7542953491211,117.36454420435261,117.7294186933645,139300
2021-05-24,118.06940460205078,118.3264717878637,117.92013202915085,117.99476198888331,568900
2021-05-25,118.96497344970703,118.99813809490634,118.34303196140613,118.34303196140613,47600
2021-05-26,118.82398986816406,119.17228823943933,118.59179938960195,119.03130369926825,54700
2021-05-27,118.36796569824219,118.37625370018138,117.94503718402015,118.26844640778155,27600
2021-05-28,118.2518310546875,118.6581581229465,118.16890044913912,118.26011905386879,143100
2021-06-01,118.04838562011719,118.08990478458306,117.41733739779444,117.88232163212385,211900
2021-06-02,118.24769592285156,118.40546118047568,118.13144983879266,118.19787798252246,50500
2021-06-03,117.93218231201172,118.20619369297155,117.82423497924353,118.20619369297155,19200
2021-06-04,119.16936492919922,119.17766369590046,118.42205782028367,118.43866802355899,19400
2021-06-07,118.97836303710938,119.07801157329604,118.89533737180344,119.04479117127678,74500
2021-06-08,119.57624053955078,119.7506160293791,119.49321484857897,119.7506160293791,33600
2021-06-09,120.31515502929688,120.61407518850704,120.05775402245104,120.41480352894457,15900
2021-06-10,120.99604797363281,121.02095693402636,119.71732888071327,119.80866595877895,23300
2021-06-11,120.77191925048828,120.8466461716338,120.49790786974668,120.805139662025,33100
2021-06-14,120.08272552490234,120.63074821386931,119.9000512952467,120.63074821386931,23300
2021-06-15,120.02457427978516,120.02457427978516,119.74226424968855,119.80038094065225,31800
2021-06-16,119.57624053955078,120.36506695797054,119.30222915260627,120.24882085471,50200
2021-06-17,120.93795013427734,122.00077495425339,120.09101992046196,120.20726598921337,33800
2021-06-18,122.76472473144531,122.7813222671895,121.64377024485685,121.71019839745743,27000
2021-06-21,121.41949462890625,121.9924259711485,121.27004088912098,121.9924259711485,17800
2021-06-22,121.6105728149414,121.65207932769586,120.63907208692405,120.63907208692405,31800
2021-06-23,121.3697509765625,121.56903542140911,121.07914208143586,121.3282318001519,31600
2021-06-24,121.50260925292969,121.70189370102351,121.39466192647795,121.43618110356508,23700
2021-06-25,120.61416625976562,121.42790171695522,120.23222017730001,121.40299274070208,16000
2021-06-28,121.4610824584961,121.66036689409194,121.10404543166091,121.10404543166091,27300
2021-06-29,121.62715148925781,121.63546292642025,121.31163362392819,121.3863605391478,106000
2021-06-30,122.0173568725586,122.52386019825762,122.0173568725586,122.03396706992187,44200
2021-07-01,122.01654052734375,122.18283105935966,121.66735324524599,121.99992162309132,131000
2021-07-02,122.54862976074219,122.63177502167183,122.05810570534007,122.19113304835322,32300
2021-07-06,123.8456802368164,124.01195814352943,123.13067382037838,123.1722337824133,86000
2021-07-07,124.77684783935547,125.0512120968038,124.30294248025622,124.4027193741773,37300
2021-07-08,125.30067443847656,125.79950831912181,124.97642797588884,125.37549761764407,227300
2021-07-09,123.88719940185547,124.15325411393536,123.88719940185547,124.09504988834779,38500
2021-07-12,123.75413513183594,124.28623165654662,123.69593092957638,124.26960007216077,178500
2021-07-13,123.01423645019531,124.35279407914805,122.773122783672,124.09504882171596,80900
2021-07-14,124.13660430908203,124.17817693751819,123.4382298216209,123.67102131744127,90600
2021-07-15,125.1759033203125,125.30062125218123,124.26136858422409,124.87659804449325,35800
2021-07-16,125.0179443359375,125.04288538695874,124.44427479006725,124.44427479006725,86200
2021-07-19,127.14627075195312,127.45389804351186,126.73056985336774,126.7804646175931,108000
2021-07-20,126.38973236083984,128.0192731349137,126.27333659126315,127.97770049873901,150900
2021-07-21,125.08441162109375,125.35046631485432,124.60219700329225,125.35046631485432,155300
2021-07-22,125.94906616210938,126.1153439887183,124.99294645828442,124.99294645828442,161800
2021-07-23,125.35051727294922,125.40870883199938,124.85998031768598,124.85998031768598,1035900
2021-07-26,125.0927734375,125.65812081178551,124.95974604842456,125.64981135728956,257400
2021-07-27,126.13202667236328,126.19021822646611,125.80778033896144,126.00730873724558,148200
2021-07-28,126.17359924316406,126.17359924316406,125.22580119800485,125.55836970537122,158100
2021-07-29,125.541748046875,125.69971651460556,125.31726587240566,125.50017539438922,61500
2021-07-30,126.08207702636719,126.17353173118413,125.79109401008392,125.82434449993345,56100
2021-08-02,127.03617858886719,127.46073789855556,126.12876769554255,126.27028746543867,249900
2021-08-03,127.14431762695312,127.45234301871938,126.97782462477241,127.14431762695312,172300
2021-08-04,127.48564910888672,127.90188800668282,126.6365182006538,127.79366182842284,111800
2021-08-05,126.8363265991211,127.25256552695981,126.73643332127307,127.25256552695981,67800
2021-08-06,125.088134765625,125.79574611871426,125.088134765625,125.53767998132581,56000
2021-08-09,124.78008270263672,125.70413346335219,124.78008270263672,125.47936092625878,98200
2021-08-10,124.42221069335938,125.04656941026128,124.3556109059099,125.04656941026128,2196900
2021-08-11,124.34725189208984,124.75517074111423,123.97263928110434,124.33893168388411,125200
2021-08-12,124.2140884399414,124.3556082217379,123.8228226362527,124.08920907769013,41400
2021-08-13,125.61253356933594,125.61253356933594,124.58025686268684,124.58025686268684,135700
2021-08-16,125.99552154541016,126.60322678959956,125.89561557050266,126.11206793063283,105400
2021-08-17,126.07878112792969,126.33684725620759,125.8040618841678,125.85400852801446,99300
2021-08-18,126.17869567871094,126.2119892093324,125.60428383029338,125.82072353584815,54300
2021-08-19,126.96121978759766,126.99452602225875,126.52000744788799,126.84467337149711,61800
2021-08-20,126.96955108642578,127.16101747417427,126.703152022944,127.06112417667184,26600
2021-08-23,126.92793273925781,126.95290606522599,126.69483989514991,126.86965317692719,71900
2021-08-24,126.2120590209961,126.61997803672634,126.19540589517096,126.26200569585833,28000
2021-08-25,125.26302337646484,126.17042176581681,125.06322399149246,126.15376864141611,59900
2021-08-26,125.36283874511719,125.5043584579714,124.92162649251163,125.12974595893327,29000
2021-08-27,126.05382537841797,126.05382537841797,125.35454686187198,125.46277307369708,43600
2021-08-30,126.42008209228516,126.42840229753732,125.81237684118814,125.92892322773557,48700
2021-08-31,125.81243133544922,126.48673662844169,125.56268534107191,126.2786170835621,41900
2021-09-01,126.01412963867188,126.27254118203014,125.73904269004963,126.27254118203014,120200
2021-09-02,126.28914642333984,126.3391598917378,125.90568863295508,126.25580835094132,57400
2021-09-03,125.48895263671875,125.60565502518884,125.3805943100292,125.54731019075697,297900
2021-09-07,124.66374206542969,125.02218068080748,124.44699990765687,124.90547825724143,47600
2021-09-08,125.41392517089844,125.56397835863055,124.99712913329519,125.14718232102729,159800
2021-09-09,126.43089294433594,126.60595285518897,125.3472208361513,125.50560534606497,38700
2021-09-10,125.6390609741211,126.07253262994237,125.50568312315886,125.99749963901864,33500
2021-09-13,126.14750671386719,126.24753370565921,125.98079082101138,125.99745350657186,21100
2021-09-14,127.22285461425781,127.57296185901926,126.34759286215882,126.3892623020803,44600
2021-09-15,126.79773712158203,127.3312357346975,126.52265011049919,127.2645468181068,31900
2021-09-16,126.29747009277344,126.58923226684611,126.02238331368766,126.16410509167692,52800
2021-09-17,125.73902893066406,125.8057178248149,125.40559717951581,125.7890424213757,34900
2021-09-20,126.88106536865234,127.13947689720577,126.4392498319176,126.61430977814132,126600
2021-09-21,126.84774780273438,126.95611887973088,126.62267430420702,126.81440970498699,90600
2021-09-22,127.481201171875,127.48954523129066,126.8810267152772,126.93104019336012,59900
2021-09-23,125.28890991210938,126.63099385976781,125.14720076479233,126.5809803630215,68700
2021-09-24,124.37195587158203,124.8054273846544,124.22191537836916,124.8054273846544,25700
2021-09-27,123.84684753417969,124.10525918176981,123.58842316697707,123.62177399095724,65800
2021-09-28,122.41299438476562,122.97149951710516,122.23793446228073,122.53802810110847,41200
2021-09-29,122.54640197753906,123.28829863109311,122.20463879437614,122.90485328814661,87000
2021-09-30,122.5964126586914,122.66308884236095,122.12125899269378,122.31298163986109,67400
2021-10-01,123.35517120361328,123.40525246747352,122.72078729997986,122.97954898781926,136600
2021-10-04,123.15479278564453,123.4636483723027,122.65396757540962,123.0212470383514,36600
2021-10-05,122.34514617919922,122.90440810062415,122.1114124225646,122.83762884684859,50600
2021-10-06,122.69572448730469,122.86266624894007,122.503729361426,122.64563049565808,41100
2021-10-07,121.64397430419922,122.01125384338397,121.55215441940302,121.91943395858777,45200
2021-10-08,121.06802368164062,121.35183872538266,120.82596000501192,121.35183872538266,37500
2021-10-11,120.4836654663086,120.99284595222043,120.4836654663086,120.78416563400798,28100
2021-10-12,122.34514617919922,122.35348880960603,121.3518254766533,121.44364535848966,109800
2021-10-13,123.24665832519531,123.33013559292257,122.67071103051134,122.67071103051134,42000
2021-10-14,123.53880310058594,123.57218636207855,122.96284312931695,123.15482554079279,86000
2021-10-15,122.73748779296875,122.82930770038654,122.49542407532762,122.82930770038654,54100
2021-10-18,122.93778228759766,123.13812003414155,122.27835790258801,122.43694428965762,79800
2021-10-19,121.66065216064453,122.34512986795814,121.61057091119986,122.2699952569525,95600
2021-10-20,121.15148162841797,121.7107435217444,121.04296375437981,121.41859863009967,43900
2021-10-21,120.75080871582031,121.31841319143757,120.75080871582031,121.21825069264361,201100
2021-10-22,121.8443603515625,122.05304083271035,121.38526074566803,121.41030138445812,39600
2021-10-25,121.7691879272461,121.98621095235767,121.61893141998388,121.61893141998388,62100
2021-10-26,122.4703369140625,122.4703369140625,121.74413330017848,122.15313867496877,44300
2021-10-27,124.2065658569336,124.50706611634968,123.16316394741104,123.45530883997353,64400
2021-10-28,123.26329803466797,123.89768166412838,123.2382574135601,123.53041497560085,83200
2021-10-29,123.38859558105469,123.67239796609321,122.66237887753876,122.70411751930212,82900
2021-11-01,123.02743530273438,123.1026758003433,122.38380316333068,122.40887907760414,356000
2021-11-02,123.48722076416016,123.76306866331792,123.05256294257148,123.05256294257148,69700
2021-11-03,122.51753234863281,124.16423908776305,122.51753234863281,124.06393544501861,69000
2021-11-04,123.72957611083984,123.97198082190955,122.88531130499265,122.88531130499265,86200
2021-11-05,125.09212493896484,125.33454249068107,124.49864452849677,124.80792269297194,69900
2021-11-08,124.75772094726562,124.94997383031676,124.63234140501176,124.89146762886016,43800
2021-11-09,125.74407196044922,126.21218533834141,125.61033803583682,125.75243909965243,28600
2021-11-10,124.01383209228516,125.7775774436619,123.27823774523387,125.73577999125368,65800
2021-11-11,123.68779754638672,124.1057464432104,123.65435449195947,124.01379717571767,25300
2021-11-12,123.6209487915039,124.222796343074,123.31167062784368,124.02217624095375,48000
2021-11-15,122.31695556640625,123.4287014342166,122.17485443733457,123.4287014342166,30300
2021-11-16,122.09957122802734,122.90202579891977,122.00762197982243,122.44227955789523,93200
2021-11-17,122.75994110107422,122.86024474711218,121.73179046482382,121.73179046482382,30400
2021-11-18,123.19462585449219,123.21970176892515,122.62620869950507,122.62620869950507,33000
2021-11-19,124.18097686767578,124.3815969342113,123.76302796181807,123.76302796181807,144000
2021-11-22,122.88531494140625,123.55403564505048,122.51753067144915,123.44536486370717,31000
2021-11-23,121.39745330810547,122.4088954197252,121.39745330810547,122.37545235970342,151000
2021-11-24,122.67638397216797,122.71818142247338,121.50613189236287,121.61480271219872,34400
2021-11-26,124.90824890136719,125.10051465080518,124.08907232198183,124.15594570159595,38400
2021-11-29,124.46517181396484,124.59891851719945,123.62091966502327,123.6543499634381,82000
2021-11-30,126.06173706054688,126.06173706054688,125.21748492862916,125.47661118917878,71600
2021-12-01,126.27349090576172,126.27349090576172,124.78358862046113,125.23557613888744,253700
2021-12-02,126.24005889892578,126.57486363701898,125.64576580103098,126.55811956851969,55600
2021-12-03,127.33657836914062,127.77182204011486,125.6123094403243,125.75460211414094,54600
2021-12-06,126.11454772949219,127.37008515494647,125.93040121866659,127.2194267944458,61400
2021-12-07,125.55370330810547,126.21494719252223,125.361191205855,125.81317891809158,78200
2021-12-08,124.34000396728516,125.23561362684292,124.32325989952307,125.19377261541,58700
2021-12-09,124.80034637451172,125.24396829621973,124.39856545630217,124.80034637451172,45400
2021-12-10,124.84215545654297,125.60385055074411,124.80031446374302,125.41133855914657,46700
2021-12-13,126.07263946533203,126.17309110092543,125.53694423943321,125.63739587502661,62600
2021-12-14,125.83824920654297,126.02239560211932,125.01796884478054,125.6708468756497,96000
2021-12-15,125.17700958251953,125.87174141160203,124.98449753435774,125.05982666990197,44200
2021-12-16,125.0630111694336,125.60786441279122,124.96242838801233,124.96242838801233,38500
2021-12-17,126.02696990966797,126.25328115623047,125.76710975388576,125.96828809666759,60000
2021-12-20,125.39828491210938,126.23650870753715,125.29768935926758,126.06047608277409,56400
2021-12-21,125.0378189086914,125.05458696277783,124.04872115231271,124.57679334839722,60700
2021-12-22,125.46536254882812,125.60787188469553,125.07978667025529,125.60787188469553,34700
2021-12-23,124.7529067993164,125.33128353253561,124.44276794422795,125.33128353253561,87700
2021-12-27,124.76960754394531,124.94562736499563,124.58519729980176,124.64386631005884,82000
2021-12-28,124.52653503417969,125.34799083859707,124.39241614643939,125.26417612647022,48200
2021-12-29,123.37816619873047,123.83919185810973,123.19375593497877,123.61286784527256,93200
2021-12-30,124.12419128417969,124.1409593427341,123.31949074722198,123.83080781574233,91500
2021-12-31,124.39244842529297,124.97082508726119,123.95658111245454,124.09907767129992,48100
2022-01-03,122.11248016357422,123.50393523257554,122.11248016357422,123.28600157212226,362800
2022-01-04,121.65145874023438,121.65145874023438,121.11499586747102,121.4502803665917,67000
2022-01-05,121.19043731689453,121.902920100704,121.00602699866519,121.902920100704,42500
2022-01-06,121.14012908935547,121.20718854033002,120.5282163955687,120.87189128545731,55000
2022-01-07,120.31866455078125,121.04792811131492,119.94985674314515,120.93057726563913,43900
2022-01-10,120.49470520019531,120.64557938737066,119.82412341319835,119.94986469279489,78800
2022-01-11,121.02276611328125,121.03952138163305,120.48630334955622,120.5617404279829,97800
2022-01-12,120.73779296875,121.28264630445723,120.71264726913262,121.22396447849358,37800
2022-01-13,121.3831787109375,121.46700620171768,120.77965659010232,120.98921252677344,81600
2022-01-14,120.04200744628906,120.8550725716579,119.84920680918906,120.8550725716579,60200
2022-01-18,118.60032653808594,119.32957737545313,118.55841277714073,119.2206041550524,74100
2022-01-19,119.34634399414062,119.78221128990266,118.9020862721206,118.96913294048096,42200
2022-01-20,119.80735778808594,119.90795337186604,119.36310006309951,119.45530522056559,55300
2022-01-21,120.97250366210938,121.29102011063249,120.41927270742848,120.7964709800621,59800
2022-01-24,120.31025695800781,121.52567886921115,120.31025695800783,121.52567886921115,87600
2022-01-25,120.15941619873047,121.06468686842403,119.8408869840303,120.61205153357726,110600
2022-01-26,118.9690933227539,120.27673314543655,118.84336487359195,120.07555483649776,120600
2022-01-27,120.51979064941406,120.83831971681667,119.94980472909083,120.00847373134651,4459400
2022-01-28,120.67909240722656,120.94731739650312,119.81572283848182,120.02527880740591,1345300
2022-01-31,120.34384155273438,120.63721231691888,119.94987519800573,120.03368993479349,254100
2022-02-01,119.98713684082031,120.38999995174972,119.53390463508575,120.23052983516857,402700
2022-02-02,120.5158462524414,121.33837467619107,120.21369582891315,120.21369582891315,278900
2022-02-03,119.75213623046875,119.95357421749439,119.15623632988363,119.3744512107362,199500
2022-02-04,118.24137878417969,118.90442458305151,118.14065340206687,118.8624567410701,123700
2022-02-07,118.4176025390625,118.5267163454316,118.0650957878525,118.33367967836571,114400
2022-02-08,117.78811645507812,118.01473249838645,117.56151321855383,117.84687398018119,117000
2022-02-09,117.98114013671875,118.58542810885446,117.87202636067559,118.13220892805737,115800
2022-02-10,116.45361328125,117.55310120260393,116.3025444707355,117.4943564896648,95800
2022-02-11,118.03993225097656,118.16582296098731,116.08434877916243,116.85650834972995,319200
2022-02-14,116.84812927246094,117.58672231516793,116.4956224493837,117.21742579381443,160700
2022-02-15,115.93327331542969,116.37810420781399,115.83254794637912,116.21024566844389,153600
2022-02-16,116.31094360351562,116.57112622783671,115.57235075502942,116.51238150949841,64000
2022-02-17,117.1502685546875,117.52795348550711,116.33614115811899,116.82293990707237,131800
2022-02-18,117.87208557128906,117.93083030628065,117.25099479019305,117.41046491012227,105500
2022-02-22,118.0063705444336,118.03154868747707,117.41045794323527,117.41045794323527,100500
2022-02-23,116.84812927246094,117.502786630574,116.72223855235741,117.42725219851188,53400
2022-02-24,116.6383056640625,118.34209508650964,116.48722398952883,118.26656065263667,76900
2022-02-25,116.89844512939453,117.06630363373858,116.4200477516748,116.5627281207064,89900
2022-02-28,119.1897964477539,119.19819770100004,117.89727131990989,117.89727131990989,213300
2022-03-01,120.23281860351562,120.91361753713366,119.35869657583237,119.35869657583237,137700
2022-03-02,117.19863891601562,119.41754546929056,117.0389427948621,119.17379470807596,178000
2022-03-03,118.10639190673828,118.50142568613796,117.3247246831609,117.74497229316572,67100
2022-03-04,119.89662170410156,120.3168692569725,119.29146420197242,119.8630075428444,109400
2022-03-07,118.93011474609375,119.98913447243612,118.72839120657648,118.87127390438066,90400
2022-03-08,118.0223159790039,118.19882558636002,117.6188819371089,117.77857805211276,112500
2022-03-09,117.15663146972656,117.73657523968863,116.80362500647566,117.375155616042,106600
2022-03-10,115.93792724609375,116.30774724128717,115.55129375340766,116.04719574238477,119900
2022-03-11,116.1900634765625,116.56828375942487,115.71097504664807,115.77821620303638,272700
2022-03-14,113.90387725830078,114.86204097184371,113.90387725830078,114.63510374826028,109400
2022-03-15,113.85344696044922,114.81161065165917,113.61809658503738,114.71074254078705,119900
2022-03-16,114.24010467529297,114.50906929203884,112.79445192263093,113.91231206422069,84800
2022-03-17,113.60972595214844,114.63513104368458,113.21469221237936,114.39979343168658,143700
2022-03-18,114.5258560180664,114.71076596333123,113.94592518057644,113.94592518057644,57200
2022-03-21,112.3321762084961,113.33236752941843,112.1808932313509,113.1222437334243,70000
2022-03-22,111.3572006225586,111.66817970615551,111.13866368819322,111.47486942377938,164700
2022-03-23,113.14740753173828,113.14740753173828,111.45801757593308,111.7353824029936,93500
2022-03-24,112.43304443359375,112.88690619029933,111.86991419891106,111.86991419891106,61800
2022-03-25,110.86126708984375,111.58409318365264,110.29813707169193,111.57569285201473,110600
2022-03-28,111.42448425292969,112.10528349277368,111.03785071582666,111.26478807075544,90800
2022-03-29,112.29013061523438,112.60950997574851,111.53367746416,112.02116607486967,124800
2022-03-30,113.00457000732422,113.04659732968348,111.73542695167875,111.73542695167875,95400
2022-03-31,113.13903045654297,113.60970559620608,112.98773469025944,113.04657549518517,121700
2022-04-01,113.24678802490234,113.72653361498428,111.67285518321283,111.79070140285121,104600
2022-04-04,112.69969940185547,113.11212266027279,112.27886406003692,113.11212266027279,64100
2022-04-05,110.69651794433594,112.23677664224361,110.49451238230952,112.19469054479556,423900
2022-04-06,109.77911376953125,110.30937047112866,109.08895040760665,109.08895040760665,83000
2022-04-07,108.97952270507812,109.23202649307198,108.424029782943,108.7859420328625,65400
2022-04-08,107.85166931152344,108.48292225649712,107.45608310524334,108.17992032919479,136000
2022-04-11,106.76588439941406,107.3634695873395,106.39555380579432,107.27930383521843,89300
2022-04-12,106.85851287841797,107.49818441786067,106.63967669518584,107.44768622997553,223800
2022-04-13,106.93424987792969,107.83483072124889,106.90058228411935,106.96791105030307,519100
2022-04-14,105.36878204345703,106.88378581084642,105.24253012414808,106.88378581084642,101100
2022-04-18,104.89740753173828,105.46133172997263,104.6028240976978,105.46133172997263,118500
2022-04-19,103.97999572753906,104.52708294935313,103.78640864728942,104.13149670555777,120800
2022-04-20,105.97476959228516,105.97476959228516,104.6449282363056,104.67859583763351,1303400
2022-04-21,105.00679779052734,105.28454413400638,104.08096166224807,105.28454413400638,214500
2022-04-22,104.71224212646484,105.47815903110987,104.51023655961241,104.64490693751404,150700
2022-04-25,105.52027130126953,106.33668658940086,105.51185279520341,105.80643629313107,140300
2022-04-26,106.55548858642578,106.98474235784086,106.09257364443077,106.62282377045885,151900
2022-04-27,105.50341796875,106.42925442820672,105.3687539997166,106.4040053353528,2410000
2022-04-28,105.46974182128906,105.46974182128906,104.77116009702297,104.91424255922132,100700
2022-04-29,104.31664276123047,105.40239846573229,104.15672331300142,104.22405849345957,88300
2022-05-02,103.02818298339844,103.54256548746055,102.7836399541328,103.40764253332203,159200
2022-05-03,103.51725769042969,104.52071970950485,103.51725769042969,104.28461099913422,90800
2022-05-04,103.89672088623047,104.22558752070162,103.03660963457055,103.2980147969758,109200
2022-05-05,101.69586181640625,102.43792529976082,101.00439766458678,102.43792529976082,124600
2022-05-06,100.65864562988281,101.52719115839857,100.35507544449169,100.75140354394566,88700
2022-05-09,101.39225006103516,101.4765736677712,100.09364593016781,100.26229957711872,99200
2022-05-10,102.28611755371094,103.06190517523133,102.1006017238952,102.43790264778927,431600
2022-05-11,103.47510528564453,103.57629750249554,101.42600953714631,101.6030910915251,222200
2022-05-12,103.42450714111328,104.26775627160181,103.42450714111328,103.56785794926107,138100
2022-05-13,102.44633483886719,103.09564027068016,102.3620112126978,103.00288235184973,397000
2022-05-16,102.69087982177734,103.1968280219484,102.58969404183138,102.73304485240844,154400
2022-05-17,101.81389617919922,102.31141650165495,101.65368322237464,101.82233047171005,108000
2022-05-18,103.32332611083984,103.5004076753882,101.88137071367666,101.88137071367666,1275800
2022-05-19,103.51725769042969,104.62191191401219,103.40763119384344,104.60504976333422,538400
2022-05-20,104.57976531982422,104.81588050529122,103.57630312388365,103.73651610074216,306400
2022-05-23,103.1715087890625,104.29303144793816,103.13777805870396,104.00632345662996,179900
2022-05-24,104.739990234375,105.27123495426108,104.02322964718483,104.02322964718483,139300
2022-05-25,104.9676513671875,105.32181444707027,104.52915823006398,105.32181444707027,160900
2022-05-26,104.6640853881836,104.83273264249388,103.99791779674133,104.83273264249388,266500
2022-05-27,104.87488555908203,105.36396511348215,104.6978040324662,105.07726352757449,120000
2022-05-31,102.96917724609375,103.5847456604918,102.62344192921333,103.5847456604918,217500
2022-06-01,102.76046752929688,103.68129388451753,102.37186409933435,103.59680955366736,143500
2022-06-02,102.87030029296875,103.18287559640483,102.34653347319785,103.08149825455388,176700
2022-06-03,102.65910339355469,102.66755311677561,101.87344671051918,102.01706622427325,118900
2022-06-06,101.07090759277344,102.19448242435588,100.9526372363175,101.96638499029726,132700
2022-06-07,101.93257141113281,102.35496726857278,101.50172583187425,101.66223187493192,84800
2022-06-08,101.18917083740234,101.93259182030566,101.16382811212165,101.58622405413469,70600
2022-06-09,101.29901885986328,101.51021687455376,100.83438064944345,100.90196556100487,163200
2022-06-10,100.60626983642578,101.15538589081812,100.04026077901028,101.06245826106321,176700
2022-06-13,97.93672180175781,99.00116136322407,97.12572237953368,98.84909856872889,503000
2022-06-14,96.84693908691406,98.29153240560136,96.63574112023024,98.13102633369196,190700
2022-06-15,98.53649139404297,98.53649139404297,96.97362822807827,97.86910525874215,153900
2022-06-16,99.35597229003906,99.35597229003906,96.64419116230523,96.79625395662912,423600
2022-06-17,99.59252166748047,99.96423218496601,98.55343118669285,99.34753123052418,153700
2022-06-21,98.18170928955078,98.7054761086635,97.95361188198532,98.2070520136691,318000
2022-06-22,100.2514419555664,100.50488207517418,99.80370333014267,100.0655867272207,314800
2022-06-23,100.74140930175781,101.67067887419171,100.44573349851736,100.80054446240591,111300
2022-06-24,99.8121337890625,100.87657306262776,99.7529986319338,100.37814264232983,143400
2022-06-27,99.21234893798828,99.51647449512038,98.82374549170832,98.9166666580961,129200
2022-06-28,99.33907318115234,99.4151078011981,98.46893858382606,98.83219934676572,134200
2022-06-29,100.64850616455078,100.76677651459485,99.25459824445916,99.64320174392549,69800
2022-06-30,101.5017318725586,102.07619053067474,101.36656209641377,101.4256972621647,125400
2022-07-01,102.385498046875,103.79917625868482,102.13154863384946,102.66484821373258,244700
2022-07-05,103.01194763183594,103.75687514573667,102.67334186792914,103.35901385752378,216600
2022-07-06,101.68290710449219,103.48597327082464,101.66597326723088,103.40132345961794,135400
2022-07-07,101.15805053710938,101.9960945030912,100.93795589914654,101.9960945030912,101600
2022-07-08,100.0830078125,100.7686797205021,99.87984050331144,100.7686797205021,133600
2022-07-11,101.70829010009766,101.84372849130501,100.95489588485268,101.0226118512734,12406500
2022-07-12,102.1654052734375,102.96112114866693,102.08921593208449,102.50400447564621,2245400
2022-07-13,102.91878509521484,102.96957367677555,100.94641337198526,101.2003691965186,2404500
2022-07-14,102.3093032836914,102.68177012959626,101.55590913328592,101.95377027170878,403600
2022-07-15,102.80028533935547,103.35051225539718,102.3854903500403,102.51246827619055,485400
2022-07-18,101.95376586914062,102.19078786689397,101.37813824958322,102.13153236745563,222300
2022-07-19,101.46278381347656,101.99608328620418,101.09031699917264,101.97068899584069,200100
2022-07-20,101.72521209716797,102.37702909912625,101.3612121561481,102.37702909912625,154700
2022-07-21,102.9695816040039,103.12195381878148,101.90297610056089,102.04688785667028,292100
2022-07-22,104.58641815185547,105.2128343728187,104.16316272664903,104.44250639892768,584400
2022-07-25,103.66374206542969,103.91769796293717,103.2574203794578,103.35053065295268,215800
2022-07-26,103.85845947265625,105.07743118875494,103.74840888512547,104.81501478778367,179400
2022-07-27,103.58753204345703,104.63720365875518,103.5198096274081,104.30706495347297,458500
2022-07-28,104.59489440917969,105.26363885702214,104.2055001341764,104.78959477586444,251300
2022-07-29,104.50176239013672,105.48371808123541,104.12930200589695,104.46790763932289,321900
2022-08-01,106.12665557861328,106.21994307218174,104.96480636703104,105.10049961957075,756600
2022-08-02,104.2354736328125,106.59308880509145,104.08282196488457,106.33018475630938,341800
2022-08-03,105.33798217773438,105.38886392481142,103.3111106298136,104.00652254411848,349200
2022-08-04,105.64328002929688,105.72808509335691,105.15988404692192,105.36341749470832,301600
2022-08-05,103.48918914794922,103.9980259601916,103.04819896939546,103.9980259601916,264800
2022-08-08,104.54926300048828,104.6679913680515,104.11674882138752,104.27788295031365,172200
2022-08-09,104.19308471679688,104.52382897239893,103.93866307239013,104.10827965873169,253000
2022-08-10,103.66728210449219,104.92241895167881,103.54007128339316,104.20156625906586,318800
2022-08-11,102.04749298095703,103.73513770750046,101.88635882895235,103.63336774777987,340800
2022-08-12,102.9464111328125,102.9464111328125,102.19163525724302,102.7004719810794,177800
2022-08-15,103.20086669921875,103.84539040879694,103.14150250306781,103.65882184247407,132900
2022-08-16,103.51461791992188,103.51461791992188,102.31036942864364,103.01426361292147,217100
2022-08-17,102.37822723388672,102.7428947994001,102.14077048801029,102.73441235270136,218700
2022-08-18,102.64958190917969,103.16690103627249,102.54781198459752,102.62414104558651,130600
2022-08-19,101.22484588623047,101.43686173192546,101.02978846129862,101.43686173192546,140900
2022-08-22,100.73296356201172,101.21635941214784,100.54638858999253,101.18243610176164,290500
2022-08-23,100.30046844482422,101.35207185539896,100.04605327404215,100.38527997196267,158300
2022-08-24,99.65599060058594,100.05458166841993,99.4524506062362,99.86800657537303,202300
2022-08-25,100.87713623046875,101.04675278820397,99.54567698574517,99.79161614180369,151600
2022-08-26,101.19093322753906,101.58952409464159,100.38527551716521,100.5718440460416,215000
2022-08-29,100.43617248535156,100.81779851756528,100.15630994428187,100.81779851756528,237500
2022-08-30,100.48705291748047,100.99588977718514,99.96125763287738,100.39376540500992,178300
2022-08-31,99.74075317382812,100.61425758231422,99.53721973646519,100.32591908523432,522000
2022-09-01,98.30230712890625,98.7698896784175,97.92824757539171,98.42132696221921,860800
2022-09-02,98.8379135131836,99.12695985777127,98.34482758713916,98.54886068250077,452300
2022-09-06,96.94210052490234,97.97077590978085,96.8740873210849,97.97077590978085,286500
2022-09-07,98.14927673339844,98.39581965988974,97.60518423565699,97.60518423565699,446900
2022-09-08,97.59669494628906,98.52335032306394,97.5031784329877,98.02176764816996,135200
2022-09-09,97.5201416015625,98.03022735366787,97.29060528324736,97.82619435004418,161200
2022-09-12,97.07810974121094,98.04727502264608,96.67854034716234,97.83473866292618,216600
2022-09-13,96.87407684326172,96.92508998365533,96.09194454224419,96.40650071130567,197200
2022-09-14,96.97606658935547,97.2821193925032,96.55949724077405,96.74653023004137,152400
2022-09-15,96.6190414428711,96.92509435465303,96.48301504381438,96.74656457046285,407400
2022-09-16,96.21943664550781,96.69551589507013,95.94739043345888,96.07491351418973,151700
2022-09-19,96.19397735595703,96.55103695656013,95.8284144831216,95.9814409528224,241600
2022-09-20,95.42034912109375,95.66689214614479,94.8592563461578,95.02077961449713,214300
2022-09-21,96.48298645019531,96.55099962956734,94.9782321516283,95.73486093538428,197100
2022-09-22,94.3321304321289,94.94423614250253,94.1450974110598,94.92723608881194,249000
2022-09-23,94.64668273925781,95.22478183283582,93.90705395470978,94.40013981107514,1122500
2022-09-26,92.90388488769531,94.21310953430286,92.5128187962818,94.1535996179159,395500
2022-09-27,91.09306335449219,92.42779111585965,91.09306335449219,92.34277788945978,422300
2022-09-28,93.7540054321289,93.77950874867125,92.32576133092388,92.708330537337,326600
2022-09-29,93.3034439086914,93.60099345765072,92.67433822144974,92.75935145171044,284500
2022-09-30,92.62332153320312,93.9325459843803,92.2662620881803,93.65200298391576,261400
2022-10-03,93.90035247802734,94.58233024561795,93.44001407036458,93.82362615814154,654000
2022-10-04,93.74689483642578,94.62494508806307,93.73836824551073,94.35215271373029,347300
2022-10-05,92.82621765136719,93.18425642133893,92.35735271172572,93.09048343341064,193600
2022-10-06,92.41704559326172,92.97967709760967,92.05900026807579,92.9029572804239,157500
2022-10-07,91.70947265625,92.19538426190925,91.30028085490814,91.53045327562639,212600
2022-10-10,90.64387512207031,91.39405249226657,90.15796352357945,91.39405249226657,305000
2022-10-11,90.93372344970703,91.72652734968514,90.4478118015839,90.9507766325232,285400
2022-10-12,91.26618194580078,91.42815465066694,90.4392782477329,90.45633142923623,641400
2022-10-13,90.68651580810547,91.29177379701467,89.68059252279109,89.68059252279109,299500
2022-10-14,90.10682678222656,91.3173492060202,89.89370750743049,91.3173492060202,410300
2022-10-17,89.91072845458984,91.1297705294979,89.85958192822001,90.95927126846215,468600
2022-10-18,90.43928527832031,90.45633846114933,89.32254244671321,90.15797280047762,215300
2022-10-19,89.04975128173828,89.71468233578011,88.83663202062829,89.51861625773378,1174600
2022-10-20,87.95005798339844,89.00713423578844,87.88185825668606,88.6661421061105,3350100
2022-10-21,86.88446044921875,87.2765991166007,86.38150210536487,86.68839436746968,1396500
2022-10-24,86.39855194091797,87.03790975967742,85.83592044242936,86.50937812532207,1291800
2022-10-25,88.3336410522461,88.51266038497546,87.95002262164206,88.03526899381586,1101700
2022-10-26,89.3225326538086,89.49303194398799,88.82809446811272,88.82809446811272,1323600
2022-10-27,90.03861999511719,90.2773125063141,89.07531685565127,89.58680173734227,631000
2022-10-28,89.29695892333984,89.93631662446161,89.02416656434987,89.35663204862256,549000
2022-10-31,88.85366821289062,89.13498064081101,88.2313572277403,88.87924147871226,1076000
2022-11-01,89.32286071777344,90.15182442534818,89.07503225682554,90.15182442534818,875400
2022-11-02,88.96393585205078,90.03218677851653,88.5793681265576,89.37414707665157,671700
2022-11-03,88.63916778564453,88.96391363897446,87.90421081013793,87.9383956136597,654300
2022-11-04,87.86148834228516,88.65626718589863,87.82730353480781,88.34861043868791,668500
2022-11-07,87.1351089477539,88.06662734021866,87.08383497902491,88.06662734021866,409800
2022-11-08,88.04950714111328,88.32297909829477,87.47692624952798,87.50256322675034,711000
2022-11-09,88.23753356933594,88.59646434445818,87.6307677770807,87.74186353506994,513300
2022-11-10,91.39099884033203,91.53627939116662,90.13473479704126,90.13473479704126,343400
2022-11-11,91.20299530029297,91.64738483225779,90.80987972814697,90.95516029435792,282400
2022-11-14,91.0235595703125,91.2201141603668,90.51080024484179,91.18592933599028,445700
2022-11-15,92.02339935302734,92.10885811503198,91.26280528704059,91.47645545209497,429600
2022-11-16,93.61295318603516,93.68986411259583,92.49342845441656,92.80107868074457,261100
2022-11-17,92.81817626953125,92.98055247797411,92.50197168469131,92.80962843748544,392000
2022-11-18,92.3567123413086,93.16003921579959,92.32252752536355,93.01475211801143,249400
2022-11-21,92.49345397949219,93.17713075568275,92.37380386056954,93.17713075568275,513900
2022-11-22,93.50186920166016,93.70697155168071,92.94637742193858,92.98910354647953,255800
2022-11-23,94.6042709350586,94.6299144264397,93.86931399748926,93.89495748887036,406500
2022-11-25,94.53592681884766,94.5872007717287,94.19408525277444,94.270996182096,160300
2022-11-28,94.68120574951172,95.09141040573031,94.4077338053375,94.98031466968891,418900
2022-11-29,93.92914581298828,94.55300053822029,93.84368054534816,93.96332409594292,330600
2022-11-30,94.62139892578125,94.67267288589399,93.49332616269572,93.80952427683955,271100
2022-12-01,96.8636245727539,96.89791033145637,95.20080124205373,95.44079501363112,395800
2022-12-02,97.51502990722656,97.52360298134478,95.81792743483302,96.4950564247026,335500
2022-12-05,96.5893325805664,96.7436152051521,96.06648627165599,96.71789598493866,401000
2022-12-06,97.31788635253906,97.66073735414587,96.71789546489242,97.00932110502683,737900
2022-12-07,98.92072296142578,99.10928482269077,98.14073667516801,98.26073355930924,580500
2022-12-08,98.4578857421875,98.69787953657072,98.01217737604114,98.29503000771012,452300
2022-12-09,96.73503875732422,97.77215826556258,96.70075300424129,97.72929943937423,406500
2022-12-12,96.88075256347656,97.90073250969354,96.59789999260882,97.78930217243949,393800
2022-12-13,97.92644500732422,99.09213450386268,97.80644813615164,99.02356299481006,397400
2022-12-14,98.38074493408203,98.49217529958285,97.51504739440502,98.02075422863481,361300
2022-12-15,99.00396728515625,99.34782192275063,98.55696084722075,98.80625529551463,920100
2022-12-16,98.20450592041016,98.58274666944801,97.40504669261388,97.68012908505553,635600
2022-12-19,96.93222045898438,97.21589436905458,96.64853999043477,97.18151481996925,779900
2022-12-20,95.55684661865234,95.80613451943061,95.28175764969039,95.50526415773098,588300
2022-12-21,95.69436645507812,96.18435711107279,95.21297396735868,96.15856916472792,348400
2022-12-22,95.78890991210938,96.14995421488395,95.6169859274966,95.81469785395333,387400
2022-12-23,94.83472442626953,95.1871771494155,94.66280042767353,94.98945864839799,384000
2022-12-27,93.38196563720703,94.00090267992458,93.24442771575967,93.58828235710074,590800
2022-12-28,92.98654174804688,93.70003903214389,92.8404056465279,93.64846312772126,549900
2022-12-29,93.76879119873047,93.98369949911711,93.12406629757058,93.1928385277297,486800
2022-12-30,92.99513244628906,93.7859935234758,92.84899635651185,93.22723055602454,471700
2023-01-03,94.49089050292969,95.2043877140093,94.06967202345925,95.10982752659001,580900
2023-01-04,95.53102111816406,95.95224604637788,95.13559069128405,95.82329977362834,489500
2023-01-05,95.72875213623047,95.75454008245856,94.70578654597797,94.81754305760734,318000
2023-01-06,97.13856506347656,97.25891320347844,95.27316233496578,95.35912435518401,446900
2023-01-09,97.60275268554688,97.82625915019008,96.51961303525518,96.67434727101114,555300
2023-01-10,96.37348175048828,96.92364649192805,96.02962714746815,96.79470019598537,366600
2023-01-11,97.5511703491211,97.60274623813919,96.8892491671475,97.06977133719113,5185900
2023-01-12,99.05554962158203,99.06414123261206,96.95804223747803,97.74890331203204,1193300
2023-01-13,98.3162612915039,99.2704547637456,98.04117890229342,98.6085334607044,456100
2023-01-17,97.98957824707031,98.26466058519344,97.5339737394114,97.62853390799874,703000
2023-01-18,100.00972747802734,100.06990810065903,99.05554062034835,99.82061367532629,435600
2023-01-19,99.64871215820312,99.91520299872549,99.25328154152172,99.67450011343493,1745200
2023-01-20,98.25607299804688,98.92658581476375,98.21308871657301,98.7890413608318,498100
2023-01-23,98.00682067871094,98.37646335927853,97.86067799403381,97.89506412228235,726700
2023-01-24,99.0727310180664,99.21886709499033,97.791879325444,98.41081630827611,464500
2023-01-25,99.22745513916016,99.61428743471944,98.67729044577426,99.21026536182706,376000
2023-01-26,98.74610900878906,99.17592578709382,98.35926997322464,98.90084331131811,307400
2023-01-27,98.47959899902344,98.59994714887073,97.95522210676786,98.09276659715464,434500
2023-01-30,98.17012023925781,98.77186748436301,98.10135455970196,98.29906654595761,530600
2023-01-31,98.76327514648438,98.80625943741619,97.9122399655867,98.77187331636713,508200
2023-02-01,99.82791137695312,100.30204689365834,98.48307497324012,99.3106630647867,1162700
2023-02-02,99.9744644165039,100.80205252808663,99.83652977603062,100.4917061641074,808600
2023-02-03,98.56067657470703,98.88826151123794,98.13825663105183,98.62964390147762,1634400
2023-02-06,97.69857788085938,98.06064638130545,97.59512691912428,97.64684911144958,553700
2023-02-07,97.16411590576172,98.1813609359476,97.0779100375262,97.37101130494419,581600
2023-02-08,97.43997955322266,97.72446484047177,96.72445834362746,97.1468782830287,521700
2023-02-09,96.84514617919922,98.22446636821296,96.74170176898346,98.22446636821296,485900
2023-02-10,95.97445678710938,96.71583907452124,95.86238324177219,96.71583907452124,275900
2023-02-13,96.74170684814453,96.74170684814453,96.16412027049492,96.1985973576529,6907000
2023-02-14,96.43135833740234,96.96584525586829,95.7589433420626,96.6296311811121,485800
2023-02-15,95.61238861083984,96.35376432432699,95.38824809629573,96.08652416508063,491400
2023-02-16,94.79342651367188,95.21583990834107,94.57790853599154,94.99170594705595,443600
2023-02-17,95.31929016113281,95.34515126591866,94.31929017258905,94.37101238216073,486000
2023-02-21,93.73309326171875,94.37102471243786,93.64688079838608,94.29343481085596,476600
2023-02-22,94.27616882324219,94.56927006657948,94.11237308309158,94.12961820157355,544100
2023-02-23,94.9054946899414,95.0951515650233,94.29342441486874,94.29342441486874,269000
2023-02-24,93.7589340209961,94.34514312815824,93.58651570883893,94.24169214086395,303800
2023-02-27,94.03479766845703,94.42272736472634,93.89686301737433,94.2330705080307,290100
2023-02-28,94.16411590576172,94.27618288426652,93.31928255545246,93.43997209448426,343300
2023-03-01,93.21065521240234,93.90218907328678,93.03776680091732,93.78117048275654,398800
2023-03-02,92.43269348144531,92.63151354812885,92.10421532238115,92.29438272287938,447800
2023-03-03,94.04912567138672,94.0750572787851,93.26249840687798,93.55640534576621,364000
2023-03-06,93.66016387939453,94.42085979724978,93.56507688966262,94.41221372681431,331200
2023-03-07,94.06644439697266,94.4727239762574,93.55643835150079,94.0318667099038,488500
2023-03-08,94.13555908203125,95.07777591607157,93.88487590540173,94.73200578985787,333900
2023-03-09,94.52458190917969,94.81848893527533,93.86761908174746,94.04915357743485,1547300
2023-03-10,97.2907485961914,97.48091599383186,96.25343770759513,96.25343770759513,383300
2023-03-13,98.4317626953125,100.25569414657721,97.73157619735066,99.45178120078272,665100
2023-03-14,97.03141784667969,98.11194588506142,96.90175316306993,98.00821281916966,288000
2023-03-15,98.78617858886719,99.90128413823977,98.18972509629101,99.12330275553579,689000
2023-03-16,97.7920913696289,100.05688014539888,97.70565045956535,99.62466900006238,308000
2023-03-17,98.69110107421875,99.65925650943882,98.68246159887363,98.8207657496083,6559800
2023-03-20,98.12057495117188,98.96770509324006,97.80938240244764,98.96770509324006,1493900
2023-03-21,97.26478576660156,97.81802205751441,97.0486802105484,97.54140061454889,594700
2023-03-22,98.65650939941406,98.70837921922696,96.8412239864051,97.04004400648125,408100
2023-03-23,98.88127136230469,99.06279926306848,97.82667504785094,98.12058207410124,384500
2023-03-24,99.26161193847656,99.85805882672304,98.95041939025292,99.62466771306461,817500
2023-03-27,97.5846176147461,98.44903977917471,97.47224510757675,98.06869191642045,362000
2023-03-28,97.6019287109375,97.67107748531083,97.247512389066,97.50684172677778,308500
2023-03-29,97.40309143066406,97.54139554994752,96.93630266242393,97.04003569814991,370200
2023-03-30,97.76614379882812,97.90445450836985,97.23884575998112,97.31664718285275,361600
2023-03-31,99.01093292236328,99.01093292236328,97.87854179816519,98.12921846633115,482200
2023-04-03,99.281494140625,99.6110424807927,98.44893912540022,98.64840694741389,757800
2023-04-04,99.96662902832031,100.2441452225883,98.67444486905758,98.67444486905758,393000
2023-04-05,100.8858871459961,101.00730004380635,100.33085486557587,100.46093538715351,413800
2023-04-06,100.94660949707031,101.25881603105208,100.85988693018821,100.85988693018821,210600
2023-04-10,99.7324447631836,100.30482544818204,99.45492865980714,100.22677052908871,344700
2023-04-11,99.69774627685547,99.84517524736708,99.37686562059024,99.84517524736708,567100
2023-04-12,99.78449249267578,99.9926345649771,99.02999898423074,99.9926345649771,303400
2023-04-13,99.19477081298828,100.17475488415239,99.09070639233857,99.89723873490833,264700
2023-04-14,98.26683044433594,98.7611563164696,98.1627660185229,98.74381445100317,398500
2023-04-17,97.43428802490234,97.94596241088409,97.3475654591534,97.91994630281017,306400
2023-04-18,97.71180725097656,97.9806558146385,97.46030717090977,97.46030717090977,1004900
2023-04-19,97.51237487792969,97.64245546086997,97.0614068020373,97.38228767847959,402000
2023-04-20,98.15408325195312,98.3969090464349,97.98930577005193,98.09337680333269,282600
2023-04-21,97.73783874511719,98.57039405953545,97.6424419198507,98.45764874794293,331900
2023-04-24,98.4402847290039,98.57037188114387,98.0760393797105,98.19745890714657,198600
2023-04-25,99.82786560058594,99.9145881631947,99.29884936721295,99.35955582268981,315800
2023-04-26,99.09071350097656,100.00998457069977,98.89124565291023,99.70645229451827,671400
2023-04-27,98.1367416381836,98.57902864361438,98.02399636438201,98.45761574606396,249600
2023-04-28,99.41160583496094,99.52435114139416,98.9606444587538,99.2121445669013,450400
2023-05-01,97.31107330322266,98.89407409034033,96.98055898886653,98.77230530947749,571900
2023-05-02,99.18982696533203,99.18982696533203,97.76338664284401,97.80687171170986,380900
2023-05-03,99.7899398803711,99.97259302602878,99.05932066184047,99.4855113350417,340900
2023-05-04,99.32894897460938,100.10305323314003,99.09411111559776,99.1376028030702,277100
2023-05-05,98.72880554199219,98.78968992335274,98.21563149689622,98.41568397045225,252400
2023-05-08,97.68508911132812,98.01561009474202,97.63290438169498,97.77207250858538,316800
2023-05-09,97.44153594970703,97.90251868351834,97.44153594970703,97.78074990990405,298100
2023-05-10,98.4330825805664,98.53745865598677,98.06777627044556,98.10256829558568,362400
2023-05-11,99.17240905761719,99.58120711663717,99.01584824003297,99.4594383291718,278400
2023-05-12,98.44178009033203,99.25067640840237,98.41568773102334,99.11150831088914,276300
2023-05-15,97.69380950927734,97.89386207515889,97.59813306071263,97.74599424998429,262600
2023-05-16,97.38067626953125,97.39807560497655,96.74573987972308,97.10234662552585,406000
2023-05-17,97.11104583740234,97.52853698349963,96.86750822952857,97.52853698349963,264600
2023-05-18,96.28472900390625,96.67613433365099,96.23254428096722,96.67613433365099,366600
2023-05-19,95.64111328125,96.33694070154432,95.51064481045705,95.78028141966969,725900
2023-05-22,95.40623474121094,96.0672632096892,95.33665070161346,95.78024065917332,469300
2023-05-23,95.5019302368164,95.73676812255077,94.98005647136121,95.1714093005747,661500
2023-05-24,95.14533233642578,95.78027531466594,95.11923997111073,95.7193909169636,525900
2023-05-25,94.64082336425781,95.22358139969994,94.51036158518048,95.18008971607468,614700
2023-05-26,94.9626693725586,95.188814241857,94.27554173438726,94.46689457487814,415000
2023-05-30,96.08467864990234,96.18904809090093,95.40625073981003,95.51931984619196,276800
2023-05-31,96.81529998779297,96.98056046543762,96.02380290013367,96.1107796540884,309500
2023-06-01,97.26898193359375,97.53944466215707,96.8851103016942,97.2515359460574,778300
2023-06-02,96.45758056640625,97.1642660078398,96.37033734022093,97.1642660078398,543200
2023-06-05,96.39655303955078,96.73680643421544,95.76839087825158,95.9428840654094,311500
2023-06-06,96.69316101074219,96.71060699644777,95.96902946365695,96.39652600388628,420900
2023-06-07,95.41938781738281,96.59718817141143,95.31469193800359,96.49249229203221,435600
2023-06-08,96.40525817871094,96.49250142500162,95.4717414653112,95.50664009507408,376200
2023-06-09,96.19587707519531,96.52740408744354,95.81199878799916,96.01266425346078,440300
2023-06-12,96.4401626586914,96.4750612905713,95.65496008197748,96.46633496854297,290500
2023-06-13,95.4630126953125,96.52739757896472,95.31469851479909,96.21331657538758,707500
2023-06-14,95.97776794433594,96.78914283520986,95.56771733786165,95.8120011060846,667900
2023-06-15,96.78042602539062,97.1817503492352,96.40527401410898,96.736801066963,626100
2023-06-16,96.40525817871094,96.62336962255418,95.94286298276056,96.35291356218313,239500
2023-06-20,96.91999816894531,97.22535951587233,96.73678535452893,96.78913662738579,319000
2023-06-21,97.18171691894531,97.22534186236607,96.22202806977523,96.57100764844576,305400
2023-06-22,96.4401626586914,96.98108146847954,96.16098025988573,96.62337548388575,265900
2023-06-23,97.024658203125,97.60047539812679,96.75420224220447,97.56557678119664,285700
2023-06-26,97.13811492919922,97.373679029364,96.92872979501206,97.23408450241695,237000
2023-06-27,96.80657196044922,97.48707852659997,96.50994362391471,97.1991765106201,436900
2023-06-28,97.26898193359375,97.3736778275118,96.6495462044369,96.98979953937894,430000
2023-06-29,95.86434173583984,96.0737335195154,95.43684515924366,95.96903762767762,221400
2023-06-30,96.64080047607422,96.64080047607422,95.73346286925387,95.90794933451194,762600
2023-07-03,96.07463836669922,96.97596598682763,96.02213591932959,96.66093795000369,242400
2023-07-05,95.1995849609375,96.05715629782583,94.87580421259128,95.9083948768173,315000
2023-07-06,94.00068664550781,94.40322090852956,93.72941515171749,94.2282083337555,705500
2023-07-07,93.64192199707031,94.02695105083171,93.55441569741103,93.66817321933783,314400
2023-07-10,94.06198120117188,94.2282478904166,93.61569694525906,93.62444290425803,511100
2023-07-11,94.26322937011719,94.60450862656015,94.00945641701547,94.30697918363632,709900
2023-07-12,95.40082550048828,95.6896023127126,94.60450945392485,94.81452591904113,385700
2023-07-13,96.3896484375,96.52091120776115,95.68083214861053,95.85585140105934,438500
2023-07-14,95.92585754394531,96.3721416087618,95.8558498441029,96.24963147218844,381300
2023-07-17,96.04840087890625,96.12715456122328,95.63711384555107,95.85588297594816,283800
2023-07-18,96.32841491699219,96.65218892292289,96.20590475102328,96.44217244930523,413500
2023-07-19,97.17725372314453,97.17725372314453,96.27591926692467,96.54719753780043,406500
2023-07-20,95.94339752197266,96.4421909150077,95.56711431836344,96.39844109095826,11749100
2023-07-21,95.9958724975586,96.49466574778822,95.89961356538247,96.36340963691411,2127200
2023-07-24,95.71586608886719,96.38967873909033,95.66336363477849,96.24091733496977,2799400
2023-07-25,95.5758285522461,95.77709234987785,95.22579671896689,95.26080056992501,1354700
2023-07-26,95.79461669921875,95.978381946135,95.40958093826855,95.978381946135,594200
2023-07-27,94.16697692871094,95.43583510543591,93.87820009909377,95.26082248668193,554000
2023-07-28,94.52574157714844,94.59574928537826,94.1144613129789,94.27197531834474,446800
2023-07-31,94.8057861328125,94.98955807553301,94.37700051117388,94.37700051117388,1074000
2023-08-01,93.5330581665039,94.09518701746974,93.27834248386245,93.95465815528053,1838600
2023-08-02,92.93580627441406,92.96215502033156,92.35611376091313,92.83918973864637,1756200
2023-08-03,91.25821685791016,91.62711275221858,91.0649837605754,91.49536230393524,1187500
2023-08-04,92.74259185791016,92.90069106632187,91.61833379858531,91.67103800212696,616400
2023-08-07,92.21560668945312,92.55815389448891,92.04872901335065,92.48789278402292,541500
2023-08-08,93.10269927978516,93.59456045238107,92.90068104040846,93.19053067473358,468500
2023-08-09,93.42769622802734,93.57701029099097,93.19932920748444,93.2168928085538,426300
2023-08-10,92.277099609375,93.62972497757369,92.19805333839655,93.40135791512246,293400
2023-08-11,91.83790588378906,92.37368610519857,91.78520838696383,91.8906100817202,361600
2023-08-14,91.79399108886719,92.3122009967782,91.46900756453107,91.74128689234155,830500
2023-08-15,91.31092834472656,91.81157476401249,91.27579443972841,91.4953763201364,662700
2023-08-16,90.71367645263672,91.50417265897309,90.59071112066307,91.0913576011581,827300
2023-08-17,90.43256378173828,90.58187779099069,90.06366798201903,90.48526126709692,529000
2023-08-18,90.65216827392578,91.07376836568801,90.37110377978634,90.46772032787547,671700
2023-08-21,89.6420669555664,89.87043389131105,89.44883391002128,89.78260251636445,760300
2023-08-22,90.05489349365234,90.1778587747805,89.51911332540597,89.68599765026786,2563400
2023-08-23,91.81156921386719,91.83791796574617,90.9859392490894,91.0474286049494,775400
2023-08-24,91.3636245727539,91.85549253473549,91.31971221795132,91.52172379247887,652100
2023-08-25,91.5304946899414,91.73251293411599,90.91566820959454,91.13525005273357,780100
2023-08-28,91.62712860107422,91.81157658013262,91.29336654865052,91.81157658013262,2029100
2023-08-29,92.53177642822266,92.64596326187447,91.32847235866929,91.37238470144631,561300
2023-08-30,92.43518829345703,92.66355532982162,92.30343782243487,92.55815361278243,542500
2023-08-31,92.75137329101562,93.09392044532657,92.57571048920204,92.69867579069282,763800
2023-09-01,91.61651611328125,92.46236886142371,91.40504788456558,92.40069230860833,835200
2023-09-05,90.63850402832031,94.24218964754746,90.61206545611816,91.20240590163586,983300
2023-09-06,90.7177963256836,91.07904952151459,90.53276666034589,91.07904952151459,1144400
2023-09-07,90.95569610595703,90.99093408969706,90.72660887820496,90.9204513999767,895800
2023-09-08,91.2024154663086,91.6958279766452,91.0702494803995,91.30814287724286,839500
2023-09-11,90.77948760986328,90.96451730522224,90.60327077301895,90.75305575656077,980100
2023-09-12,91.07905578613281,91.09667477927384,90.66493886379011,90.89402610806836,735300
2023-09-13,91.21119689941406,91.41385225255449,90.797086781674,90.885195174337,760800
2023-09-14,90.74425506591797,91.25529337242949,90.60328292198788,91.12312736595344,814200
2023-09-15,90.30367279052734,90.5768175621437,90.19794540224733,90.54157285863708,1166500
2023-09-18,90.62968444824219,90.64730343949611,90.12745916950429,90.14507816075822,944200
2023-09-19,90.10102081298828,90.53275665104354,90.05696325467588,90.2596186117775,923000
2023-09-20,90.17152404785156,90.68256226290163,90.17152404785156,90.471100723731,1037600
2023-09-21,88.4533920288086,88.89394085123408,88.4533920288086,88.8498832800949,1564100
2023-09-22,89.13184356689453,89.23757098511085,88.40933702379375,88.52388402318375,1190100
2023-09-25,87.4048843383789,88.0304695865056,87.33440163516374,87.73970574817768,1164000
2023-09-26,87.16699981689453,87.78376554691607,87.07007852757081,87.65160626351309,1983000
2023-09-27,86.63831329345703,87.81017450747153,86.3034919624586,87.73087224193611,2806000
2023-09-28,86.84097290039062,86.84978575817118,85.57219699186577,86.0303647628418,5253100
2023-09-29,86.76168060302734,87.53704406079217,86.40924022322838,87.34320151579068,2258700
2023-10-02,85.58201599121094,86.37788234739403,85.34325945767164,86.2010261556339,1416900
2023-10-03,84.2379150390625,85.45823929668026,84.114114320752,85.18411009851174,1967400
2023-10-04,85.06028747558594,85.17524332823294,84.45012213058948,84.79499643516189,2445900
2023-10-05,84.91879272460938,85.17523891797248,84.71540878456246,85.06028307127774,1376000
2023-10-06,84.07872772216797,84.6712034535126,83.39781713821377,83.51277974795337,1718900
2023-10-09,85.63506317138672,85.63506317138672,84.3174664550059,84.68003038347538,1175500
2023-10-10,85.4670639038086,85.90036631533837,84.62698008938622,84.85689854610126,1665800
2023-10-11,86.89959716796875,86.89959716796875,86.2010106138276,86.41323935500175,1846400
2023-10-12,85.13986206054688,86.66084947778108,84.90994363205942,86.59894914087647,2103400
2023-10-13,86.27178955078125,86.44865254035548,85.95344291618083,86.36022441888497,3348100
2023-10-16,85.07798767089844,85.28137840940454,84.9011314391275,85.12220510215757,2951600
2023-10-17,84.13177490234375,84.49433887155769,83.6100444061165,83.88417353148124,2140400
2023-10-18,83.43321228027344,83.7338760178189,83.03528232250599,83.53048524712928,1924300
2023-10-19,82.33665466308594,83.61004079728048,82.31896499642708,83.15020391698532,5981900
2023-10-20,83.017578125,83.13254074569953,82.53122012244079,82.67270375616673,2072000
2023-10-23,83.83114624023438,84.23792102166288,82.31015816824642,82.6196599860036,1136400
2023-10-24,84.36170196533203,84.36170196533203,83.54815259325827,83.86649242641718,1026900
2023-10-25,82.9910659790039,83.46858598260422,82.75230935052072,83.45090305504893,1132900
2023-10-26,84.04335021972656,84.08756089681604,83.04409986196673,83.07946570498567,782500
2023-10-27,83.86647033691406,83.96374325215358,83.2916844243918,83.64539675621158,867800
2023-10-30,83.55699157714844,83.84881040285775,82.97336067236195,83.41550795496437,968400
2023-10-31,83.28286743164062,84.09641686138525,83.22096707821729,83.75154249993628,853600
2023-11-01,84.77731323242188,84.82168803024055,83.80112861620307,83.86324927076309,1028300
2023-11-02,86.21498107910156,86.55220656030563,85.68251729854197,86.01086646505416,1192300
2023-11-03,86.89832305908203,87.98987974896428,86.8628245649526,87.75914292244572,1124900
2023-11-06,86.24159240722656,86.57881784602287,86.08185261608233,86.54331936236376,1053900
2023-11-07,87.27104187011719,87.6437726508533,86.83619719167761,86.84507350734027,1250400
2023-11-08,88.28269958496094,88.40694087608821,87.4751244219911,87.4751244219911,1353900
2023-11-09,86.64981079101562,87.88335426567315,86.19721360867615,87.8656084099891,1055000
2023-11-10,86.88055419921875,87.42189424276508,86.83617940064204,87.29765293152268,856200
2023-11-13,86.87164306640625,86.96926216763345,86.14394134766597,86.4634208115657,1057900
2023-11-14,88.61104583740234,88.91277951382109,88.22057612231772,88.70866495883408,1490700
2023-11-15,87.56385803222656,88.01645512842344,87.39524873806839,87.9365818664396,943000
2023-11-16,88.43359375,88.80631775280503,88.15848213499588,88.15848213499588,1157200
2023-11-17,88.68204498291016,89.00152452082244,88.40694023606889,88.8417847518663,1284900
2023-11-20,89.08140563964844,89.22339957786514,88.31820514834274,88.31820514834274,1341600
2023-11-21,89.09913635253906,89.32987306006768,88.61991708489128,89.12575851674583,1042700
2023-11-22,89.2322769165039,89.67599782256183,88.88617515143024,89.48075954059334,1243400
2023-11-24,88.38922119140625,88.67320235847775,88.35372269919168,88.61108168976351,377700
2023-11-27,89.48076629638672,89.48076629638672,88.69981310955089,88.77081008483492,3114400
2023-11-28,89.6671142578125,89.77360970408648,89.15239642345301,89.21451707445203,6734500
2023-11-29,90.59891510009766,90.63441357869289,89.97770865128732,90.23506754312088,3347400
2023-11-30,90.08422088623047,90.19070957123198,89.48962972218241,90.022100229765,1901800
2023-12-01,91.31775665283203,91.31775665283203,89.70569268554699,89.80366409964375,1634400
2023-12-04,90.8368148803711,91.10401090200912,90.50728082143823,90.8100966372227,1584500
2023-12-05,92.35980987548828,92.42215470379656,91.30884934466542,91.6918266600096,1379200
2023-12-06,93.33952331542969,93.51764945350095,92.64481506876791,92.8051313110627,1065000
2023-12-07,92.92090606689453,93.5087276741416,92.74277315933813,92.83184301065415,1268300
2023-12-08,92.21730041503906,92.51121462908964,91.81650645176758,92.21730041503906,879200
2023-12-11,92.0837173461914,92.2173153555934,91.57605034652543,91.86105626221375,1491400
2023-12-12,92.4488754272461,92.51122025264578,91.89667354865142,92.05698978469012,1771100
2023-12-13,94.3726806640625,94.50627868428904,92.80514460323135,92.90311603172566,1016900
2023-12-14,96.20816802978516,96.24390721482554,95.13580839654452,95.28772379545141,966800
2023-12-15,96.22606658935547,96.4673436592011,95.89542107644738,96.06521293684004,717500
2023-12-18,95.68988800048828,95.79711922133187,95.45754232556912,95.7345654032215,1255700
2023-12-19,96.02946472167969,96.4405336424941,95.85967286517956,96.08308033200402,696300
2023-12-20,96.82476806640625,96.85157586417829,95.94901485587249,96.23497606186251,1295800
2023-12-21,96.26177978515625,97.08391736534725,96.20816419188155,96.99455577060522,740000
2023-12-22,96.15457153320312,96.78904791540172,95.96691008082226,96.76224011046942,560200
2023-12-26,96.44053649902344,96.51202852680998,96.17245162160643,96.25287503947503,413900
2023-12-27,97.87032318115234,97.8881995934128,97.0839314880332,97.27159290964617,786300
2023-12-28,97.36095428466797,97.87032294721524,97.11967726255763,97.55755391194124,500600
2023-12-29,96.74434661865234,97.28946124382277,96.52093920892194,96.81583180819773,588500
2024-01-02,96.25287628173828,96.4405377437087,96.00266099911106,96.1367068484771,1793900
2024-01-03,96.58348846435547,96.61923446637199,95.32346746022083,95.52900526735264,1089000
2024-01-04,95.36817932128906,95.68094840731193,95.23413347932077,95.49328695569821,661500
2024-01-05,94.54602813720703,95.71668090149747,94.46559791624342,94.76049736335368,1307300
2024-01-08,95.36817932128906,95.60052499284379,94.5817806845976,94.65327270936132,820400
2024-01-09,95.18051147460938,95.46647273659613,95.00178142470872,95.02858922773025,445600
2024-01-10,94.93922424316406,95.4664693493459,94.70688541331826,95.3681695298519,620300
2024-01-11,95.2519760131836,95.41282961427218,94.46558441777982,94.82303762218255,710800
2024-01-12,95.51116180419922,95.91329935221377,95.1358388803364,95.50223041400376,741500
2024-01-16,94.0724105834961,94.84987100142254,93.82219531828426,94.74263296582262,714500
2024-01-17,93.78646087646484,94.08136039735416,93.47369175636503,93.82220689274132,474300
2024-01-18,93.16983032226562,93.73281455401109,92.97323070607898,93.64345295152259,576800
2024-01-19,93.34857177734375,93.42900200780517,92.6783494008684,93.07154871011407,961900
2024-01-22,93.83112335205078,94.19751482056675,93.66133151855763,93.95623097109187,557500
2024-01-23,93.33067321777344,93.37535060496127,92.94641223512535,93.33960460449953,330900
2024-01-24,92.79452514648438,93.9026311265999,92.67835571440914,93.85794690464901,582400
2024-01-25,93.3396224975586,93.50941432783756,93.01791524958466,93.36643711643457,2894900
2024-01-26,93.160888671875,93.38429607876199,92.91067346701804,93.2591884763335,1276800
2024-01-29,94.04560089111328,94.30475435855298,93.47367834843757,93.62559378243013,604000
2024-01-30,94.61752319335938,94.63539960781571,93.91155481513229,94.5192233674129,532500
2024-01-31,95.54690551757812,95.73456697499026,94.99285935317705,95.18945220056956,604600
2024-02-01,96.97698211669922,97.41631747601046,96.25969403407315,96.45694859882363,1320000
2024-02-02,95.3182601928711,95.63207802383857,94.86099568138684,95.36309326602832,700100
2024-02-05,93.65058135986328,94.22440918812289,93.4891918556298,94.08992363506775,695600
2024-02-06,94.41268920898438,94.54717474290277,93.68643312299344,93.74023417712712,432300
2024-02-07,94.08097076416016,94.65479868459737,94.03613767889509,94.10786787909184,397700
2024-02-08,93.5967788696289,93.74920037667026,93.25607076437764,93.60574685256272,505700
2024-02-09,93.31884002685547,93.45333241877529,93.14848254105254,93.24710983908926,350100
2024-02-12,93.39054107666016,93.56985964956083,93.05879419217231,93.39950221690964,342800
2024-02-13,91.94703674316406,92.56569082843613,91.93806875915504,92.45810238259796,728700
2024-02-14,92.4401626586914,92.62844927182556,91.92909704002236,91.97393011767835,522100
2024-02-15,92.81671905517578,93.1932990537288,92.60153537069262,93.05880668571457,1371500
2024-02-16,92.34151458740234,92.34151458740234,92.0097745134174,92.07253670367663,643500
2024-02-20,92.4670639038086,92.72708071659234,92.34153948943955,92.3863725691003,531200
2024-02-21,91.93803405761719,92.53875878869829,91.7945737298913,92.48496458608354,518200
2024-02-22,92.19808959960938,92.33258200335146,91.9380727765261,91.99186700179581,1186800
2024-02-23,92.9601821899414,93.1036357037055,92.25186208170955,92.3056562943003,669300
2024-02-26,92.78983306884766,93.21123934685923,92.40429188264204,93.0498498540158,706000
2024-02-27,92.32362365722656,92.78089514146014,92.22499634022385,92.59260165222332,670200
2024-02-28,92.75396728515625,92.82569746823313,92.28773477629012,92.4311883018771,560300
2024-02-29,93.26502227783203,93.39951464568713,92.9870764006799,93.0319094701536,740400
2024-03-01,93.84430694580078,93.88028756622614,92.5850126813195,92.93581515221477,532500
2024-03-04,93.54747009277344,93.56545697132354,93.17867388778205,93.19666762893365,320100
2024-03-05,94.662841796875,94.93269301317673,94.33003307438457,94.50093243961426,419700
2024-03-06,95.15754699707031,95.33744319554773,94.77976086270768,94.83372834973088,430200
2024-03-07,95.30147552490234,95.6252942162151,94.93268620916345,95.5983104690392,346600
2024-03-08,95.23851013183594,95.42740322262773,95.05861391087258,95.3194682350901,616300
2024-03-11,95.21154022216797,95.42741709121785,94.96867960231211,95.39144333187781,383000
2024-03-12,94.45596313476562,94.77078498312554,94.3210375247252,94.6988237427571,294200
2024-03-13,94.13213348388672,94.40197781002819,94.01519476621802,94.24906533895461,347800
2024-03-14,92.91781616210938,93.53846291139544,92.84585493063828,93.53846291139544,1290200
2024-03-15,92.7649154663086,92.97180233270193,92.70195109177187,92.94481858112934,291800
2024-03-18,92.57600402832031,92.78289085378506,92.39610781169068,92.6209815137781,260900
2024-03-19,92.93579864501953,93.10670484603337,92.63896372618511,92.78288618232317,356700
2024-03-20,93.00777435302734,93.54746992236686,92.45908191312841,93.02576123154468,456700
2024-03-21,93.169677734375,93.46651268038386,92.90882340569458,93.34957395841616,331100
2024-03-22,93.93424224853516,94.16811281808833,93.83529727151654,94.16811281808833,275700
2024-03-25,93.56544494628906,93.78132863675394,93.42152934857977,93.78132863675394,258000
2024-03-26,93.76335906982422,93.79933969417739,93.3495921836663,93.54748218630756,488400
2024-03-27,94.45596313476562,94.49194375494984,93.9072706865091,93.95224131478817,353800
2024-03-28,94.47393798828125,94.73479230446235,94.13213243394087,94.26705802680705,612200
2024-04-01,93.0018310546875,93.6336342121097,92.9025467176443,93.60655791766845,570600
2024-04-02,92.52349090576172,92.57764350990993,91.90070841349757,92.09927714356091,734300
2024-04-03,92.48738861083984,92.52349264299652,91.62993334093386,91.85557837730806,472300
2024-04-04,93.08307647705078,93.1372359616943,92.5415298335898,92.95671582311452,376700
2024-04-05,92.10828399658203,92.69495543825816,92.07217997328624,92.29782495428117,507000
2024-04-08,91.9999771118164,92.18049035233074,91.81043614343474,91.86458873836129,562700
2024-04-09,92.74008178710938,92.84839385068791,92.46028423053723,92.47833279806467,511000
2024-04-10,90.85368347167969,91.8013881039021,90.69121883670766,91.73820779508726,1457900
2024-04-11,90.51072692871094,91.10643307111532,90.33021367193713,91.03422501395006,642500
2024-04-12,91.01618194580078,91.49455522503276,90.97105706853456,91.21475068696495,623900
2024-04-15,89.81574249267578,90.04138750464583,89.45470909629586,90.04138750464583,815500
2024-04-16,89.39152526855469,89.56301767450226,88.93120753403905,89.1207485103363,726100
2024-04-17,90.20384979248047,90.28507868928502,89.49983847561799,89.82476094897528,506700
2024-04-18,89.78865814208984,90.14968461995893,89.60813801701664,90.14968461995893,499500
2024-04-19,90.05941772460938,90.28506269060053,89.86084905275509,90.28506269060053,550100
2024-04-22,89.85184478759766,90.0594343383675,89.62619977998052,89.7074286773759,307100
2024-04-23,90.09555053710938,90.46561170494056,89.55400382289747,89.74354482856464,370600
2024-04-24,89.52690887451172,89.73449841009098,89.21100037805336,89.662290360264,1284300
2024-04-25,89.04854583740234,89.15685102994755,88.62433213689656,88.73263732944176,668100
2024-04-26,89.4817886352539,89.75256541387598,89.38250427550177,89.44568460569499,541600
2024-04-29,90.0774917602539,90.13164435969883,89.71645836296273,89.84281901909374,1074100
2024-04-30,89.4276123046875,89.87890222521645,89.38248055817952,89.67130583187254,1220300
2024-05-01,90.01547241210938,90.59516499607837,89.72562612012487,90.00641968239286,1158900
2024-05-02,90.4774169921875,90.60422431257263,89.70751342971188,89.83432075009702,693000
2024-05-03,91.25636291503906,91.56432151752374,90.86688138746885,91.45563349804885,914600
2024-05-06,91.51902770996094,91.61866299119272,91.15671822461618,91.32881678501265,445300
2024-05-07,92.0172119140625,92.41575310269411,91.90852388842097,92.1983701409313,537600
2024-05-08,91.58248138427734,91.7908047875872,91.53719008243655,91.65494470302966,402900
2024-05-09,91.94477081298828,92.06251849716026,91.31978691977194,91.32884656024083,272900
2024-05-10,91.47374725341797,91.68207747804043,91.38317159898713,91.67301783945351,431100
2024-05-13,91.67302703857422,91.91758893160599,91.65491467006231,91.91758893160599,271900
2024-05-14,92.0534439086914,92.14402647770936,91.75454492656343,91.96286825015324,341700
2024-05-15,93.15848541259766,93.28529271733105,92.74183185269084,92.99544646215762,372000
2024-05-16,93.01358032226562,93.3668302851858,92.98640831134576,93.3668302851858,471200
2024-05-17,92.53352355957031,92.85054187290179,92.48823226745971,92.75090655864318,317800
2024-05-20,92.3251724243164,92.4610393594603,92.22553713257616,92.27988114244198,306500
2024-05-21,92.6784439086914,92.84148288676545,92.58786823431271,92.79619159433561,397800
2024-05-22,92.71466827392578,92.79618430131582,92.34329905453443,92.34329905453443,241300
2024-05-23,92.21647644042969,92.79616890730591,91.97192148834849,92.79616890730591,2150900
2024-05-24,92.45199584960938,92.48822749933379,92.03534224349943,92.08968626284576,191400
2024-05-28,91.37413024902344,92.48823106190167,91.34695823830363,92.46105905118185,401900
2024-05-29,90.52271270751953,90.83973102397904,90.22380676179442,90.79443973142153,425400
2024-05-30,91.23827362060547,91.30167728482554,90.91219565876472,91.03900298720488,255700
2024-05-31,91.92665100097656,91.98100193299501,91.6458643423912,91.81796295790139,411500
2024-06-03,93.01560974121094,93.1337742440448,92.26115723441498,92.26115723441498,374100
2024-06-04,93.9063949584961,94.05183458141668,93.40646185832814,93.57007796664234,307500
2024-06-05,94.47905731201172,94.50632550829715,93.68824494501887,94.17909328298583,639300
2024-06-06,94.47905731201172,94.59722180756293,94.16090986216682,94.21545318968077,916900
2024-06-07,92.8065414428711,93.18831008199632,92.8065414428711,93.18831008199632,547000
2024-06-10,92.4338607788086,92.57020176231183,92.2884211498142,92.53384879000645,291000
2024-06-11,93.18829345703125,93.20647687561811,92.4611162172287,92.57928069827429,503900
2024-06-12,93.88823699951172,94.77903059337511,93.86096879856916,94.31545730746315,664600
2024-06-13,94.92446899414062,95.11535333316742,94.3154560646345,94.53360860424453,503500
2024-06-14,95.54254913330078,95.62435371407143,95.15168884364205,95.297121521104,684200
2024-06-17,94.6699447631836,94.76084106546635,94.3336208162997,94.5245051315765,346400
2024-06-18,95.41532135009766,95.48804117795238,94.76085676929415,94.86993651107623,1163200
2024-06-20,94.90628051757812,94.95172520116189,94.40634045355345,94.4608768478313,701400
2024-06-21,94.94261932373047,95.38802292701698,94.65174703941187,95.23349160804906,346500
2024-06-24,95.16987609863281,95.1880595197125,94.77901576473822,95.01535169417158,296100
2024-06-25,95.34259033203125,95.36985853054021,95.00626636888535,95.09716961050682,498800
2024-06-26,94.20635986328125,94.4699639810904,94.16999995721002,94.33361606705905,450400
2024-06-27,94.52450561523438,94.68812173415786,94.46996922057433,94.52450561523438,325600
2024-06-28,93.3519058227539,94.81535888816988,93.29736943905507,94.77899898739,510600
2024-07-01,91.89080047607422,92.79374535122444,91.77223420633459,92.2921124021511,877000
2024-07-02,92.47450256347656,92.65691323922609,92.09143596928982,92.57483052269518,622000
2024-07-03,93.56900024414062,93.63285164847582,92.88494962821146,92.95791669728935,365700
2024-07-05,94.18008422851562,94.33513402067852,93.67844436149187,93.97030565907235,426700
2024-07-08,94.30777740478516,94.4263436703331,93.96118731414532,94.19832680376375,373400
2024-07-09,94.05241394042969,94.27130821726115,93.6328636771179,94.1436193092325,595900
2024-07-10,94.26215362548828,94.30775977368496,93.98853761187186,94.17094828761614,316400
2024-07-11,95.13774108886719,95.55729122618833,95.05565836915113,95.21070814540691,435600
2024-07-12,95.34752655029297,95.36576483648957,94.97357557730341,95.11950970096431,447100
2024-07-15,94.66348266601562,94.93709872935764,94.53579377808485,94.69084357649758,325300
2024-07-16,95.61203002929688,95.66675184818223,95.05566834222167,95.17423460264733,351100
2024-07-17,95.72147369384766,95.85828519962155,95.2380790708325,95.42049673137177,516200
2024-07-18,95.12865447998047,95.66677102963962,95.05568740115507,95.33842613344895,258200
2024-07-19,94.66348266601562,94.85501599791179,94.58139297604727,94.77293326646594,469500
2024-07-22,94.4810791015625,95.1104079706758,94.17097945844922,95.01007997825126,385100
2024-07-23,94.4719467163086,94.85501336948616,94.44458580658481,94.59963560070112,368400
2024-07-24,93.78788757324219,94.78203764786038,93.67843698582114,94.5905043387648,332300
2024-07-25,94.29866027832031,94.84589939828031,94.1162495578413,94.15273309364169,439300
2024-07-26,94.99181365966797,95.07389637914672,94.75467420586025,94.91884660333922,610000
2024-07-29,95.29280090332031,95.53905602894847,95.10126063408296,95.53905602894847,290800
2024-07-30,95.61203002929688,95.76707982182019,95.16511197999236,95.53906296510158,352200
2024-07-31,96.59707641601562,96.63355299408302,95.9768702110235,96.25048629766752,1135100
2024-08-01,97.45817565917969,97.86996797493444,97.19279575151032,97.21110166605898,1099900
2024-08-02,99.8374252319336,99.91978787611403,98.78505866032656,98.85826834811802,1537200
2024-08-05,100.16686248779297,101.23752799738494,99.45308548139832,100.95384918244865,1051000
2024-08-06,98.40072631835938,99.83743339586424,98.39157336122196,99.69102098996893,2515100
2024-08-07,97.69609832763672,98.18110031170977,97.43071843449742,97.8974214866845,1096000
2024-08-08,97.23856353759766,97.32091921653797,96.8816749655333,97.09214413282177,1453200
2024-08-09,98.0621337890625,98.28175586653336,97.90656146009651,98.22684511092066,339100
2024-08-12,98.30921173095703,98.48308299772185,97.7052422664015,97.82420975699226,534400
2024-08-13,98.96806335449219,99.02296711867382,98.67523164275889,98.922305563235,479800
2024-08-14,99.37989807128906,99.62697907914354,99.08706623426052,99.08706623426052,507300
2024-08-15,98.49223327636719,98.51053919033194,97.91572265636768,97.99807832422738,490400
2024-08-16,98.8125228881836,98.87657962305995,98.46478034314578,98.83082182029378,1094600
2024-08-19,99.17857360839844,99.37989680284754,98.77593420116187,98.77593420116187,2040400
2024-08-20,99.80998992919922,99.92895045538218,99.38904462694269,99.55376296101362,666900
2024-08-21,100.01131439208984,100.35904999883661,99.53545831795076,99.90149984075128,1443000
2024-08-22,99.18773651123047,99.61783483673624,98.91320358551887,99.56293104425883,436000
2024-08-23,99.73676300048828,99.97469099341524,99.36157557093046,99.53543985121625,351400
2024-08-26,99.58119201660156,100.01129017813557,99.50798233343414,100.01129017813557,575200
2024-08-27,99.41647338867188,99.50798200149606,98.94977038711097,99.02298007003418,431400
2024-08-28,99.30669403076172,99.54462209368737,99.19688644915149,99.44396048943659,548100
2024-08-29,98.97724914550781,99.05960481910238,98.65695846376617,98.83082975023609,640400
2024-08-30,98.3000717163086,99.31583359922259,98.19941012562983,99.0779055683763,889600
2024-09-03,99.50845336914062,99.7288263102713,99.23298193858017,99.3707176538604,620200
2024-09-04,100.46342468261719,100.5093319230975,99.5360115563382,99.57274155204067,580300
2024-09-05,100.86743927001953,100.9500835106231,100.26141186289124,100.75725628992181,700000
2024-09-06,101.03271484375,101.85912217385871,100.54605469533317,100.88580187702503,781700
2024-09-09,101.30818176269531,101.42754898067184,100.6378716789082,100.84906737820619,536300
2024-09-10,101.9509506225586,102.09787060485606,101.23473322268431,101.32655470885506,1342600
2024-09-11,101.8683090209961,102.3916991758223,101.62038331287681,101.72138904499504,419100
2024-09-12,101.51020050048828,101.84994068586232,101.1796375594816,101.6938434652564,548100
2024-09-13,101.78565216064453,101.98766359982947,101.5193649913125,101.84075064757718,1234300
2024-09-16,102.49272155761719,102.5386288034275,101.81322706652524,101.99687706636003,3887700
2024-09-17,102.08867645263672,102.68552656315144,102.03358496738386,102.556975093875,1246900
2024-09-18,101.16126251220703,102.08867553698006,101.12453252052468,101.63874539854802,1055800
2024-09-19,100.97760772705078,100.98679197527758,100.49094765396185,100.62867634972002,842800
2024-09-20,100.9133529663086,101.10618018596064,100.59197426688853,100.78480148654057,551600
2024-09-23,100.75725555419922,101.00517426313908,100.10530690090691,100.5001455896113,601500
2024-09-24,100.7480697631836,100.94089697952766,100.02266813663394,100.13285811977202,1198600
2024-09-25,100.11450958251953,100.44507259231752,100.08696383262495,100.39915833880553,676600
2024-09-26,100.01347351074219,100.38076641090083,99.7288248407457,100.26139919569927,478500
2024-09-27,100.76643371582031,100.94089944199587,100.4266935192009,100.62869798492015,821900
2024-09-30,100.38995361328125,100.89497523601833,100.18794216197458,100.75724652424523,410400
2024-10-01,100.95926666259766,101.61335699522748,100.87635796126197,101.16194174836536,1221200
2024-10-02,100.36046600341797,100.38810223806362,99.79850580381012,99.99196647487356,434100
2024-10-03,99.59583282470703,100.17621485021071,99.59583282470703,100.05645548802413,558900
2024-10-04,98.44428253173828,98.76671701119977,98.32452316180814,98.39821745101041,1432500
2024-10-07,97.86389923095703,98.17711928460255,97.80861972907385,97.92838612603371,921600
2024-10-08,97.97443389892578,97.98364831969701,97.44932437166469,97.51381125997592,488200
2024-10-09,97.42169952392578,97.81783532086224,97.25587507338157,97.65201087031804,369500
2024-10-10,97.19139099121094,97.26509231104079,96.71234646940636,97.04398835155125,566100
2024-10-11,97.04400634765625,97.27431774342557,96.76763688986068,96.81369495188693,570900
2024-10-14,96.90577697753906,96.96104943592238,96.3530242795359,96.38066753727007,308100
2024-10-15,97.90995025634766,97.96522272571995,97.50460007150038,97.56909399049327,511600
2024-10-16,98.13105010986328,98.45349160033703,98.0297195891518,98.26003092317926,733400
2024-10-17,96.9979248046875,97.44933306312703,96.88737283120372,97.36642435442243,500700
2024-10-18,97.12689208984375,97.39405406980057,97.09925585545922,97.26508029031022,416600
2024-10-21,95.75424194335938,96.44517594153784,95.7358131007566,96.37147462821488,466900
2024-10-22,95.71739196777344,96.10431332265593,95.54235310452196,96.03982643017551,2196500
2024-10-23,95.41339111328125,95.662124292581,95.12780727250284,95.26599549591158,2350600
2024-10-24,95.88320922851562,96.15957859192845,95.3028202111158,95.53313152823164,528800
2024-10-25,95.45024871826172,96.23330600314794,95.35812557213609,96.18724794435788,973300
2024-10-28,95.11858367919922,95.53314128091117,94.79614920802943,95.53314128091117,622600
2024-10-29,95.1646499633789,95.19228620003696,94.31709887744697,94.48292332593968,763100
2024-10-30,95.27519226074219,96.19643760929753,95.21070536748509,95.81873067123284,543900
2024-10-31,95.44104766845703,95.70820974963848,94.79617852667181,95.09097685270883,740500
2024-11-01,94.17530059814453,95.76553848365688,94.17530059814453,95.53439942015345,1121400
2024-11-04,95.43268585205078,95.79326218216757,95.01663135697511,95.56212314728226,1103300
2024-11-05,95.75629425048828,95.9319622020304,94.85947352453802,95.26628054755992,589800
2024-11-06,93.92566680908203,94.30473826046494,93.32471088477949,93.39867002448455,999600
2024-11-07,94.90572357177734,95.18308628200029,94.2492893209684,94.33249601789345,1483500
2024-11-08,95.75629425048828,95.95969776199924,95.36798230331539,95.42345342325304,752200
2024-11-11,95.46043395996094,95.59911880988885,95.11834560397936,95.53440015376309,382900
2024-11-12,94.23078918457031,95.22931181692327,94.0736162851645,94.85024029667964,988100
2024-11-13,93.87020111083984,94.99816093867177,93.65755710947766,94.98891340049802,729500
2024-11-14,94.17530059814453,94.74852801500265,94.08284638350405,94.36945656503089,651200
2024-11-15,94.02735900878906,94.48963709055067,93.4171556088417,93.75924392871462,838500
2024-11-18,94.23078918457031,94.45268780540813,93.54661940483473,93.73152786839384,651500
2024-11-19,94.6098403930664,94.89645056619253,94.52662666466591,94.73003016319576,450900
2024-11-20,94.36946868896484,94.71155708626867,94.13832959576627,94.18456023592812,1055400
2024-11-21,94.2492904663086,94.7485518153444,94.04588691072296,94.4249514021093,648900
2024-11-22,94.29548645019531,94.56360859916505,94.15680160710005,94.47115438836958,516200
2024-11-25,96.14460754394531,96.2093262027137,95.60837025149502,95.73780756903179,704500
2024-11-26,95.85800170898438,95.91347283222208,95.4327066386167,95.7562999471785,723500
2024-11-27,96.45896911621094,96.74557933767836,96.1723518409381,96.4959522179818,904100
2024-11-29,97.11538696289062,97.21708871219884,96.85651234785306,97.04142077179297,464400
2024-12-02,97.317626953125,97.54025608057307,96.63117593784385,97.01150747960116,1814800
2024-12-03,96.66827392578125,97.46603589975858,96.63116789475303,97.39182383770213,828700
2024-12-04,97.45677185058594,97.54954048032585,96.25085751374802,96.28796355019342,969400
2024-12-05,97.60517883300781,97.68866209239026,97.08570856862393,97.1042580449584,548600
2024-12-06,97.87418365478516,98.19885254153954,97.53095821607285,98.09681273752375,1210700
2024-12-09,97.2341079711914,97.60516112582971,97.1413464518444,97.57733337775063,546800
2024-12-10,96.83525848388672,96.97440434667423,96.66828486399221,96.75177521256575,793500
2024-12-11,96.1395263671875,97.07643419793709,96.08387085869309,96.89090404086933,2175400
2024-12-12,95.30467224121094,95.87052691753263,95.2397384460881,95.77776536410755,1971500
2024-12-13,94.54399871826172,95.09130381371818,94.44195890516393,95.05419778375067,972800
2024-12-16,94.64606475830078,94.81303840079813,94.34922351355586,94.78521063992417,956500
2024-12-17,94.69243621826172,95.05421121499973,94.61822414784044,94.70170741912494,1046900
2024-12-18,93.62741088867188,94.74456916329804,93.57155510575629,94.43735525454325,1049000
2024-12-19,92.75228118896484,93.06881380412473,92.37058824144825,92.80814406382702,1487500
2024-12-20,93.13398742675781,93.61808739051327,93.12467576320918,93.34810596934877,1139900
2024-12-23,92.54747009277344,93.12466531912716,92.43575145087398,93.06880954953613,1128900
2024-12-24,92.77091979980469,92.79884769047833,92.10993367722604,92.15647779410914,542600
2024-12-26,92.77091979980469,92.89194302696342,92.20302901371113,92.24026856884893,1054900
2024-12-27,92.20303344726562,92.7429963686495,92.16579389033716,92.48231947015026,1024200
2024-12-30,92.95710754394531,93.03158665187429,92.75229354849994,92.86401221039341,1689200
2024-12-31,92.66850280761719,93.34810508313264,92.57540748116936,93.20846564481997,1953600
2025-01-02,92.83606719970703,93.32947876898359,92.5381579256504,93.07812070447723,1138800
2025-01-03,92.60333251953125,93.13398367694626,92.5567813063806,92.966409253409,581600
2025-01-06,92.27751159667969,92.56610928145994,92.07269758707336,92.38922316357828,1095800
2025-01-07,91.48616027832031,92.19369746792245,91.36513707725992,92.06336260440591,875600
2025-01-08,91.6072006225586,91.73753550036027,91.02999823320965,91.11378899906394,676900
2025-01-10,90.91828918457031,91.28136594025571,90.74140308723496,90.84381008014297,1152900
2025-01-13,90.67623138427734,90.89966158433865,90.42486619433014,90.82518248341222,1631000
2025-01-14,90.53659057617188,90.6669254596836,90.25729748137908,90.53659057617188,850000
2025-01-15,91.9237289428711,92.20302203390263,91.69098706791759,91.96096849518985,1455200
2025-01-16,92.26818084716797,92.5288505863068,91.56064362470707,91.83993668962307,3590800
2025-01-17,92.38919830322266,92.59401225771703,92.240247219865,92.51953316467957,906300
2025-01-21,92.99433135986328,93.18983365805173,92.75227785141773,92.8826127168767,1363300
2025-01-22,92.69644165039062,93.03159054738609,92.48231598180837,92.94779977177774,790500
2025-01-23,92.2216567993164,92.2961359189275,91.9330590892231,91.98891487757153,748700
2025-01-24,92.52884674072266,92.60332583530052,92.00750728411232,92.12853048576332,699300
2025-01-27,93.5715560913086,93.65533976656442,93.18054429862389,93.46914908640535,976700
2025-01-28,93.45050048828125,93.48774003478754,92.99432847333439,93.12466333474778,1612900
2025-01-29,93.34809875488281,93.83220578394194,92.98502203444728,93.69255925237806,555600
2025-01-30,93.70187377929688,93.99047141135725,93.57153890657813,93.74841788942908,697900
2025-01-31,93.33879852294922,94.01840078390669,93.0222658965454,93.7577310343494,798500
2025-02-03,93.75826263427734,94.58971735738939,93.48733814407373,94.15063308456038,1172700
2025-02-04,94.01051330566406,94.04788294398327,93.25379773040704,93.26314192186926,698700
2025-02-05,95.21564483642578,95.47722514257896,94.81393018696804,94.81393018696804,1271000
2025-02-06,95.22499084472656,95.47722696546755,94.96341053357918,95.21564665432018,651500
2025-02-07,94.75787353515625,94.88866368027497,94.47760486559994,94.7298480937063,543600
2025-02-10,94.58036804199219,95.02879648053543,94.46826627800255,94.80458582502793,398000
2025-02-11,94.07588958740234,94.27208193124657,94.02918289448614,94.16931722829133,727600
2025-02-12,92.98287963867188,93.197753292008,92.67458544683188,93.02959347168893,670700
2025-02-13,94.17867279052734,94.40289061967162,93.7209071958681,93.7395884511986,781600
2025-02-14,94.7298583984375,95.15959851165026,94.7298583984375,94.88867400228217,664800
2025-02-18,93.89840698242188,94.49630691158771,93.86103734590785,94.23472658351884,720600
2025-02-19,93.9918212890625,94.15998107848127,93.67418296348087,93.7489222315623,1094500
2025-02-20,94.29076385498047,94.45892363123961,94.20668040308672,94.20668040308672,444100
2025-02-21,95.22499084472656,95.47722696546755,94.48695660825852,94.52432624235513,923400
2025-02-24,95.43052673339844,95.60802359797066,94.96341696683999,95.01946785801759,498900
2025-02-25,96.68235778808594,96.80381086426459,96.3180128146059,96.45814714152775,929700
2025-02-26,97.11211395263672,97.23356704897854,96.48618859967041,96.65434839438828,792700
2025-02-27,96.82249450683594,96.99999846715707,96.5515700354351,96.63565348467652,27571600
2025-02-28,97.65396118164062,97.71935626019146,96.93461531758142,97.27093490085115,3788700
2025-03-03,98.12873840332031,98.18492205329308,97.08929801235669,97.11738983734307,2277100
2025-03-04,97.30467224121094,98.43775433318771,97.1267478389928,98.11936367366108,2083900
2025-03-05,96.5742416381836,97.54813189703107,96.48996617698442,97.34211568821966,1761200
2025-03-06,96.33078002929688,96.59297989414344,95.71273136694957,96.34950552918143,1438400
2025-03-07,96.08731079101562,96.95819304252737,95.94684452895034,96.95819304252737,1653700
2025-03-10,97.00499725341797,97.43576230402854,96.79898819390365,96.94881361395133,1211500
2025-03-11,96.43378448486328,97.39830844159803,96.1903101291289,96.93945155109667,1653000
2025-03-12,95.93746185302734,96.34949424634188,95.86255271785078,96.03111077471493,1341700
2025-03-13,96.65853881835938,96.71472246763042,95.53481582206045,95.72210656031584,937300
2025-03-14,96.20902252197266,96.44313052402251,96.01237265757989,96.11538075003456,803400
2025-03-17,96.52745056152344,97.04248407916198,96.3588924488898,96.724100502194,1821600
2025-03-18,96.66790008544922,96.93009996088205,96.10603504448085,96.1247676895322,978100
2025-03-19,97.07056427001953,97.11738159288535,96.30268301538517,96.60234817489749,2575400
2025-03-20,97.22974395751953,98.04443528947262,97.10800321547799,98.025709791533,1448500
2025-03-21,96.90200805664062,97.46386595272813,96.84581726594433,97.35149151574632,903900
2025-03-24,95.99366760253906,96.44315106132184,95.95620945690537,96.37760109256558,826900
2025-03-25,96.10604095458984,96.32142351946092,95.84384106303285,95.8812992110283,1050000
2025-03-26,95.63783264160156,95.90939887846629,95.50673268510297,95.75020709477684,639100
2025-03-27,95.41307830810547,95.4879946003514,95.16024475228902,95.32880283763694,1083800
2025-03-28,96.5836181640625,96.71471810271892,96.19031834809323,96.26523464001427,873200
2025-03-31,97.15483093261719,97.52940520364903,96.66788938136278,97.40766445752794,1169000
2025-04-01,97.78448486328125,98.23557696878207,97.64351589156985,97.65291573501187,1252000
2025-04-02,97.66231536865234,98.53631445157536,97.09844661160078,98.53631445157536,1282400
2025-04-03,98.53631591796875,99.22236114874423,98.46113150391493,98.94042318103259,1500600
2025-04-04,99.26935577392578,100.39710058548691,99.16597898694981,99.9741935924086,1569800
2025-04-07,96.68494415283203,98.73367289880869,96.50639012601347,98.33896546691848,2354600
2025-04-08,95.09671783447266,96.79772408961473,94.95574884112268,95.83914784080041,1737300
2025-04-09,95.32225799560547,95.32225799560547,92.89761440466603,93.88439012678661,2828800
2025-04-10,93.53668212890625,95.049734647391,93.47089754853656,94.63622747364913,1985600
2025-04-11,93.47089385986328,93.80921659412229,91.92964903489725,92.88822533531028,2199500
2025-04-14,94.3448715209961,94.51403284950288,93.68702589345833,94.11932547298022,840300
2025-04-15,94.64561462402344,94.96514480723116,94.00656142758857,94.06294615463324,803800
2025-04-16,95.1436996459961,95.34105336231961,94.38247714446527,94.64561543289663,3780200
2025-04-17,94.5328369140625,95.09671285795413,94.32609052728009,94.94634402758824,798100
2025-04-21,93.1231689453125,94.19452902359102,93.11377627013837,93.7152373004113,626300
2025-04-22,93.63065338134766,94.02536800953827,93.5084840738012,93.80921459005339,862100
2025-04-23,94.35428619384766,95.83914618078411,94.15693247456836,95.63239261678275,1927700
2025-04-24,95.12491607666016,95.22829286683879,94.75840097329274,94.93695501725296,1557500
2025-04-25,95.8203353881836,95.94250467549138,95.49141256083196,95.68876625724295,762900
2025-04-28,96.23385620117188,96.32783314097176,95.56661060761749,95.61359549252698,1883200
2025-04-29,96.91049194335938,96.91049194335938,96.12106995406762,96.12106995406762,649100
2025-04-30,96.45941925048828,96.84473409239028,96.31845023101238,96.57219590006544,1805300
2025-05-01,95.93695831298828,96.61595165689525,95.67289695182087,96.58766116693285,1905600
2025-05-02,95.08820343017578,95.41827112335346,94.88073025305378,95.14478440759594,1149800
2025-05-05,94.70154571533203,94.83357279002492,94.33375497941103,94.81471486289848,965900
2025-05-06,94.89960479736328,94.937327853894,94.1828883080915,94.35263846501111,881400
2025-05-07,95.30510711669922,95.55973591870307,95.19194515575217,95.19194515575217,1093200
2025-05-08,94.31490325927734,95.38998504963536,94.31490325927734,95.3616945596159,1125300
2025-05-09,94.46577453613281,94.72040329915893,94.37147051813385,94.42805148994616,679200
2025-05-12,93.7113265991211,94.14513079806277,93.67360355639555,93.74904964184664,928900
2025-05-13,93.33412170410156,93.73963549940383,93.07949291441105,93.6076084213925,1544100
2025-05-14,92.90031433105469,93.3435511617566,92.76828725743317,93.25867250303654,1631100
2025-05-15,93.61703491210938,93.7773596758511,93.06063610451275,93.20209574549135,2089500
2025-05-16,93.78678131103516,94.33375473042535,93.72076777386295,94.3148968033487,1718700
2025-05-19,93.5133056640625,93.57931920396507,92.50423024779475,92.57025098263357,2093400
2025-05-20,93.07007598876953,93.22096100806532,92.71171057743558,93.04178549733513,15352500
2025-05-21,91.7497787475586,92.71169123027971,91.58002863943895,92.40048869450644,4335200
2025-05-22,92.16474151611328,92.21188993544027,91.23111215723816,91.44801790993932,3645900
2025-05-23,92.49481201171875,92.65512959313578,92.19303477819507,92.57968348602067,2697600
2025-05-27,93.39070892333984,93.598182115491,92.81544496144316,93.0229181535943,2688300
2025-05-28,93.01348876953125,93.34356369283243,92.72114409511383,93.098367439646,2691600
2025-05-29,93.7113265991211,93.89050205839902,93.24922472193421,93.39068433342132,2531700
2025-05-30,94.02255249023438,94.10743115620656,93.61703867376761,93.75849832043025,2149800
2025-06-02,93.2995376586914,93.87680489706585,93.01564035423984,93.46042073987181,2118900
2025-06-03,93.19546508789062,93.80112145203668,93.06297098948988,93.55507129785443,2361700
2025-06-04,94.48246765136719,94.67173975402966,93.75378991109595,93.8768113628322,1851400
2025-06-05,94.3878402709961,94.87047513367314,94.25535340202481,94.69066843150088,2353600
2025-06-06,93.31847381591797,93.82949765715422,93.2522303857573,93.69701079683287,1936200
2025-06-09,93.45095825195312,93.63076493772148,93.0818866906334,93.0818866906334,1658400
2025-06-10,93.8011245727539,94.1134109565361,93.55507441038567,94.05663292675635,1588700
2025-06-11,94.21749877929688,94.38784007046847,93.75379473888252,93.92413603005411,2243900
2025-06-12,95.11653900146484,95.17331703350827,94.68122390914618,94.95565587735199,1644400
2025-06-13,94.32158660888672,94.82314501846267,93.88627162661341,94.7095889830822,2056900
2025-06-16,93.64022064208984,94.5013924089733,93.64022064208984,94.16070986602952,1612000
2025-06-17,94.54872131347656,94.6622773586981,93.89574517348188,94.11339907348497,1235200
2025-06-18,94.62442016601562,95.08813140373346,94.42568987270477,94.87047029011157,2260900
2025-06-20,94.56765747070312,94.84209664974874,94.07556436275512,94.23644026150797,1283500
2025-06-23,94.95564270019531,95.48559739903548,94.88939926533939,95.01242794435244,1779400
2025-06-24,95.45719909667969,95.59914414327562,94.70012515487112,94.70012515487112,1508000
2025-06-25,95.52345275878906,95.53291094958061,94.94618544081396,95.19222836126767,1222400
2025-06-26,95.87358856201172,95.88305397230498,95.29632127399705,95.62754565432775,1058800
2025-06-27,95.4004135131836,96.05338960513323,95.2773920665811,95.55183118899483,1485100
2025-06-30,96.14802551269531,96.29944319397151,95.56130004773112,95.77895393957512,1599300
2025-07-01,96.1860122680664,96.42343824907789,95.8346264533956,96.28098121133782,1627200
2025-07-02,95.66366577148438,95.67315759248746,95.34076271575736,95.40724169110338,1183400
2025-07-03,95.24581909179688,95.49274417111506,95.10336203658765,95.37877707781432,887100
2025-07-07,94.53353881835938,94.9324127669474,94.3435936673651,94.86593377551605,1224000
2025-07-08,94.41007232666016,94.41007232666016,93.96371031473404,94.03018930082946,1289400
2025-07-09,95.24581909179688,95.26480998451359,94.61901094714304,94.61901094714304,1469100
2025-07-10,95.31229400634766,95.388272065297,94.9134200653633,95.17933602601953,1032500
2025-07-11,94.28662109375,94.70449321284039,94.1821530639774,94.64751328593432,1051300
2025-07-14,94.16314697265625,94.41007202550846,93.88773196094918,94.11565887745412,1135200
2025-07-15,93.5648422241211,94.41957734023576,93.46987326581215,94.39108737730979,1719600
2025-07-16,93.73579406738281,94.13467530585879,92.98553418619566,93.83077027624265,4536800
2025-07-17,93.69779205322266,94.03967879778281,93.59332404256104,93.83075002212546,3169200
2025-07-18,93.9637222290039,94.1346692500199,93.80226703172933,94.03969304727003,1219100
2025-07-21,94.63801574707031,95.06537969711319,94.60002671329603,94.83745274013481,1096300
2025-07-22,95.07486724853516,95.28380328614719,94.72347416294524,94.78995315257939,1160800
2025-07-23,94.69499206542969,94.84694819473474,94.50505414946541,94.73298109775595,1265200
2025-07-24,94.55253601074219,94.80896017025356,94.16316110517616,94.16316110517616,1594300
2025-07-25,94.96089935302734,94.99888838187597,94.41956837185056,94.49554642954782,1187000
2025-07-28,94.57152557373047,94.80895157251229,94.50504658389822,94.6664945241099,1277000
2025-07-29,95.77764892578125,95.79664706374624,94.85643486747938,94.89442389774268,2133700
2025-07-30,95.32179260253906,95.54022046385238,95.1508455935838,95.28380357325273,1918200
2025-07-31,95.43575286865234,95.83463405509741,95.39776383919727,95.59720805525305,1703700
2025-08-01,96.77702331542969,96.84375265272364,96.38618213212288,96.42431422099833,2372700
2025-08-04,96.94859313964844,97.03439213932515,96.60541168684308,96.92953073580402,1510900
2025-08-05,97.11066436767578,97.25365059076374,96.71028112417551,96.74841320798274,1722400
2025-08-06,96.69122314453125,96.8914111389688,95.75700523087104,96.71982039045781,2467800
2025-08-07,96.61495971679688,97.00580814200481,96.51009829895824,96.75795322048153,1675600
2025-08-08,96.27177429199219,96.34803846057483,96.15738531206965,96.34803846057483,1678200
2025-08-11,96.39570617675781,96.59589416621965,96.28130992294327,96.4910327517942,1025200
2025-08-12,95.98580932617188,96.03346898414969,95.69028744571823,95.9476772360181,1500700
2025-08-13,96.67214965820312,96.79607346733196,96.49102409082568,96.50055892935892,1053600
2025-08-14,96.05253601074219,96.5005789664742,95.97627183254264,96.5005789664742,1122800
2025-08-15,95.54730224609375,95.87141410652454,95.41383629261638,95.77608751657152,926900
2025-08-18,95.34710693359375,95.65215638515497,95.17551616253103,95.65215638515497,1224900
2025-08-19,95.76654815673828,95.82374265342072,95.5472977374874,95.57589498582863,1017700
2025-08-20,95.96672058105469,96.06204715102648,95.71887295371829,95.7284005196497,1118900
2025-08-21,95.52822875976562,95.766548861633,95.28037381739689,95.68075711597785,1246000
2025-08-22,96.24319458007812,96.43385503626821,95.83328369046035,95.86188094065068,1153700
2025-08-25,96.03346252441406,96.20505328208766,95.8523441995573,95.93813594191806,564000
2025-08-26,96.08111572265625,96.11924780479617,95.65213525329524,95.87139290736211,695600
2025-08-27,96.07157897949219,96.10017622229252,95.50914714321681,95.58540403303405,1515800
2025-08-28,96.57683563232422,96.64356496984534,96.10973026967636,96.16692476670809,1148300
2025-08-29,96.2050552368164,96.33851390961286,95.97626997958707,96.23365248485105,811300
2025-09-02,95.61470031738281,95.7486540814674,95.46160612989607,95.52858301193835,947200
2025-09-03,96.36102294921875,96.59065694652483,95.75823096881534,95.7773640936187,962500
2025-09-04,96.95426177978516,96.96382469318318,96.3897359921448,96.75333109941842,811300
2025-09-05,98.12156677246094,98.24595032976859,97.86322214583275,97.95890236683347,1018300
2025-09-08,98.95398712158203,98.98269045626355,98.59996959393317,98.62867292861469,813000
2025-09-09,98.60952758789062,98.95398218675608,98.4373002884579,98.80089530944485,1023300
2025-09-10,99.0209732055664,99.35585764119617,98.6573854325874,98.8391829690435,787000
2025-09-11,99.44197082519531,99.64290147823225,99.17406328781274,99.17406328781274,921700
2025-09-12,99.0209732055664,99.09752030511984,98.7052291947916,98.97313674329541,788200
2025-09-15,99.31758880615234,99.48024591351958,99.2123383719893,99.2697450451935,3201800
2025-09-16,99.43240356445312,99.58549776174887,99.21233978075689,99.26017624246198,13296900
2025-09-17,99.20275115966797,100.09259094150835,99.01139074849162,99.72900324030057,3449700
2025-09-18,98.46601867675781,98.72435599628729,98.1981038454811,98.47558158863957,1581500
2025-09-19,98.34161376953125,98.49470793695441,98.13111293929023,98.37031710094017,846300
2025-09-22,98.0545883178711,98.31292564043025,97.95890079846943,98.24594875680877,1348600
2025-09-23,98.62866973876953,98.62866973876953,98.11198783141498,98.31291846761971,1272300
2025-09-24,98.31291961669922,98.45644358707503,98.09284855546531,98.40859983030563,908600
2025-09-25,98.20767211914062,98.24594566571054,97.77710749511122,98.10242169105653,1759600
2025-09-26,98.10242462158203,98.53299655840613,97.92062709492745,98.15983129318546,985400
2025-09-29,98.66694641113281,98.7817597497848,98.38946867616966,98.40860179930081,813500
2025-09-30,98.54256439208984,99.04967614973523,98.46602459277344,98.69565859058899,1540800
2025-10-01,98.8459243774414,99.172342469294,98.66351405186086,98.99953461467538,1828400
2025-10-02,99.08592987060547,99.21073268864447,98.75951911979324,98.86512432141811,1595200
2025-10-03,98.86514282226562,99.16275354187978,98.81713778543872,99.13395344959973,1265500
2025-10-06,98.27951049804688,98.7115265048095,98.26030555467887,98.34671315075528,1387400
2025-10-07,98.73072814941406,98.9323434403,98.42351496385753,98.53872265514377,1187100
2025-10-08,98.788330078125,99.1339458079245,98.72112742647175,99.1339458079245,906200
2025-10-09,98.72113037109375,98.81713311567056,98.5771225919586,98.70192542745444,832100
2025-10-10,99.89236450195312,100.01716731446454,99.32593596154905,99.42193868844541,1739200
2025-10-13,99.8443832397461,99.85398571208275,99.26835941673255,99.64277526791837,728700
2025-10-14,100.18998718261719,100.21878727169029,99.7963664331795,99.98837923456597,1529600
2025-10-15,99.92118835449219,100.5356147422206,99.77718056762515,100.25720164082175,2240100
2025-10-16,100.58361053466797,100.69881822687033,99.75798104310823,99.81558122693933,1463200
2025-10-17,100.39159393310547,100.4780015238335,100.15158342764002,100.4780015238335,1027300
2025-10-20,100.67001342773438,100.71801846170908,100.49720555978122,100.59320830319079,728800
2025-10-21,101.0732192993164,101.25562962084308,100.97721656544836,101.09242424081347,2430500
2025-10-22,101.15003204345703,101.22683716615862,100.91962399989193,101.06362444928284,996200
2025-10-23,100.61241149902344,100.88122210571711,100.50680628574526,100.73721433083416,1033600
2025-10-24,100.6412124633789,100.79481538659266,100.39159947304934,100.79481538659266,1450700
2025-10-27,100.87161254882812,100.90041263687382,100.29558881429668,100.50679922601735,1194800
2025-10-28,101.0732192993164,101.22682953313658,100.9100139192868,100.92921153624478,972200
2025-10-29,100.21878814697266,100.98682471014747,100.16118796832336,100.97722223885943,1409200
2025-10-30,99.83478546142578,100.12280104874459,99.57557729247138,99.61397985908327,1367400
2025-10-31,99.68115997314453,99.92117046677656,99.57555476998331,99.84436535092496,934600
2025-11-03,99.52604675292969,99.56457892667477,99.24664071397048,99.40079146093882,1335400
2025-11-04,99.72838592529297,99.79582826357922,99.54532499966018,99.60313061800166,2582300
2025-11-05,98.82272338867188,99.35263271506851,98.74564433198447,99.3140931867248,1163300
2025-11-06,99.5838623046875,99.68020744999274,99.35263248582224,99.38153529434747,927300
2025-11-07,99.44896697998047,99.73800238494002,99.22736655391512,99.22736655391512,920500
2025-11-10,99.3429946899414,99.5260556095027,99.25627891464167,99.3622607785284,734500
2025-11-11,99.84398651123047,99.87289666798083,99.62239343078394,99.79581761797212,849900
2025-11-12,99.93070983886719,100.1137707588188,99.75728563856127,99.8247279747545,1157400
2025-11-13,99.36225891113281,99.78618635871247,99.35262954235196,99.63203560092371,976300
2025-11-14,98.93833923339844,99.78618678148672,98.91906579442869,99.73801053472557,1290200
2025-11-17,99.15992736816406,99.31408546956007,99.01540598577101,99.10212175547198,799100
2025-11-18,99.15031433105469,99.545331667286,98.93835058205366,99.43934979278549,5281700
2025-11-19,99.0443115234375,99.41042597118349,98.9864985627789,99.33334692408037,2436000
2025-11-20,99.39115905761719,99.52604371359388,99.15029255042133,99.15029255042133,1176900
2025-11-21,99.64166259765625,99.82472350941923,99.42006951036078,99.79582070243833,1394400
2025-11-24,100.06558990478516,100.14266895707578,99.89216571246274,100.01741365943775,1014000
2025-11-25,100.38352966308594,100.66293569844458,100.29681389662028,100.35462685781825,1154100
2025-11-26,100.64366149902344,100.65329821759389,99.99814101739133,100.27754705063415,1063500
2025-11-28,100.27755737304688,100.55696343505132,100.07523036621538,100.51842390746485,925400
2025-12-01,99.25849151611328,99.43252035738236,99.21014525358032,99.34550593674781,2210200
2025-12-02,99.31649017333984,99.403504584375,98.9877518529107,99.08444436730956,1205200
2025-12-03,99.5775375366211,99.65488859497711,99.28748213269043,99.46151832569,929800
2025-12-04,99.16178131103516,99.45184408130828,99.06509617981166,99.45184408130828,895900
2025-12-05,98.75570678710938,99.11344991389838,98.63968019492297,99.11344991389838,983500
2025-12-08,98.4366455078125,98.74604239689396,98.13691934618463,98.74604239689396,959100
2025-12-09,98.45597076416016,98.82337720430785,98.37861971046512,98.82337720430785,1129400
2025-12-10,98.81371307373047,98.91040558560421,98.3496214737896,98.4366358825524,1479600
2025-12-11,98.765380859375,99.35516981391125,98.73637605449674,99.23914321779472,896000
2025-12-12,98.04988861083984,98.1852492662477,97.9435327563619,98.04021788499573,932700
2025-12-15,98.20459747314453,98.57200396546446,98.15625121356926,98.41730921271,1120400
2025-12-16,98.66868591308594,98.68801998888243,97.96287043256852,97.97254115876815,1330000
2025-12-17,98.5816650390625,98.75570122924593,98.37862404661563,98.40762884887907,4203400
2025-12-18,98.958740234375,99.08443754379601,98.8233795754621,98.91040135710763,1116300
2025-12-19,98.61714172363281,98.85975424837748,98.55890968301036,98.73359099698439,1943000
2025-12-22,98.51040649414062,98.58803688678056,98.4327686975529,98.5492253924345,1071400
2025-12-23,98.61714172363281,98.6753663603086,98.17073556657623,98.2095470550623,782400
2025-12-24,99.05386352539062,99.09268242653086,98.76272546881312,98.8500698473657,582900
2025-12-26,98.97621154785156,99.228530667152,98.80153021971238,99.18971177157138,1169800
2025-12-29,99.28675842285156,99.296464998038,99.04414587082313,99.18971488282969,964700
2025-12-30,99.18971252441406,99.32557495800381,98.97621229907381,99.03444434486036,941100
2025-12-31,98.66567993164062,99.18972398056133,98.61716185915334,98.98593030663909,1163600
2026-01-02,98.51040649414062,98.82095027654375,98.46188102028634,98.80153712542293,918600
2026-01-05,98.91799926757812,98.97622391625137,98.59774889197884,98.6559809446003,1145900
2026-01-06,98.8015365600586,98.84035545813033,98.44247470980362,98.68508726979114,1386300
2026-01-07,99.26734924316406,99.45173714559162,98.9956243789217,99.29646156376899,1497700
2026-01-08,98.86946868896484,99.06356318110657,98.80153746770219,98.86946868896484,1051400
2026-01-09,99.28675842285156,99.35468964126163,98.62685198517633,98.78212757236933,1381100
2026-01-12,99.11207580566406,99.33528260837645,98.92769530319461,99.01503226689897,1150000
2026-01-13,99.21882629394531,99.35468872951867,99.04414496192993,99.32557640817402,1000600
2026-01-14,99.67493438720703,99.8205033910356,99.32557173959728,99.32557173959728,812600
2026-01-15,99.59730529785156,99.90784907797006,99.57789955082129,99.88844333093978,871400
2026-01-16,99.04414367675781,99.5196695990417,98.97621245985259,99.39350633625533,1106400
2026-01-20,98.04458618164062,98.34542338560851,97.95724921427487,98.02518043465304,1264500
2026-01-21,98.58802795410156,98.73359695852716,97.99606016961245,98.14162177009094,1609400
2026-01-22,98.85977172851562,98.91799637548654,98.4327712402009,98.52981478646844,1049100
2026-01-23,99.05386352539062,99.13150132767107,98.6947942428048,98.95681997451423,964500
2026-01-26,99.4226303100586,99.57790591201095,99.30618101254254,99.48086236276484,1048400
2026-01-27,98.99563598632812,99.39351675449313,98.91799818631365,99.25765430644185,3059600
2026-01-28,98.8015365600586,98.87917435620207,98.52010510199933,98.78213081299661,2748700
2026-01-29,98.85006713867188,98.95681726289524,98.4133674697204,98.44247979379075,2026300
2026-01-30,98.59774017333984,98.88887819885822,98.55892127634088,98.69478371386344,1278100
2026-02-02,98.31525421142578,98.70489308572316,98.28603259640857,98.65618543953222,1277200
2026-02-03,98.48084259033203,98.51006420364979,98.15938998035067,98.20809762370892,1131100
2026-02-04,98.34447479248047,98.48084728228926,98.23732391738164,98.32499619325492,1462000
2026-02-05,99.23090362548828,99.25038222475654,98.5879983734862,98.75359247836795,1121900
2026-02-06,99.25037384033203,99.30881706494296,98.97762888315741,99.26011685501474,918800
2026-02-09,99.26012420654297,99.32831045088672,98.88022835495018,99.026343859042,899400
2026-02-10,100.10758972167969,100.17577597213217,99.89329538578895,99.89329538578895,972100
2026-02-11,99.688720703125,100.04913795721228,99.61079887478293,99.64002048937911,1072400
2026-02-12,100.7115249633789,100.76996819440441,99.96147624882533,99.96147624882533,1071300
2026-02-13,101.20830535888672,101.30571321216524,101.07193287794823,101.14011911841747,949300
2026-02-17,101.33493041992188,101.52001053532557,101.25700116798954,101.41285967185422,973600
2026-02-18,101.01348876953125,101.28624118083425,100.97453157108842,101.15960427479345,1157200
2026-02-19,101.13038635253906,101.1888295840805,100.8966059946298,100.9258276104005,951200
2026-02-20,100.98426818847656,101.19856994082222,100.62385836111649,101.18882692524014,2432400
2026-02-23,101.38365173339844,101.57846745776057,101.14012836207402,101.15960696181283,947000
2026-02-24,101.45182800292969,101.56871445335449,101.33493412076211,101.5005282133591,1216200
2026-02-25,101.40312957763672,101.58820971662226,101.26675708525056,101.27650010091914,1562500
2026-02-26,101.77327728271484,101.8122344770895,101.5589755549415,101.5589755549415,851700
2026-02-27,102.27981567382812,102.33825890462667,102.03629230317615,102.14344318080249,865100
2026-03-02,101.4188461303711,101.79997244136489,101.20385027169475,101.79020532474448,1192200
2026-03-03,101.2331771850586,101.43840594870893,100.71523662873867,100.72501120220178,1578900
2026-03-04,100.97908782958984,101.23316706771783,100.95953868461739,101.1256765936263,1215000
2026-03-05,100.500244140625,100.62729123248992,100.2852557078829,100.39275365216157,1290300
2026-03-06,100.22660827636719,100.64682544847612,99.76730026780454,99.98229614039256,1960400
2026-03-09,100.8227310180664,100.89113811826866,99.93343871543716,99.98229666940178,1044100
2026-03-10,100.09957122802734,100.71523514244781,100.08979665470848,100.56865382173929,995300
2026-03-11,99.09300231933594,99.68912451841635,99.04413691056624,99.61094284671064,767000
2026-03-12,98.76073455810547,99.05391210092202,98.62392035967498,98.79982539420199,11867500
2026-03-13,98.33075714111328,98.9366465033943,98.26235003711977,98.73142519141378,1787200
2026-03-16,99.01483154296875,99.15164575560111,98.81938479801263,98.97574070281445,1424100
2026-03-17,99.33731842041016,99.44481635934675,99.22004590816618,99.24936217227346,1334700
2026-03-18,98.7705078125,99.28844833618874,98.76073323965271,99.21026666503943,1229400
2026-03-19,99.10277557373047,99.28844772179298,98.59460217021908,98.63369300555183,1814500
2026-03-20,97.28509521484375,98.38938338180768,97.22645523244425,98.36006711851526,2537700
2026-03-23,97.88121795654297,98.22325345651635,97.4121353738547,97.58804041038596,1918500
2026-03-24,97.5489501953125,97.75417149660396,97.06032591914767,97.18736554685722,1699000
2026-03-25,98.36983489990234,98.40891827771738,98.03756654196125,98.29165323264395,3531000
2026-03-26,97.50009155273438,98.09621380749677,97.4023681818815,97.86167622628682,937600
2026-03-27,97.20692443847656,97.53918540078782,96.86488890203394,96.88443059448116,1093300
2026-03-30,98.34053039550781,98.54575172029435,98.11576737799592,98.25258159452028,1470700
2026-03-31,98.428466796875,98.85845850824917,98.30141972443403,98.58482267458389,2399900
2026-04-01,98.34115600585938,98.75320565288787,98.3019128259104,98.35096867206443,2450700
2026-04-02,98.79244232177734,98.94941504312051,98.2528654331207,98.28229594715472,844700
2026-04-06,98.62567138671875,98.80226196826993,98.37059443895107,98.45889347216259,1085900
2026-04-07,98.66490936279297,98.72377039191302,97.96835974034362,98.56680515263572,822800
2026-04-08,99.02790832519531,99.51843688637044,98.9003661089718,99.47919370329181,869800
2026-04-09,98.94940948486328,99.32220844980517,98.59622836655163,98.85130528197024,683200
2026-04-10,98.67472839355469,98.90036734298238,98.55699884284984,98.85131897717599,1553200
2026-04-13,98.95922088623047,99.00826924461485,98.43925439628617,98.59622710680614,2196800
2026-04-14,99.4693832397461,99.49881375648904,98.89056311747592,98.93961148375683,615500
2026-04-15,99.1161880493164,99.32220912224788,99.02789651157619,99.31240394130182,1143600
2026-04-16,98.6354751586914,99.26335106205731,98.55698879955287,99.23392054859816,958800
2026-04-17,99.44976043701172,99.6263510135462,99.28297504232187,99.41051725501832,679100
2026-04-20,99.4203109741211,99.49879732905875,99.10637303924126,99.47917948275972,618000
2026-04-21,98.81207275390625,99.37127500402595,98.81207275390625,99.25354545694275,1300000
2026-04-22,99.0082778930664,99.38108437068087,98.94941686391526,99.2927853420827,597600
2026-04-23,98.79244232177734,99.26335300093551,98.45888651623011,99.06714458412787,1020600
2026-04-24,99.02790832519531,99.09658202436495,98.50794924792916,98.67472716235946,848400
2026-04-27,98.67472839355469,98.96904104300889,98.53738099350167,98.83169364295587,655600
2026-04-28,98.62567138671875,98.62567138671875,98.27249022361639,98.41965028905435,1595500
2026-04-29,97.8898696899414,98.21362030764624,97.75252230392199,98.21362030764624,1479400
2026-04-30,97.93892669677734,98.16456562582535,97.76233612910568,98.16456562582535,971000
2026-05-01,98.21363830566406,98.64686377567791,97.96748883622631,98.0954838560551,1063000
2026-05-04,97.56379699707031,97.97733380160395,97.35703235074621,97.9576376380195,1103300
2026-05-05,97.96747589111328,98.01670878324961,97.691789723673,97.76071126553308,764600
2026-05-06,98.73546600341797,98.81423563012784,98.53854944852836,98.6566963767081,789300
2026-05-07,98.30223846435547,99.02099814689997,98.25301308262921,99.02099814689997,885200
2026-05-08,98.71578216552734,98.93239489359782,98.66654926846209,98.75516698080247,606500
2026-05-11,98.23331451416016,98.58777030620024,98.19393721449767,98.54838549465303,583000
2026-05-12,97.63272094726562,97.81978942021341,97.58348805276698,97.80994133893668,1043200
2026-05-13,97.53426361083984,97.71149152975497,97.27827357054021,97.59334459173535,955700
2026-05-14,97.60317993164062,98.07579019405003,97.57364319871853,97.99702056500091,466300
2026-05-15,96.31336212158203,96.61858505360813,96.23459249012836,96.56935966786372,1665400
2026-05-18,96.21490478515625,96.6087454344153,95.9982920524695,96.41182135384298,2230200
2026-05-19,95.63397979736328,95.87028867344225,95.39767843316925,95.63397979736328,1984500
2026-05-20,96.5792007446289,96.66781845845064,95.70290924779407,95.72260541170358,2896100
2026-05-21,96.8253402709961,96.8548845138276,95.97859310694572,96.24443119735105,1420700
2026-05-22,97.20933532714844,97.22902397614232,96.73672512056692,97.20933532714844,1152100
2026-05-26,97.71148681640625,97.96748435624292,97.50472217296002,97.92809954150763,788000
2026-05-27,97.88871002197266,98.11517081784487,97.79025174580929,97.90840618433631,858700
2026-05-28,98.28255462646484,98.43024580264515,97.8788734242496,97.99702035568565,15514800
2026-05-29,98.37116241455078,98.56807895500536,98.20377509209143,98.42038779372217,2197700
2026-06-01,98.35238647460938,98.42159271512139,97.70975278818949,97.84816526921352,1649100
2026-06-02,98.54022216796875,98.69841216196495,98.40180969467912,98.69841216196495,881400
2026-06-03,98.1645278930664,98.29305160030282,97.96679040934069,98.12498039632126,650600
2026-06-04,98.34249114990234,98.55010985758103,98.26339615376361,98.46112610119646,741600
2026-06-05,97.72952270507812,98.0458951676344,97.69986396529386,97.76907020576196,777300
2026-06-08,97.41314697265625,98.07555061531816,97.41314697265625,97.98657439895204,743200
2026-06-09,97.86793518066406,97.93714142112839,97.57134023992317,97.73941146063446,862800
2026-06-10,97.67020416259766,98.06567162221788,97.50213294370624,97.917370381996,803300
2026-06-11,98.76761627197266,98.82693374698698,97.81849895717383,97.91736392983569,1441400
2026-06-12,98.51055908203125,98.6094240524584,98.21395662783605,98.4512416083577,729500
2026-06-15,98.56987762451172,98.95545629339811,98.55999640740147,98.80716260760629,512800
2026-06-16,99.03455352783203,99.2026247374736,98.78738732203655,98.81704605986577,635900
2026-06-17,98.81704711914062,99.30149831859093,98.75772964284633,99.14330832458738,2093800
2026-06-18,99.33116149902344,99.73651017668588,99.27184402007634,99.5684389577262,625800
2026-06-22,98.70829010009766,98.92579756315932,98.5896551514559,98.90602758602363,868200
2026-06-23,98.88626098632812,99.06422097185732,98.78739600390405,98.80717352613766,1127700
2026-06-24,99.95401000976562,100.042993764293,99.72662132925514,99.73650254638075,567000
2026-06-25,99.96390533447266,100.39892028981001,99.92435783463159,100.18141281214133,629100
2026-06-26,100.0825424194336,100.11220115698124,99.75628122058163,99.75628122058163,368800
2026-06-29,100.17152404785156,100.26050780821933,100.03311156986999,100.10231780886078,591400
2026-06-30,99.21251678466797,99.94412666604515,99.17296928528079,99.90458670957223,956800
2026-07-01,98.74913024902344,98.96742737453556,98.60029818190011,98.67967276093307,983500
2026-07-02,98.79874420166016,98.99719200110832,98.61021349297559,98.63998747616128,575800
2026-07-06,98.7590560913086,98.76898075266831,98.48122613562462,98.72928967752796,563800
2026-07-07,97.8759536743164,98.49115400357331,97.8759536743164,98.45146292714072,679500
2026-07-08,97.62788391113281,97.72710781075011,97.33020464198263,97.60804215932868,757900
2026-07-09,97.78665161132812,98.01486583136366,97.59812089628252,97.60804555767928,759900
2026-07-10,97.7370376586914,97.9354854684576,97.60804733937324,97.8362615635745,660800
2026-07-13,97.22106170654297,97.53858272114476,97.191287723985,97.46912523577244,554600
2026-07-14,97.44927978515625,97.82633363925585,97.37982229702479,97.53858659578152,916300
2026-07-15,97.70726776123047,97.84618273717456,97.51873704946416,97.5286617106883,1493000
2026-07-16,97.68742370605469,97.68742370605469,97.25083700253198,97.31036983248988,526400
2026-07-17,97.91564178466797,98.27285389144171,97.90571712328577,98.07439851529044,589400
2026-07-20,97.3698959350586,97.7568744436459,97.23098096122203,97.72710803072354,640300
2026-07-21,97.0424575805664,97.18137255405648,96.88369328497873,97.16152323195888,537100
2026-07-22,96.72494506835938,97.01269213140247,96.69517108259383,96.98292571593588,748700
2026-07-23,96.3478775024414,96.41733499088751,96.18912077326397,96.2486536004182,1009000
2026-07-24,96.5562515258789,96.89362188256003,96.46695228370656,96.53640977327346,768100
2026-07-27,97.0226058959961,97.12182979317316,96.80430878002765,96.99283948387277,762800
2026-07-28,97.51873779296875,97.63781101767086,97.16152568916092,97.17145035046073,2044000
2026-07-29,96.35780334472656,97.4095903456009,96.29827051684268,97.34013285630351,1053300
2026-07-30,96.33795166015625,96.47687420564388,96.11966210650056,96.35780098249664,1790500
2026-07-31,95.7922134399414,95.97081948395564,95.43500135191293,95.96089482309425,1768400
2026-08-03,96.14984130859375,96.23950010959447,95.92072761740378,96.13988513081034,1728500
2026-08-04,96.86708068847656,96.88700824418571,96.57819193177919,96.6280032209164,1094500
2026-08-05,96.98662567138672,97.11612438622358,96.78739571007833,96.92685820302137,1639200
2026-08-06,96.45865631103516,96.84716004310415,96.36899751125391,96.7475450656749,710600
2026-08-07,96.67781066894531,96.87704061730723,96.46860934298934,96.81727315282572,1309900
2026-08-10,96.02033996582031,96.388923737374,96.02033996582031,96.36899618208163,1171800
2026-08-11,96.18968963623047,96.46861461924682,96.15980590235526,96.28931221599555,1054700
2026-08-12,96.19965362548828,96.53835367713462,96.16976989154745,96.51842612108354,977200
2026-08-13,96.76746368408203,97.14600363313717,96.67781248567509,96.7574999064361,1333700
2026-08-14,96.22953796386719,96.60808552985765,96.09007547117676,96.4785792151195,1061600
2026-08-17,95.71153259277344,96.13988383589792,95.65175752619949,96.01037752510071,981400
2026-08-18,95.9605712890625,96.0502224863401,95.47244499232197,95.5720675672554,984400
2026-08-19,97.25558471679688,97.25558471679688,96.79734973586724,97.0463909820335,2007800
2026-08-20,96.63796997070312,96.95674247063185,96.44869618632373,96.58815868003406,1561800
2026-08-21,96.3191909790039,96.57818839264652,96.1896846720472,96.49850097313708,843600
2026-08-24,96.76746368408203,97.03643247957386,96.66784870802915,96.68776866318552,848800
2026-08-25,97.604248046875,97.6142042245735,97.16593302380038,97.30539551293582,1048900
2026-08-26,97.40501403808594,97.40501403808594,97.15597278411246,97.38509408182787,764500
2026-08-27,97.23566436767578,97.4448581015926,97.08623810055357,97.28547565676173,720700
2026-08-28,96.9168930053711,97.56440177034305,96.85712553788116,97.13605051968183,1180700
2026-08-31,96.62800598144531,96.62800598144531,96.32915343835556,96.59812224716352,1741900
2026-09-01,96.2300033569336,96.7300033569336,96.16999816894531,96.30000305175781,1235300
2026-09-02,96.33000183105469,96.44000244140625,96.12000274658203,96.33999633789062,1080700
2026-09-03,96.5,96.83000183105469,96.5,96.80000305175781,1117500
2026-09-04,96.61000061035156,96.86000061035156,96.56999969482422,96.66999816894531,859700
2026-09-08,96.5199966430664,96.80999755859375,96.30000305175781,96.80000305175781,1202800
2026-09-09,96.16000366210938,96.5999984741211,95.76000213623047,96.48999786376953,1473300
2026-09-10,95.04000091552734,95.66999816894531,94.94000244140625,95.37999725341797,1567300
2026-09-11,95.01000213623047,95.66000366210938,94.97000122070312,95.5,1349300
