Price,Close,High,Low,Open,Volume
Ticker,TLT,TLT,TLT,TLT,TLT
Date,,,,,
2020-01-02,112.00181579589844,112.42690465855323,111.72387835531408,111.8219709876072,11034100
2020-01-03,113.7267074584961,113.75941332568893,112.71305010092236,113.0318637010679,12366000
2020-01-06,113.08089447021484,114.20900973412043,112.93374303535975,114.1926568027739,11369800
2020-01-07,112.5250015258789,113.19533446812616,112.5168312974239,112.99096649406998,8381200
2020-01-08,111.78107452392578,113.06449848924471,111.43773793816607,112.75385528009812,10621700
2020-01-09,112.17353057861328,112.35337545136024,111.10264404684247,111.17621354742936,7411500
2020-01-10,113.17082977294922,113.19535293594642,112.50867942475838,112.54137281754356,8776000
2020-01-13,112.8274917602539,112.88470831539878,112.3124803957844,112.71304617633103,5966900
2020-01-14,113.40787506103516,113.48145701320605,112.92556962576809,112.95826301390845,13920300
2020-01-15,114.15992736816406,114.24984976155491,113.64492863658859,114.05366452043255,6290500
2020-01-16,113.80033111572266,114.0619157809339,113.41611811406146,113.84119475423451,6798600
2020-01-17,112.8274917602539,112.92558441114977,112.28795723306044,112.46780207545827,9693100
2020-01-21,114.01283264160156,114.15997162949105,113.44060467708555,113.47329807207184,6794900
2020-01-22,114.41338348388672,114.56052245252475,114.11091037007662,114.21718571873686,6317000
2020-01-23,115.2145004272461,115.57419008664188,115.08370191953269,115.14093094426939,9747400
2020-01-24,116.14636993408203,116.53058259558077,115.5087430647069,115.60683566811014,8585000
2020-01-27,117.95305633544922,117.95305633544922,117.30725879632905,117.67511878563222,10935200
2020-01-28,117.02930450439453,117.78954754195229,116.75136699433905,117.65874901711422,10612900
2020-01-29,118.17376708984375,118.28821268713513,117.25001960722675,117.25820231151265,9566800
2020-01-30,118.19011688232422,119.08115847137563,117.9530429897589,118.4517014661918,14711800
2020-01-31,119.2691421508789,119.34272409994489,118.60699192470189,118.67239117185444,14538100
2020-02-03,119.17255401611328,119.35269767811214,118.00981651234879,118.68944714727931,15309000
2020-02-04,117.56768798828125,118.0262310820501,117.14189261791208,117.90341150134853,11388300
2020-02-05,116.28209686279297,116.84709181970287,116.19202502191806,116.51956466799044,10782600
2020-02-06,116.80616760253906,116.99450761634212,116.27393276719462,116.42131626214093,6683100
2020-02-07,118.26364135742188,118.51748921804918,117.80509843843667,118.09169400998115,11374800
2020-02-10,118.59120178222656,118.93510903191134,118.46836973239364,118.81228947643808,6699300
2020-02-11,117.99339294433594,118.50106348137479,117.86237716240569,118.39461159676239,7784100
2020-02-12,117.39566040039062,117.54305630661855,117.08451347720725,117.39566040039062,5595500
2020-02-13,117.8460922241211,118.07536378045425,117.31385735999682,117.45305705531605,7883400
2020-02-14,118.36190795898438,118.79588696561953,118.28001994120679,118.53385530421708,7137400
2020-02-18,119.17255401611328,119.59016545727363,118.66488323831207,119.0087904582121,6909200
2020-02-19,119.1643295288086,119.23802123055215,118.71397052756299,118.8286062283933,5707700
2020-02-20,120.09783172607422,120.31891939283742,119.54921695580548,119.61472487537822,9332900
2020-02-21,121.21957397460938,121.90740059242361,120.90023081054854,121.0230627932506,13860300
2020-02-24,123.0292739868164,123.61064909851588,122.82456637618942,123.50419714279433,15929300
2020-02-25,123.68428039550781,124.26564272873601,122.93914205832613,122.99646615858083,20802900
2020-02-26,123.0292739868164,124.23295573685193,122.48065908965941,122.78362235519182,22589500
2020-02-27,124.36395263671875,125.34654651897827,123.50417830435701,125.03538700009177,30687900
2020-02-28,127.17255401611328,127.72116891322413,126.23090400505276,126.46835933584126,44935200
2020-03-02,126.23682403564453,128.33612217914614,126.08921048750248,127.35207773848026,28152400
2020-03-03,128.19674682617188,130.96027529660844,124.94118976464198,126.1302442615095,38608000
2020-03-04,126.83550262451172,129.03321489866337,126.44188718466711,128.26237579906115,23463700
2020-03-05,129.99264526367188,130.23865957879985,128.59037242640795,128.85279103262656,17786200
2020-03-06,136.7579345703125,138.8572328232906,134.5766273960006,137.19255432521166,76288300
2020-03-09,140.46449279785156,147.36102467436896,139.68545815061773,146.86900871902304,41552800
2020-03-10,133.26463317871094,141.80944445583472,132.87101766754216,139.11151963116515,37728300
2020-03-11,128.36074829101562,136.97116078425285,127.62271793957503,135.6590929230179,29519300
2020-03-12,129.15615844726562,136.42170538487474,127.64728950403394,134.0845889411837,24361800
2020-03-13,126.23682403564453,129.73018617948983,124.8017555767723,127.10606350011281,19812900
2020-03-16,134.41270446777344,136.24958530882577,129.4104575070957,131.51796545189654,30496700
2020-03-17,125.44967651367188,135.82318678131767,125.22827479205262,134.0764981227739,18570900
2020-03-18,118.37269592285156,126.40087638247078,113.99367588661431,125.33482262813874,47061000
2020-03-19,121.5954818725586,125.83508548604962,119.11076266110074,120.50482760448573,21175300
2020-03-20,130.73887634277344,130.73887634277344,124.7361944043851,125.71204329845737,20863100
2020-03-23,136.12655639648438,136.69238565102535,128.39358995191708,129.15622067738727,19971800
2020-03-24,133.59262084960938,135.67551540738427,131.54252236200065,132.23135245076324,11948600
2020-03-25,133.28924560546875,136.68420941897114,132.53481059278073,134.15028978187564,10750600
2020-03-26,133.94525146484375,135.86414092812743,133.06781568987967,134.486480548173,10576200
2020-03-27,137.52056884765625,137.97159290205158,134.9702464813171,135.7328894301683,12550000
2020-03-30,136.38894653320312,139.49689006915978,136.07732758562074,138.01262089303447,13473200
2020-03-31,135.2818603515625,136.8809342006628,134.9456412950632,135.88048543090682,11464800
2020-04-01,137.17730712890625,138.75406887611715,136.65172405679888,138.35987217387,11334700
2020-04-02,138.04774475097656,138.9675115234098,137.35790714076916,138.6472346986602,5771200
2020-04-03,138.37619018554688,139.87903102479865,138.08054915928622,138.41725387575397,6570800
2020-04-06,138.01490783691406,138.18737039600347,136.7584360793108,137.14441237409184,9434800
2020-04-07,136.56961059570312,136.6681535068694,134.44264255710402,135.4691729847162,13811400
2020-04-08,135.57589721679688,136.47924882947032,134.78752901926967,135.59232520908728,10147100
2020-04-09,135.822265625,136.1507502822173,134.5000942037377,134.91070629070256,14259100
2020-04-13,134.5821990966797,136.08504058701527,134.5821990966797,135.296659998473,8750300
2020-04-14,134.54933166503906,135.28844075342502,134.25369053586132,134.54933166503906,9019100
2020-04-15,138.11349487304688,138.45842010151821,136.93094242314245,136.98021387552745,10027800
2020-04-16,139.6819610595703,139.8708515665213,138.8032580597743,139.00034376319246,8265400
2020-04-17,137.8096160888672,140.29792414321204,137.36616058243024,139.4602845720661,8612100
2020-04-20,138.91831970214844,139.02507035098455,137.93285294825495,138.3270371436344,6462600
2020-04-21,140.6674346923828,141.37368773945926,140.24861501933876,141.19301748107583,7850700
2020-04-22,139.23025512695312,139.92830025694326,138.54865050984392,139.58338782016844,6230200
2020-04-23,139.9694061279297,140.37179782665976,139.2877887745284,139.50130248138757,5968600
2020-04-24,140.2979736328125,140.2979736328125,139.25502766598106,139.2878711284233,6211800
2020-04-27,137.68646240234375,139.4028180978736,137.50579206272084,139.32891092190633,9039500
2020-04-28,139.2714385986328,139.4849649556718,138.33524331337807,138.4173707631453,9905400
2020-04-29,138.5487060546875,139.82159322539692,137.93278805690537,139.2221032162031,8619600
2020-04-30,136.9309539794922,138.97579461137383,136.90631825122054,138.57340269567754,11606100
2020-05-01,138.103515625,138.23508495308394,136.86186302745486,137.73348786851292,10209400
2020-05-04,137.45388793945312,137.88146935874693,136.89472466840354,137.78279865385443,8300900
2020-05-05,136.5740203857422,136.72203897727485,135.8997497160487,136.14643900384422,7831800
2020-05-06,134.37030029296875,134.55942332266667,133.25198632004071,134.2222816914066,14721500
2020-05-07,136.61517333984375,136.80429640653813,134.31276029257478,134.49366498146216,9164800
2020-05-08,134.83897399902344,136.00662310970654,134.59228473966516,135.25834950407358,8129800
2020-05-11,133.78648376464844,135.0363671742006,133.29311764963563,134.57588711466573,8713500
2020-05-12,135.15965270996094,135.62013258941823,134.14002227605857,134.16468994480553,10057300
2020-05-13,136.10533142089844,136.73848516178253,135.5379497839681,135.75174048966593,13305600
2020-05-14,137.43739318847656,138.26790062332827,137.3633901842803,137.58541174400443,10080000
2020-05-15,137.0839080810547,138.54758260099115,136.7714340103456,138.39134556563658,7225600
2020-05-18,134.07427978515625,135.72707684637803,133.55623348436959,135.62017521678342,10073100
2020-05-19,134.575927734375,134.6088137997791,133.6056194185046,133.63851803105308,8639100
2020-05-20,134.97879028320312,135.43105193010368,133.9344918542523,134.1729502423601,10927300
2020-05-21,135.31593322753906,135.97376721599025,135.0939115901696,135.56262254160072,8920000
2020-05-22,136.1299591064453,136.23684815432435,135.3570053670933,135.44745766738208,4956700
2020-05-26,134.30445861816406,134.68270451696196,134.01665246057678,134.61693244101497,8098900
2020-05-27,134.057861328125,134.7814801309924,133.6960519266913,133.86050732357685,8047400
2020-05-28,133.56442260742188,133.67955513539326,132.9312689864005,133.17795824451358,10272600
2020-05-29,134.5183563232422,134.92950113446093,133.49872522159174,133.794749987555,14632700
2020-06-01,133.6125946044922,133.74433298631044,133.1103530166657,133.46439834739434,13341400
2020-06-02,133.12689208984375,133.4562256509164,132.7646176347018,133.11042164280911,11517100
2020-06-03,131.35665893554688,132.00710952698796,130.86265870944777,131.88360004801285,12255700
2020-06-04,129.4547119140625,130.9202670590271,129.42178359583122,130.8461689205578,14038600
2020-06-05,128.53260803222656,128.5737778652089,126.10373864549788,127.29758842237105,17778500
2020-06-08,129.026611328125,129.14187931396157,127.6598533794426,127.67632382406731,10346700
2020-06-09,130.49215698242188,131.43900018305092,130.3357191784488,130.95322889101575,9095300
2020-06-10,132.42703247070312,132.47643124477028,130.95324793686694,131.10968576359232,13135500
2020-06-11,134.93002319335938,135.21818691919148,133.90084010838018,134.41131089828343,17086400
2020-06-12,133.62908935546875,134.74884067812403,133.42325280765172,133.71965793903888,9716100
2020-06-15,133.70321655273438,135.20994191777555,133.49737996018672,134.93823610802042,7759800
2020-06-16,131.65309143066406,132.7481437092786,130.66507821006493,131.2496597134117,13698900
2020-06-17,132.19642639160156,132.3693345724288,131.19194330725492,131.95766158911502,7113900
2020-06-18,133.59622192382812,133.77735919055797,133.06105163057262,133.41508465709828,7691400
2020-06-19,133.70321655273438,133.7937851559861,132.48466744256737,132.55876560070007,8565500
2020-06-22,133.71969604492188,134.55127141229966,133.43976127530198,134.36190525205905,9319700
2020-06-23,132.80577087402344,133.4315095871714,132.65756199577325,132.95396718900514,9088600
2020-06-24,134.2301483154297,134.2795470840545,132.9868999063902,132.99512884673842,11436500
2020-06-25,134.61705017089844,135.316899187917,134.53471055833356,135.20163126828274,10968000
2020-06-26,136.0579071044922,136.1155473466416,135.1769209797135,135.2345612218629,12119300
2020-06-29,135.62986755371094,136.0744817061132,135.3417038121554,135.7286776782841,7274400
2020-06-30,134.97117614746094,136.09092781062034,134.60067276137747,136.04152903424517,14841700
2020-07-01,134.70904541015625,134.82444856979922,133.66216580468,134.2062146621402,13181000
2020-07-02,134.84918212890625,134.9728364620153,133.73636859893418,134.11554503326485,7599800
2020-07-06,134.2969207763672,134.3793570144714,133.33247716496717,133.81057967436277,7972700
2020-07-07,136.18450927734375,136.29166121995846,134.5276351023527,134.70898463969493,12791900
2020-07-08,135.6405029296875,135.94549425661597,135.04699745490825,135.45091474629947,7253900
2020-07-09,137.80018615722656,138.0309924282891,135.68171161683145,135.7311683066308,13373100
2020-07-10,137.10775756835938,138.6574674875705,136.96762609791972,138.44313840972362,8478000
2020-07-13,137.5611114501953,137.62705788161867,136.20098988583052,136.4235575196349,8054000
2020-07-14,137.75892639160156,138.5997275978877,137.64352329097363,138.4266166579485,11344600
2020-07-15,137.11593627929688,137.61876666682073,136.6955420515607,136.76972704857437,7840300
2020-07-16,137.76724243164062,138.29480150837026,137.69304480644385,137.9897975732293,9107400
2020-07-17,137.47869873046875,137.9897679387314,137.22316412633742,137.8826159751266,8549900
2020-07-20,137.8167266845703,138.1711748107092,137.49524550444315,138.08049998667317,6907200
2020-07-21,137.8990936279297,138.25355418630056,137.72599522104917,137.90734479454164,8454400
2020-07-22,138.31130981445312,138.86360994253752,138.22888615835345,138.6987374743314,6592100
2020-07-23,139.92689514160156,140.03405967535826,138.8800158799696,139.24271499914897,10471800
2020-07-24,139.91868591308594,140.06705599588474,139.2015261122263,139.31692925818078,7520700
2020-07-27,139.3993377685547,140.38027060325564,139.30042439967627,140.33905250689062,6146400
2020-07-28,140.36373901367188,140.4131956833705,139.66306931829246,139.75374407207104,8520700
2020-07-29,140.12472534179688,140.4544449316084,139.29216262382914,140.17418202246898,6733700
2020-07-30,141.04794311523438,141.17158481065542,140.7511904682284,140.99848643706596,9376100
2020-07-31,140.95733642578125,141.33652543820637,140.08356781480344,140.25666627199632,8886000
2020-08-03,140.24757385253906,140.28059004235618,139.43885348983693,139.66166869914818,9066200
2020-08-04,141.58448791503906,141.59273566856194,140.8830385139005,140.97381417061266,9878900
2020-08-05,140.34661865234375,140.75097256311946,140.03302778930322,140.33835830837674,6954100
2020-08-06,141.13063049316406,142.14565837408335,140.80053142360237,141.4277133597736,9481800
2020-08-07,140.1898193359375,141.52668545482112,139.9422482715549,141.34513418040638,8176900
2020-08-10,139.5626678466797,140.4951802679094,139.52141648700663,140.4704244153095,6408500
2020-08-11,137.90396118164062,138.21755210029784,136.88893346071066,137.9534728862728,19234200
2020-08-12,136.6495361328125,137.04565473943742,136.1544067625061,136.74031173949948,11744800
2020-08-13,135.18898010253906,136.6413781719295,134.65257385891817,136.41856288328722,12744700
2020-08-14,134.66078186035156,135.4612545202867,134.64428635642653,135.1806798497082,6398100
2020-08-17,134.99920654296875,135.71716432199085,134.86716688337904,135.31279758649552,6901500
2020-08-18,135.96463012695312,136.05540575695332,135.41172859585598,135.6345437953086,8140600
2020-08-19,135.1147003173828,136.66613440377424,134.75985799744814,136.46807496976953,12497700
2020-08-20,136.33599853515625,136.69908847793843,136.10492298322296,136.48453361284166,10319900
2020-08-21,137.1530303955078,137.26031417391545,136.1710060632947,136.79818803922524,6836000
2020-08-24,136.93014526367188,137.7883898693344,136.87238582228312,137.2519964347851,6490600
2020-08-25,135.88217163085938,136.23701395608134,135.1972302440443,135.6263527281195,10518300
2020-08-26,135.3622283935547,135.60979945929276,134.74330702520325,135.3787364891339,8276600
2020-08-27,133.05984497070312,136.01416444729955,132.99382518110468,135.96464016111022,19860100
2020-08-28,132.96084594726562,133.7283151966794,132.56473969156318,133.49725216485373,8415400
2020-08-31,133.84385681152344,134.718597296864,133.32395865469235,133.35697485715338,11388100
2020-09-01,135.37466430664062,135.5481635638481,133.16054754153507,133.63972215940274,10587000
2020-09-02,136.66351318359375,136.77917518724928,135.0690289470416,135.08554308598315,15167700
2020-09-03,137.05181884765625,138.16714100464577,136.68004899739765,136.9361568363266,16416600
2020-09-04,134.4494171142578,136.06868527076065,134.20982341567864,135.82910417839526,13780300
2020-09-08,135.2755889892578,136.5313444685762,135.2755889892578,135.7960617789723,13790400
2020-09-09,134.912109375,135.69695989424062,134.46597532408487,135.44085197170907,9558900
2020-09-10,135.59779357910156,135.77954998697683,133.7967562482142,134.21810637838644,8847700
2020-09-11,135.88693237304688,135.9612964298837,135.55647307724752,135.74648654202144,5458200
2020-09-14,135.8787078857422,136.3826666267217,135.680424696987,136.14307286453203,4274900
2020-09-15,135.54818725585938,135.87864648156494,135.3168506704118,135.63079575918007,6928500
2020-09-16,135.143310546875,136.22557858022253,134.64760929812957,136.13470043815943,8815200
2020-09-17,135.5564727783203,136.28349835493256,135.32514875052806,136.23391811507932,7813900
2020-09-18,135.1351318359375,135.68865807446605,134.94510577022024,135.63082076588765,7246300
2020-09-21,135.82081604003906,136.64697675221987,135.6060187931084,136.225639327244,11086900
2020-09-22,135.71347045898438,136.21742917122498,135.3829984965713,135.8539163156788,10524100
2020-09-23,135.89523315429688,135.92827404895385,135.06080244115893,135.73826054068806,6224800
2020-09-24,136.4156494140625,136.4156494140625,136.00256906810787,136.28347328407793,8278100
2020-09-25,136.4156494140625,136.6635001428776,136.07693311110063,136.40739234537963,5140300
2020-09-28,136.02734375,136.233883909114,135.79601978028919,136.20910009851718,4470100
2020-09-29,136.18434143066406,136.51481330998567,135.95301741824554,136.1513005458385,10297600
2020-09-30,134.87896728515625,135.49033063234253,134.2924003522619,135.49033063234253,12971000
2020-10-01,135.1015167236328,135.41578726622916,134.0594796992635,134.3985471265451,11523900
2020-10-02,134.5969696044922,135.35782346367327,134.1255640223588,135.30820448013787,8828800
2020-10-05,131.96707153320312,133.10834609026043,131.92571817100898,133.10834609026043,14726000
2020-10-06,132.67831420898438,133.4887998507501,131.2310346449009,131.76860319741198,22419400
2020-10-07,131.71063232421875,132.66997441328482,131.37983079936046,131.95873977749713,9429200
2020-10-08,132.42190551757812,132.529421723134,132.04148491515014,132.29785806445443,8431500
2020-10-09,132.3970947265625,132.54596428812172,131.33851440606097,131.92570179004943,8441500
2020-10-12,132.81890869140625,132.88505893321533,132.41366589949195,132.67830472455452,3962000
2020-10-13,133.76998901367188,133.836151882675,133.2985833042533,133.3234054219968,7914300
2020-10-14,134.07591247558594,134.59693691471267,133.95186504687504,134.24959149505167,6954800
2020-10-15,133.8444366455078,134.9609147132396,133.67903575899018,134.83685458389232,9458800
2020-10-16,133.47222900390625,134.2413611216822,133.23239970566786,133.69552705348943,8416300
2020-10-19,132.96783447265625,133.13323540132154,132.36411540435097,132.7362706486684,9286600
2020-10-20,131.70248413085938,132.3310126362038,131.4543764563643,132.2069651085965,11189000
2020-10-21,131.24758911132812,131.80168896056603,130.97467200004186,131.32201760914873,10453700
2020-10-22,129.88299560546875,131.1896837104787,129.8168327447913,130.90848839778073,12664900
2020-10-23,130.67694091796875,130.84235439983533,129.63490412630466,129.68452312315387,8783800
2020-10-26,131.8926544189453,132.33925062101906,131.50395545832717,131.6693689371851,7227300
2020-10-27,132.77757263183594,132.90162012549038,132.24000404768677,132.51292115300365,6062300
2020-10-28,132.90164184570312,133.53018290101417,132.4881333069055,133.46402002049305,11765800
2020-10-29,131.61143493652344,133.00909515527906,131.05733527108464,132.92638843895014,11932400
2020-10-30,130.31304931640625,131.78513827958295,130.31304931640625,131.52048683397678,13095400
2020-11-02,131.2890625,131.79408461711918,131.0820864295875,131.38840697129663,10810500
2020-11-03,130.5275421142578,130.79246521984214,130.01423227928532,130.68484612983818,16228700
2020-11-04,133.35890197753906,134.2613151457056,132.91182632698872,133.82252662786962,21570800
2020-11-05,133.5906524658203,133.90526017555692,132.94488805422716,133.82246468368356,18537500
2020-11-06,131.9762725830078,132.39849937244244,131.58715641844552,132.15012547102504,12408400
2020-11-09,129.20289611816406,129.2774045615666,128.01899763021663,129.1283876747615,23245000
2020-11-10,128.45777893066406,128.99591227875743,128.14317089974907,128.29220041069928,12561000
2020-11-11,128.92135620117188,129.1034962956788,128.30042750612364,128.34182527902553,5888200
2020-11-12,131.1153106689453,131.14014680829285,129.74099797134664,129.93141258395366,15999700
2020-11-13,130.94142150878906,131.2229060988267,130.73444531620416,131.10699993629214,7344600
2020-11-16,130.62686157226562,131.04081410928836,130.48611922561736,130.58546379199757,6310400
2020-11-17,131.47952270507812,131.76929435762867,131.29738268910143,131.44641208072835,7444600
2020-11-18,131.8603973388672,132.10877129847344,131.09872646014583,132.00113963498504,10333300
2020-11-19,132.539306640625,133.06089082613488,132.33233039340078,132.4399620844622,10637200
2020-11-20,133.71493530273438,133.7397714427212,132.78768572235148,132.90359191989936,7246800
2020-11-23,133.10231018066406,133.28445031837612,132.6966321225182,133.14370796338582,11300000
2020-11-24,131.77757263183594,132.4812965894416,131.6451048649984,132.45646046226224,10891700
2020-11-25,131.37196350097656,132.39029577889556,131.3222912206543,131.84387542969438,9145800
2020-11-27,132.6469268798828,132.68832465231918,132.1170682380462,132.1419043749427,4708200
2020-11-30,132.48129272460938,132.90351950716234,132.26602945157276,132.48956722248724,13071600
2020-12-01,130.52801513671875,131.55566882421928,129.8484346387642,131.39820443343905,13662800
2020-12-02,129.49208068847656,130.05562415369153,128.85394017404468,130.01419680444002,12114300
2020-12-03,130.5362091064453,130.7931318374902,129.76547885041717,130.06382890178017,9626500
2020-12-04,128.6218719482422,129.11083093609196,128.26551586595784,129.02796360439538,12734500
2020-12-07,129.78207397460938,130.01412263917638,129.43398833205507,129.5748867636957,9316100
2020-12-08,130.3953399658203,131.00033572631733,130.27931563359004,130.58596130468015,7397200
2020-12-09,129.96441650390625,130.37879097920904,129.29311923152318,129.74065074644523,7750100
2020-12-10,131.1164093017578,131.1826981058964,129.97273142188442,130.31252161021035,10025100
2020-12-11,131.58045959472656,132.09427983955078,131.2075251381379,131.48100113278664,8135900
2020-12-14,131.21591186523438,131.5142621956394,130.20483644806816,130.51976530952734,7535900
2020-12-15,130.7765655517578,131.26552431769738,130.3704740799061,130.75998703465888,6847500
2020-12-16,130.42855834960938,130.85121590602742,129.6080920563993,129.76555643399908,9954200
2020-12-17,130.0834197998047,131.4605814646301,129.77645414845483,131.18680744748534,9422700
2020-12-18,129.69351196289062,130.56460888452563,129.56906231185675,130.34890121962712,6505000
2020-12-21,130.2078094482422,130.53135814018017,129.79300278376297,130.4152127804818,8988200
2020-12-22,130.87985229492188,130.93793132999002,130.3157210571763,130.71393208728497,7370800
2020-12-23,129.9756317138672,129.99222753936328,128.97180580220433,129.93414847957982,9266600
2020-12-24,130.48992919921875,130.60607460721,130.12490981617486,130.16638037275027,3117100
2020-12-28,130.54800415039062,130.6226663405717,129.5026955111565,129.7349863198752,7791100
2020-12-29,130.38204956054688,130.48989069828457,129.71835628546188,129.74324367562414,9030900
2020-12-30,130.66415405273438,130.68904145031811,129.98386476171157,130.1000228289692,9097300
2020-12-31,130.8549041748047,131.1452738976014,130.6226134601251,130.63091769493872,7742100
2021-01-04,130.69735717773438,131.2283095224542,129.8677433479283,129.97559719665188,13152900
2021-01-05,129.72665405273438,130.207831383659,129.1376355789262,130.207831383659,10458100
2021-01-06,127.0636215209961,127.63605692819827,126.34184908374606,127.61116953300677,22827300
2021-01-07,125.94363403320312,126.24229542475177,125.48734403793456,125.92703821731196,14651900
2021-01-08,125.5370864868164,126.06803847492768,124.98953868876274,125.66981498967377,13622500
2021-01-11,125.3296890258789,125.44583438311581,124.84851178621335,125.2716100178132,8370700
2021-01-12,125.23011016845703,125.40433451059279,124.38390115888429,125.0973690181529,12186300
2021-01-13,126.64048767089844,126.98893645860477,125.74451628761436,125.8191784597386,12533300
2021-01-14,125.45414733886719,126.6321969227168,125.09740697155472,126.58242214097476,14835500
2021-01-15,125.95195770263672,126.39994352962633,125.66158784478577,126.25891072003886,11624700
2021-01-19,126.35838317871094,126.39986637006669,125.69469009369683,125.78594805112243,9575600
2021-01-20,126.48292541503906,126.49950857661615,125.92707302965745,126.09300591664406,5368900
2021-01-21,125.59518432617188,125.89384568555444,125.354601986704,125.63666753198278,8162700
2021-01-22,126.0017318725586,126.10957304470665,125.62010400347212,125.97684447445516,9507200
2021-01-25,127.4867172241211,127.50331304020028,126.63221625007249,126.73176582875043,8712600
2021-01-26,127.24613189697266,127.42864789290364,126.86450408941744,127.0138411128602,7690300
2021-01-27,127.56967163085938,128.1752859422766,127.37055983335763,127.81855821301222,7895200
2021-01-28,126.86454772949219,127.31254629502897,126.23404576414349,127.2627588308228,10667800
2021-01-29,126.10125732421875,126.5077725135856,125.5205303814789,125.62007995483489,14965900
2021-02-01,126.24745178222656,126.54645941181163,125.82386292097017,125.96505920805564,8165500
2021-02-02,125.4334945678711,125.49162825288298,125.01820688736761,125.20093448067507,9177500
2021-02-03,124.32048034667969,125.07630676254361,124.23743043717306,124.94341169904804,9633100
2021-02-04,123.98829650878906,124.16272292170923,123.58962385956795,123.88863151487753,8262600
2021-02-05,122.94999694824219,124.2290893447821,122.94169576202918,123.83871814213637,10258900
2021-02-08,123.48992156982422,123.97165673363664,122.95835391899196,123.17431159417451,11574800
2021-02-09,123.5812759399414,124.31218615674752,123.47330978414706,123.93842985899768,5218300
2021-02-10,124.40353393554688,124.40353393554688,123.87196639356699,123.98824639732604,8079800
2021-02-11,123.72248840332031,124.41185467234375,123.54806203348964,124.32049089263661,11962700
2021-02-12,122.18594360351562,122.99160272904372,122.11949605286054,122.67598003182567,14088400
2021-02-16,120.32546997070312,120.98163172022001,120.15105621096173,120.61617646837414,17789100
2021-02-17,121.089599609375,121.57964879859892,120.41683546525306,121.22249473437053,11199100
2021-02-18,120.59951782226562,120.93175551003682,119.86862025631284,120.10948149057153,10755300
2021-02-19,118.99655151367188,119.86865829465862,118.64771133599238,119.65270056068373,12741700
2021-02-22,118.09120178222656,119.38691002452832,117.70914420353753,118.79719592667193,13203900
2021-02-23,117.75066375732422,118.35698017735153,117.22739726310195,117.54301993245167,12658500
2021-02-24,116.97822570800781,117.26061827679379,115.58286524560152,115.74067658509183,17363100
2021-02-25,115.06786346435547,116.21406110497212,113.46485967868809,115.88183614974075,52621700
2021-02-26,118.8719482421875,119.0214584057667,116.0147668131844,116.9201036390961,45423300
2021-03-01,117.30194091796875,117.59299717761786,116.49531233544653,116.96931606879087,22048000
2021-03-02,117.31024932861328,117.36014178053301,116.66160938718775,116.7530831119816,12482200
2021-03-03,116.03791809082031,116.54517912181507,115.38929089562333,115.90487579375,19763700
2021-03-04,115.28949737548828,116.37054684954757,114.72403276098332,116.11276076418083,22366600
2021-03-05,115.51400756835938,115.8715784840247,114.74896061242575,114.89863791977805,20598000
2021-03-08,114.61588287353516,115.50566074205194,114.61588287353516,115.44745714148029,15236600
2021-03-09,116.20423126220703,116.27075874833722,115.56391531092194,115.81339021170501,14463400
2021-03-10,116.43708801269531,116.54518409062216,115.82171819332466,116.25414057149924,12387600
2021-03-11,115.59716796875,115.90485916558578,115.13981213969524,115.73022293555357,14150700
2021-03-12,113.14401245117188,113.47664982921792,112.80306389698164,113.42674470589711,20402700
2021-03-15,113.80931091308594,114.00056953611268,113.43510484583446,113.50163234271824,11366500
2021-03-16,113.35192108154297,114.0254944142583,112.88624137936053,113.94234457533727,15567900
2021-03-17,112.50373840332031,112.7033209043053,111.55574372908228,112.38731844995155,27107500
2021-03-18,111.36451721191406,111.82188597805472,110.75747104348753,110.8572559783448,21615100
2021-03-19,112.05465698242188,112.12118446098809,111.26466379377901,111.49750362435124,18685000
2021-03-22,113.31031036376953,113.43505412295549,112.57020973900714,112.83631960755031,17047500
2021-03-23,114.33323669433594,114.37480528795714,113.21891669335265,113.58481167676575,16768400
2021-03-24,114.94855499267578,114.99013626101434,113.88414050508095,113.97561421989714,13863000
2021-03-25,114.04214477539062,115.30614177167679,114.00056350593493,115.08161306767354,20782000
2021-03-26,113.6429672241211,114.12528192710798,113.27707243641936,113.44338478842403,8433300
2021-03-29,112.67835998535156,113.80099078767152,112.23762645586514,113.78435574255272,13968100
2021-03-30,113.26880645751953,113.51826874065982,112.27090656966169,112.51207036179619,15020800
2021-03-31,112.63677978515625,113.58477434477304,112.24593869849811,113.37688068969197,19271300
2021-04-01,114.50617980957031,114.59777860363072,113.49860578107791,113.70678370338138,14885900
2021-04-05,114.00662231445312,114.05658300994232,113.19889052090073,113.70684543533906,8243000
2021-04-06,114.78097534179688,114.89755446917667,114.08982312012677,114.21473749628704,9282400
2021-04-07,113.98161315917969,114.99752273129697,113.98161315917969,114.45625235254639,11052700
2021-04-08,114.9225845336914,114.97255792948368,114.38132678796046,114.40630713276789,7847900
2021-04-09,114.50617980957031,115.07243036544516,114.15644242484115,114.4978572669001,8717800
2021-04-12,114.45624542236328,114.52286389753779,114.16480388792158,114.46458067311943,7659000
2021-04-13,115.31394958496094,115.33892992746655,114.24807928413381,114.33135556327004,13232800
2021-04-14,114.94756317138672,115.11411574253265,114.55620020649002,114.93924062530031,7293200
2021-04-15,116.87115478515625,117.39575479698654,116.13004148338995,116.1550218312781,23896700
2021-04-16,115.96344757080078,116.35482315650457,115.68865113576358,115.83022333159215,15238400
2021-04-19,115.63041687011719,116.00513481975578,115.37227812050348,115.53049547186151,13886800
2021-04-20,116.16332244873047,116.37982299161564,115.27231452166433,115.28897231917136,11476500
2021-04-21,116.3965072631836,116.50476391233715,115.80528873206683,116.19665176617231,11902200
2021-04-22,116.90445709228516,116.90445709228516,115.91352761044239,116.57969986519356,14156400
2021-04-23,116.62965393066406,116.9710689389152,116.15501464397923,116.89612789988783,12302200
2021-04-26,116.46308898925781,117.00434665176587,116.45476644432748,116.70456985399244,9103500
2021-04-27,115.44715881347656,116.42976530527717,115.35556001090339,116.23823245051398,14137300
2021-04-28,115.52215576171875,115.65539275837337,114.88097653940471,115.45553726339145,15263700
2021-04-29,115.18072509765625,115.21402798553868,114.18979582631898,114.4562570479071,17178200
2021-04-30,115.44715881347656,115.52209982298919,114.89756599803756,115.33890221784286,15692000
2021-05-03,115.51640319824219,116.4587388392502,115.31625469648789,115.66650503095208,16447700
2021-05-04,116.30030059814453,116.88405114725629,116.05011815572303,116.32531756990592,18639700
2021-05-05,116.49210357666016,116.62553591149677,115.84997159946576,115.94170473906496,11127900
2021-05-06,116.68389129638672,116.90905674514087,116.0834585829132,116.12515777339453,21907600
2021-05-07,116.10852813720703,117.25102539475652,115.84167610192196,116.83405875071374,18346900
2021-05-10,114.93264770507812,116.125165740865,114.82423234734942,115.87498330561802,15146200
2021-05-11,114.28217315673828,114.6491057141063,114.05702040774155,114.44062246331154,15158600
2021-05-12,113.08131408691406,114.08203109059859,112.88116559625433,113.97361573422369,20859400
2021-05-13,113.25647735595703,113.72347795940598,113.10637547262505,113.35654527817836,13073900
2021-05-14,114.31556701660156,114.31556701660156,113.59838394034126,113.85690120187503,17566700
2021-05-17,114.0737075805664,114.39060624281333,113.89025399826582,114.10707203175544,6113800
2021-05-18,113.78182220458984,113.89023756809918,113.47327106205762,113.74845775821407,11423100
2021-05-19,113.50664520263672,114.49902771899312,113.09801336507515,113.8652303607498,14296000
2021-05-20,114.44058990478516,114.65742056780002,113.97358959183646,114.04864048681661,13310500
2021-05-21,114.80757141113281,114.8325883868151,114.29887169757701,114.79923666084193,10171600
2021-05-24,115.23286437988281,115.56644523951195,114.99102939085928,115.07442778696874,6868700
2021-05-25,116.30030059814453,116.3336523188905,115.5997872144028,115.608134688195,12346900
2021-05-26,116.10017395019531,116.6755898586202,115.8166397336645,116.40872514319591,9793700
2021-05-27,115.63322448730469,115.6582414748221,115.07449055805623,115.49979207066802,10695200
2021-05-28,115.4497299194336,116.1669130778033,115.36633149818566,115.5664800742932,10258000
2021-06-01,115.42377471923828,115.46552118819173,114.62204117399821,115.09807325404252,11778500
2021-06-02,115.69103240966797,115.90816251276291,115.51566152647102,115.70773864625212,7347900
2021-06-03,115.25675964355469,115.67432635694892,115.12314798004337,115.67432635694892,10994000
2021-06-04,116.83517456054688,116.83517456054688,115.68269896620325,115.68269896620325,15773700
2021-06-07,116.47603607177734,116.67647264046258,116.35077118080044,116.57624798455888,7799800
2021-06-08,117.29446411132812,117.46984770333995,117.0940402840258,117.46984770333995,11230900
2021-06-09,118.33007049560547,118.71422477868046,117.96260970788073,118.38852321558375,12768300
2021-06-10,119.03988647460938,119.05659270749081,117.48653813780616,117.61181576973405,19698300
2021-06-11,118.8478775024414,118.92303647879434,118.4553636350926,118.8478775024414,8646700
2021-06-14,117.93759155273438,118.67251334523141,117.76220785475032,118.67251334523141,9401300
2021-06-15,117.79554748535156,117.8289472083847,117.31951541605504,117.58676417280861,18207300
2021-06-16,117.69532775878906,118.31333097732053,117.09404351715747,118.08784142225703,19676300
2021-06-17,119.45751953125,121.03592172364486,118.28833744174604,118.47206787625795,35225800
2021-06-18,121.70404052734375,121.96292995670329,120.3594746502019,120.49309911152619,26616900
2021-06-21,119.66633605957031,120.66850697708466,119.44085907194889,120.58498848624761,16485000
2021-06-22,119.95860290527344,119.99200264594782,118.68919612645664,118.73095535964625,14530200
2021-06-23,119.64958953857422,119.84166669063,119.18191678063305,119.51596510969762,12040900
2021-06-24,119.84166717529297,120.1757155057085,119.69969599771001,119.77485496058446,8788400
2021-06-25,118.59727478027344,119.7581095520163,118.06278998054556,119.64119140029841,15562200
2021-06-28,119.81658935546875,120.09218490535103,119.17353307241007,119.19023930840655,11460700
2021-06-29,120.01703643798828,120.0253831851532,119.45748579980312,119.50760451216892,11217900
2021-06-30,120.55149841308594,121.03586451900735,120.31766210570215,120.46797998482472,15708900
2021-07-01,120.55818939208984,120.67526002499805,120.02300753311776,120.39930508462686,10810000
2021-07-02,121.28571319580078,121.28571319580078,120.508032347964,120.60837497097688,9650200
2021-07-06,122.70726776123047,122.91632334111279,121.85431742258343,121.85431742258343,20037200
2021-07-07,123.79443359375,124.22927307831556,123.1087374447706,123.40142056625201,20964400
2021-07-08,124.27941131591797,124.96512004204389,123.90311365975535,124.49683738017524,17487800
2021-07-09,122.53169250488281,122.91636050244864,122.4982492162763,122.81600511714147,14483600
2021-07-12,122.37279510498047,123.11703260449178,122.23063881403365,122.99996196725661,10610400
2021-07-13,121.43627166748047,123.30941526559344,120.95126092976156,122.77423320323929,23340200
2021-07-14,122.81602478027344,122.8578384675339,121.92963075323335,122.09687274252936,16038600
2021-07-15,124.1706771850586,124.26266216568244,122.94978678402776,123.71910991299897,18462400
2021-07-16,123.93656921386719,124.04526948581285,123.19233153787535,123.20904680448514,12787900
2021-07-19,126.654296875,127.06403783538185,125.95186010338871,126.22781512799565,40203900
2021-07-20,125.43343353271484,127.69960317949531,125.23273544555296,127.54907642418674,25674800
2021-07-21,123.84457397460938,124.1790579156021,122.64876900405868,123.91146055501237,19988900
2021-07-22,125.01526641845703,125.2744933574314,123.81110395119528,123.85291762903634,18136900
2021-07-23,124.17908477783203,124.31288348707004,123.66898836364095,123.71080205524622,12639300
2021-07-26,123.81107330322266,124.64729561407489,123.66055941194439,124.59712431698213,10737700
2021-07-27,125.1323471069336,125.1741607881317,124.58880753059022,124.87312014714693,13036500
2021-07-28,125.14070129394531,125.15742931791281,123.98672283506134,124.32120675594929,14346700
2021-07-29,124.44670104980469,124.78118511382635,124.20418925760222,124.41324498755304,11532000
2021-07-30,125.03205871582031,125.1993007534144,124.64739054557933,124.70593227659951,14342100
2021-08-02,126.14717864990234,126.61603185841054,124.89968418239232,125.12574297052727,21232700
2021-08-03,126.21421813964844,126.61609068002466,125.91281054054184,126.21421813964844,13361900
2021-08-04,126.47370910644531,127.11002087375108,125.35180847238536,126.84209744008707,18267900
2021-08-05,125.82907104492188,126.35653749444879,125.58627653142499,126.22257573341074,15345400
2021-08-06,123.72756958007812,124.54806281711187,123.65222089791347,124.17968722365343,21144300
2021-08-09,123.28386688232422,124.38065170154216,123.26711846763388,124.03737946452513,12942400
2021-08-10,122.71448516845703,123.55172661647721,122.70610457779081,123.48474576760071,13716900
2021-08-11,122.63922882080078,123.26716044490246,121.99456155160688,122.58062851237479,17227600
2021-08-12,122.43822479248047,122.60567056919601,121.76004831754767,122.31263087847341,14709400
2021-08-13,124.37227630615234,124.38064412533919,122.91547092396313,122.9322193376333,18653800
2021-08-16,124.67364501953125,125.60298367148943,124.58991575257222,124.90807163666551,19170900
2021-08-17,124.62342834472656,125.14251409476115,124.47271820018142,124.64854457293507,14126900
2021-08-18,125.04207611083984,125.14254104530988,124.28855077642405,124.50624183483825,13144000
2021-08-19,125.9630126953125,125.9713932885998,125.42717851200565,125.84579936694209,15474300
2021-08-20,126.04673767089844,126.26441590892382,125.6783492870907,126.08022171701995,12388400
2021-08-23,125.9630126953125,126.00487733586507,125.51927561110345,125.75370226784429,10615000
2021-08-24,124.98343658447266,125.64486466380572,124.98343658447264,125.38530901255587,13835900
2021-08-25,123.94529724121094,125.0588306089328,123.56017308413347,124.92488160120516,16743800
2021-08-26,124.28851318359375,124.38899086296972,123.50150403416234,123.88664079196879,16657400
2021-08-27,125.13418579101562,125.15930202715515,124.18809831210014,124.3890409765144,15384700
2021-08-30,125.46063232421875,125.50248417512906,124.69035897294114,124.74060418955597,10596300
2021-08-31,124.6066665649414,125.66158636239722,124.3303753089974,125.30994642991195,15262400
2021-09-01,124.81539154052734,125.23454457985903,124.48007422567625,125.13395194371083,10807100
2021-09-02,125.36029052734375,125.36868177505806,124.69803432625669,125.10880892663737,9765900
2021-09-03,124.22020721435547,124.49684979676145,124.01902191190567,124.29566449431167,12928000
2021-09-07,123.17236328125,123.66697381925461,122.9460297446567,123.44900595085007,15547800
2021-09-08,124.01065063476562,124.22861846957258,123.55797083981355,123.78431713305939,14533700
2021-09-09,125.5112533569336,125.65376393052928,123.94362425583861,124.21187569097687,20324600
2021-09-10,124.40462493896484,125.05012424258155,124.20343965376017,124.82377800518984,14894600
2021-09-13,125.15914154052734,125.3184217948537,124.86572919923775,124.94117370132712,15036100
2021-09-14,126.67648315429688,127.06210973430278,125.39387535991627,125.51961620581994,19918400
2021-09-15,126.23211669921875,126.79378017393074,125.68721013429457,126.76025356282094,11940300
2021-09-16,125.65376281738281,126.12321241837276,125.32682378872609,125.46933436105931,13328900
2021-09-17,125.05015563964844,125.20943589145118,124.65615063514889,125.05853409812343,13782900
2021-09-20,126.60100555419922,126.89440504846229,125.93873649477663,126.2237703235539,14660400
2021-09-21,126.49201202392578,126.55069959323231,125.9135787449282,126.34112305977153,10035800
2021-09-22,127.24646759033203,127.24646759033203,126.11476211652702,126.40816155423869,22277800
2021-09-23,124.37110137939453,126.1231581693176,124.35433167470308,126.0980100080488,23853300
2021-09-24,123.15557098388672,123.94358088458685,123.01306046015935,123.93518963572542,20203900
2021-09-27,122.70284271240234,123.12199570415507,122.29208096706654,122.44296990416112,13464300
2021-09-28,120.79155731201172,121.61310673410942,120.41432201778377,120.99275543831843,26613500
2021-09-29,121.00110626220703,121.91485689302851,120.45621238293757,121.38673271833962,23569400
2021-09-30,120.98432922363281,121.14359662027582,120.42265294168,120.79990087853612,22567600
2021-10-01,122.00255584716797,122.04451414264271,121.03727170338142,121.58287043016055,26151800
2021-10-04,121.69189453125,122.09480147043807,120.95325742495221,121.43169180454947,28027600
2021-10-05,120.51683044433594,121.4569214034891,120.41611007236345,121.37299202943828,22659200
2021-10-06,121.19673919677734,121.4737330746211,120.89456522165517,121.06243680610507,18696500
2021-10-07,119.92927551269531,120.31537881661664,119.68585086616413,120.18947834963771,14856000
2021-10-08,119.08992767333984,119.48443295564617,118.79614278386701,119.40887985323968,17257800
2021-10-11,118.78776550292969,119.10671771455583,118.72900339607747,118.85491670742536,7213400
2021-10-12,120.8190689086914,120.87781822113256,119.59358156133862,119.71949490134494,17968700
2021-10-13,121.99418640136719,122.15366895150942,121.35626900858419,121.38144911568182,23584600
2021-10-14,122.44740295410156,122.51455414766019,121.66678153579053,122.0193156961379,12946400
2021-10-15,121.73394012451172,121.82627142029125,121.26389454882731,121.70876002637014,11811500
2021-10-18,122.30474853515625,122.54816047876425,121.30589504091259,121.70878951658094,12115900
2021-10-19,120.6175537109375,121.48210441185915,120.57558261901549,121.42335512939155,12156300
2021-10-20,119.80335998535156,120.60075947937597,119.6186974320686,120.23983627563662,12782500
2021-10-21,119.66070556640625,120.15593129089163,119.3837116507324,120.03003078730472,13660000
2021-10-22,120.97846984863281,121.20509065376302,120.20625055374661,120.40769126941792,13740000
2021-10-25,120.7938232421875,121.12117725607777,120.55880050440878,120.59236969218632,8137900
2021-10-26,121.79267883300781,121.79267883300781,120.65113430797813,121.38977172456518,13671000
2021-10-27,124.00863647460938,124.37794883790956,122.48936469215641,122.88386996055843,22092300
2021-10-28,123.5889892578125,124.50390056363199,123.25323317692585,124.05063305638122,17497600
2021-10-29,123.96661376953125,124.22681653871282,122.81668044465432,122.94258087884683,19087300
2021-11-01,123.0740737915039,123.34300800631415,122.45214338209796,122.53619253778278,18035500
2021-11-02,123.62040710449219,124.02382783344645,123.12455021893858,123.12455021893858,9836700
2021-11-03,122.34294128417969,124.36839333397096,122.30931647950861,124.23393258760326,20639400
2021-11-04,123.6287841796875,123.84729406031188,122.57823371189308,122.59503328602408,15922400
2021-11-05,125.47775268554688,125.71307496861935,124.494438968972,124.8222102078303,21513000
2021-11-08,125.2424545288086,125.46096445543968,124.81382164027538,125.19203014759412,12083800
2021-11-09,126.87289428710938,127.5536489906983,126.60394719111686,126.73842073911312,23430200
2021-11-10,124.5532455444336,126.84764389254003,123.56993196667368,126.76360755993625,28170600
2021-11-11,124.36833190917969,124.93983788937467,124.29269537218451,124.81376417028353,5552500
2021-11-12,123.82212829589844,124.8138421537205,123.34307094741656,124.38522201884766,12712000
2021-11-15,122.26727294921875,123.51113404729114,122.04876304912126,123.45229706028208,15232700
2021-11-16,121.95628356933594,123.02364626339595,121.7377737239167,122.44374044674838,12998700
2021-11-17,122.92284393310547,122.9480561264884,121.41006103370331,121.50251001747625,14239900
2021-11-18,123.38505554199219,123.46069210172158,122.66227627055991,122.69590106873056,11054600
2021-11-19,124.68773651123047,124.88944682108335,124.03219403433684,124.03219403433684,14022100
2021-11-22,123.22538757324219,124.08264051271952,122.8135799170647,123.8809301669293,15266000
2021-11-23,121.44358825683594,122.79669726179641,121.44358825683594,122.64541138298036,15318500
2021-11-24,123.39350128173828,123.39350128173828,121.68739497936389,121.81346877019698,13769700
2021-11-26,126.51148223876953,126.63754315901726,124.94826270718899,125.08273623818774,20064800
2021-11-29,125.4946060180664,125.7635403618266,124.52809156066455,124.64575274057965,23234200
2021-11-30,127.40234375,127.80576433289677,126.27615681030805,126.7636137298989,31481100
2021-12-01,128.18832397460938,128.24723248040746,126.04259320663725,126.63162690585092,30826500
2021-12-02,128.34814453125,128.73522253996487,126.85875381466407,128.68472405559575,17754200
2021-12-03,129.879638671875,130.52755503677588,127.35525318040756,127.63292428554304,34427100
2021-12-06,128.09573364257812,129.87964149295107,127.84329252001046,129.6272003703834,30924200
2021-12-07,127.06071472167969,128.34815007545953,126.94291059910134,127.66656816342154,22115900
2021-12-08,124.86451721191406,126.6231693096213,124.83927438484176,126.61475931382661,33633900
2021-12-09,125.56298065185547,126.08468306618876,124.94029405045947,125.66395199922495,17544900
2021-12-10,125.26001739501953,126.42123891132715,125.21794173260312,126.1519649436137,14298700
2021-12-13,127.1112289428711,127.32159441188543,126.48013253582809,126.54745102667539,17860500
2021-12-14,126.80831146240234,127.001844112989,125.63867988241216,126.53062748215702,14015500
2021-12-15,125.58821105957031,126.88405696810746,125.48723972219369,125.89113791139214,25383900
2021-12-16,125.63701629638672,126.26040427134015,125.29162514050081,125.30847693824425,18677900
2021-12-17,127.06071472167969,127.18707109282488,126.49630150696818,126.64792915234241,18093500
2021-12-20,126.10877990722656,127.22076732552546,126.02454661606143,126.99331301648122,17147300
2021-12-21,125.62860107421875,125.6875630870822,124.356553811745,124.79461058880486,16598200
2021-12-22,126.20986938476562,126.24356012813988,125.53593882987474,126.1340427174002,12253900
2021-12-23,125.11474609375,126.02455050383678,124.70196053558844,126.0161181765502,11642500
2021-12-27,125.41801452636719,125.52751909393407,124.94626694687372,125.06420384174709,7821800
2021-12-28,124.92095947265625,126.17615486177755,124.68508572699191,126.02452724848837,9174600
2021-12-29,123.55631256103516,124.09545461880752,123.33729051868283,123.75849565301002,11771200
2021-12-30,124.59244537353516,124.6514202489809,123.37095333147259,124.04488396459053,10355000
2021-12-31,124.83672332763672,125.54434454837961,124.19648358626048,124.5166034569486,13402300
2022-01-03,121.55973815917969,123.7836995435114,121.54288636381594,123.33722337252405,33860400
2022-01-04,121.05433654785156,121.4165795982009,120.24562999841478,120.97852271899664,21996400
2022-01-05,120.39723205566406,121.44182505191006,120.22033315928385,121.42497325325039,20911700
2022-01-06,120.70893859863281,120.83530782720118,119.86652849147626,120.11925409445486,18996400
2022-01-07,119.8412094116211,120.66678024230599,119.25152514266973,120.574114653317,18756800
2022-01-10,120.13610076904297,120.30458021245292,119.08308818003381,119.32738144485461,13775800
2022-01-11,120.93638610839844,120.99536098257032,120.2119129429229,120.3635534378239,24388700
2022-01-12,120.47308349609375,121.31549373400432,120.46466402121229,121.22282809366776,14440600
2022-01-13,121.54292297363281,121.6608598683955,120.48991039390965,120.79317853103623,15166000
2022-01-14,119.70650482177734,120.85218330614049,119.44534683989933,120.81847969692238,22997500
2022-01-18,118.0215835571289,119.04089191828201,117.954189250368,118.74605628712146,21171700
2022-01-19,118.83880615234375,119.37794813473019,118.19856621102568,118.3838974725484,17930500
2022-01-20,119.57167053222656,119.6137936006185,118.85561693203088,119.09149069003882,13959000
2022-01-21,120.99537658691406,121.39131039434993,120.1866571695117,120.80161299320949,28916600
2022-01-24,120.00131225585938,121.61873805254787,119.98446045524538,121.55977603163528,25001600
2022-01-25,119.80755615234375,121.0627517314278,119.45374548030115,120.5573005689915,15599000
2022-01-26,118.358642578125,120.1024380017642,118.3502231029482,119.84128002135672,23655500
2022-01-27,120.53197479248047,120.77626793622407,119.90016755221288,119.96756186700622,21501800
2022-01-28,120.5741195678711,120.85211634616914,119.49583604522306,119.69800617187362,12826500
2022-01-31,119.95075225830078,120.42249977360427,119.5885221498198,119.77384051298411,13998400
2022-02-01,119.55260467529297,120.09249737472862,118.99583670873385,120.025009178292,20806100
2022-02-02,119.95747375488281,121.11319096477798,119.72970279058927,119.746578051069,18404600
2022-02-03,119.02111053466797,119.35010735704108,118.25344699177946,118.47278678806404,17234100
2022-02-04,117.2664794921875,118.21973249307075,117.07245898767317,117.97509906320975,23609800
2022-02-07,117.34242248535156,117.51956774026804,116.87844917380785,117.18213962572214,12962400
2022-02-08,116.5578842163086,116.90375640281593,116.26263783216574,116.59163475121825,16269200
2022-02-09,116.77721405029297,117.57018430324236,116.57476232413252,117.02186038214732,14349100
2022-02-10,114.92131042480469,116.2710483963998,114.59231356413598,116.12764082862681,30896200
2022-02-11,116.6253433227539,116.84467025672694,114.18738910199225,115.46119472785276,43210300
2022-02-14,115.17440032958984,116.19514155064348,114.70199585018067,115.68055534156063,23157400
2022-02-15,113.86685943603516,114.59234152014687,113.8331217709395,114.38988978545606,18198500
2022-02-16,114.54168701171875,114.78633326508306,113.4703331069642,114.68509456242546,16473700
2022-02-17,115.39374542236328,116.05175219006945,114.64295685568555,115.10693021083665,24508200
2022-02-18,116.60848236083984,116.72658347393346,115.70585518335061,116.00954559874219,17522600
2022-02-22,116.91214752197266,116.97963569659885,115.9673388213124,116.1529280835211,19534000
2022-02-23,115.30094909667969,116.2879527980454,115.20816729903964,116.14453232228159,17757800
2022-02-24,115.3768539428711,117.57016208481738,114.93818716565966,117.34240393592866,28150400
2022-02-25,115.46119689941406,115.83237546546816,114.87912259101599,115.45276570365995,15025400
2022-02-28,117.991943359375,118.13535091654684,116.68440008161579,116.77718184914964,25817700
2022-03-01,119.35612487792969,120.22616493646274,118.2580121869451,118.56210473384698,35664400
2022-03-02,115.27626037597656,118.61282425534144,115.22558041609885,118.12289649468234,30397400
2022-03-03,116.45042419433594,117.15996959863,115.74087879004188,116.13788909963435,20649100
2022-03-04,118.4607925415039,118.95072033593493,117.67521444193333,118.56215246824631,25853100
2022-03-07,117.55695343017578,118.79866405256666,117.21907842493015,117.51471583224377,23710900
2022-03-08,116.3743896484375,116.77984227305778,115.93514178645339,116.15475927289216,28331300
2022-03-09,115.23403930664062,116.01116221079863,114.98908183573151,115.78310235864048,18819200
2022-03-10,113.57841491699219,114.17814494856941,112.9533320168976,113.89094992248724,26868900
2022-03-11,113.9585189819336,114.414651466386,113.36723135797544,113.46859126805298,15583800
2022-03-14,111.29772186279297,112.25223745473419,111.26393951745325,112.09174231388332,24385000
2022-03-15,111.10342407226562,112.47183436778988,110.8162290774944,112.22687696380339,17518800
2022-03-16,112.19308471679688,112.4549397117933,110.08133425508125,111.35682689388078,25857700
2022-03-17,111.35684204101562,112.63233485331202,110.71487445340816,112.19309997768235,19330600
2022-03-18,112.71682739257812,112.8012897020781,111.98194214331062,111.98194214331062,55891700
2022-03-21,110.10668182373047,111.22167944208651,109.59985652232137,110.89224686290144,26122000
2022-03-22,108.69603729248047,109.25354262938679,108.40884226041531,108.93256525376886,21830900
2022-03-23,111.07810974121094,111.16258494228393,108.8481010574079,109.27889364902568,21266100
2022-03-24,110.20805358886719,110.80778360800412,109.47316842292884,109.51539312833809,17141600
2022-03-25,108.67915344238281,109.40559628112544,107.82600425836137,109.38869866466031,25684500
2022-03-28,109.6082992553711,110.28406202983439,109.00011404726442,109.29576428893675,17657800
2022-03-29,110.43612670898438,111.12033191975672,109.59142637191151,110.28407394597704,19319700
2022-03-30,111.29772186279297,111.50889696620614,109.80261141078373,109.8701889905686,16310200
2022-03-31,111.56798553466797,112.06635547696617,111.21321305595909,111.48351037298012,19901000
2022-04-01,111.9926986694336,112.48337677713218,109.73389606063074,109.98768395353947,23489700
2022-04-04,111.21441650390625,111.65432424611282,110.57992077807322,111.61202194928757,13609900
2022-04-05,108.70179748535156,110.63911848924293,108.53258832126241,110.62219499106465,25196900
2022-04-06,107.82194519042969,108.5410453371485,106.93365526033082,106.95903405055897,22952000
2022-04-07,107.00981140136719,107.16209062529282,106.09614251223738,106.68833590837929,23458800
2022-04-08,105.85079956054688,106.45145468465924,105.12324401203361,106.12997274892044,26859200
2022-04-11,104.17575073242188,105.0640474412929,103.6850724274374,104.83562533698887,30020700
2022-04-12,104.03189849853516,105.03863357187386,103.77809767947439,104.94557370184643,23124200
2022-04-13,104.24339294433594,105.15706811184049,103.96421334519466,104.09957549790171,17189500
2022-04-14,102.15379333496094,103.99806083512722,101.84077317671904,103.93884150296503,34274500
2022-04-18,101.64620971679688,102.43298462196591,101.25705313905209,102.2553266052405,18784300
2022-04-19,100.88481140136719,101.28242972010133,100.39413320146446,100.80021326969313,26012300
2022-04-20,102.91520690917969,103.1859248244335,101.45163394412288,101.70543481348393,31423200
2022-04-21,102.15379333496094,102.28915549671628,100.81712103253095,102.2214744158386,23323200
2022-04-22,101.5108413696289,102.73753682163508,101.35856215677377,101.57852245410307,19773400
2022-04-25,102.52600860595703,103.37200255381198,102.47524458007904,102.68674306704278,25418900
2022-04-26,103.55815887451172,104.0826711768261,103.008261323071,103.58353766921417,26931300
2022-04-27,102.22992706298828,103.4820012091115,102.17070773235952,103.37202429635038,14560500
2022-04-28,102.3822021484375,102.42450443479606,101.52775276291429,101.84922819420218,16892500
2022-04-29,101.05399322509766,102.33990787872418,100.7663583276213,100.93555456679294,26153400
2022-05-02,99.3023452758789,100.22604550128227,99.09048671422747,99.87860082218722,29233900
2022-05-03,99.97181701660156,101.10737577991713,99.90402072659197,100.8785713828973,21256700
2022-05-04,100.52266693115234,100.81926766649082,99.44642166453849,99.97183329957457,25575700
2022-05-05,97.76850891113281,98.7006854566736,96.62446730049359,98.59899100127572,48384500
2022-05-06,96.32787322998047,97.48886076427544,96.02279630805495,96.72616845946166,32790500
2022-05-09,97.1752700805664,97.20916822159639,95.4380339942923,95.64141637506293,26773000
2022-05-10,98.05663299560547,99.1159259885561,97.86172670553289,98.2091714452068,33640800
2022-05-11,99.9463882446289,99.9463882446289,96.9803686447057,97.23459501688191,34173600
2022-05-12,99.75997924804688,100.75147595076446,99.70913525264949,100.01420569044524,26405700
2022-05-13,98.28544616699219,99.27694287953715,98.21764986218274,99.1328805808757,20782700
2022-05-16,98.18373107910156,99.09896160548338,98.17525492642855,98.48033176855583,11050600
2022-05-17,96.99734497070312,97.75156110308082,96.91260282000898,97.2092035801443,15040800
2022-05-18,99.06510162353516,99.14984378668058,97.124475700066,97.21769401914973,21337300
2022-05-19,99.3023452758789,100.607394791501,99.02269042280055,100.53959850007408,21937500
2022-05-20,100.42943572998047,100.86162254648264,99.2006521765843,99.22607416985969,22780900
2022-05-23,98.7769546508789,100.20912090011672,98.76000880713568,99.75150553411035,15925200
2022-05-24,100.72604370117188,101.38704143570727,99.87860938193968,99.91250753055826,23388200
2022-05-25,101.12430572509766,101.37006237298462,100.49719987928596,101.3615862222551,14410800
2022-05-26,100.666748046875,100.92097452524446,99.82778967705478,100.86165436708369,14912900
2022-05-27,100.91249084472656,101.47179419192825,100.62435978402577,101.14977144447342,11190400
2022-05-31,98.7769546508789,99.34474063015685,98.2430732899106,99.3023663226814,28393700
2022-06-01,98.66404724121094,99.6148582031061,98.21410898575499,99.35168823714068,15544800
2022-06-02,98.7149658203125,99.08001110646458,98.01883370217516,99.01209419813097,9832000
2022-06-03,98.50273895263672,98.52820617626048,97.51796960334158,97.70473140222035,15330400
2022-06-06,96.6860122680664,98.06130075932764,96.61809534770225,97.75568109460292,20815400
2022-06-07,97.7302017211914,98.29050005226769,97.27177228108542,97.297239503828,14278700
2022-06-08,96.86428833007812,97.73869762080278,96.84731233861869,97.35667628228303,11476100
2022-06-09,97.1868896484375,97.38214269470322,96.50773341128064,96.64356077256367,15527300
2022-06-10,96.58413696289062,97.29725167344279,95.90498718946105,97.08501615482467,21917100
2022-06-13,93.55342102050781,94.80136699972313,92.73843734522555,94.64855715580055,36968300
2022-06-14,92.37337493896484,94.21558396136494,92.18660666671948,93.83355618352309,21865900
2022-06-15,94.09674835205078,94.2240909747447,92.56016507511143,93.46004171549603,25202800
2022-06-16,94.84380340576172,94.84380340576172,91.78761343252611,92.06775937636179,26067300
2022-06-17,95.14942932128906,95.78613587754461,94.19861186559172,95.09000363511511,21614300
2022-06-21,93.53643035888672,94.2495385340837,93.2223194853851,93.46002221045076,17663800
2022-06-22,96.10869598388672,96.1935888646029,95.40407276781035,95.66724911801562,23703800
2022-06-23,96.89822387695312,97.77263296091137,96.3464103697534,96.69447964304838,20669200
2022-06-24,95.55693054199219,96.92372798187169,95.50599608336049,96.32097980604205,18161300
2022-06-27,94.74193572998047,95.26828215625491,94.36840561554409,94.41934006821403,12053000
2022-06-28,95.1833724975586,95.23430694126782,94.12219507419668,94.47874913398718,13706600
2022-06-29,96.66900634765625,96.69447356567964,95.22580138284789,95.40407838592365,12925400
2022-06-30,97.51798248291016,98.28202520018694,97.41610709804658,97.50949124827629,25802100
2022-07-01,98.51915740966797,100.02475729183267,98.00878489824291,98.58720880845493,21858800
2022-07-05,99.293212890625,100.16084538368703,98.81685965879352,99.42930917847855,16689700
2022-07-06,97.6259994506836,99.98222880932582,97.6259994506836,99.85463406059894,20205400
2022-07-07,96.76686096191406,97.96623585196704,96.55420524121965,97.90669250976211,13088000
2022-07-08,95.6950912475586,96.54571428087023,95.31231347846385,96.54571428087023,15320000
2022-07-11,97.34529113769531,97.6430078681586,96.7158254907295,96.79238492984177,13639900
2022-07-12,97.92369842529297,98.86789024623336,97.79610370818864,98.2554407959221,18547300
2022-07-13,99.04654693603516,99.22517699220688,96.50317942308185,96.77537853102048,20594800
2022-07-14,98.2384262084961,98.80834842164839,97.37079380044123,97.8896742321289,15665000
2022-07-15,98.79133605957031,99.36975985001523,98.33199894747547,98.53614661182743,16022600
2022-07-18,97.76210021972656,98.09384266569543,97.12413297905744,98.03429931615585,15838300
2022-07-19,97.23469543457031,97.94922199976367,96.68179577654529,97.74507433388155,9276800
2022-07-20,97.48988342285156,98.28947096269853,97.0135367130213,98.22992762396976,9117300
2022-07-21,99.17411804199219,99.28470316935352,97.83013882951336,97.98325120685114,14754900
2022-07-22,100.84136199951172,101.45380512485504,100.34799908850252,100.62019819634575,17715300
2022-07-25,99.85459899902344,99.98219370294845,99.07202766656314,99.27617529900144,24868100
2022-07-26,99.93115997314453,101.4282512873158,99.86310859802684,101.10501699011125,13536000
2022-07-27,99.3697738647461,100.79031264951026,99.27620482002624,100.38201726322193,15725600
2022-07-28,100.16085815429688,101.1560855058087,99.79509000505682,100.41604764994842,16637900
2022-07-29,99.8886489868164,101.4878177278095,99.80358799341829,100.1183143179651,16655900
2022-08-01,102.29434204101562,102.34547008778009,100.62409199754708,100.76895913106765,17974600
2022-08-02,100.12979125976562,102.84821065190307,99.95083666833594,102.38803891614278,17896300
2022-08-03,101.7063217163086,101.82562480089773,99.1327753896324,99.84859389716719,16731200
2022-08-04,101.6722183227539,101.87674343715308,101.01605145992929,101.39100766813162,11003000
2022-08-05,99.25206756591797,99.79745489310761,98.75780826892431,99.76336737246703,19492300
2022-08-08,100.85417175292969,101.00756239025823,100.18095765029504,100.24913271167034,17476300
2022-08-09,100.46214294433594,100.86266317559175,100.09571023292419,100.32579936648928,8223200
2022-08-10,99.80599212646484,101.33137475190796,99.47364688141904,100.32581551005559,14665300
2022-08-11,97.47956085205078,99.75484934206997,97.22390768397958,99.592941737053,20663800
2022-08-12,98.46810913085938,98.48514964647781,97.51367771792465,98.0846292633576,12178400
2022-08-15,98.38287353515625,99.49069544262451,98.38287353515625,99.13278615000783,9031800
2022-08-16,98.79191589355469,98.86860795445536,97.35174873568525,98.21244092780229,11066000
2022-08-17,97.76079559326172,98.0846173629802,97.41140330091984,98.050529834347,14131300
2022-08-18,97.9056396484375,98.54476603129432,97.64998649468286,97.97381468964271,10738200
2022-08-19,96.32913208007812,96.58477873993482,96.07347891869148,96.49104618239167,16330900
2022-08-22,96.00531768798828,96.26096436731301,95.5536628682734,96.1757488075381,10457200
2022-08-23,95.47697448730469,96.70409940016023,95.22132129661621,95.60480108264893,17813200
2022-08-24,94.77820587158203,95.33211683867817,94.47142461292975,95.00828856480557,13971600
2022-08-25,96.09906768798828,96.37176142966128,94.58220834358656,94.8634255932426,21429700
2022-08-26,96.8233871459961,97.13868532948123,95.45139534320546,95.69852498796902,18764400
2022-08-29,96.02235412597656,96.3035713126817,95.55365881480137,96.24391977321667,14278300
2022-08-30,96.260986328125,96.72968176611003,95.62185973170828,95.97125205848475,14346600
2022-08-31,95.34061431884766,96.58477961233872,95.08496765668184,96.03087526021443,13623500
2022-09-01,93.59512329101562,94.15020516876172,93.03150640311837,93.82569887059512,22490400
2022-09-02,94.12454223632812,94.41488880965018,93.48406495547698,93.66339781228268,13024400
2022-09-06,91.79322814941406,93.05710654279801,91.73345051349364,92.99732890687757,24648500
2022-09-07,93.24497985839844,93.49263192289743,92.40808645025447,92.50202366490146,17050100
2022-09-08,92.28851318359375,93.5267667493558,92.27143665483949,92.9460670426261,14671400
2022-09-09,92.49349212646484,92.91194213334788,91.91279224380862,92.51057517566683,12529800
2022-09-12,91.7334976196289,92.98883513386102,91.30651242514327,92.76680100845093,14806900
2022-09-13,91.94697570800781,92.00675336519205,90.72579798386475,90.99906820460353,22158900
2022-09-14,92.2629165649414,92.40808989652862,91.47726575429705,91.66513367532379,13077800
2022-09-15,92.2031478881836,92.39102234274256,91.87010008792886,92.10066913607656,10260200
2022-09-16,91.4345703125,92.27146380368735,91.1783766989005,91.40041072966845,18903800
2022-09-19,91.6480712890625,92.07505634100843,91.20400970175967,91.34064153043946,11084400
2022-09-20,90.73429870605469,91.23813780212664,90.00842561946087,90.25607766364426,20133800
2022-09-21,92.25437927246094,92.26292079685015,90.4952031341819,91.11859759383798,23132900
2022-09-22,89.89743041992188,90.48667187944443,89.43629229495409,90.34149852472217,29030600
2022-09-23,90.26461791992188,90.88801882811809,89.29109273253755,89.9571882275612,23042200
2022-09-26,88.53960418701172,90.01697505906269,88.14677879401677,89.97427395568934,25104600
2022-09-27,86.20825958251953,87.94182396810712,86.16556499629542,87.71124844445815,34609500
2022-09-28,89.09468078613281,89.19715300384662,87.51483778207,88.06991300208186,39283100
2022-09-29,88.63353729248047,89.00928613586764,87.78810891013265,87.8735045976461,19127100
2022-09-30,87.48921966552734,89.54729039339212,87.30135174743722,89.04344472980053,26485700
2022-10-03,88.87937927246094,89.60698531532076,88.29729313200754,88.89649657181499,27192200
2022-10-04,88.63114929199219,89.58131955411663,88.42570901475219,89.15331516688323,13788700
2022-10-05,87.78369903564453,88.031935823501,86.95336951162263,87.93778087031693,20522100
2022-10-06,87.2957763671875,88.03193789368025,86.91056850603366,87.81793570331541,13965700
2022-10-07,86.4483413696289,86.98763118372887,86.00321959260397,86.29425949857605,14814800
2022-10-10,85.10438537597656,86.03743827681795,84.57366414930055,86.02887636098593,15652600
2022-10-11,85.48101043701172,86.3712600722143,84.7362806812911,85.37828706458681,33246700
2022-10-12,85.90047454833984,86.06311829652434,84.90750781989397,84.98454547061611,21447600
2022-10-13,85.07870483398438,85.92615162496097,84.17989307964413,84.19701691104139,30292500
2022-10-14,84.37678527832031,85.76352185457921,84.1028627296452,85.76352185457921,18728200
2022-10-17,83.96592712402344,85.30986764284485,83.83753098729741,84.9931419336484,18969900
2022-10-18,84.16278076171875,84.28262146528189,82.92157067588823,83.84605517039985,16931500
2022-10-19,82.63053131103516,83.39237864723258,82.45077024044319,83.19550027360623,25431600
2022-10-20,81.21810150146484,82.45931801045715,81.09826080829703,82.11691323105141,25434900
2022-10-21,79.75431823730469,80.40488659004895,78.97535382156839,79.62591564348544,46280300
2022-10-24,79.09519958496094,80.07961082641451,78.62439222097039,79.45472164610229,31332600
2022-10-25,81.39788055419922,81.51772780471666,80.84148001171742,80.96132073140545,31213100
2022-10-26,82.5705795288086,82.76746435833205,81.97993157106485,81.97993157106485,24843900
2022-10-27,83.43516540527344,83.8032493914983,82.36515457680902,83.01572298914716,20270000
2022-10-28,82.86163330078125,83.57211545999115,82.52779047646544,82.91299172580608,22244100
2022-10-31,82.2710189819336,82.70758536591221,81.34652776791884,82.48502121494647,23956700
2022-11-01,83.03985595703125,83.59763248853123,82.5593132452914,83.56330707384933,17585100
2022-11-02,82.67945861816406,83.7778458291675,82.3447939694022,83.16000793315622,25010500
2022-11-03,82.2332534790039,82.70521332576699,81.59824295899476,81.66689380660199,29097500
2022-11-04,80.85169219970703,82.0873813596624,80.85169219970703,81.60683193806551,23561400
2022-11-07,80.04503631591797,81.40086077562047,80.01071090020231,81.34937592549878,14522800
2022-11-08,80.92028045654297,81.4866331854838,80.46547381977612,80.49122277977848,20360600
2022-11-09,81.18633270263672,81.53815676038973,80.39686777347532,80.50842046556214,15637500
2022-11-10,84.30989074707031,84.46435187749076,82.92832356578322,83.00555740444597,45380900
2022-11-11,84.0009536743164,84.41285213177578,83.70061445893138,83.72635688497812,15943100
2022-11-14,83.79499053955078,84.08674670413697,83.31444134655213,84.01810243105363,13741100
2022-11-15,85.15084075927734,85.21090860837067,84.1897486268795,84.30988432506616,26608200
2022-11-16,87.01293182373047,87.0558336798659,85.58845664321085,85.82872798765919,28507700
2022-11-17,86.0947494506836,86.3006953848293,85.6227831985755,85.9831902200563,24528900
2022-11-18,85.50264739990234,86.57529201957887,85.42542012979916,86.32643768218553,14941300
2022-11-21,85.86306762695312,86.51523748915578,85.63996222551617,86.4036847884373,15534000
2022-11-22,87.08158111572266,87.2017167858304,86.26636730067376,86.36934353801027,18103100
2022-11-23,88.60045623779297,88.60045623779297,87.59646232432142,87.64794717724695,23234600
2022-11-25,88.30008697509766,88.32582939280204,87.8967716393243,88.05123269245236,9486100
2022-11-28,88.54898071289062,89.08100837424372,88.11992276823571,88.90938781514363,14563200
2022-11-29,87.51063537597656,88.35158503237658,87.45056754337656,87.65651346273332,16576400
2022-11-30,88.15425109863281,88.15425109863281,86.98721292690541,87.20174190631258,21581700
2022-12-01,90.97038269042969,91.013386686395,88.68235748040429,88.72536803885944,53156800
2022-12-02,92.1143798828125,92.1229833061749,89.98119026318173,90.57470178789242,24479500
2022-12-05,90.8241958618164,91.16826081296192,90.23069054764582,91.03923563597071,20159700
2022-12-06,91.9939956665039,92.37246769869637,91.3402795995248,91.60692676993754,21754500
2022-12-07,94.16159057617188,94.34222314758858,93.06918515916307,93.2154171514929,30546700
2022-12-08,93.90354919433594,94.14439264571503,93.3014405658882,93.49927344559595,13377300
2022-12-09,91.46068572998047,93.04337475383205,91.40907174007869,92.84554190709599,25872200
2022-12-12,91.75313568115234,92.99176642696222,91.40047399310357,92.77672673150859,16897100
2022-12-13,92.63909149169922,93.82611472494311,92.43265523645734,93.79170758865442,23854700
2022-12-14,93.03478240966797,93.17240441027863,91.94237701814389,92.60470299371164,19517500
2022-12-15,93.39778137207031,94.08757559599547,93.25982647430443,93.45813787328638,20246200
2022-12-16,92.35446166992188,92.97527508380301,91.66466752597293,91.91471773869532,20838300
2022-12-19,90.80242156982422,91.25940736134349,90.51788759100543,91.25078970448149,26126800
2022-12-20,89.19007110595703,89.50909556488918,88.89690620550522,89.13833225389705,28869000
2022-12-21,89.41423797607422,90.01780960318227,88.77618255620858,89.9229627271848,15894100
2022-12-22,89.39698791503906,89.77637538437936,89.13831344442248,89.3883636784545,11322500
2022-12-23,88.08638000488281,88.6468303505577,87.96566043713926,88.44851897301984,15408900
2022-12-27,86.34467315673828,87.14655624916388,86.23258437676962,86.6464557015509,26475700
2022-12-28,85.83595275878906,86.89650375754357,85.66350089589318,86.78441498043568,17302900
2022-12-29,86.81026458740234,87.07755670104359,86.04287203412645,86.1032285300572,16593000
2022-12-30,85.84455108642578,86.69817281420603,85.68073007652372,86.1118497691287,20810200
2023-01-03,87.48281860351562,88.24158699290089,86.94822774699729,88.12087398955245,25313200
2023-01-04,88.68132781982422,89.22454289390944,88.12949508749625,89.00035879066212,21678200
2023-01-05,89.05207061767578,89.06069485230447,87.75871171464208,87.83631666957315,14771100
2023-01-06,90.69036102294922,90.79383214274094,88.50027165843663,88.55200392914945,27473700
2023-01-09,91.1731948852539,91.33702248095071,89.90570187897072,90.02642145047055,21472200
2023-01-10,89.66429138183594,90.3799518064533,89.24179583287876,90.12990154080269,20545200
2023-01-11,91.1214828491211,91.1559732231526,90.276485131265,90.50929351138603,18794000
2023-01-12,92.91492462158203,92.9580326468996,90.15575444502663,91.24217798984878,32029600
2023-01-13,92.04408264160156,92.9494369054885,91.72505160287542,92.34586520344172,17750800
2023-01-17,91.44912719726562,91.966476204833,91.09561239235155,91.11285428936638,13911700
2023-01-18,93.66508483886719,93.78579785590077,92.36310778680975,93.51850568652155,35497200
2023-01-19,93.07877349853516,93.44091917409725,92.6390359855268,93.20811076992398,17194700
2023-01-20,91.56982421875,92.46655400932232,91.49222582818703,92.22512802308452,22754100
2023-01-23,91.13870239257812,91.56982209467805,90.9576329070999,91.02661363824339,12961500
2023-01-24,92.44932556152344,92.64763697404851,90.87142560693277,91.50086337262762,16417200
2023-01-25,92.67350006103516,93.04426329199279,91.94921549384037,92.57865319416007,11906500
2023-01-26,92.24242401123047,92.82012314422079,91.81992173931086,92.38037896941603,15549400
2023-01-27,92.00959014892578,92.22515005647504,91.4922476864808,91.56122843570448,11845500
2023-01-30,91.6733169555664,92.39760166359781,91.56122817217526,91.79402997717725,11459700
2023-01-31,92.40620422363281,92.50105109345216,91.28529683778666,92.24238319442547,13705300
2023-02-01,93.51705169677734,93.87147599035015,91.99560401424829,92.97244561847715,25305800
2023-02-02,93.6380844116211,94.52847504041904,93.4392561821881,94.15675785996748,19548400
2023-02-03,92.23763275146484,92.59206356959078,91.70167320542491,92.29814452586577,20619500
2023-02-06,91.5547103881836,91.90048816255232,91.35588223216212,91.41639400220546,15182400
2023-02-07,90.81991577148438,91.83133620292033,90.76805042459114,91.05332302308047,18290300
2023-02-08,91.25215911865234,91.26945196723018,90.24074512139579,90.80264398496809,13530700
2023-02-09,90.38770294189453,92.16849044512972,90.24074670285403,92.0388204596807,20469900
2023-02-10,89.37628173828125,90.28396496812908,89.1428810594772,90.24938586843794,16598300
2023-02-13,90.12837219238281,90.26668201101285,89.54054062380357,89.65291776364606,13134300
2023-02-14,89.9208984375,90.6211137479549,89.16017793948457,90.07650110701334,15440300
2023-02-15,89.08236694335938,89.86037358245804,88.60691257920911,89.51459578520918,15246900
2023-02-16,87.82026672363281,88.36487937094275,87.59551243915514,88.2352093789504,19267300
2023-02-17,88.5031967163086,88.5031967163086,87.28431451665693,87.39669166844911,19560900
2023-02-21,86.78289031982422,87.48309880387781,86.68779946454688,87.31885635908856,22728000
2023-02-22,87.57819366455078,87.9066917597282,87.26698841400784,87.30156750798903,15165400
2023-02-23,88.43403625488281,88.6847232149464,87.71653469252242,87.77704647517392,15829100
2023-02-24,87.2842788696289,88.00178021070273,86.92984811248849,87.69057496867765,21403600
2023-02-27,87.52635192871094,87.91535529916715,87.23243944352883,87.56093103201876,14209200
2023-02-28,87.92401123046875,87.93265765605298,86.68783618353531,86.93852976315569,14955700
2023-03-01,86.97943878173828,87.55138341611925,86.62413453293028,87.36940073192795,19000000
2023-03-02,86.20814514160156,86.355463460135,85.68818724541883,85.84417329196579,23763600
2023-03-03,88.296630859375,88.30529858865007,87.15273522205474,87.46470736055484,30877300
2023-03-06,87.61202239990234,88.68658938562011,87.51669721608852,88.58260308439775,16631900
2023-03-07,88.14930725097656,88.71259061246596,87.42137010080292,87.92399258407283,23096500
2023-03-08,88.2359848022461,89.23256226702848,87.88934829994683,88.73860740000296,20252400
2023-03-09,88.4526138305664,88.84257568426295,87.81134072901696,88.0019910971495,21550400
2023-03-10,91.50302124023438,91.58968532709409,90.12514953151369,90.15114611295496,43921500
2023-03-13,91.71097564697266,94.54471444796684,91.0263705872404,93.76478421463014,51502500
2023-03-14,90.20314025878906,91.52035769952829,89.90850351718838,91.11306028839894,38417800
2023-03-15,91.94495391845703,93.34016064848888,91.29501314154305,92.53423382065395,45164100
2023-03-16,91.22571563720703,93.61750036283549,91.02640410013734,93.05421684184674,43089300
2023-03-17,92.59490203857422,93.35750350868304,92.25693333669963,92.42158712893495,38129000
2023-03-20,91.78031158447266,92.69022475314956,91.61565779662358,92.6208961465247,24242800
2023-03-21,90.99174499511719,91.35571038832755,90.59311528661887,91.0610736256931,18934900
2023-03-22,92.20494842529297,92.24827385080422,90.5064370352018,90.697087419765,26388500
2023-03-23,92.20494842529297,92.33493792490792,90.83573803755785,91.30369626924734,25475100
2023-03-24,92.59490203857422,93.09752453268413,92.08361842706036,92.80288125244935,23652700
2023-03-27,90.41976165771484,91.65032127382473,90.41110054061969,91.03504477153967,22224500
2023-03-28,90.58441925048828,90.71440873931547,90.14245763309184,90.33310800183305,17794300
2023-03-29,90.40245056152344,90.51510460973692,89.77850620809875,89.86516367684305,16804400
2023-03-30,90.81840515136719,91.03505210391192,90.35910805827851,90.5237618579054,14315800
2023-03-31,92.17893981933594,92.34358699325901,91.06104084698582,91.29501662652899,25396700
2023-04-03,92.61246490478516,93.04685733550957,91.83055720382072,91.9869387440136,18234800
2023-04-04,93.07292938232422,93.65502033680376,91.87400853654707,91.90007102453957,18052400
2023-04-05,94.04597473144531,94.15023131595116,93.31619852481467,93.62895502172536,23047700
2023-04-06,94.28919982910156,94.5845900656686,94.16757050472133,94.19363298447409,16447300
2023-04-10,92.76886749267578,93.62027976651987,92.5777337192636,93.51602317330305,19134400
2023-04-11,92.95999145507812,93.03817892051084,92.5342886772368,93.00343335474294,13971200
2023-04-12,92.8644027709961,93.1076614440664,91.98692830459099,93.00341151463725,20563000
2023-04-13,92.13463592529297,93.29880444184194,91.986937463393,93.00342077464678,22079400
2023-04-14,91.29193115234375,91.70026117075138,91.02260328990046,91.56125238648339,19801900
2023-04-17,90.2059326171875,90.86620433118232,90.10167604893982,90.71851249739156,19528800
2023-04-18,90.5273666381836,90.86619215420457,90.17985804719906,90.18854112216262,15922600
2023-04-19,90.44052124023438,90.56215061543813,89.90187875813312,90.27545659006003,16093900
2023-04-20,91.21371459960938,91.46566298784403,91.00520810284007,91.07471247786386,16450100
2023-04-21,90.70115661621094,91.62206660825707,90.58821032248962,91.4830644529971,15244700
2023-04-24,91.5786361694336,91.64813393658085,91.08342232307163,91.18767891624846,17034300
2023-04-25,92.92522430419922,93.07291613400254,92.33445035668377,92.37789224935636,21899900
2023-04-26,91.93480682373047,93.16847964293785,91.80448777870389,92.77752913616008,19610400
2023-04-27,91.02261352539062,91.45700608262,90.8836113537955,91.39619138974007,20247600
2023-04-28,92.49083709716797,92.75147521127097,91.96956749726453,92.27364087818299,26954100
2023-05-01,89.82389831542969,91.81843739093375,89.57131406796093,91.68778944982505,32487300
2023-05-02,92.06232452392578,92.06232452392578,90.48585728231966,90.58166534457507,30057800
2023-05-03,92.57621002197266,92.84621095191414,91.69652078421808,92.32362572023989,23656200
2023-05-04,91.66167449951172,92.71555652608883,91.58328971048353,91.64425787251588,25110500
2023-05-05,91.3568115234375,91.36552315733736,90.67745026990156,90.8864829682904,15096500
2023-05-08,90.07648468017578,90.46842851271468,89.98938826573284,90.1635810946187,20587000
2023-05-09,89.75422668457031,90.26810017788311,89.71067515512361,90.14616386946888,19182500
2023-05-10,90.62521362304688,90.7906948332422,90.26810965019634,90.29423791259396,22886800
2023-05-11,91.58328247070312,91.90553988238584,91.2087618921018,91.7139304204535,19147200
2023-05-12,90.8167953491211,91.67035598183843,90.79937872785422,91.49616318905322,14198500
2023-05-15,89.87617492675781,90.12004757596773,89.81520676445533,90.0503677776131,20085300
2023-05-16,89.60615539550781,89.62357866528389,88.93550569979803,89.1880899513078,29251700
2023-05-17,89.34490203857422,89.85007074448944,89.14457422587229,89.7803909274598,21340900
2023-05-18,88.68293762207031,89.06616988667199,88.62196945679564,89.01390671284253,25536600
2023-05-19,88.05584716796875,88.71779210333263,87.90778254868674,88.19520679437493,29038000
2023-05-22,87.74227142333984,88.58712066090881,87.68130326418698,88.18647180861413,20131100
2023-05-23,87.99483489990234,88.1864509676788,87.34160192977139,87.47224985280346,21749500
2023-05-24,87.55938720703125,88.28230029357582,87.55938720703125,88.21262048269699,18473400
2023-05-25,87.34162139892578,87.79453341372412,87.12387702701182,87.70743034893384,22492800
2023-05-26,88.04711151123047,88.11679130542525,87.0977492341926,87.20226892548477,17030300
2023-05-30,88.9267807006836,89.04871699066945,88.18645132718962,88.3170992507543,23125200
2023-05-31,89.70196533203125,89.86745317323471,88.72647484501435,88.8309878857487,23787000
2023-06-01,90.05389404296875,90.49926826773448,89.62597606792455,90.19361733033915,21040400
2023-06-02,89.06708526611328,90.0102426069203,89.02342464605431,89.94911240868421,19136500
2023-06-05,88.90117645263672,89.46008310256862,88.38593042875688,88.50819084201117,14433200
2023-06-06,89.42513275146484,89.4862629458881,88.54310566390815,88.93608453338737,14332100
2023-06-07,88.09773254394531,89.4513383926155,88.01040463883254,89.22428050916864,25251100
2023-06-08,89.12821197509766,89.19807695968719,88.02786844992504,88.08899864576796,23845100
2023-06-09,89.00595092773438,89.31160190469737,88.4994397872291,88.72649765412656,22147400
2023-06-12,89.26795959472656,89.33782459313011,88.30733918610329,89.28542251298097,19010300
2023-06-13,88.38591003417969,89.36399977721794,88.1763217544898,89.17187441138086,25910800
2023-06-14,89.09329223632812,89.32908492739811,88.60425059957942,88.7527087160649,29094200
2023-06-15,89.9490966796875,90.49926836760625,89.5997784668399,89.9752943796802,25732000
2023-06-16,89.59977722167969,89.80063735665023,89.10200094066388,89.46005393609681,16759100
2023-06-20,90.21981811523438,90.52547572577194,90.0451623343766,90.0451623343766,17162900
2023-06-21,90.43814849853516,90.51674827017176,89.37273082600271,89.78317927322666,19720100
2023-06-22,89.34654235839844,90.16743933769904,89.25047966240827,89.77446042696997,23630700
2023-06-23,90.23729705810547,90.77873403258357,89.93164607853046,90.67394321826737,22901900
2023-06-26,90.33333587646484,90.64772156172275,90.08881515741757,90.49052871909379,12894900
2023-06-27,90.09756469726562,90.77873162300705,89.7395183200363,90.46434586302001,18105700
2023-06-28,90.4818115234375,90.6826650119791,89.80064462718136,90.30715573664558,23826800
2023-06-29,88.84876251220703,89.37273659373054,88.59550692922076,89.22427849212573,41091600
2023-06-30,89.89673614501953,90.00152698563211,88.96231339429524,89.12823444616292,32024900
2023-07-03,89.38710021972656,90.4203761175133,89.36958333223426,90.05259496826132,16011800
2023-07-05,88.53771209716797,89.3170465769591,88.21371648393199,89.22072373736826,28170300
2023-07-06,87.28549194335938,87.89844918452219,87.10160477101053,87.74083065383277,41375700
2023-07-07,86.76010131835938,87.21544004064336,86.68128871060398,86.84766568640633,28996500
2023-07-10,86.87393951416016,87.15414951707568,86.55870242578851,86.56746086733591,24665200
2023-07-11,87.32052612304688,87.53944039564549,86.94399330694795,87.18917622334104,20485500
2023-07-12,88.29251098632812,88.54645235849179,87.3643098754838,87.65327833491837,31928000
2023-07-13,89.22071838378906,89.29077256851254,88.46765259984855,88.71283556564597,32441500
2023-07-14,88.69532012939453,89.26449865542203,88.65153459634074,89.07185299916033,18569000
2023-07-17,88.73910522460938,88.87045515227702,88.37133077172787,88.64278907043695,18822000
2023-07-18,89.14191436767578,89.37833889532092,88.94051025241629,89.14191436767578,15407400
2023-07-19,90.14889526367188,90.17517058833964,89.08059921952025,89.31702369566253,27192500
2023-07-20,89.05433654785156,89.58848798618729,88.68656211905022,89.50968204318747,56951200
2023-07-21,89.08059692382812,89.623500033102,88.9930258719926,89.45712973222771,20657500
2023-07-24,88.75660705566406,89.44837698868352,88.70406976580279,89.30826864140853,17546700
2023-07-25,88.59026336669922,88.87923193103396,88.2662743831144,88.29254303792007,17160600
2023-07-26,88.67780303955078,89.04558414644588,88.38008279382095,89.03682570370843,19310700
2023-07-27,86.9527359008789,88.38005429302171,86.61123023232491,88.18740869932823,44794400
2023-07-28,87.39933776855469,87.44312329823045,86.82140752509098,87.04032181200208,27434000
2023-07-31,87.6094970703125,87.85467999371342,87.23296424345149,87.25923288799679,28663800
2023-08-01,86.17386627197266,86.85876041215461,85.96313115941247,86.78851314158507,34943400
2023-08-02,85.25186920166016,85.38358112818834,84.65478763980653,85.20796969224867,38121300
2023-08-03,83.28498077392578,83.69767495694848,83.01278107837715,83.58352821023522,59394800
2023-08-04,84.76014709472656,84.89185901390931,83.53084701426508,83.54841217636756,42071800
2023-08-07,83.92599487304688,84.47039439208399,83.85574761280098,84.39137124866794,35862900
2023-08-08,84.90067291259766,85.49776136054946,84.68115519936757,85.04994334979837,24010500
2023-08-09,85.33969116210938,85.42749688989831,85.03236106612667,85.06748469707176,20151100
2023-08-10,83.93476867675781,85.48895745024343,83.93476867675781,85.20797511536854,37253200
2023-08-11,83.74162292480469,84.18065836840913,83.59234578262577,83.68015823066604,26753500
2023-08-14,83.55718231201172,84.23329357103172,83.32888213270884,83.60108181243636,19072000
2023-08-15,83.04792785644531,83.59232739933715,83.03036269104042,83.24110448101251,24125000
2023-08-16,82.39814758300781,83.23231873014623,82.29278339118011,82.78450081743603,23076700
2023-08-17,82.0468978881836,82.19616824396489,81.6781032397626,82.09957996689575,32244900
2023-08-18,82.336669921875,82.70546463256285,81.92398240370994,82.03812915990711,24181700
2023-08-21,81.23908233642578,81.44982408661812,80.9844477784497,81.36201837361122,29254100
2023-08-22,81.86251068115234,81.90641018399322,81.18639268577336,81.34444563412141,21308700
2023-08-23,83.890869140625,83.89965172272251,82.7405987543007,82.8020634306887,38294700
2023-08-24,83.33767700195312,83.89964160376529,83.3201118398766,83.53084689076954,22300800
2023-08-25,83.6098861694336,83.86452745514491,82.9864568282013,83.11816876207229,23865200
2023-08-28,83.69768524169922,83.99623271469409,83.32011463414925,83.98745013336129,16037300
2023-08-29,84.56697845458984,84.74259659638798,83.3640260042214,83.39036705070434,28478100
2023-08-30,84.4791488647461,84.64598437753028,84.1893840370089,84.43524936606015,17550100
2023-08-31,84.85675048828125,85.21676268483165,84.67235644827288,84.76894475958407,26959700
2023-09-01,83.53480529785156,84.38908958265544,83.33224706244415,84.37147845232298,32469700
2023-09-05,82.36348724365234,83.04163351556087,82.3370671820117,83.03282458859981,29435900
2023-09-06,82.56603240966797,82.88308651166037,82.31062734310515,82.86546866197139,23636300
2023-09-07,82.79502868652344,82.84786880429827,82.50439460027819,82.78621976048036,18091500
2023-09-08,83.11206817626953,83.5788403856182,82.93592328267715,83.12087038151866,17052100
2023-09-11,82.51317596435547,82.768580980357,82.38987791790501,82.5219781682165,17061500
2023-09-12,82.98877716064453,82.99757936664145,82.41631796650746,82.68933417571878,20034300
2023-09-13,82.97116088867188,83.25298602848298,82.62768670950338,82.7157558058366,23332300
2023-09-14,82.3722915649414,82.97117089920039,82.25780239781915,82.73338363848735,27800600
2023-09-15,81.87026977539062,82.32823976775312,81.87026977539062,82.31062191922507,25642900
2023-09-18,82.33705139160156,82.37228037344714,81.74698106398091,81.77340112055478,17963400
2023-09-19,81.7293701171875,82.28421146421516,81.7293701171875,81.97596627142202,24941800
2023-09-20,81.98475646972656,82.4339175244346,81.94072528820006,82.16090135355338,29451200
2023-09-21,79.87987518310547,80.46995215492593,79.8710729781944,80.39949420019506,59958700
2023-09-22,80.5228042602539,80.68133132240065,79.85346702905194,79.97676510858369,29524500
2023-09-25,78.54121398925781,79.29862026574776,78.51479393390785,78.96395503258,45587900
2023-09-26,78.2682113647461,78.92873974000618,78.1272954194544,78.76140373478282,38104100
2023-09-27,77.86307525634766,78.92872671966487,77.58124341225617,78.85826875864198,47111200
2023-09-28,78.10088348388672,78.1449214011819,76.7093686159698,77.16733876656558,60238000
2023-09-29,78.10968017578125,78.81423970743948,77.61648111245457,78.6204836524799,49010100
2023-10-02,76.80209350585938,77.68558704360512,76.60772384907199,77.58840221521143,44704300
2023-10-03,75.14995574951172,76.55471393447073,74.99976347064482,76.25432263621637,71362600
2023-10-04,76.21016693115234,76.25433757095921,75.42385809305827,75.77725017360069,56281600
2023-10-05,75.83026123046875,76.14831948217217,75.66239528081371,76.07763837278884,35758800
2023-10-06,74.91142272949219,75.70656831310258,74.26646943930787,74.39015800336713,62787900
2023-10-09,76.66956329345703,76.68723693778934,75.05276860358822,75.53869271492158,29424900
2023-10-10,76.56356811523438,77.0141450539889,75.55637908493314,75.8479336268487,54743900
2023-10-11,78.16268157958984,78.16268157958984,77.39403970419507,77.61491310902468,58517700
2023-10-12,76.04228210449219,77.91529067297698,75.91859355889152,77.7916021273763,66986700
2023-10-13,77.40286254882812,77.59723218845859,77.01412326956721,77.39402572688488,44183800
2023-10-16,76.15716552734375,76.30736460139418,75.89212142238765,76.14833544221132,38309800
2023-10-17,75.31783294677734,75.65355810399927,74.65521271557402,74.99977469655802,52949100
2023-10-18,74.65519714355469,74.84956678264835,74.08092504819254,74.54917550208901,63724600
2023-10-19,73.12673950195312,74.71703018223722,73.10023578070158,74.10741763137513,87696900
2023-10-20,73.54202270507812,73.80707354373953,73.12677953675258,73.32114925303456,52188800
2023-10-23,74.42549133300781,74.97325973533856,72.81753341576915,73.16209534514024,70890400
2023-10-24,75.40616607666016,75.40616607666016,74.29296242065365,74.60219052658674,46267700
2023-10-25,73.72753143310547,74.32830729539175,73.44481377676607,74.23112246910128,60737200
2023-10-26,74.85842895507812,74.93794015771343,73.68338064119199,73.75406175943833,49704100
2023-10-27,74.54036712646484,75.07046200711385,73.9837617723396,74.38133798821794,32362300
2023-10-30,74.20462799072266,74.65521162872726,73.5420077691659,74.04559886792818,45026900
2023-10-31,73.8424072265625,74.89376017680156,73.81590349326973,74.54036807886834,37269200
2023-11-01,75.44346618652344,75.461200518839,74.48601515146454,74.5037494837801,72308500
2023-11-02,77.163330078125,77.40268945162889,76.4363780279166,76.84417973767586,69739400
2023-11-03,77.68635559082031,78.9452290228465,77.64203330072147,78.73245768118169,77692300
2023-11-06,76.93283081054688,77.3051706184142,76.77325564093718,77.1899245151217,41341900
2023-11-07,78.06756591796875,78.45763996465145,77.65089714331482,77.66863147107183,37834200
2023-11-08,79.39738464355469,79.45058088206729,78.4133387769053,78.43994027799495,53893400
2023-11-09,77.57112121582031,78.92750659603625,76.89735872629099,78.84772240363061,88975100
2023-11-10,78.00552368164062,78.39559780024936,77.81048662233626,78.21829507197205,36516400
2023-11-13,77.8282241821289,77.96120461568647,77.03921551033078,77.32290394554285,25661500
2023-11-14,79.5924072265625,79.92042471020379,79.15801081262221,79.7874442836646,65666800
2023-11-15,78.47537994384766,79.0250292089786,78.28921005493203,78.90978311498283,56205300
2023-11-16,79.45056915283203,79.75198515068324,79.12255165781835,79.16688072275679,49473900
2023-11-17,79.82291412353516,80.16865920873728,79.4683018720374,79.92929982808432,44091400
2023-11-20,80.31051635742188,80.37257977042653,79.44172326670164,79.45059043479768,40477800
2023-11-21,80.27503967285156,80.49667147011105,79.68992848152699,80.23071060793339,27721000
2023-11-22,80.55875396728516,80.95768862496938,80.12435063534615,80.78038583570257,31197500
2023-11-24,79.61013793945312,80.01793960228585,79.6012707744427,79.87609201677961,20199600
2023-11-27,80.93993377685547,80.97538891182708,79.97361563907232,80.0534066019224,39804400
2023-11-28,81.09951782226562,81.14384012766786,80.48781184018455,80.59419754774927,44989300
2023-11-29,82.11902618408203,82.18108282817781,81.36547928758567,81.65803493703729,61647800
2023-11-30,81.17044067382812,81.8176086047551,80.81583515056235,81.5339201279424,60520900
2023-12-01,82.69921875,82.76147189773296,81.04505592728496,81.20513641932462,64172200
2023-12-04,82.37015533447266,82.55691474599458,81.89880239863193,82.25453751894737,33766300
2023-12-05,84.13993835449219,84.1488335993967,83.21502965185434,83.26838755111373,73588600
2023-12-06,85.26046752929688,85.42054794793701,84.37113337798085,84.55789273554748,61606100
2023-12-07,84.7713623046875,85.44725840885239,84.54013344022096,84.64685602037866,47970200
2023-12-08,84.07767486572266,84.23775532888895,83.5173966371821,83.97095229525078,44809200
2023-12-11,83.89979553222656,83.9887343912751,83.17943691249314,83.60632036664626,33909700
2023-12-12,84.1488037109375,84.2199452896536,83.50848200692263,83.73081555497882,36996900
2023-12-13,86.12311553955078,86.24762856240669,84.50452766339693,84.63792914246456,70828500
2023-12-14,88.36347198486328,88.36347198486328,86.91810580968425,87.132238669896,87798600
2023-12-15,88.46157836914062,88.64001553947085,87.95302494606359,88.05116743182774,59941300
2023-12-18,87.75675201416016,87.8816594119161,87.45340061465097,87.8816594119161,34746000
2023-12-19,88.22962188720703,88.55973820462687,88.02441978182034,88.20285698710816,30018400
2023-12-20,88.82737731933594,88.94336760722386,87.95302564802118,88.42589027941779,51229400
2023-12-21,88.26531982421875,89.07721804132755,88.1047236000624,88.98799942945043,65231200
2023-12-22,87.86381530761719,88.66678946280763,87.64968251308682,88.66678946280763,29244200
2023-12-26,88.11363983154297,88.21178233814598,87.86382501726011,87.91735481833696,24019700
2023-12-27,89.67497253417969,89.69281352890303,88.77384914445804,89.02366391223627,45082800
2023-12-28,89.02368927001953,89.72852788384331,88.8274042374428,89.30026901213556,36213000
2023-12-29,88.22069549560547,89.05936531206888,88.14932469966998,88.44374539939315,41616200
2024-01-02,87.71214294433594,88.01549435640756,87.43556323884297,87.64077214762168,47797400
2024-01-03,88.07795715332031,88.19394066603319,86.67720386987673,86.88240599290289,58159500
2024-01-04,86.73965454101562,87.11437677537842,86.60582322675937,86.91809175539503,52604500
2024-01-05,85.9098892211914,87.15004596069524,85.83851162873059,86.09725029619466,45894800
2024-01-08,86.75747680664062,86.88238419112437,85.73144602814537,85.85636021957104,39485800
2024-01-09,86.20436096191406,86.6950668465036,86.17758924578413,86.22220196572198,34374000
2024-01-10,85.80282592773438,86.58796585924266,85.75822003604367,86.47197556557414,48227800
2024-01-11,86.28462219238281,86.39168859450153,85.39242259555502,85.80283359326268,78858900
2024-01-12,86.1150894165039,86.78423901564055,85.89203955012503,86.34706318348162,38883900
2024-01-16,84.59835052490234,85.46378506975297,84.3217708770624,85.3121127988047,61716700
2024-01-17,84.46456146240234,84.75898905806028,84.00954442214363,84.40210774274263,55506800
2024-01-18,83.67940521240234,84.38424374618295,83.42959040183567,84.27717733867877,77339100
2024-01-19,83.9470443725586,84.01842196340594,83.20652399007801,83.6080110264463,47030900
2024-01-22,84.44670104980469,84.83034718437528,84.21472722712534,84.59837336169593,35756400
2024-01-23,83.77754211425781,83.8578368093083,83.35820722159163,83.76861821249355,35786700
2024-01-24,83.2868423461914,84.34856218924487,83.06379241660495,84.32179728680548,54574900
2024-01-25,83.83106231689453,84.06303608761867,83.48310506427923,83.86675111292453,57019400
2024-01-26,83.67047882080078,83.92921752603097,83.4117401155706,83.80431012446368,29276900
2024-01-29,84.63406372070312,84.91064344828561,83.9738378515013,84.14335116504695,38243600
2024-01-30,85.40135192871094,85.50841153069557,84.52699327315858,85.18722591779853,40151400
2024-01-31,86.24002838134766,86.46307831181014,85.65117329759373,85.84745832551171,80646700
2024-02-01,87.93170928955078,88.31658981328174,86.99188951916928,87.19775187555744,84291200
2024-02-02,85.9894027709961,86.48169416365889,85.64927851805732,86.16841409804925,63823300
2024-02-05,84.25294494628906,84.89739650242633,84.15448669027683,84.70047999040185,53827400
2024-02-06,85.07642364501953,85.16592929757115,84.32456114013003,84.35141215301117,33411500
2024-02-07,84.66468048095703,85.23753164778952,84.60202584489079,84.64678208301375,40120200
2024-02-08,84.17241668701172,84.40513689051281,83.8322924117754,84.15451145582595,50087700
2024-02-09,84.00233459472656,84.1455491006341,83.83227590501576,83.92178155678621,27951300
2024-02-12,84.10078430175781,84.26189719008627,83.68905288243903,84.04708228192926,27890300
2024-02-13,82.65973663330078,83.29523569450369,82.64183823290305,83.11622437515001,49768500
2024-02-14,83.08040618896484,83.28627531611087,82.55231810920709,82.61497274288755,44191600
2024-02-15,83.51004791259766,83.88597573751282,83.24152413546206,83.74276123534895,49598500
2024-02-16,83.0267105102539,83.10726354734908,82.65077585061282,82.7760919563888,33116800
2024-02-20,83.09830474853516,83.41158474639228,82.9909007070691,83.05355534087194,24469300
2024-02-21,82.507568359375,83.15201997294982,82.35540806973746,83.08936533434355,36343100
2024-02-22,82.91036224365234,83.02672575706085,82.5881363784121,82.6418452418486,45190700
2024-02-23,84.02023315429688,84.13658980947972,83.0177521790345,83.0177521790345,38406700
2024-02-26,83.7696304321289,84.16346356973011,83.41160775668578,84.13661255195635,27855000
2024-02-27,83.17887878417969,83.66221753967837,83.10727152510343,83.45634837704512,30242000
2024-02-28,83.70696258544922,83.77856984078758,83.15202342868629,83.31313633877572,34574200
2024-02-29,84.29771423339844,84.40512511899851,83.93968477690872,83.97548840544208,51038600
2024-03-01,84.82298278808594,84.85889891940214,83.51207482140217,83.89816467017422,45832800
2024-03-04,84.48176574707031,84.54462410178837,84.11363746413727,84.13159210098515,23864200
2024-03-05,85.68495178222656,85.90942247149675,85.27192653600564,85.50537797093114,37721900
2024-03-06,86.18775177001953,86.34937091749607,85.66698505064028,85.73881045484033,40571600
2024-03-07,86.10696411132812,86.55590552290928,85.7298549696725,86.51998938794652,39075000
2024-03-08,85.95430755615234,86.24162972498421,85.72983689768056,86.01715906651242,25023200
2024-03-11,85.90943145751953,86.20573444242154,85.6310899658069,86.16083755975063,17787900
2024-03-12,85.19109344482422,85.48739632889001,85.02050041939557,85.334757940238,29566000
2024-03-13,84.77806854248047,85.06539068384335,84.58951402942672,84.84990079039623,38270100
2024-03-14,83.47615814208984,84.176505572404,83.37739049419409,84.15855093201456,58365600
2024-03-15,83.44921112060547,83.67368177083279,83.31452736040896,83.5569526485222,34997700
2024-03-18,83.19780731201172,83.49410337200237,83.05414280388224,83.26065882174316,29519500
2024-03-19,83.43124389648438,83.74550141513716,83.22473474864117,83.36839239275382,26953100
2024-03-20,83.4043197631836,84.21241552747448,82.86559153709003,83.5928742998013,43460100
2024-03-21,83.58387756347656,83.88916117171205,83.26064616990334,83.74549668541306,34276600
2024-03-22,84.38301849365234,84.58952767685251,84.2034378448899,84.57157303712692,30262300
2024-03-25,83.96101379394531,84.17650372539794,83.77245924763659,84.1405875951056,24011800
2024-03-26,84.1944351196289,84.28422884571874,83.75447463304664,83.96099061263395,34423000
2024-03-27,85.02947235107422,85.02947235107422,84.34708656450135,84.39197658055745,50157800
2024-03-28,84.9576416015625,85.31678910857903,84.6882741210005,84.84091249651249,34540400
2024-04-01,83.37397003173828,84.04960996109446,83.29288966627385,84.0405995042729,48945400
2024-04-02,82.91449737548828,83.05863025795966,82.28389625491074,82.49109543510552,43086300
2024-04-03,82.89649963378906,82.92353100020767,82.02267789590543,82.21185622305325,45494400
2024-04-04,83.49105834960938,83.56312824087684,82.9145129653959,83.44601294932643,47957400
2024-04-05,82.32896423339844,83.04063900693137,82.31995377797142,82.59922291249934,42495900
2024-04-08,82.31996154785156,82.50913989189257,82.09474825166498,82.18483906851111,37879800
2024-04-09,83.085693359375,83.20280180068391,82.73435428951936,82.76138565871167,32522000
2024-04-10,81.27497100830078,82.24789404443725,81.12182762473226,82.15780323248966,74368900
2024-04-11,80.90563201904297,81.47317399214874,80.63538015500873,81.41911812096974,65751200
2024-04-12,81.33802795410156,81.93258743149906,81.32901749859082,81.65332516733991,47900100
2024-04-15,80.07685089111328,80.41016909305718,79.74353268916938,80.37413413557957,55993100
2024-04-16,79.54534912109375,79.79758694536194,79.08591201376798,79.32013579614497,45103200
2024-04-17,80.42817687988281,80.51826083008774,79.6894774914587,80.05883062215318,57947000
2024-04-18,80.02279663085938,80.41916739112585,79.80658690020684,80.39214289303551,43839500
2024-04-19,80.31107330322266,80.52727617142133,80.09487043502398,80.52727617142133,44826800
2024-04-22,80.17591094970703,80.28401577581582,79.86061379809281,79.8876382863794,24969000
2024-04-23,80.20295715332031,80.66239419747431,79.7705514777342,79.93270532432007,27222700
2024-04-24,79.63542175292969,79.84261413356084,78.82465252380625,79.77955468646037,48986800
2024-04-25,79.07689666748047,79.18500153103987,78.68051904072745,78.78862390428685,49282600
2024-04-26,79.49126434326172,79.82458241724551,79.32010695215673,79.50027479741337,31589800
2024-04-29,80.15790557861328,80.193933651581,79.70747906392172,79.8696328841292,39228600
2024-04-30,79.47328186035156,79.93271898301296,79.36517698650022,79.65344977713835,41054700
2024-05-01,80.05908203125,80.64668960707843,79.76979925658691,80.09524324021356,59679500
2024-05-02,80.40259552001953,80.4658758999946,79.57994368329939,79.74266564567019,58925400
2024-05-03,81.21620178222656,81.46933020960392,80.70091669632183,81.29756621528753,50066100
2024-05-06,81.53260040283203,81.58683875339808,81.06251170778108,81.2433177047405,23868200
2024-05-07,82.02979278564453,82.48179738514209,81.91227407271059,82.1744375680643,30525800
2024-05-08,81.53260040283203,81.77667987742281,81.50548122754901,81.64107710396414,31171700
2024-05-09,81.93035125732422,82.05691199347469,81.19810601287611,81.2433092316625,39606700
2024-05-10,81.46931457519531,81.70435200994554,81.32466978730923,81.61395246603828,21913800
2024-05-13,81.67723846435547,81.91228281234426,81.6410772648923,81.8580444616713,23157500
2024-05-14,82.13827514648438,82.19251349056083,81.74050889780978,81.94843404517405,25746400
2024-05-15,83.2592544555664,83.40389925293988,82.83436898458625,83.05133618064647,65142900
2024-05-16,83.17789459228516,83.54853480531241,83.11461421947351,83.5214156308279,37902400
2024-05-17,82.61739349365234,82.98804054598361,82.57219027852433,82.84339577520781,24755000
2024-05-20,82.37332916259766,82.55412826216404,82.27388758872307,82.33716796327566,17922800
2024-05-21,82.79820251464844,82.96092445281361,82.65356462352557,82.92477015281523,15334400
2024-05-22,82.89764404296875,82.96996643701746,82.49988466978701,82.50891979626076,38073700
2024-05-23,82.3642807006836,82.98804927040617,82.10211719887327,82.98804927040617,51294700
2024-05-24,82.60836029052734,82.68972470703581,82.17443972595896,82.23772009566865,19164400
2024-05-28,81.4240951538086,82.59026766019569,81.38793396403206,82.56314849212372,45973700
2024-05-29,80.43873596191406,80.81841814377192,80.16753046227711,80.7641729056191,45508400
2024-05-30,81.21620178222656,81.33372741919858,80.8546035372049,80.99924145580468,29548600
2024-05-31,81.76763916015625,81.95748718425877,81.58684005735077,81.79476523291638,41308800
2024-06-03,83.09016418457031,83.15366075916313,82.19213922372684,82.21935105275125,42272100
2024-06-04,84.06077575683594,84.17870293410287,83.44394879776175,83.6344385603364,42581500
2024-06-05,84.67761993408203,84.67761993408203,83.80680644783888,84.36013693190125,43153900
2024-06-06,84.55062866210938,84.75019138820728,84.23314565268569,84.28756933412673,22891900
2024-06-07,82.99946594238281,83.29880993951448,82.90875752766037,83.29880993951448,35240500
2024-06-10,82.44613647460938,82.6003414733047,82.22843489288606,82.545917808026,20586500
2024-06-11,83.29882049560547,83.33510525021434,82.47335789962457,82.57313924464664,30329200
2024-06-12,83.9247055053711,84.87716119166427,83.89749367215276,84.3782545139662,42554600
2024-06-13,85.15837860107422,85.25815995915609,84.31477697767951,84.55969737319326,33093800
2024-06-14,85.87498474121094,86.02918977392004,85.4849322392579,85.64821019171754,28776700
2024-06-17,85.02233123779297,85.09489384599807,84.61413282865973,84.83183449449741,31040200
2024-06-18,85.80242156982422,85.81149449024574,85.02232342883711,85.16745555252871,26881000
2024-06-20,85.23095703125,85.26724179440178,84.6685535833138,84.73205710928761,30246300
2024-06-21,85.23095703125,85.70265203161222,84.89532816255422,85.48494345270153,22596400
2024-06-24,85.57564544677734,85.57564544677734,85.03138788176648,85.31259304483358,56939100
2024-06-25,85.72076416015625,85.7661218300718,85.30349989524653,85.33071172895235,22890200
2024-06-26,84.49617767333984,84.78644874823371,84.45989292390207,84.61409791855637,38489100
2024-06-27,84.8318099975586,85.00416084857461,84.74110157303775,84.8318099975586,23140800
2024-06-28,83.25344848632812,85.05857146347738,83.25344848632812,85.0222936357247,55119600
2024-07-01,81.81659698486328,82.88127571651334,81.7346948825557,82.2806834416618,49735400
2024-07-02,82.45358276367188,82.63557663645952,81.97129275242551,82.51728131340967,34204700
2024-07-03,83.5364761352539,83.61837130608764,82.8903818331067,82.96318216892922,35563300
2024-07-05,84.22806549072266,84.3827679528452,83.6274800268787,83.9641694584227,34895500
2024-07-08,84.4100570678711,84.49195223650305,83.91866522821348,84.20985962105259,16095700
2024-07-09,84.03697204589844,84.3372682571562,83.60018386827161,84.1461725616166,30289800
2024-07-10,84.30086517333984,84.33726534398856,83.95507396611097,84.12796609841408,23572500
2024-07-11,85.11983489990234,85.6658234669059,85.05613634946228,85.24723200078246,49761800
2024-07-12,85.48382568359375,85.48382568359375,84.93783019893307,85.11072923191702,27796500
2024-07-15,84.50104522705078,84.90144007905273,84.42824490075566,84.62844232675664,37918900
2024-07-16,85.69313049316406,85.7295306603169,84.98334459023901,85.11074170396289,36383700
2024-07-17,85.7113265991211,85.90242225309933,85.25633496318585,85.46562722784807,29036800
2024-07-18,85.05613708496094,85.66582420767666,84.97423498076047,85.24723273793357,34553100
2024-07-19,84.55564880371094,84.7740498001686,84.46465185983114,84.66484930193977,32164700
2024-07-22,84.30995178222656,85.10163278786975,83.99145902463324,84.99243923819284,36160400
2024-07-23,84.1916732788086,84.65576682380363,84.16437488368359,84.45556933605583,23498000
2024-07-24,83.28167724609375,84.4919568275343,83.23618224192236,84.25535920092717,50757100
2024-07-25,83.96416473388672,84.50105854666546,83.68207210330436,83.74577066319787,44999100
2024-07-26,84.61933898925781,84.76493963916202,84.36454479454656,84.58293882678177,34423800
2024-07-29,85.0743408203125,85.2563416545438,84.82864837237767,85.2381380998097,25801300
2024-07-30,85.40193176269531,85.58393258921923,84.90144511065327,85.31093482074418,28169800
2024-07-31,86.27552032470703,86.30281871474595,85.75683008610122,86.02072609418096,47445300
2024-08-01,87.01962280273438,87.56743841646545,86.84615435976677,86.86441162953419,77254200
2024-08-02,89.73128509521484,89.81346022493072,88.4621923696969,88.56262476948018,91912900
2024-08-05,90.20606994628906,91.24690862548913,89.38435336645587,91.0186544069669,90686300
2024-08-06,88.18827819824219,89.84997525090145,88.18827819824219,89.6125889625552,61316900
2024-08-07,87.56743621826172,88.06045911301952,87.1930960226602,87.60395075687994,51337100
2024-08-08,87.02873992919922,87.10178292721652,86.59048890685911,86.84613939991965,37815800
2024-08-09,87.88699340820312,88.14263698107094,87.7317752683063,88.11524759337294,32141800
2024-08-12,88.20654296875,88.3982756377378,87.54003772018471,87.676991616823,24261400
2024-08-13,88.81828308105469,88.89132610497309,88.54438219000993,88.83654731991737,30366900
2024-08-14,89.37521362304688,89.62173205885027,89.02826974816529,89.06479125590523,31334100
2024-08-15,88.65392303466797,88.65392303466797,87.84133870273492,88.02394622808016,38723700
2024-08-16,88.96436309814453,89.05566338897036,88.57176557840437,88.96436309814453,28541000
2024-08-19,89.37521362304688,89.62173205885027,88.93696946169806,88.94609461430903,25322100
2024-08-20,90.08737182617188,90.26084725846628,89.58521673306753,89.7678173186026,25239300
2024-08-21,90.14213562011719,90.57124758818996,89.66736306813263,90.0873498851872,29230000
2024-08-22,89.24738311767578,89.74954509287906,88.95521805003878,89.6856342020136,33453800
2024-08-23,89.83171844482422,90.08736202306108,89.43912095945618,89.64911787915935,32005100
2024-08-26,89.60346221923828,90.11474936409651,89.54868344393631,90.10562421205611,23198700
2024-08-27,89.44825744628906,89.54868985203957,88.93697026484314,89.01000631521725,21507700
2024-08-28,89.33868408203125,89.6582385388151,89.22912653442806,89.48477009985514,18501400
2024-08-29,89.0465316772461,89.14696408734333,88.68132354650751,88.90045260441009,24988200
2024-08-30,88.09699249267578,89.4665177457034,88.07873522090563,89.18348475578937,42896200
2024-09-03,89.53784942626953,89.82180354109181,89.23557163333481,89.36380942637943,48947900
2024-09-04,90.69197845458984,90.71029514061159,89.59278860556131,89.65690748928874,40885200
2024-09-05,91.20492553710938,91.30568477690952,90.4812941732874,90.99424522068165,47450900
2024-09-06,91.19579315185547,92.3132999989481,90.8568819525621,91.18663830050538,57406400
2024-09-09,91.58964538574219,91.6904046327625,90.82938059699956,91.04921577757366,26961400
2024-09-10,92.2308349609375,92.43235344128199,91.43392287642084,91.47972507229328,31703400
2024-09-11,92.15755462646484,92.73462455931619,91.91939578611799,92.04763354897385,39497100
2024-09-12,91.72705078125,92.10260926900742,91.31485891811438,91.92856928800424,41618700
2024-09-13,91.974365234375,92.15756005254558,91.61712345860396,92.02016044470047,25722100
2024-09-16,92.81706237792969,92.85370273522354,91.97435512547203,92.17586660793779,30866300
2024-09-17,92.36820220947266,93.1009952116199,92.27660483131224,92.94527896990401,31699400
2024-09-18,91.2232666015625,92.26749963750893,91.1774713820544,91.81866036265369,48897000
2024-09-19,90.92098999023438,90.96678520682131,90.47215074400926,90.6095503706407,39979800
2024-09-20,90.5728988647461,90.91181697029543,90.42634440588317,90.67365811265442,37067600
2024-09-23,90.38053131103516,90.76524458116154,89.78513773292512,90.22481503337927,35703900
2024-09-24,90.36225128173828,90.5820865269241,89.62945781320364,89.76685746210843,31005400
2024-09-25,89.61112213134766,90.05995436678172,89.57448176684193,90.00499731424061,36738200
2024-09-26,89.82179260253906,89.99583258123445,89.23556076617373,89.83095444047954,33332300
2024-09-27,90.28892517089844,90.46296510462604,89.95916897458979,90.26144665261154,28317600
2024-09-30,89.85844421386719,90.41719759478758,89.65692568456008,90.35307869804765,34175500
2024-10-01,90.50720977783203,91.27912994160792,90.41531635645883,90.79208849841318,45254200
2024-10-02,89.7444839477539,89.80881004086194,89.19310942280697,89.46879668528044,35810800
2024-10-03,88.89906311035156,89.6066572795094,88.89906311035156,89.45043072865685,39677800
2024-10-04,87.80550384521484,88.18226896376294,87.66766021217788,87.7044189817223,56954100
2024-10-07,87.14385223388672,87.5481846407334,87.07952614568262,87.28169585461485,42606600
2024-10-08,87.29088592529297,87.32764469392893,86.69356820424053,86.73951841779005,33709600
2024-10-09,86.79466247558594,87.21738485522228,86.59249974269686,86.99683221949401,35807700
2024-10-10,86.45465850830078,86.46384294344791,85.83896482452117,86.2708646400701,53667400
2024-10-11,86.1054458618164,86.44545922896882,85.84814148062802,85.90328314161022,27406400
2024-10-14,86.1697769165039,86.17896836236636,85.4438139468056,85.49894859994244,28795300
2024-10-15,87.21737670898438,87.30007868139373,86.72114384147321,86.80384581388256,46429100
2024-10-16,87.58494567871094,87.86982437187615,87.42872617630877,87.65846321314183,32281500
2024-10-17,86.1973648071289,86.78549123645776,86.07789702518956,86.64764757092317,43427200
2024-10-18,86.26168060302734,86.63844576535546,86.2524891568186,86.42709157968875,25258600
2024-10-21,84.75458526611328,85.54487417189051,84.75458526611328,85.48054808615223,49504700
2024-10-22,84.83728790283203,85.24162730840965,84.62592675600257,85.14054245701524,32096900
2024-10-23,84.6075439453125,84.88323115579865,84.2307789027329,84.39618281580418,33354200
2024-10-24,85.14973449707031,85.46217348646354,84.50646661905624,84.75458653276746,32507400
2024-10-25,84.6718978881836,85.49895278077338,84.56162156549851,85.4530025602331,28667100
2024-10-28,84.44215393066406,84.80973463199304,84.0102471324289,84.79135174086629,33156500
2024-10-29,84.57079315185547,84.59836047329821,83.60590184627114,83.78049721908107,46545200
2024-10-30,84.81893920898438,85.72869615208009,84.69028699525447,85.31516516993125,41951100
2024-10-31,84.95674896240234,85.40703857892059,84.42376439326627,84.72701193761378,52173800
2024-11-01,83.75901794433594,85.3080622131655,83.72214213515612,85.06833428008085,80402000
2024-11-04,85.05912017822266,85.35417592346978,84.48744659413215,85.08678055517022,49747600
2024-11-05,85.51091766357422,85.65844904476536,84.45978119397941,84.8562629875763,46986000
2024-11-06,83.16889953613281,83.64836943145309,82.56957271900633,82.65255383472565,98895700
2024-11-07,84.21082305908203,84.4782183869571,83.58382881588463,83.6760324033319,56221400
2024-11-08,85.2803955078125,85.38182156223516,84.68106165022844,84.82859301472782,56756200
2024-11-11,84.86547088623047,85.10520582216203,84.47821162912103,85.05910051478519,22369200
2024-11-12,83.59305572509766,84.69029043296088,83.45474681923903,84.2477103758331,57908400
2024-11-13,82.80007934570312,84.4044441150276,82.72631366937779,84.38599917860523,49009100
2024-11-14,83.27954864501953,83.93420324525253,83.23344333506233,83.50083865651231,53328300
2024-11-15,83.05825805664062,83.58382622696224,82.53268988631899,82.91072669354837,73722400
2024-11-18,83.20578002929688,83.52849608357108,82.44969940156197,82.67099643993491,36010600
2024-11-19,83.62992858886719,83.97108960667845,83.5561699383991,83.74057711659371,29585100
2024-11-20,83.362548828125,83.74980816280303,83.08593099782146,83.12281384417417,27755400
2024-11-21,83.2979965209961,83.76824400706565,82.9845028867387,83.399422587299,28365700
2024-11-22,83.34408569335938,83.62991889684017,83.12279569823495,83.45473420826264,21547500
2024-11-25,85.50169372558594,85.54779200161136,84.81937170745529,85.01300135000066,56858000
2024-11-26,85.16976928710938,85.23431251197755,84.65341645348005,84.97613961250484,31122200
2024-11-27,85.75988006591797,86.10103409393852,85.44637938011428,85.78754044281868,39442200
2024-11-29,86.6450424194336,86.6634803247675,86.15635702922516,86.46985066268587,31905700
2024-12-02,86.85320281982422,87.1122716389999,86.04823293816045,86.2980472826239,39406000
2024-12-03,86.10376739501953,87.00126107298486,86.03900017388274,86.90873747980339,32768900
2024-12-04,87.02900695800781,87.149293967837,85.62263015746441,85.68739737079675,35851100
2024-12-05,87.2048110961914,87.3343455293784,86.65891699334581,86.71442973354105,23695800
2024-12-06,87.33434295654297,87.7599570900614,86.99199793086431,87.63967713681608,31761500
2024-12-09,86.52937316894531,87.01050710132719,86.48311490639509,86.96424177967998,30509600
2024-12-10,86.1222915649414,86.32584774136292,85.96500072283347,86.06677175194531,28706500
2024-12-11,85.30803680419922,86.31656285230835,85.22476770269017,86.11300674760211,38748400
2024-12-12,84.27176666259766,84.89168243140121,84.19774497283389,84.78990437275026,45368400
2024-12-13,83.41130065917969,84.0589729267567,83.34653343242198,84.01271465570022,39486000
2024-12-16,83.66110229492188,83.84615652814419,83.31876431688067,83.78138931129068,23482300
2024-12-17,83.86465454101562,84.18849061029742,83.69810926837116,83.75362200622035,23839900
2024-12-18,82.81598663330078,83.93989044543778,82.79740572826839,83.56835029671788,61328400
2024-12-19,81.5620346069336,82.10076744751933,81.28338482102069,81.80353675728904,99083300
2024-12-20,82.02644348144531,82.58375712768215,82.00786966695486,82.23079087352717,45542400
2024-12-23,81.27410125732422,81.95216259160544,81.21837271272604,81.88714359406116,32764600
2024-12-24,81.6177978515625,81.63637167562634,80.79112449317154,80.84685305190408,22377600
2024-12-26,81.57134246826172,81.70138048008187,80.99545478267241,81.0047452368139,19981800
2024-12-27,80.90255737304688,81.53417350010706,80.86540264950933,81.25552370338396,27262300
2024-12-30,81.55276489257812,81.77568617593138,81.43201025391775,81.58062916717981,48519600
2024-12-31,81.11620330810547,81.99860504840052,81.05118430709993,81.85927659294877,31917300
2025-01-02,81.33911895751953,81.84998756331869,81.00473352218538,81.55275685263712,27841300
2025-01-03,81.07904052734375,81.62705675473629,80.97686680926397,81.47844494714501,21962200
2025-01-06,80.71678161621094,81.02330273545692,80.50314375192303,80.85611004191712,30231500
2025-01-07,79.80653381347656,80.59605235877451,79.68578625270311,80.43815006702299,41757200
2025-01-08,79.90869903564453,80.06660131056739,79.26779239602406,79.38854703046826,44590800
2025-01-10,79.37925720214844,79.74150693525438,79.10060737712675,79.21206447251957,47115800
2025-01-13,79.35139465332031,79.56503256836689,78.98914491233943,79.44427793034673,33258900
2025-01-14,79.22135162353516,79.28637062198378,78.84981145245474,79.16562307816187,33412900
2025-01-15,80.58675384521484,80.79110128391835,80.25236841579802,80.5310182159527,54120700
2025-01-16,80.84683990478516,81.18122537588555,80.14091423395766,80.47529970505805,34651100
2025-01-17,80.98616790771484,81.25553437383086,80.84683944778727,81.20908919167505,29875600
2025-01-21,81.71067810058594,81.89644468046717,81.39486641093893,81.63636863401715,30548600
2025-01-22,81.28339385986328,81.71995303486543,81.10691068191618,81.61777930937389,25278400
2025-01-23,80.65177154541016,80.80038335246502,80.37311466319133,80.4752883809023,31949000
2025-01-24,81.01403045654297,81.06975900471087,80.43814280816245,80.54960699103795,21110400
2025-01-27,81.9707260131836,82.13791871230941,81.59918589439974,81.88713320688986,42864200
2025-01-28,81.9150161743164,81.92429954166481,81.42272841633253,81.58991406708331,25519100
2025-01-29,81.74781799316406,82.31441517144331,81.39485163431107,82.13793199201682,25342800
2025-01-30,82.05433654785156,82.39801247212426,81.89643426637757,82.11936263773602,25094900
2025-01-31,81.515625,82.35158882289382,81.20910375051541,82.09150567735043,48790100
2025-02-03,82.17930603027344,83.05553241541799,81.8437275468315,82.57081189034801,70657200
2025-02-04,82.43098449707031,82.44962458492411,81.54543453164491,81.6106855068676,33414000
2025-02-05,83.79194641113281,84.06227393742097,83.32586594066848,83.38179332134065,48331200
2025-02-06,83.7546615600586,84.03431269521356,83.4750175367274,83.7639851610501,22509900
2025-02-07,83.21399688720703,83.3817861265691,82.90638920822906,83.18603319928386,31171200
2025-02-10,82.96232604980469,83.45637022434431,82.82250048241218,83.2046898924968,22736100
2025-02-11,82.43098449707031,82.66402471026888,82.38437360970143,82.52419915998516,21513000
2025-02-12,81.31240844726562,81.6573034711617,80.9675063115454,81.36833583236788,48536200
2025-02-13,82.66401672363281,82.85976963038807,82.09539808941993,82.1140381754728,42718100
2025-02-14,83.10214233398438,83.59618645333508,83.07417864599441,83.31653534978943,27460700
2025-02-18,82.12338256835938,82.81317971613079,82.0674551842175,82.53353568359731,29429200
2025-02-19,82.22590637207031,82.44962298107869,81.92761518945154,81.98354256374795,20584300
2025-02-20,82.53351593017578,82.7385924387121,82.44961776221895,82.44961776221895,27913400
2025-02-21,83.53094482421875,83.82923604919438,82.79453680684871,82.84114769992956,46912300
2025-02-24,83.77332305908203,83.95042883720345,83.20470420256194,83.26995519699089,26218000
2025-02-25,85.21814727783203,85.2927218562379,84.64021207474461,84.79867771998966,50125100
2025-02-26,85.72151947021484,85.81473414215594,85.01307516217999,85.21815170754456,32220200
2025-02-27,85.11561584472656,85.5630562392652,84.95715018675772,85.11561584472656,53373600
2025-02-28,86.15963745117188,86.20624834370331,85.26476378679313,85.61898238983147,49388600
2025-03-03,86.56173706054688,86.69264977951994,85.43962600243259,85.47703065559747,42904200
2025-03-04,85.4957046508789,86.76743395329093,85.346086081557,86.44015225065682,56722000
2025-03-05,84.81309509277344,85.84170507512371,84.7289399856032,85.61727718758885,50215900
2025-03-06,84.53257751464844,84.90661688878116,83.90606566514556,84.60738681631652,42827500
2025-03-07,84.26138305664062,85.24323533447362,84.1491691255663,85.22452944552475,36903600
2025-03-10,85.14038848876953,85.68273807685806,85.00947578120946,85.16844019264562,41440800
2025-03-11,84.53257751464844,85.55182749659723,84.28945085133103,85.06558130417007,40555700
2025-03-12,84.02761840820312,84.51386455999868,83.95280911278624,84.15853110807912,32734600
2025-03-13,84.76632690429688,84.82243029734278,83.57875276731747,83.76577596781317,38675400
2025-03-14,84.31749725341797,84.54192514430858,84.02762014544331,84.16788579369813,24658000
2025-03-17,84.73828125,85.2619319803154,84.51385339340243,84.90659857534511,26700300
2025-03-18,84.82244110107422,85.11231818100681,84.27073864130489,84.28943739663328,23654700
2025-03-19,85.26193237304688,85.29933701598543,84.51385378268813,84.79438503762421,31378700
2025-03-20,85.31804656982422,86.25314135903292,85.24324440868489,86.21573671135972,35645800
2025-03-21,84.81309509277344,85.50507037802855,84.7382929311356,85.40220937979352,29192100
2025-03-24,83.94346618652344,84.40166782498596,83.87800982877278,84.34555727962258,27985600
2025-03-25,83.93412017822266,84.23335026069978,83.70034645334341,83.7564498643679,22333800
2025-03-26,83.38240814208984,83.78449922298746,83.30759884001407,83.58813015569436,25095600
2025-03-27,83.13928985595703,83.25149667654232,82.87745729477312,83.08317931145658,23674500
2025-03-28,84.28942108154297,84.47643713545416,83.98083817180486,84.0462945040943,39869400
2025-03-31,85.1216812133789,85.41155832766427,84.49516938963623,85.30870445985929,38824300
2025-04-01,85.85929870605469,86.2534554897463,85.59653229015885,85.63407137240794,39800100
2025-04-02,85.80298614501953,86.68513660096457,85.08037856461686,86.68513660096457,43488400
2025-04-03,86.19715881347656,87.0230044520238,86.18777225126148,86.82592244475293,57467400
2025-04-04,87.1355972290039,88.29928011751103,87.10744470780702,87.8863645402104,92794200
2025-04-07,84.5079345703125,86.51622909859779,84.27332065663573,86.22530297694166,124987600
2025-04-08,82.91254425048828,84.6486855407887,82.7905476097117,83.7853081756449,73861900
2025-04-09,83.40056610107422,83.43810519071569,80.6039647815033,81.89903115481239,131353500
2025-04-10,81.10133361816406,82.75301752748403,81.03564201062653,82.34009476019199,78592000
2025-04-11,81.54241943359375,81.92718972729702,79.76873864129868,80.58519772023179,94814100
2025-04-14,82.12425994873047,82.3119482239613,81.47672322744127,82.0210292493989,37596400
2025-04-15,82.41517639160156,82.7624075659457,81.68318211689908,81.78641281305953,22553900
2025-04-16,82.87501525878906,83.05332412150081,82.08671595809184,82.39640803758645,35607300
2025-04-17,82.14302062988281,82.77178418730533,81.8614882351413,82.62163500874617,31758400
2025-04-21,80.70716857910156,81.7113156227035,80.6884026204623,81.27024041628871,39343200
2025-04-22,81.15764617919922,81.66440591964732,81.08256801030015,81.47671765724789,32552100
2025-04-23,81.9459457397461,83.57885653944899,81.80517596256433,83.40993423880053,44082200
2025-04-24,82.809326171875,82.91255686818317,82.35887146057442,82.61225134069993,24190800
2025-04-25,83.41931915283203,83.6257805339757,83.14716616494702,83.4287057137517,22513900
2025-04-28,83.94486999511719,84.01994817886651,83.15657054529828,83.20349620010403,20130500
2025-04-29,84.64868927001953,84.65807583044587,83.80408498769195,83.82285094869684,22129500
2025-04-30,83.96361541748047,84.50792133029677,83.8322322191934,84.25453433370934,42630600
2025-05-01,83.53788757324219,84.09361027463565,83.17054374339385,84.07477526195846,29932800
2025-05-02,82.6336441040039,82.95388957655464,82.45467917158304,82.6148019078584,32090400
2025-05-05,82.172119140625,82.3322490931451,81.7859402814733,82.27572968029358,22862800
2025-05-06,82.44527435302734,82.44527435302734,81.60697611383044,81.75768496798406,21095200
2025-05-07,82.79376983642578,83.08575921151707,82.7184154215014,82.8126048470606,23161600
2025-05-08,81.87071228027344,82.9444877519225,81.84245616568171,82.90681053706888,25483700
2025-05-09,81.99314880371094,82.23803987251965,81.87069608311405,81.94605049791329,17007900
2025-05-12,81.2302017211914,81.7388332655382,81.18311059938826,81.36206836014878,32115000
2025-05-13,80.90054321289062,81.27730815595207,80.53319936960895,81.12659930425006,53912200
2025-05-14,80.36363983154297,80.88169242549294,80.25060821481057,80.76866080876053,42119800
2025-05-15,81.0700912475586,81.30556845080888,80.51436849726103,80.65564907025605,59448000
2025-05-16,81.28672790527344,81.84245061775654,81.19253128142783,81.82361560470349,31778200
2025-05-19,81.0512466430664,81.11717996472736,79.90211687738152,79.97747129819206,49361900
2025-05-20,80.46726989746094,80.6273926704181,80.11876105085364,80.46726989746094,35493100
2025-05-21,79.09207916259766,80.11875625429849,78.89427918675237,79.76083351508227,77053100
2025-05-22,79.50653076171875,79.52536577709742,78.4610113464405,78.66822526038337,61747900
2025-05-23,79.63837432861328,79.8926864865304,79.41231109247333,79.84558818245318,47139200
2025-05-27,80.74983215332031,81.03240043809853,80.20352340874592,80.39190226526473,56773400
2025-05-28,80.40132904052734,80.57087289784168,80.03398521404515,80.4484273510787,34806800
2025-05-29,81.14544677734375,81.249057323074,80.66507126406661,80.78751682438688,38933200
2025-05-30,81.26787567138672,81.44684061116334,80.89111078110612,81.08891073161011,49042100
2025-06-02,80.51155090332031,80.80462726716893,80.16174473041309,80.63445226588225,46213100
2025-06-03,80.36974334716797,81.05989236249,80.25629093331793,80.77627214728257,33731300
2025-06-04,81.6744155883789,81.92022555108737,80.97481038538052,81.10716793154386,57441500
2025-06-05,81.73112487792969,82.18492725725022,81.51368346448302,81.94857350432048,37664700
2025-06-06,80.69116973876953,81.23951217620521,80.62499097652345,81.10715465171303,38130100
2025-06-09,80.7762680053711,80.96534813914738,80.39810052487377,80.39810052487377,26560800
2025-06-10,81.1922607421875,81.47588820819563,80.85191066815618,81.40025325553398,24857000
2025-06-11,81.43804931640625,81.68385924144384,81.03152056893585,81.12606062842902,36334800
2025-06-12,82.41183471679688,82.44019601647625,81.87294838405386,82.14711963586277,43017800
2025-06-13,81.61768341064453,82.1376573630093,81.09770224533533,81.99585087514718,49374000
2025-06-16,80.79515838623047,81.71221201484191,80.79515838623047,81.38131823465825,36496600
2025-06-17,81.77840423583984,81.92967411051262,81.06934292743661,81.30569669690436,34521600
2025-06-18,81.92021179199219,82.33618949023392,81.6365844047393,82.13765320433453,38589000
2025-06-20,81.76895904541016,82.05258649203493,81.25843396925293,81.43806516631166,26001900
2025-06-23,82.03367614746094,82.66710983196396,82.03367614746094,82.18494604613204,36851800
2025-06-24,82.62928009033203,82.80890405215517,81.71222630138318,81.75004377043666,32959100
2025-06-25,82.73329162597656,82.73329162597656,82.06204765527698,82.35512407845603,26345300
2025-06-26,83.14924621582031,83.14924621582031,82.44018496709094,82.8088962393947,30467500
2025-06-27,82.61981964111328,83.34779326003913,82.47800594274318,82.78999463656854,74993500
2025-06-30,83.4328842163086,83.61251539698466,82.82781911744121,83.06417289709081,53695200
2025-07-01,83.63975524902344,83.80107366678868,83.18426710005643,83.63026380096265,38960600
2025-07-02,83.10834503173828,83.11782923937903,82.65284967012155,82.73825821786045,39382200
2025-07-03,82.52947998046875,82.83314110542071,82.41560434366716,82.71926546861911,26729100
2025-07-07,81.74185943603516,82.14041331962673,81.53309104752931,82.12143766605918,38314700
2025-07-08,81.63748931884766,81.64698076719436,81.07761694390702,81.2009768129989,31407000
2025-07-09,82.49151611328125,82.49151611328125,81.77980971885165,81.78930116460256,29821900
2025-07-10,82.5484619140625,82.61488756395437,82.07399091773406,82.39663495996089,24525500
2025-07-11,81.40975189208984,81.86524009201065,81.26740911466919,81.82728877522925,40764800
2025-07-14,81.23892974853516,81.4951409173476,80.96373568434205,81.17250409440946,24609500
2025-07-15,80.66957092285156,81.52362027114137,80.56518671140203,81.50463737459395,40455000
2025-07-16,80.7834243774414,81.28636968482378,79.89142388100903,80.92576711576274,65987700
2025-07-17,80.76445770263672,81.1250530719318,80.65058205134991,80.868841906353,31875500
2025-07-18,80.88780975341797,81.09657814069779,80.75495845966763,81.06811104058735,27534900
2025-07-21,81.60900115966797,82.09296354254083,81.57104261592775,81.8177695303132,40019500
2025-07-22,82.10245513916016,82.33969062900266,81.71339270054179,81.77032690135115,35190300
2025-07-23,81.64697265625,81.79879961544543,81.40973715012649,81.6564641036538,31008500
2025-07-24,81.504638671875,81.83676696820359,81.14404327012595,81.18200182397119,25164800
2025-07-25,82.01705932617188,82.02655077355944,81.34331135871717,81.41922845811145,27196200
2025-07-28,81.48564147949219,81.79878679621179,81.4476829356788,81.59950987108043,26812500
2025-07-29,82.86161804199219,82.8805936971191,81.79880035855645,81.82727470102654,47828300
2025-07-30,82.43458557128906,82.519986867276,82.14040865879012,82.33968558927847,40670900
2025-07-31,82.48204803466797,82.94703489011926,82.40613092685707,82.68132501278114,49814100
2025-08-01,83.65465545654297,83.75943868577261,83.36888169182056,83.40698534495213,63434500
2025-08-04,83.88326263427734,83.96899766306704,83.4927129426498,83.7880071436995,36425200
2025-08-05,84.14045715332031,84.25476083051976,83.6165410743969,83.68322064193917,28586100
2025-08-06,83.65465545654297,83.87374964516732,82.79734142990446,83.67370364934439,42589300
2025-08-07,83.51177215576172,84.06426424857119,83.43556484623026,83.74991454740073,29213100
2025-08-08,83.14978790283203,83.24504339402881,83.01642876165091,83.21646747342258,21596300
2025-08-11,83.24504089355469,83.51175916790537,83.14025767612722,83.38792775982196,20100900
2025-08-12,82.82592010498047,82.84497556594378,82.44489809606176,82.77829598763012,41052300
2025-08-13,83.51177215576172,83.64513131367724,83.2831574946964,83.29268522527009,30817500
2025-08-14,82.8926010131836,83.3593653363968,82.76876958505122,83.3593653363968,33397400
2025-08-15,82.30200958251953,82.66398339085065,82.15912269823423,82.54967969744547,36343600
2025-08-18,82.0638656616211,82.43536719329094,81.91145104989567,82.39726354035959,26777500
2025-08-19,82.54014587402344,82.63540136733891,82.34962761986418,82.34962761986418,28780600
2025-08-20,82.72113800048828,82.84497669585195,82.45441968359587,82.48299560790163,25912500
2025-08-21,82.31153106689453,82.56872162506902,82.02575732000885,82.45441067280909,28643900
2025-08-22,82.92117309570312,83.15931545695727,82.60682343464092,82.71160665499498,49871900
2025-08-25,82.68304443359375,82.92118683430395,82.54015753966176,82.61636485209607,27011900
2025-08-26,82.63540649414062,82.67351014733647,82.13054580747094,82.40679184249427,30259300
2025-08-27,82.54014587402344,82.54967360361347,81.92097426618037,82.02575748908589,38142800
2025-08-28,83.08311462402344,83.12121827689332,82.54967801890247,82.66398170998343,32205900
2025-08-29,82.49252319335938,82.74019331612185,82.3401158414872,82.6449378127606,41686400
2025-09-02,81.8786392211914,82.0794384717558,81.73521639590182,81.8786392211914,48760600
2025-09-03,82.77745819091797,83.00694199828918,82.12724799073398,82.1654965078223,52499500
2025-09-04,83.40855407714844,83.41811073577297,82.78702839406832,83.207747523485,40501600
2025-09-05,84.68026733398438,84.72807979905998,84.27866888991777,84.35516591597558,69668000
2025-09-08,85.80860137939453,85.82772928982853,85.21576746882685,85.26357265459116,54538700
2025-09-09,85.3209457397461,85.6269266382295,85.09145459451348,85.48349649624915,37126400
2025-09-10,85.80860137939453,86.12414624511236,85.28270056502515,85.48349985362005,40713600
2025-09-11,86.38228607177734,86.5161595150061,85.96156701862245,85.97113097067263,46694400
2025-09-12,86.00938415527344,86.03807601541597,85.56953713682108,85.89464589533914,32968600
2025-09-15,86.21018981933594,86.49704276139876,86.12412883010587,86.20062586605285,24820100
2025-09-16,86.3918685913086,86.53529872225583,86.09545167046792,86.14325685067735,26794200
2025-09-17,86.17193603515625,87.0516300093092,85.93288828380001,86.73608522668094,49121800
2025-09-18,85.28268432617188,85.55041665998559,85.00538803896225,85.3496174096253,55717900
2025-09-19,85.12013244628906,85.32093900631017,84.90021256841374,85.16794492156257,32509200
2025-09-22,84.81414794921875,85.01495450066264,84.66116116616527,84.92889350787823,24758200
2025-09-23,85.40699005126953,85.44523857126683,84.86196140783683,85.07232462024231,26689000
2025-09-24,85.0818862915039,85.25400097929469,84.81414665870562,85.17750394135233,28098000
2025-09-25,85.0818862915039,85.12969146884859,84.58466284003761,84.9575767810578,29882500
2025-09-26,85.0053939819336,85.55042264106146,84.80459471753485,85.09144768303614,30955100
2025-09-29,85.70340728759766,85.80858889419963,85.34962124280858,85.3783058091256,32286200
2025-09-30,85.45479583740234,86.09544208311195,85.30180176938643,85.73209211431218,38584000
2025-10-01,85.67549896240234,86.01132933085282,85.48359066574994,85.82901827917128,39408900
2025-10-02,85.92496490478516,86.05929703468225,85.57953733632063,85.69467497877412,23208300
2025-10-03,85.7618408203125,86.0880812210356,85.65629310130373,86.00172066886842,25884500
2025-10-06,85.0805892944336,85.55075910357778,85.06140212615647,85.11897095154042,28371000
2025-10-07,85.5699462890625,85.76184725408265,85.2149214511674,85.36844807962558,29103300
2025-10-08,85.6371078491211,85.99213266832015,85.52196288384114,85.97293818049741,22506200
2025-10-09,85.5699462890625,85.67549401598936,85.40682973674012,85.56034904464572,21578700
2025-10-10,86.95165252685547,87.04760300480136,86.26079737276144,86.33756068333906,59389400
2025-10-13,86.9036636352539,86.91326087811065,86.2224058034525,86.62540215681929,28035500
2025-10-14,87.18193817138672,87.23950699604683,86.76934451336686,86.98043996452388,29800000
2025-10-15,86.99002838134766,87.6041201839143,86.80771736102103,87.27787979599043,31333900
2025-10-16,87.64250183105469,87.79602845478611,86.78853011806763,86.85569618581204,39631200
2025-10-17,87.50817108154297,87.59453163889778,87.22031963831601,87.55614998235703,40240400
2025-10-20,87.84400177001953,87.8535916929788,87.58492743908191,87.75764121952304,28429300
2025-10-21,88.2757797241211,88.45809074221482,88.18942649695141,88.26618248091836,24514300
2025-10-22,88.33334350585938,88.4484884560722,88.10306092598495,88.26617744837303,30496200
2025-10-23,87.7288589477539,88.07428651705524,87.59452681753139,87.90157273240457,28275100
2025-10-24,87.76725006103516,87.89198496095554,87.46980135785037,87.88238771617618,28266000
2025-10-27,88.06468963623047,88.07428688001507,87.40261890558246,87.62331158931582,30033600
2025-10-28,88.29498291015625,88.44850954704918,88.09348468964899,88.13186634887222,23564500
2025-10-29,87.4026107788086,88.17022915805714,87.3354447196657,88.1606319151649,39551600
2025-10-30,86.89407348632812,87.2874799495068,86.69257529319465,86.7309569472037,42649200
2025-10-31,86.63499450683594,86.9900192669712,86.54863396710532,86.89406148492586,38247300
2025-11-03,86.4183349609375,86.4953755804845,86.11017982974731,86.30278137861484,40752300
2025-11-04,86.61094665527344,86.72650025113187,86.41834508384487,86.45686539813057,26383800
2025-11-05,85.66719818115234,86.23536350616645,85.590157569795,86.19684320048778,44643400
2025-11-06,86.43759155273438,86.52425673222072,86.2161016268294,86.24499001999152,33027400
2025-11-07,86.254638671875,86.54353735355407,86.05241253349912,86.05241253349912,28530100
2025-11-10,86.23536682128906,86.3509203957702,86.08128559265107,86.17758268705114,24093500
2025-11-11,86.63019561767578,86.73612463601505,86.45685789193863,86.62056370319091,18942300
2025-11-12,86.78427124023438,86.97686543546844,86.55314938955638,86.62055809258806,23594900
2025-11-13,86.07166290283203,86.61093991385836,86.07166290283203,86.47612249785132,33825900
2025-11-14,85.58053588867188,86.51462578163027,85.58053588867188,86.4664809081567,38550500
2025-11-17,85.79239654541016,85.99463001733622,85.68647487263685,85.78277197779325,25605800
2025-11-18,85.76350402832031,86.13906786328619,85.51313303634163,86.04277076275608,31967400
2025-11-19,85.59014892578125,86.00423298626103,85.56126053618904,85.92719972968058,25782400
2025-11-20,85.9272232055664,86.11018550530235,85.69610133169205,85.69610133169205,32945000
2025-11-21,86.18722534179688,86.3509311573788,85.89832667559489,86.33167467489787,41938600
2025-11-24,86.6783447265625,86.73612151739815,86.45685478336281,86.62056058872903,30865700
2025-11-25,86.89982604980469,87.23686956973846,86.79389703682584,86.96723475379144,36503300
2025-11-26,87.28501892089844,87.28501892089844,86.50500289371594,86.81315800851621,34099000
2025-11-28,86.87093353271484,87.17908864303175,86.62055520964567,87.1116799422436,40704300
2025-12-01,85.78949737548828,86.00211193964113,85.73151426644064,85.86681310304088,47086600
2025-12-02,85.82815551757812,85.97312066390091,85.48990842498068,85.60588201668564,27605700
2025-12-03,86.06977844238281,86.1664268076246,85.76052284402026,85.93447957892639,23278600
2025-12-04,85.60588836669922,85.94413548438692,85.50924738639333,85.92481023761941,25541500
2025-12-05,85.20965576171875,85.57690183095627,85.09368952784129,85.57690183095627,32808100
2025-12-08,84.92938232421875,85.23863786899292,84.62012677944456,85.22897893273053,32255200
2025-12-09,85.01637268066406,85.38361137187607,84.89073276462308,85.3739450614342,25771800
2025-12-10,85.34493255615234,85.54788078621294,84.91004454505573,85.04534336509613,46833500
2025-12-11,85.22898864746094,85.8474998075096,85.19999708890157,85.71220095207612,26778700
2025-12-12,84.40752410888672,84.56215558968916,84.26256631217797,84.44618197908733,47030100
2025-12-15,84.46550750732422,84.92938716430488,84.45584119727714,84.77476306972272,28611800
2025-12-16,84.92938232421875,84.96804018896974,84.24322181466458,84.26255443365697,41018700
2025-12-17,84.85208129882812,85.03569695571677,84.6394667109455,84.68778351613328,24668300
2025-12-18,85.25797271728516,85.41259680709842,85.11300756398687,85.1709906760126,39048900
2025-12-19,84.93975830078125,85.14349640308546,84.80393289924511,84.99796707231695,37858100
2025-12-22,84.75540924072266,84.85242631419297,84.64868823932684,84.8136180044192,25547100
2025-12-23,84.89125061035156,84.96886724451558,84.43526213705007,84.47407045413208,33624100
2025-12-24,85.40544128417969,85.45395352728033,85.03677340317353,85.14349441645172,25942000
2025-12-26,85.12409973144531,85.54127992011101,84.98827431205929,85.47336721041799,26522700
2025-12-29,85.44425201416016,85.44425201416016,85.17260120974548,85.32782706858417,29399800
2025-12-30,85.24051666259766,85.41515038563455,85.0561790099672,85.12409171326323,25106800
2025-12-31,84.56139373779297,85.28903305214186,84.53228194759792,85.06588707222572,36500000
2026-01-02,84.43525695800781,84.80393224670843,84.42555302885012,84.79422831755072,40731300
2026-01-05,84.85244750976562,84.91065628800233,84.5128839668347,84.58079667542088,30178000
2026-01-06,84.67780303955078,84.73601181040907,84.30913515423306,84.55168156871478,39015200
2026-01-07,85.17259979248047,85.38604182152014,84.87184460715866,85.22110463421639,39930900
2026-01-08,84.74571990966797,84.93976149195917,84.64870281948713,84.7263194524036,28204900
2026-01-09,85.30844116210938,85.3763538747962,84.52259300074323,84.69722674792799,57348800
2026-01-12,85.05618286132812,85.28903277054047,84.80393989590952,84.89125306041677,36103100
2026-01-13,85.20170593261719,85.28902649262683,84.93005512712817,85.25991470467075,30451400
2026-01-14,85.6965103149414,85.79352741096034,85.2696262101421,85.28903407050387,39233500
2026-01-15,85.67707824707031,86.01664909008798,85.67707824707031,85.99724123520978,37988900
2026-01-16,85.18230438232422,85.68679767148001,85.09498382343561,85.50246002643789,46382400
2026-01-20,84.06658172607422,84.43524958063398,83.95986072045167,84.04717386945455,66009500
2026-01-21,84.7069091796875,84.87184637041791,84.03748609516263,84.21211981328419,51220100
2026-01-22,85.07559204101562,85.14350474844017,84.54198690987279,84.6681083945384,42419300
2026-01-23,85.30844116210938,85.4054582656719,84.89126095505304,85.21142405854685,35968800
2026-01-26,85.71590423583984,85.85172964029297,85.57037490194594,85.76441648111428,38882400
2026-01-27,85.18230438232422,85.61888497097962,85.06587943778247,85.48305956997886,35180100
2026-01-28,84.9882583618164,85.08527544289434,84.68750318989615,84.9009452094249,38750300
2026-01-29,85.00767517089844,85.12409271967975,84.48377399559374,84.5516866996927,43855000
2026-01-30,84.53227233886719,84.94945246108381,84.53227233886719,84.77481874941338,45832200
2026-02-02,84.29075622558594,84.78743815668176,84.29075622558594,84.7484813998865,38171400
2026-02-03,84.49527740478516,84.5147520689329,84.1738897195328,84.23232114221797,27438200
2026-02-04,84.28101348876953,84.51474659461245,84.2030999767414,84.36866061712007,37872900
2026-02-05,85.19647979736328,85.19647979736328,84.48553199370077,84.66083368294348,50268900
2026-02-06,85.2549057006836,85.2549057006836,84.92377700676542,85.16725114661307,33461800
2026-02-09,85.23542022705078,85.29385907085972,84.75821301234892,84.92377363761925,24708900
2026-02-10,86.21907043457031,86.21907043457031,85.91716484654957,85.936639510514,37253700
2026-02-11,85.76133728027344,86.17037952340007,85.64447443673025,85.74186261643018,37014000
2026-02-12,86.90080261230469,86.94949298736755,86.04376879248906,86.05350983959839,48454900
2026-02-13,87.37800598144531,87.46565311077572,87.18322219919737,87.29035142187335,56785200
2026-02-17,87.52409362792969,87.76756778769669,87.41696440321287,87.58252504859644,32356700
2026-02-18,87.19296264648438,87.514350312303,87.13453122733245,87.34878967121152,35415400
2026-02-19,87.28062438964844,87.37801257299833,87.03715021615268,87.06636592813344,28658600
2026-02-20,87.07610321044922,87.39748345858342,86.60862954824395,87.35852670087951,49610800
2026-02-23,87.39747619628906,87.65069138520273,87.1929588080192,87.21244090037318,33614600
2026-02-24,87.55330657958984,87.69939255689543,87.41696164883568,87.60199695186407,24933900
2026-02-25,87.56304931640625,87.72860995976912,87.36826553282498,87.36826553282498,23625800
2026-02-26,87.91364288330078,87.96234068543644,87.69939187253148,87.7091254887655,29447100
2026-02-27,88.44928741455078,88.48824416951898,88.18633860631702,88.32268353358509,51272000
2026-03-02,87.56107330322266,87.9323819421572,87.31678953827782,87.92261595912261,55465500
2026-03-03,87.38520050048828,87.61971085913328,86.90640634389435,86.94549264616016,51850400
2026-03-04,87.11158752441406,87.39495757155632,87.06272779199529,87.22883895430155,47069500
2026-03-05,86.75983428955078,86.90640605882935,86.4862376295374,86.60348908100036,45768900
2026-03-06,86.4373779296875,86.90640610061442,86.00743606091697,86.30057959961503,58136900
2026-03-09,87.18976593017578,87.27770450845722,86.19308397995889,86.28103001318931,52478700
2026-03-10,86.26148986816406,86.91616862962003,86.25171642927604,86.76960432104748,48651500
2026-03-11,85.14755249023438,85.8022312216805,85.0889267694927,85.74360550093883,54679900
2026-03-12,84.9814453125,85.25504196210795,84.79578724814478,84.92281958899818,48977000
2026-03-13,84.56127166748047,85.15732466937051,84.49287250931026,84.94235375656439,43460000
2026-03-16,85.21595001220703,85.34297488968994,84.97166624054437,85.18663715239936,37341500
2026-03-17,85.4504623413086,85.56772123822692,85.32343746085903,85.3625237598318,19578100
2026-03-18,84.97166442871094,85.47977883770633,84.9423515695283,85.36251994602688,37596600
2026-03-19,85.48955535888672,85.72407317115406,84.98144834220716,85.06938693059503,60307400
2026-03-20,83.86750030517578,84.87394817997655,83.79910115217811,84.82508844714312,78948500
2026-03-23,84.4146957397461,84.73715209301443,83.97498795252471,84.20949827537953,69686700
2026-03-24,84.04339599609375,84.31699264418589,83.6036807074175,83.7600259091556,51799400
2026-03-25,84.85441589355469,84.89350219555168,84.50265408548147,84.76647730527384,37861000
2026-03-26,84.14110565185547,84.62967321111374,83.96522103232451,84.36584255434265,39537000
2026-03-27,83.68185424804688,84.13133552566735,83.49619618263529,83.54505592246454,39928900
2026-03-30,84.79578399658203,84.96189517676726,84.51241391893997,84.64921223849831,36473200
2026-03-31,84.70783233642578,85.16708696187287,84.59057345707286,84.94234264018348,47112200
2026-04-01,84.62445068359375,85.06591536723876,84.59502070264885,84.64406817597843,31157600
2026-04-02,85.1444091796875,85.20326914771147,84.51654457164338,84.57540453966735,33310600
2026-04-06,85.00706481933594,85.2032697038542,84.75199248167293,84.85990741357895,14660300
2026-04-07,84.99725341796875,85.03649589232216,84.28109884404472,84.87952599490849,22747200
2026-04-08,85.27193450927734,85.7134066869289,85.08554213113354,85.70359419816262,22244900
2026-04-09,85.05610656738281,85.47795377693777,84.75198677144881,85.04630156313313,18909100
2026-04-10,84.85009002685547,85.03648989570546,84.69312762524717,84.95800495253324,13247700
2026-04-13,85.10517120361328,85.15422616938334,84.61465148486047,84.80105137310235,12719700
2026-04-14,85.55644226074219,85.58587224418159,84.98743763179259,85.0561100880633,16606900
2026-04-15,85.18364715576172,85.419094500163,85.08554471932253,85.37003953957534,15119600
2026-04-16,84.64407348632812,85.320993029472,84.56558854239395,85.2719380683291,20001000
2026-04-17,85.4190902709961,85.55643517215813,85.24250290025408,85.39947277857398,29604100
2026-04-20,85.39947509765625,85.47795255421156,85.06591783953635,85.45833506125672,14623500
2026-04-21,84.9285659790039,85.43870308614504,84.88932351157223,85.32098316858534,19798700
2026-04-22,85.09535217285156,85.5073943933333,85.06592218954637,85.39947946472336,13676800
2026-04-23,84.90895080566406,85.38965794653853,84.60482354594973,85.18364060044948,21106700
2026-04-24,85.06591796875,85.17383289200542,84.61464078274368,84.82065814039422,22285700
2026-04-27,84.64407348632812,84.97763075568027,84.55578353795434,84.85009085060318,19250100
2026-04-28,84.73237609863281,84.73237609863281,84.31052885512183,84.48711624739937,14553600
2026-04-29,84.07506561279297,84.35956790998041,83.92791570453734,84.35956790998041,29020800
2026-04-30,83.99658966064453,84.27127947395478,83.77094732271908,84.26146698498339,28516200
2026-05-01,84.29691314697266,84.68093072017884,84.03105020406083,84.18859972761966,21281000
2026-05-04,83.65687561035156,84.05074187983129,83.45994623179882,84.04089315719138,27226000
2026-05-05,84.11967468261719,84.17875199846208,83.78488569728817,83.84397052550791,18226500
2026-05-06,84.75970458984375,84.84832056163181,84.60215506794316,84.73016593258106,22530700
2026-05-07,84.33629608154297,84.96647911780467,84.28705997993293,84.95663039500779,21178300
2026-05-08,84.75970458984375,84.95663397984478,84.671081105681,84.74000714341884,30797600
2026-05-11,84.24767303466797,84.60215193343616,84.17874699948385,84.56276455442031,17713700
2026-05-12,83.68640899658203,83.8931870847549,83.61748296719108,83.88334587510889,27680600
2026-05-13,83.49933624267578,83.7455017298153,83.29255062258903,83.63718831448395,26295100
2026-05-14,83.61749267578125,84.07043628042236,83.6076514649926,83.95228165196143,25247200
2026-05-15,82.37682342529297,82.68206622984373,82.30788987600774,82.5836015360249,50796000
2026-05-18,82.2783432006836,82.63282207378542,82.04202645607367,82.41619526107054,26166200
2026-05-19,81.74662780761719,81.95341341794924,81.50046233209001,81.68755049745039,35346600
2026-05-20,82.62297821044922,82.7115941696917,81.7663197092372,81.78600964049987,44498000
2026-05-21,82.92822265625,82.96761003194729,82.05187420601335,82.33742704553832,24887000
2026-05-22,83.38117218017578,83.38117218017578,82.84945383874013,83.31224614586233,27987700
2026-05-26,83.79473114013672,84.0704352864521,83.59780175344703,84.03104790663924,22531200
2026-05-27,83.99166107177734,84.1689005100452,83.84396028782513,83.94242497300196,23589600
2026-05-28,84.42491149902344,84.53322491195966,83.96211919145492,84.05074267130016,25417300
2026-05-29,84.44461059570312,84.64153997996098,84.23783248852003,84.49383918558036,33118600
2026-06-01,84.4900894165039,84.55928656626823,83.82777276277054,83.95627960035466,26322400
2026-06-02,84.66801452636719,84.83606364698943,84.51973278502646,84.8162962677079,20319000
2026-06-03,84.33191680908203,84.45054372188514,84.12432536811912,84.31214942790987,15372000
2026-06-04,84.51973724365234,84.72732867571125,84.44065263850902,84.62847669024363,15866500
2026-06-05,84.08477783203125,84.37145386369237,83.94638354666697,84.01558068934911,26461200
2026-06-08,83.64983367919922,84.35169261799392,83.64983367919922,84.25284062724826,22922700
2026-06-09,84.14409637451172,84.20340605719086,83.80799057484282,83.99581462589082,22617700
2026-06-10,83.90684509277344,84.32203550982955,83.72890849744175,84.14409891449786,21258300
2026-06-11,84.9942398071289,85.05354949175162,84.06501452444896,84.19352135510593,35190500
2026-06-12,84.7866439819336,84.84596121068672,84.43077831903263,84.65813714649501,23092600
2026-06-15,84.73721313476562,85.12274114377698,84.68778337282149,84.97445939986734,17632700
2026-06-16,85.20182800292969,85.38964451106213,84.94480680947326,84.97446165065612,26472500
2026-06-17,85.3402328491211,85.59724653245557,84.94481731993677,85.3402328491211,34507500
2026-06-18,85.75540924072266,86.18047958244006,85.6565572514235,86.07174013163397,32350900
2026-06-22,85.10297393798828,85.34022776652313,84.98435456564432,85.31057292343714,28595100
2026-06-23,85.21170806884766,85.43907442151294,85.1128560840935,85.13263100619812,19145500
2026-06-24,86.378173828125,86.4671458878154,86.12116019329162,86.15081503254758,41837000
2026-06-25,86.34852600097656,86.78348379051238,86.28921631764827,86.57589235694023,28380000
2026-06-26,86.35841369628906,86.36830115751162,86.00254051150829,86.01242797273083,21650800
2026-06-29,86.4473876953125,86.53635977221973,86.29911347034037,86.35842316032922,19457200
2026-06-30,85.42918395996094,86.18047259316675,85.3896416590635,86.15081775297436,31079500
2026-07-01,84.85173797607422,85.11963241805948,84.76244487526444,84.81205720001073,28109800
2026-07-02,84.8418197631836,85.10970662969554,84.70291434058069,84.71283074949676,20816300
2026-07-06,84.78227996826172,84.81205190311688,84.51439311278516,84.7624395814691,17940900
2026-07-07,83.88932037353516,84.50447078321558,83.87939639505649,84.45486603037747,24816400
2026-07-08,83.7008056640625,83.79009876427303,83.40314685713825,83.65119333964915,25806600
2026-07-09,83.82978057861328,84.01829831296295,83.60158207155798,83.6214224579108,18625300
2026-07-10,83.80994415283203,83.96868996048829,83.62142640957364,83.84963249719051,14454100
2026-07-13,83.31385040283203,83.62142560643409,83.27416205885474,83.53213250981837,18742500
2026-07-14,83.4229965209961,83.83971280339047,83.38330817460928,83.52221360207407,23793500
2026-07-15,83.58174133300781,83.75041869557056,83.42299551914508,83.42299551914508,17837800
2026-07-16,83.55197143554688,83.56189541381202,83.13525518574025,83.18485993751105,20817800
2026-07-17,83.85954284667969,84.15720162297217,83.82977848300587,83.95876748529527,22065600
2026-07-20,83.2344741821289,83.6809548072691,83.16502147222315,83.65119044156344,24289000
2026-07-21,83.00627899169922,83.11541248040098,82.77807289584766,83.0856481135025,14287500
2026-07-22,82.7879867553711,83.04594961681178,82.72845045907346,82.95665652703086,15988400
2026-07-23,82.52009582519531,82.59947251042036,82.31173770381257,82.34150206832763,29152800
2026-07-24,82.59947204589844,83.00627187805603,82.57963165959242,82.65900077459378,15106000
2026-07-27,83.09556579589844,83.21463082424823,82.867359717339,83.07572540939549,23816200
2026-07-28,83.58174133300781,83.68095841289427,83.19478942260605,83.20471340152808,25366900
2026-07-29,82.20259857177734,83.4924432425544,82.05376917595268,83.44283092068702,41445200
2026-07-30,82.15299224853516,82.25220932059493,81.87517384907947,82.16290865689697,40407300
2026-07-31,81.60728454589844,81.80571868405663,81.25009704139197,81.80571868405663,50359800
2026-08-03,81.87625885009766,82.03564413055058,81.69694565941883,81.92606342512069,32050800
2026-08-04,82.50385284423828,82.52377315458612,82.25480716339956,82.334503605333,38408600
2026-08-05,82.68316650390625,82.83259543330487,82.48393299822213,82.63335432734968,29465800
2026-08-06,82.20499420166016,82.6034688072489,82.08545714017319,82.45403988011925,27566600
2026-08-07,82.44408416748047,82.53373696429415,82.16515422147654,82.48393238837689,96130000
2026-08-10,81.74674987792969,82.13526052266096,81.71686561299202,82.08545594785514,36743600
2026-08-11,81.87625885009766,82.14522483598046,81.80652636484872,81.95594769018868,23268500
2026-08-12,81.79656219482422,82.16515253032638,81.73679366484527,82.13526066506606,21444600
2026-08-13,82.27472686767578,82.68316542937262,82.17511011612832,82.27472686767578,26921500
2026-08-14,81.7268295288086,82.04560768844193,81.50766811900989,81.916106673684,31374800
2026-08-17,81.03946685791016,81.54752219892728,80.99961863505868,81.45786179744361,31557700
2026-08-18,81.3482894897461,81.43794229184535,80.86015445518974,80.94981485756045,25037100
2026-08-19,82.70308685302734,82.74293507423701,82.29465588610266,82.4938893918799,51309500
2026-08-20,82.02568054199219,82.45403941051302,81.83641099562549,82.04560845230715,39569900
2026-08-21,81.7367935180664,81.95594732768596,81.58736459311652,81.85633057780964,24269100
2026-08-24,82.24484252929688,82.56362069412862,82.13526182261056,82.1751100432484,29038500
2026-08-25,83.15137481689453,83.16133877240557,82.6532834451391,82.79274842120893,35015100
2026-08-26,82.98202514648438,82.98202514648438,82.75289977253955,82.95213328010546,20658800
2026-08-27,82.81266784667969,83.0318292639526,82.68316682750529,82.88240033396916,17361900
2026-08-28,82.5636215209961,83.28087429911845,82.46400476853933,82.72301440514374,35804300
2026-08-31,82.20499420166016,82.21495815687439,81.83641146171409,82.1551896261309,37317400
2026-09-01,81.87000274658203,82.3499984741211,81.77999877929688,81.88999938964844,25623900
2026-09-02,81.94999694824219,82.05000305175781,81.75,81.9800033569336,21454300
2026-09-03,82.06999969482422,82.43000030517578,82.05999755859375,82.36000061035156,18033000
2026-09-04,82.20999908447266,82.5,82.18000030517578,82.29000091552734,16591900
2026-09-08,82.19999694824219,82.45999908447266,81.93000030517578,82.44000244140625,16094300
2026-09-09,81.7300033569336,82.30999755859375,81.36000061035156,82.19000244140625,40675400
2026-09-10,80.77999877929688,81.36000061035156,80.66999816894531,81.0,60481500
2026-09-11,80.87000274658203,81.4800033569336,80.80999755859375,81.30000305175781,32420500
