Price,Close,High,Low,Open,Volume
Ticker,VNQ,VNQ,VNQ,VNQ,VNQ
Date,,,,,
2020-01-02,71.67410278320312,72.87779076116493,71.20513491259138,72.83871358384313,5106600
2020-01-03,72.11961364746094,72.26812240615637,71.15041271419683,71.31455114911057,5015500
2020-01-06,72.20560455322266,72.46353898084132,71.80698512499411,72.04146608926085,4889000
2020-01-07,71.40056610107422,72.04930831883158,71.0097583983171,72.04930831883158,6529100
2020-01-08,71.61940002441406,71.76009100168483,71.17387959026512,71.43181404247,6766100
2020-01-09,71.58031463623047,71.80698373825273,71.40835835447218,71.6037621358793,4213800
2020-01-10,72.12744903564453,72.21342718391041,71.54123764105933,71.73664143925438,5838800
2020-01-13,72.99503326416016,73.00285108482218,72.17433502889465,72.19778849088075,5552600
2020-01-14,72.72146606445312,72.96376482536786,72.31502289290295,72.92468765022822,4120700
2020-01-15,73.37801361083984,73.53434018784688,72.9012279866544,72.93249330205582,4471500
2020-01-16,73.9642333984375,73.9642333984375,73.37021022696253,73.49526553975994,4426700
2020-01-17,74.03459930419922,74.27689812957921,73.87827267229981,73.92517364349526,3581300
2020-01-21,74.738037109375,74.79274992718659,73.93296855693319,74.12837232958171,4217400
2020-01-22,74.23780059814453,75.15228878193564,74.11273932689977,74.91780187997655,5024300
2020-01-23,74.86309814453125,74.89436346613451,74.01114049303122,74.32378178256312,4825000
2020-01-24,74.60517120361328,75.06632728949549,74.37850803492226,74.95690163452363,3518100
2020-01-27,74.24562072753906,74.49573733464669,74.04240508399869,74.22217322738058,3047000
2020-01-28,74.54264068603516,74.77712165838139,74.22999342632302,74.37068439503096,3006100
2020-01-29,74.2690658569336,74.8630950160709,74.19872335870357,74.76930501843087,3785500
2020-01-30,74.32378387451172,74.48011048692806,73.9407941097801,74.07366725789609,4142400
2020-01-31,73.4170913696289,74.33157941596849,73.21386981602609,74.25341911481317,6370900
2020-02-03,73.65941619873047,74.2143622858419,73.35458674191223,73.37803424424426,7508200
2020-02-04,74.4175796508789,74.72240909024491,73.72194262635134,73.9251642403455,4422900
2020-02-05,74.46446228027344,74.74584417189703,74.29251198050304,74.55825823189781,4413700
2020-02-06,74.714599609375,74.9334568906274,74.57391458773236,74.68334024673297,3327500
2020-02-07,74.69896697998047,74.90218860864033,74.50356317329816,74.81621045664004,3176200
2020-02-10,75.5352783203125,75.5509139608079,74.90998389198805,74.9959620249639,4457000
2020-02-11,76.1058578491211,76.5670078558626,75.79321064352122,75.79321064352122,5362200
2020-02-12,76.5592041015625,76.79369103965557,75.9182798957921,76.23092715883266,6298700
2020-02-13,77.02037811279297,77.16888693909193,76.40290126422335,76.54359226722974,3683500
2020-02-14,77.8176040649414,77.83323970769096,77.0985195429744,77.20012736784459,3004800
2020-02-18,77.73161315917969,77.91920506187644,77.28609282596152,77.8644922477356,4186800
2020-02-19,76.68425750732422,77.77070201316165,76.67643968665814,77.77070201316165,4415200
2020-02-20,77.59873962402344,77.63782276102454,76.4966655269359,76.72333460239349,5556500
2020-02-21,77.8254165649414,77.94266002454452,77.40334368832022,77.59092964573516,3670800
2020-02-24,76.76244354248047,77.48152824018122,76.40290119363009,76.90313454535686,5214600
2020-02-25,74.6833267211914,77.0828848888486,74.48010512131569,76.94219392943465,7378900
2020-02-26,73.87823486328125,75.39456961880161,73.83915769774354,74.83180595847453,9407200
2020-02-27,69.94673156738281,72.92468906560782,69.94673156738281,72.76836247226608,11869100
2020-02-28,68.25846099853516,68.93846244741114,66.1715497187932,68.39133415943608,22471800
2020-03-02,71.17387390136719,71.18169172260481,68.12557957623426,68.50856933137268,14250500
2020-03-03,71.00975036621094,72.93252333069557,70.42353887838324,71.26768485203552,14654200
2020-03-04,73.69068145751953,73.7844774300153,72.0102075539548,72.11182134830459,10638200
2020-03-05,72.11182403564453,73.03413026151256,71.24423063829194,72.47136633206752,9803600
2020-03-06,70.86904907226562,71.1348013423539,68.61799943288916,70.53295429622064,10302700
2020-03-09,65.40555572509766,67.63315770090742,65.31175976070818,67.21890262720862,14017500
2020-03-10,68.16885375976562,68.23187239928475,64.45871699755953,66.99516014521606,11782100
2020-03-11,64.07274627685547,66.68008746364447,63.43469893983495,66.68008746364447,16447000
2020-03-12,57.581974029541016,61.8592673685241,57.18811646981804,59.787578767905444,16761500
2020-03-13,62.60758972167969,62.678481185710034,57.51894562431113,60.91400130009,10968600
2020-03-16,51.50868606567383,58.566612113978515,51.390527607530586,56.62095500055806,11396500
2020-03-17,54.48624801635742,55.53391046463532,50.760359232935265,52.48545108837178,9100900
2020-03-18,49.30308532714844,53.123505140210064,47.65676074485758,51.232987809530655,15714500
2020-03-19,49.476375579833984,50.61068399142073,47.262895556190564,48.60988735836744,13090000
2020-03-20,47.01083755493164,51.35902227617832,46.750890128771914,50.05929416006365,18838000
2020-03-23,44.828853607177734,46.8690352623216,43.781194381505905,46.78238614491918,15558600
2020-03-24,48.861961364746094,49.04313545740804,46.30188756883259,46.955692472907465,14401600
2020-03-25,51.4929313659668,54.17115754005901,48.70441956361354,49.06676773999321,15209300
2020-03-26,55.124305725097656,55.33698615926726,51.65835805907181,51.97344530321767,14486100
2020-03-27,55.17943572998047,56.581567406821144,53.09198986972057,53.39919822544237,11521700
2020-03-30,56.38465881347656,56.581587625194665,53.91123341908044,55.73873255143281,12754300
2020-03-31,55.02190017700195,56.1010720597699,53.525240240326475,55.975034755305266,16815900
2020-04-01,51.40629196166992,52.61937400416785,50.32712005125427,52.39093589131536,12174800
2020-04-02,51.57958221435547,52.650869113805385,50.54767145028983,50.66582990538604,10916700
2020-04-03,50.83125305175781,51.89466720572727,49.838733375045955,51.19360126667686,8986700
2020-04-06,54.59650802612305,54.88796465049207,52.627221128516105,52.627221128516105,8382200
2020-04-07,55.10066223144531,57.778894452133926,55.07703174284621,56.70760156385848,7675100
2020-04-08,58.85807418823242,59.20467076098672,55.218828203680445,55.92777300713725,9628300
2020-04-09,62.1585807800293,63.00930823802447,59.850576063230235,59.850576063230235,13840900
2020-04-13,59.54338073730469,61.92228367334426,59.13377153502585,61.764743059342216,10139000
2020-04-14,61.213340759277344,61.859266912065166,60.724955225300455,60.724955225300455,9400800
2020-04-15,58.787174224853516,60.00025616856742,58.15700576707025,59.3228207193533,8568200
2020-04-16,58.117610931396484,59.24404360614607,57.7237534368657,58.89744708782668,6252800
2020-04-17,59.95299530029297,60.268082534674974,59.13377089481542,59.803327511758965,8593100
2020-04-20,57.72377014160156,59.04713194658545,57.70801848156886,58.71629299778702,6631000
2020-04-21,56.67610168457031,57.14873557444632,55.919895874474086,56.21135263859235,8620400
2020-04-22,57.54259490966797,58.02310163861691,57.06996100527969,57.550467734228626,6484200
2020-04-23,57.062076568603516,58.20426091559828,56.86514781844659,57.715875451685235,7648200
2020-04-24,57.30628204345703,57.5977388373056,56.61309481594036,57.479580352783735,6419000
2020-04-27,59.267677307128906,59.4803637311867,57.700126076660815,57.82616336644155,7669500
2020-04-28,59.756046295166016,61.284214958080426,59.70878532943863,60.40197220251767,8177900
2020-04-29,60.65407180786133,61.481175190975506,60.40200317840208,61.04792941700328,7307000
2020-04-30,59.95299530029297,60.14992407055808,58.92896329099875,59.763945363579424,8606000
2020-05-01,57.928565979003906,58.58237091828007,57.31414919647024,58.35393283070928,6013600
2020-05-04,57.64498519897461,57.69224617687415,56.376763540502004,57.235376034338415,7288000
2020-05-05,57.928565979003906,58.810809005850864,57.841916842001574,58.21214388014082,7520300
2020-05-06,56.88877487182617,58.40906497163063,56.87301720728353,58.12548710774465,6266800
2020-05-07,57.70013427734375,58.5272375821635,57.38504701789863,57.424435179000376,6727300
2020-05-08,59.07075119018555,59.26767995693086,58.34605477091213,58.464213232917125,6625600
2020-05-11,58.21213150024414,59.14163530967459,57.89704434268018,58.39330255923674,6874900
2020-05-12,55.56541442871094,58.464205744290076,55.51815345387816,58.464205744290076,11764700
2020-05-13,54.21842956542969,55.423632657739844,53.966360984095466,55.163685242985764,8358600
2020-05-14,54.40748596191406,54.40748596191406,52.20188110589948,53.46223017207338,8609800
2020-05-15,54.194786071777344,54.22628937832,53.23377295796144,54.0608699749269,11916700
2020-05-18,57.400794982910156,57.841913465690475,55.93564458248856,55.93564458248856,8617200
2020-05-19,56.62883377075195,57.46380979040194,56.62883377075195,57.18023189508896,5804700
2020-05-20,57.132965087890625,57.377154802361204,56.723355952992726,57.337772660233675,5133700
2020-05-21,57.18022918701172,57.57408668853886,56.636709921560474,56.88089964937497,5385100
2020-05-22,57.95219421386719,57.99945519228782,56.93604110930266,57.1802308441942,4737900
2020-05-26,60.118412017822266,60.43349923790485,59.511874077239106,59.67729351557997,6001000
2020-05-27,61.31572723388672,61.65444489399806,59.842704161834554,61.441764507317906,5880500
2020-05-28,61.6071891784668,62.0876958072972,61.110930894007346,61.9852950212372,5642800
2020-05-29,60.992767333984375,61.552044213693854,60.567400550165615,61.110925775565356,8989500
2020-06-01,62.40279769897461,62.85179511246237,60.86674948772392,60.93764697921667,11218300
2020-06-02,62.90690231323242,63.09595217619445,62.25309760866305,62.867514170629725,7162100
2020-06-03,64.9234848022461,65.1991839179975,63.54498321369911,63.56074088305061,7485600
2020-06-04,64.27754974365234,64.68716495339552,63.69464226340616,64.60838863705241,5503500
2020-06-05,66.71159362792969,67.79863830054465,66.40438522023874,66.55404700232583,6158800
2020-06-08,68.36578369140625,68.37366252393039,67.48354075214031,67.60169920084915,7130500
2020-06-09,67.23145294189453,67.66469845980004,66.40435605742036,67.12117335729798,7168900
2020-06-10,65.52212524414062,67.04241523275569,65.01010936013887,67.04241523275569,6433900
2020-06-11,61.31572723388672,63.51345260859226,61.229084120637744,62.67847670636855,8611900
2020-06-12,63.513465881347656,63.74190397983866,61.78837391171921,63.45045324125194,8871700
2020-06-15,64.41146087646484,64.74230578484541,61.42602594563795,61.55993606985978,6138600
2020-06-16,65.67967224121094,66.8297353798458,64.60837939786565,66.64856430165864,5811700
2020-06-17,64.7265625,66.1286947235057,64.7186896743241,66.06568206914555,5041500
2020-06-18,64.01760864257812,64.37208407174592,63.66313922320008,63.9545959969883,5005900
2020-06-19,63.088096618652344,64.94710465128848,62.76513656736138,64.94710465128848,10402000
2020-06-22,63.02508544921875,63.19838372897805,61.97742294688416,62.96994563382162,3995500
2020-06-23,62.76511764526367,63.74976117884914,62.57606776955568,63.64736041487964,3958100
2020-06-24,60.977012634277344,62.134948476533424,59.5985115741848,61.9774079021522,7034900
2020-06-25,61.75581741333008,61.819460059808826,60.48299483023925,60.59436642692865,6626000
2020-06-26,60.570526123046875,61.77175576018342,60.49893266916087,61.54105562660757,7277100
2020-06-29,61.739925384521484,61.78765434679052,60.331860304601264,61.159196709955296,4687100
2020-06-30,62.47177505493164,62.774074557387465,61.556931838908625,61.94673845320207,5212200
2020-07-01,63.91167068481445,64.16624130535793,62.527476316746366,62.68658295458604,5023700
2020-07-02,63.72871017456055,65.15268282078094,63.4423242753599,64.96971169156461,4588100
2020-07-06,63.6968879699707,65.00948897839787,63.593473201406596,64.91402499020931,6174300
2020-07-07,62.43203353881836,63.23549949482781,62.352477165962746,62.94911354658513,3389200
2020-07-08,62.344512939453125,62.75022122088955,61.779698015916125,62.51952114181706,3848100
2020-07-09,61.95472717285156,62.28884819962161,60.97624678750317,62.23316237337658,3455900
2020-07-10,62.14564514160156,62.455895561755234,61.700152534502315,61.827437870616066,3809900
2020-07-13,61.40580368041992,62.726355400476415,61.2546538909812,62.36837608467676,6071800
2020-07-14,61.92288589477539,62.10585701883596,61.206927236246166,61.38194151074812,3473900
2020-07-15,62.5274772644043,63.15593483747611,62.089947659633765,62.96501293847256,3547200
2020-07-16,61.779693603515625,62.40814506971008,61.541036692058896,62.185401855975734,3605400
2020-07-17,62.583168029785156,62.84568945502633,61.62855238983315,61.9865317374906,3720500
2020-07-20,61.83539962768555,62.84570126872909,61.62060712327592,62.527493972495904,4364100
2020-07-21,61.986541748046875,62.638863956864185,61.81948428754114,62.35247800476886,3007200
2020-07-22,62.93319320678711,62.996835864501904,61.541041933090035,61.70014250807912,2682400
2020-07-23,62.670677185058594,63.17185557103908,61.89902658447781,62.805913292358746,4630900
2020-07-24,62.20927047729492,62.84568490404231,62.10585571240003,62.519520841277384,2702200
2020-07-27,62.797969818115234,62.8695632705577,61.43763959801643,62.17746895308411,4111800
2020-07-28,64.04692840576172,64.35717883830846,62.63886314792734,62.77410534027522,6613300
2020-07-29,65.28793334960938,65.28793334960938,64.29353933242311,64.40491097680402,5429600
2020-07-30,64.86629486083984,64.92198066895432,64.01509404006256,64.4367160256862,6602700
2020-07-31,64.74695587158203,64.834462994296,63.73665464019836,64.79468482240895,9312300
2020-08-03,63.8878173828125,64.77083965207868,63.54574563823822,64.77083965207868,5629700
2020-08-04,64.84242248535156,65.00152304079047,63.74460801721279,63.77642934216,4078000
2020-08-05,64.51628112792969,65.32771002598051,64.19807383593523,65.0731454062448,3374500
2020-08-06,64.61968994140625,64.80265500341808,64.20601871813942,64.26966137853402,3646500
2020-08-07,65.54248046875,65.57430179711638,64.27761453000024,64.38102929521759,4447800
2020-08-10,65.6458969116211,66.04365442241915,65.35951708760061,65.7413608991599,3410000
2020-08-11,64.69924926757812,66.40165122043854,64.45263544143361,66.29027958384385,5193800
2020-08-12,65.3515625,65.45497727143973,64.94584812553953,65.20041269848963,2245300
2020-08-13,64.548095703125,65.68568255607438,64.38103825791828,65.1367751866104,3585400
2020-08-14,64.55604553222656,65.16063865100102,64.3094317472026,64.38103125553148,3399300
2020-08-17,65.08109283447266,65.11291416896218,64.30149138202576,64.59582810478064,2749900
2020-08-18,64.77083587646484,65.1606426326679,64.37307833941561,65.08108626981938,3635300
2020-08-19,63.633243560791016,64.96970901217809,63.51391509616224,64.92198005404572,4376200
2020-08-20,64.23784637451172,64.65151156921836,63.14798846779227,63.32300276646387,2949900
2020-08-21,64.34123229980469,64.61966732425317,63.55367437828888,64.2298607177437,3380700
2020-08-24,64.75492858886719,64.77879307012896,63.57756360246667,64.43672134368069,2553700
2020-08-25,64.92198944091797,65.0731392559219,64.30148861828941,64.92198944091797,3123500
2020-08-26,64.32533264160156,64.77877587309327,63.935532056111406,64.77877587309327,3139800
2020-08-27,65.27198791503906,65.47881738093764,64.44465184355703,64.46055946812773,4006700
2020-08-28,65.70159149169922,65.70159149169922,64.70719758194981,65.37543344533677,4548700
2020-08-31,65.03333282470703,65.62996890566765,64.78672518675138,65.61406128066564,4835100
2020-09-01,65.08109283447266,65.13677865250457,64.34126349816344,64.81062059526018,3498500
2020-09-02,66.29026794433594,66.39368271178759,64.62763839973384,65.15268122517595,3136500
2020-09-03,65.49476623535156,66.85509646502923,64.99358778752878,66.27436771305497,5716500
2020-09-04,65.15267181396484,66.10728727049666,64.0628142111651,65.68566534270683,4956900
2020-09-08,64.35717010498047,64.90607137383876,63.895769909698075,64.86629926208578,3774000
2020-09-09,64.99359130859375,65.8209278690488,64.62765503423277,64.6912977087215,3158300
2020-09-10,64.19806671142578,65.15268848146808,64.13443011552852,65.06518133414839,4308700
2020-09-11,63.8400764465332,64.42080504607048,63.251397067177216,64.34920554261907,4255400
2020-09-14,65.39929962158203,65.59817840868183,64.18216241561909,64.26171271659922,3732000
2020-09-15,66.18684387207031,66.80735065434085,65.62998581409403,65.67771477069266,3017500
2020-09-16,66.5368881225586,67.21307480105754,66.2584590278001,66.58461709043175,3722400
2020-09-17,65.24018859863281,66.30617581395127,64.81856660841586,65.8527324945654,5981400
2020-09-18,63.768489837646484,65.21632699759883,63.657112145990254,65.21632699759883,5024200
2020-09-21,61.85128402709961,62.98091373855167,61.50921237427431,62.97296295937456,5297300
2020-09-22,62.59111785888672,63.10024695232504,61.91493135066059,62.0422105893714,4486400
2020-09-23,60.70575714111328,62.63090835293586,60.62620684261123,62.63090835293586,7876400
2020-09-24,61.03190994262695,61.899018353386225,60.41936001217163,60.71370273830059,6813300
2020-09-25,62.29055404663086,62.338659021563515,60.703230549558825,60.895632100284374,3503300
2020-09-28,63.56522750854492,63.869863800476224,63.09223298239553,63.16438738510827,3470900
2020-09-29,63.1082763671875,63.59730185632958,62.59520144683113,63.55721539341543,3662900
2020-09-30,63.3006591796875,64.03820339465186,62.65130026393994,63.42893092994236,4507100
2020-10-01,64.56732177734375,64.62343914472213,63.27661621130684,63.55720304819871,6406300
2020-10-02,65.68167877197266,65.89011739919475,63.469039042366845,63.70152710420372,3346700
2020-10-05,66.0584487915039,66.26688735320063,64.79981113952947,65.92216462730524,2654800
2020-10-06,65.62553405761719,66.59556625326445,65.36899666799422,66.22679413795231,5830300
2020-10-07,65.72175598144531,66.05846025128898,65.4171135423468,66.03441082006236,2362400
2020-10-08,66.82005310058594,67.00444226441283,65.96225540730867,66.07449016221706,2269000
2020-10-09,66.55548858642578,67.24493405885406,66.32300670704998,67.22890314578265,6556200
2020-10-12,66.86814880371094,67.0525318256276,66.17870333842565,66.63566081040919,5655800
2020-10-13,65.72175598144531,66.63567106606985,65.3369467328129,66.59558460313514,4406300
2020-10-14,64.92005920410156,65.81793702951526,64.82385538723554,65.65760345107252,4651400
2020-10-15,65.25678253173828,65.78588838887994,64.39898479113295,64.41501570714631,2915400
2020-10-16,64.79180908203125,65.28083461079962,64.67155579988008,65.26480369413626,2925400
2020-10-19,63.78167724609375,65.0964323361415,63.68547953279036,64.96014816473851,9873000
2020-10-20,64.23863983154297,64.72766530076228,64.07830621908937,64.2065718857852,4038600
2020-10-21,64.04623413085938,64.35087042135162,63.74159784036712,64.06227116086862,2685900
2020-10-22,64.03821563720703,64.3107901004414,63.75762877530023,64.03821563720703,3828900
2020-10-23,64.42301940917969,64.6715383064221,63.88589515937576,64.27871673289893,2588700
2020-10-26,63.50107192993164,64.02216515208133,62.93989837766767,63.925961350407654,2691200
2020-10-27,62.48298263549805,63.91799152206439,62.48298263549805,63.57326864857262,2264100
2020-10-28,60.99184036254883,62.07410757392616,60.75935233522051,61.472847332457036,4422000
2020-10-29,61.809547424316406,62.27452344756235,60.494792274426885,61.08803396002702,4645500
2020-10-30,61.40068435668945,61.90574680351459,60.671158545980916,61.456807843078565,3978900
2020-11-02,62.867774963378906,62.89984291306547,61.63318642395823,62.050063653547554,4254500
2020-11-03,64.07830047607422,64.45509115953912,63.26860173818166,63.49307122203274,4214600
2020-11-04,64.19053649902344,65.16858736932285,63.68548015027932,64.53525924648413,2867500
2020-11-05,64.49517059326172,65.104449266808,64.23062077178004,64.6875782478561,3984900
2020-11-06,64.05426788330078,65.02430047422955,63.81376130662846,64.68759615995735,3696600
2020-11-09,66.32302856445312,70.78037006008836,66.18673823492455,67.76604975349166,8999300
2020-11-10,67.29303741455078,67.3571671816308,66.05043066781623,66.41920282294792,6146100
2020-11-11,67.54956817626953,67.86222293169153,66.8921907268779,67.5655990873764,3416100
2020-11-12,66.66773223876953,67.52552985792246,66.2107686265557,67.24493687856277,3939500
2020-11-13,68.44745635986328,68.59977756195727,67.0685714914215,67.0685714914215,3443000
2020-11-16,69.2170639038086,70.09891699613037,68.39935281023267,69.88245992207526,2978300
2020-11-17,69.28118896484375,69.55376336435056,68.23099004881286,68.70397834596669,3856900
2020-11-18,67.93437957763672,69.8103144576716,67.88628072205506,69.41748674930595,9655500
2020-11-19,68.19892883300781,68.27909562323302,67.12468038805508,67.83817521882735,4225400
2020-11-20,67.83016967773438,68.26307776734701,67.52553337008186,68.16687393087692,3136400
2020-11-23,67.95842742919922,68.76010762408404,67.8461926912221,68.29513775946506,4520000
2020-11-24,68.3191909790039,69.27319242109921,68.23902417833237,68.71201258372881,4805500
2020-11-25,68.35926818847656,68.47150904387486,66.56350624712216,68.37530521767684,5792800
2020-11-27,68.05463409423828,68.58374598078152,67.77404723758721,68.5596904362102,2063900
2020-11-30,67.34113311767578,68.02256002714734,67.12468216669888,67.9664426608693,6413600
2020-12-01,68.20694732666016,68.48753415053203,67.90230496102723,68.11074350861807,6489100
2020-12-02,67.66981506347656,68.45545807696377,67.61369158903702,68.05461805725261,3738500
2020-12-03,68.23902893066406,68.58375170226034,67.71793551550664,67.82215175200402,3386300
2020-12-04,69.28118896484375,69.2972259911089,68.53562626818312,68.53562626818312,3053200
2020-12-07,68.67993927001953,69.33731677026064,68.42340185812871,69.11284729939797,2620500
2020-12-08,68.43943786621094,68.80019149381275,68.34323404456113,68.37530198511107,2648100
2020-12-09,68.01454162597656,68.66390671265421,67.5656026950067,68.58373992017162,5024000
2020-12-10,67.71792602539062,68.15884645616684,67.46940712592885,67.6457716284387,3737900
2020-12-11,67.65379333496094,67.79809601933904,66.99641579864621,67.38923739421197,4044400
2020-12-14,67.3571548461914,68.68794665982298,67.30905600060633,68.20693985497223,3735200
2020-12-15,68.7360610961914,68.75209812591288,67.2208859532546,67.74197932517674,2867700
2020-12-16,68.81622314453125,69.31326705388867,68.47150654167167,68.93647639380063,3419900
2020-12-17,69.48161315917969,69.5457490354322,68.88035308106356,69.15292749696978,3341400
2020-12-18,68.08670043945312,69.56178908913509,67.6618109070194,69.55377669080077,3988500
2020-12-21,67.70189666748047,67.75000164301036,66.82004958967684,67.10063646220503,4993600
2020-12-22,68.17486572265625,68.23900158849588,67.42930310218583,67.74195780273799,2828900
2020-12-23,67.73394775390625,68.88836901793535,67.67783039336781,68.43943013362784,3659000
2020-12-24,68.32696533203125,68.34326041161741,67.79749332576803,68.00113831733141,1563600
2020-12-28,68.73426818847656,68.84016758136477,68.261816442775,68.6609589608645,5655100
2020-12-29,68.14777374267578,69.35334880322456,68.07445830244147,68.98679024631176,3880100
2020-12-30,68.5224609375,69.06008042031017,68.18848020754498,68.31881596989363,3995900
2020-12-31,69.18228149414062,69.28003333405911,67.9359750552537,68.49803104421598,4827300
2021-01-04,66.9340591430664,69.46740427422057,66.85260235920137,69.40223636122684,5311500
2021-01-05,67.03178405761719,67.5042419147047,66.9014482840406,66.93403222743474,4932600
2021-01-06,67.14583587646484,67.58570986303405,66.57563230947851,67.0073587551614,6520100
2021-01-07,67.01551818847656,67.23545834856404,66.59193916923151,67.20287439096758,4068400
2021-01-08,67.66715240478516,67.90338132281342,67.11323782124512,67.22727851067235,4931600
2021-01-11,66.77112579345703,67.62643109277506,66.53489683990661,67.22728861975999,6565100
2021-01-12,66.92588806152344,66.98290840635464,66.1683285003366,66.68151160381744,7857300
2021-01-13,67.74048614501953,67.87896327466119,66.96663129779535,66.97477883917225,9024900
2021-01-14,68.13961791992188,68.60392826913063,67.71603284166873,67.96855686650309,5866400
2021-01-15,68.92162322998047,69.13341579756111,67.75677343041642,67.98485486561727,3939700
2021-01-19,68.72611999511719,69.38592783671312,68.41657560345293,69.35334388944571,5521200
2021-01-20,70.0375747680664,70.35526039664926,68.53059714841613,68.78312111543767,5198300
2021-01-21,69.70362091064453,69.84209804008157,69.1008333594603,69.83395671346985,4213200
2021-01-22,69.86653137207031,69.9805783018957,69.17413954062917,69.34520061323796,5272700
2021-01-25,70.39599609375,70.93362183089573,69.45108660615522,69.84208149248697,7819700
2021-01-26,70.89289855957031,71.12097997213974,70.4285881940533,70.55077644071618,4706300
2021-01-27,69.63844299316406,71.01508519242716,69.2963208820846,70.36341870153579,5907600
2021-01-28,70.0131607055664,70.79516311071927,69.42666822383168,69.6547496691874,6237000
2021-01-29,69.20673370361328,70.3227108255251,68.84017509603288,69.62217134969049,7349800
2021-02-01,70.78700256347656,70.83587537428674,68.76684144837682,69.6303004661201,6149000
2021-02-02,71.21057891845703,71.47124425818998,70.60779148559057,71.24316286276765,3849800
2021-02-03,71.03137969970703,71.25946733996138,70.05388610048509,71.25131979912125,5148700
2021-02-04,71.52012634277344,71.91926880184405,70.94991661506323,71.0476684521784,4118200
2021-02-05,71.77265167236328,71.91112879505233,71.52827516135088,71.82152448866464,2583900
2021-02-08,72.16363525390625,72.16363525390625,71.51197501854482,72.0333056927347,3212700
2021-02-09,72.4161605834961,72.60351049635452,72.00072305862226,72.29397234503297,2518800
2021-02-10,72.80715942382812,73.39365802834759,72.48947371550547,72.79087055803694,3421400
2021-02-11,72.9619369506836,73.38551585450456,72.53835804686263,72.93750054283372,3717000
2021-02-12,72.97823333740234,73.05154878325922,72.42432479638926,72.77458829799927,2297400
2021-02-16,72.4161605834961,73.28776090289684,72.01701813828505,73.2470294184918,2774500
2021-02-17,72.3265380859375,72.44057875586664,71.88666426703207,72.2532226754114,2939000
2021-02-18,72.01701354980469,72.32655168140437,71.89482531912664,72.06588635617527,3254600
2021-02-19,72.43244934082031,72.86417572996372,72.082179705614,72.2776833727654,4170700
2021-02-22,73.03524017333984,73.35292585175866,72.09847200234134,72.25323796442248,3493000
2021-02-23,73.49140930175781,73.69505430371802,73.02709894587865,73.21444886742077,4378300
2021-02-24,74.05347442626953,74.28155584313004,73.32035114725183,73.49955975042866,3551200
2021-02-25,72.6360855102539,74.4933266193376,72.13919129241557,73.96385467568307,7548800
2021-02-26,71.57713317871094,72.9211849504325,71.49567022245422,72.91304362660763,6519800
2021-03-01,71.89482879638672,73.04338330490747,71.81337204357881,72.39172306769237,4834000
2021-03-02,71.20244598388672,71.91927419893486,70.72998805783668,71.91927419893486,4715600
2021-03-03,70.79515075683594,71.46310610799823,70.6485261083002,71.16985681092676,6231400
2021-03-04,69.98872375488281,71.31649335327076,69.14155966814081,70.93363969520192,6869500
2021-03-05,70.75444030761719,70.99881686608536,68.79129894158392,70.52635883424905,7166100
2021-03-08,71.36536407470703,72.11477628584093,70.53448888061041,71.05582586960905,4823000
2021-03-09,71.83779907226562,72.3917136197196,71.74004725280278,71.78892005515867,3873600
2021-03-10,72.55464172363281,73.01080454353949,71.80522960099974,72.02516347066837,3429700
2021-03-11,73.40181732177734,73.82539626244726,72.61982112878829,73.06783647943391,3830000
2021-03-12,74.6318130493164,74.66439699124987,73.33662777015503,73.3692117120885,3262800
2021-03-15,75.73965454101562,75.91885692868372,74.42003264435252,74.80288625593238,6026400
2021-03-16,75.43010711669922,75.91885387607911,75.10427387219521,75.74779282103376,3122500
2021-03-17,75.49530029296875,75.52788424980719,74.59111568865353,75.29165522379422,3663100
2021-03-18,74.72956085205078,75.2671865875933,74.47704306309988,75.19387116240495,3496000
2021-03-19,73.71134185791016,75.03911122450842,73.64618018165397,74.8436075514834,4429400
2021-03-22,74.23268127441406,74.41188988835731,73.47512154304216,73.71949805564712,2677000
2021-03-23,74.12679290771484,74.705144062653,73.71135529524399,74.20824967894849,2966400
2021-03-24,73.71134185791016,74.76215079509906,73.71134185791016,74.16751088021638,4144500
2021-03-25,74.46187591552734,74.63393716379933,72.78222682463047,73.60156967416744,4218800
2021-03-26,76.06777954101562,76.10874917983,74.69128969253754,74.82238128478294,3864600
2021-03-29,75.62533569335938,76.14971453502169,74.96166383821733,75.9039092181411,5116600
2021-03-30,75.7236557006836,75.93668656668045,75.41230770506444,75.51063108577586,5822100
2021-03-31,75.26481628417969,76.10054303620217,74.96165725346877,75.72364616755765,4430400
2021-04-01,76.63312530517578,76.67409494252219,75.37953191587941,75.65810544635016,5461200
2021-04-05,76.92808532714844,77.14931135596508,76.18248672338731,77.14931135596508,4239900
2021-04-06,77.12472534179688,77.13292051902108,76.6003465190432,76.97724340720437,5111600
2021-04-07,77.18208312988281,77.42788845079713,76.51022233728455,77.14111974378976,3038500
2021-04-08,76.89531707763672,77.4934400452639,76.82157922947006,77.20667132835601,5034300
2021-04-09,76.80518341064453,77.11653763921802,76.62492701538383,77.01821426423344,5371000
2021-04-12,77.25582122802734,77.25582122802734,76.31357590580221,76.96085736626837,2828200
2021-04-13,77.64091491699219,77.73923203892107,77.04279200387408,77.1411153768916,3975300
2021-04-14,77.23125457763672,78.11614005652987,77.12473601225076,77.71466383223921,4569100
2021-04-15,78.58316040039062,78.58316040039062,77.54259168345493,77.70645772102358,6497000
2021-04-16,78.7552261352539,78.98464110145254,78.49303670944275,78.86993361835323,3754200
2021-04-19,78.91090393066406,78.91090393066406,78.25543343414917,78.79619643749672,2882900
2021-04-20,79.55816650390625,79.70564842434877,78.75521424345438,78.78798869811804,4968700
2021-04-21,80.08255004882812,80.22184305222186,79.36972593344895,79.65649461498587,4407000
2021-04-22,79.64830780029297,80.40210162835574,79.46805139551947,80.07436952995563,3207200
2021-04-23,80.11531829833984,80.27919056872776,79.5909395352744,79.82854963902092,5225600
2021-04-26,80.3529281616211,80.82814836769198,80.16447661401095,80.37750743933374,5404600
2021-04-27,80.3447494506836,80.62332924105573,80.13991375964997,80.59055478035964,3091100
2021-04-28,80.17268371582031,80.65609917006523,80.13172033056865,80.54958061601543,3509200
2021-04-29,80.86093139648438,81.22143792631257,80.32016222510919,80.70525428634511,3319100
2021-04-30,81.18048858642578,81.36074500806718,80.46765807841376,80.6151400369304,4371300
2021-05-03,81.02478790283203,81.57374593568811,80.84453153357472,81.57374593568811,6844100
2021-05-04,80.50041198730469,81.30337050111737,80.04158212289063,80.64789390816465,6449000
2021-05-05,79.1649169921875,80.36115693262815,78.84537374616316,80.36115693262815,4580300
2021-05-06,79.60734558105469,79.67288825104251,78.86993584666148,79.22225348358884,5649700
2021-05-07,80.6561050415039,80.70526360781999,79.53360318560198,79.66470103056395,5884900
2021-05-10,80.63152313232422,81.58195747298733,80.62332795450867,80.95106630515043,3436700
2021-05-11,79.61552429199219,79.94326260423416,78.95185874174126,79.94326260423416,4036900
2021-05-12,77.59993743896484,79.58274504458072,77.54258370660696,79.42707420023105,4601200
2021-05-13,78.60771179199219,79.1648648735795,77.78836939266297,77.83752793627507,5118900
2021-05-14,79.54178619384766,79.82035969513632,78.91088885090133,79.02559632214823,3936600
2021-05-17,79.62372589111328,79.7957871124235,79.22224970805611,79.5090184102398,3320200
2021-05-18,79.6401138305664,80.1563037704459,79.14850942442003,79.6401138305664,3359800
2021-05-19,79.38611602783203,79.38611602783203,78.21445568247498,79.02560322892559,3602500
2021-05-20,80.27920532226562,80.53319957418547,79.18128278770058,79.40250883060872,2466500
2021-05-21,80.197265625,80.6315225307366,80.00882029427211,80.47584540884822,3020000
2021-05-24,81.19686889648438,81.50002797789855,80.48404467288661,80.55778252315285,3491500
2021-05-25,81.17227935791016,81.52459696165734,80.84454103447975,81.3443405712162,4243300
2021-05-26,81.53279113769531,81.99162103421101,81.15589425825905,81.31976029241795,4518100
2021-05-27,81.34434509277344,81.79498609392539,81.24602796604134,81.78679091633474,4362900
2021-05-28,81.83594512939453,82.07355525818093,81.57375572023172,81.81956102617312,3409400
2021-06-01,83.31077575683594,83.31897093510192,81.94247478762117,82.237438694302,4385000
2021-06-02,84.2857894897461,84.37591769077935,83.25341589223999,83.62211762294768,4446100
2021-06-03,83.97442626953125,84.18745710838273,83.58114529897746,84.18745710838273,4187600
2021-06-04,84.01541137695312,84.39230831444027,83.63851443946596,84.39230831444027,3121200
2021-06-07,85.0068130493164,85.37551479825122,84.15469581175158,84.17927509486867,4773100
2021-06-08,85.71144104003906,85.94085599771962,85.12151329109547,85.21983666628232,3935800
2021-06-09,85.8261489868164,86.20304588378775,85.78517935082633,85.95724682111364,3243000
2021-06-10,86.4406509399414,86.66187070845571,85.65408273365169,85.90807695881412,4010100
2021-06-11,86.0965347290039,86.54716947545572,85.67047301294927,86.45704127594759,3274100
2021-06-14,86.43245697021484,86.43245697021484,85.95724296990076,86.10471865024448,3531700
2021-06-15,85.5066146850586,86.43246979408588,85.5066146850586,86.35873194297363,4099600
2021-06-16,84.94945526123047,86.0719570618282,84.79377814078047,85.68686497508705,4498600
2021-06-17,84.84294891357422,84.96584533193946,84.27760038473632,84.72824142237369,5055100
2021-06-18,83.4009017944336,84.77739790609843,83.4009017944336,84.40868990679631,5358000
2021-06-21,85.12153625488281,85.38372574169155,83.40911253658933,83.82697292891264,3672900
2021-06-22,84.6790771484375,85.21984639707958,84.62172340246845,85.12152301066571,3088200
2021-06-23,84.53158569335938,85.00680596431275,84.45784785015391,84.67906763085908,3682900
2021-06-24,84.34922790527344,84.84433069760452,83.88713280517425,84.84433069760452,3229000
2021-06-25,84.91859436035156,85.00111043807347,84.23369895367077,84.37397691535531,2739100
2021-06-28,84.6710433959961,85.11663778914027,83.9118853760794,85.06712310396418,3940700
2021-06-29,84.44000244140625,85.15789932897408,84.3822405505034,84.8030744861211,3777300
2021-06-30,83.99440002441406,84.91034298987867,83.90363044797535,84.4482416110343,6640100
2021-07-01,84.35748291015625,85.0093643827745,83.76335703050924,84.19244444604671,6491100
2021-07-02,84.61328887939453,85.02587561688198,84.30797242724718,84.68755147026675,4451800
2021-07-06,85.23217010498047,85.38070158424958,83.99440987626262,84.58853579333905,4478800
2021-07-07,85.52922821044922,85.8097841578305,84.82783204642229,85.10013449665303,5085500
2021-07-08,85.2899169921875,85.62823478815191,84.58852091175817,84.77006005399062,6426800
2021-07-09,86.69271850585938,86.70097200291663,85.51272024961769,85.73552060114805,5780200
2021-07-12,87.43538665771484,87.50965554926167,86.46168163854988,86.64322082280385,5627600
2021-07-13,86.214111328125,87.28683286783236,85.88404074068703,87.21257029083455,5474100
2021-07-14,86.8165054321289,87.07230720918237,86.02433960704376,86.22237948942146,3397400
2021-07-15,86.95677185058594,87.05579492638735,86.57719283670748,86.64320822057509,2990100
2021-07-16,86.89900970458984,87.63341353510089,86.84124781777123,87.27034151605822,6435400
2021-07-19,85.3146743774414,86.09033936125032,84.65453316199896,85.90880021222497,5097800
2021-07-20,87.32810974121094,87.66642758982574,85.65300860631761,85.77677959021696,4999700
2021-07-21,87.31983947753906,87.897458276741,87.18781502153837,87.48487162143311,4329100
2021-07-22,86.62670135498047,86.92375797008863,86.18110698895863,86.91551076937247,3932400
2021-07-23,87.34461975097656,87.44364284422528,86.62672278554082,86.9320329724688,4128200
2021-07-26,87.38587188720703,87.6086659544499,86.75048478865793,87.26209460737256,2857700
2021-07-27,87.88097381591797,88.02125179370047,86.98153776305776,87.33635630842272,3096100
2021-07-28,87.57564544677734,88.12851637640328,87.30334302567131,87.95522443264528,3577300
2021-07-29,87.59214782714844,88.44207532635774,87.50963175553473,87.88921072141594,3357700
2021-07-30,87.70767974853516,88.88767793958178,87.66641856110222,87.7654416335973,4325800
2021-08-02,87.51789093017578,88.83817343892972,87.34460526740588,88.18628568151519,4089800
2021-08-03,87.62516784667969,87.81495420854317,86.99803428212613,87.68292973449556,5178600
2021-08-04,87.35283660888672,87.95520952731904,87.02276606541471,87.60863828968084,4038300
2021-08-05,88.3760757446289,88.39258273924526,87.6086641798883,87.8314645381922,3294800
2021-08-06,88.21928405761719,88.82991056130939,88.08725330245514,88.50809346506803,2753600
2021-08-09,87.74893951416016,88.09551713935599,87.5921608434684,88.06250944669098,2727800
2021-08-10,86.91551971435547,87.88097112564314,86.79999593670944,87.87271762850452,3771000
2021-08-11,87.42710876464844,87.54263252319802,86.87424416365074,87.27033011837267,3256700
2021-08-12,87.61690521240234,87.66641359806043,87.21257203985778,87.62515870853633,2891900
2021-08-13,88.09552001953125,88.19453680518987,87.50964762061356,87.79845707140765,2601600
2021-08-16,87.98822784423828,88.47508337119767,87.77368731629133,88.01298833183778,3166800
2021-08-17,87.89747619628906,87.93048389091166,87.1383181066914,87.61692023535802,3004300
2021-08-18,87.09706115722656,87.76544964475175,87.03929926689196,87.71594125177178,3439200
2021-08-19,87.51789093017578,87.59215981169064,86.51943184722147,86.65970981771515,4069500
2021-08-20,87.95523071289062,88.31830902772086,86.82474717083495,87.31984995751122,3238900
2021-08-23,87.79019165039062,88.31004859121288,87.54263712871926,88.12851574363661,3230600
2021-08-24,87.4023666381836,87.97999180624132,87.02278762261204,87.90572292516562,2867100
2021-08-25,87.34461975097656,87.89748452323904,86.99804836796795,87.38588094705719,3329400
2021-08-26,87.37760925292969,87.65817147758858,87.0227844454799,87.42711764145695,2889400
2021-08-27,88.2935562133789,88.5658649537597,87.60041356030808,87.69117684486142,3059300
2021-08-30,89.17650604248047,89.18475954081038,88.11203139860908,88.33483178449417,3600600
2021-08-31,89.59732055664062,89.70459082178664,88.73913954875403,88.90417169445142,4210100
2021-09-01,91.03314208984375,91.09915748210258,89.77888111479734,89.81188251535245,5683100
2021-09-02,91.51172637939453,91.51997987570957,90.48025968507217,91.21466346778384,5207100
2021-09-03,91.52822875976562,91.6437525280085,90.52151624030066,91.28892772681303,4460700
2021-09-07,90.49676513671875,91.37970042162412,89.79536900684367,91.30543783760632,4929300
2021-09-08,90.95059967041016,91.22290836297367,90.05115752406867,90.27395783455607,4265700
2021-09-09,89.10222625732422,90.55452690452246,89.07746576711055,90.45551012596142,6221300
2021-09-10,87.79844665527344,89.32501611028376,87.78193966257277,89.17648465384327,5894700
2021-09-13,88.39258575439453,89.12698965052745,88.14503119129564,88.56587143033414,5725300
2021-09-14,88.23577880859375,88.89591994877559,87.72416911017422,88.86291226220925,3848200
2021-09-15,88.5163345336914,88.90416698064702,87.87270038579591,88.34304890122512,4027400
2021-09-16,88.59060668945312,89.01144683852833,87.93871902184964,88.44207524246026,3405200
2021-09-17,87.79844665527344,88.83816685035684,87.62516100535505,88.4008196818126,6964300
2021-09-20,87.26207733154297,87.76543355312961,86.222357200577,86.82473648554176,6207000
2021-09-21,87.30337524414062,88.34308951694685,87.2786147461997,87.70770857245417,4371800
2021-09-22,88.15326690673828,88.68963082154198,87.55088761568153,87.93872008170224,4650400
2021-09-23,87.97998809814453,88.71439190316728,87.89746572363326,88.40907548596608,4042800
2021-09-24,87.03926849365234,88.0937335978316,86.83999440994943,87.74501345326279,4881000
2021-09-27,85.8685531616211,87.6619818269953,85.78552546443316,87.07247694197154,4311000
2021-09-28,85.28736877441406,85.76063370428226,84.76428214930135,85.37870115865252,7096500
2021-09-29,85.92666625976562,86.3418110468632,85.60285383259806,85.76891554820114,6227000
2021-09-30,84.50688934326172,86.30861657196596,84.50688934326172,86.21728419312767,7019300
2021-10-01,85.70250701904297,86.29201196770526,84.55670313649244,85.0548820426142,6106100
2021-10-04,85.71910095214844,86.0927350921866,85.1877160875054,85.60286090892072,5638600
2021-10-05,85.1296157836914,85.8519702207251,84.83071093627116,85.78554551360754,4313800
2021-10-06,85.94329071044922,86.05122609361496,83.85926173908473,84.7808838352631,5587900
2021-10-07,86.17576599121094,87.19701874245489,86.06783061409146,86.40824608630362,4055300
2021-10-08,85.3620834350586,86.27540718777884,85.29566507226714,86.1674654708531,5295400
2021-10-11,85.57795715332031,85.95158497586633,84.9718428990619,85.37868940360295,2634200
2021-10-12,86.6988525390625,87.06418204924489,85.55305498613764,85.78553509821445,3666500
2021-10-13,87.32988739013672,87.36309974456123,86.04293557827485,86.59092992436588,3371000
2021-10-14,88.39263916015625,88.47566686178659,87.61216482869435,87.83634659116461,2721900
2021-10-15,88.32621765136719,89.17311670852818,87.93598680616628,89.09838734013971,3065400
2021-10-18,88.5504150390625,88.84101522380737,87.82806057874616,87.96090999726322,3424100
2021-10-19,88.59190368652344,89.10668555326725,88.51718065815808,88.93232548580741,3104500
2021-10-20,89.9867935180664,89.9867935180664,88.65833129285247,88.7164513172491,6018900
2021-10-21,90.11134338378906,90.15286040413243,89.73771553913046,89.93698330064119,4849600
2021-10-22,90.5347900390625,90.84199950984774,90.1445528648403,90.22758056827726,4873000
2021-10-25,90.82538604736328,91.0578661402815,90.00340105180032,90.6676289837656,2625200
2021-10-26,91.07445526123047,91.38165831526602,90.79215354349924,90.99972591389343,2940600
2021-10-27,90.30230712890625,91.41489225651816,90.29400245843836,91.41489225651816,3573000
2021-10-28,91.56434631347656,91.58095565471376,90.31891177420816,90.38533646994163,3681000
2021-10-29,90.5347900390625,91.52283681340313,90.127949857996,91.16581198747727,5990500
2021-11-01,90.98314666748047,91.16581141465868,89.49692734724869,90.75066656547465,5846500
2021-11-02,91.4148941040039,91.76361425541278,90.70084445991472,91.28205104687048,3405900
2021-11-03,91.72210693359375,91.97119005032714,91.00805726333053,91.47301748225249,2723200
2021-11-04,90.85030364990234,92.08743994819554,90.4766757932631,91.75532277862281,3378800
2021-11-05,91.31524658203125,92.38631451635456,91.23221256017729,91.67227133834118,3209300
2021-11-08,91.24053192138672,91.81343382447739,90.65933168245961,91.63907375279925,2989800
2021-11-09,91.39830017089844,91.5975679436847,91.13260769564732,91.34018013989376,2671500
2021-11-10,90.974853515625,91.70550626224204,90.94164116333216,91.12430593363854,4021900
2021-11-11,91.12430572509766,91.14090873390184,90.50158837390109,91.11600105339133,2395200
2021-11-12,91.057861328125,91.3982831137702,90.80047357236884,91.37337543864633,3194300
2021-11-15,91.69718933105469,91.72209700657149,90.8751980313568,91.20731515233105,2713500
2021-11-16,91.09107208251953,91.82172465669187,90.88349968063577,91.75530630239038,3043900
2021-11-17,91.37339782714844,91.49793623328246,89.6463934698585,90.85861585489604,4667900
2021-11-18,91.38998413085938,91.54774119593691,90.9831439644361,91.49791950798178,2812800
2021-11-19,90.85030364990234,91.4813256386297,90.5098881436812,91.39829792988856,2928800
2021-11-22,90.40196228027344,91.19074148820923,90.24421150637367,90.94165198368019,3352600
2021-11-23,91.13258361816406,91.3982760232185,90.25247237955337,90.59289413878912,3867100
2021-11-24,92.23687744140625,92.40293917804622,90.85859986763595,91.07447695796415,3227600
2021-11-26,89.67127990722656,90.91671435038248,89.13989505158193,90.91671435038248,3514700
2021-11-29,90.33551025390625,91.09937515917467,89.67127604565127,90.33551025390625,4825900
2021-11-30,88.62513732910156,90.02832921081121,88.55041428278061,89.79584906500084,6335800
2021-12-01,87.16382598876953,90.55140355837158,87.13891197369914,89.45542127578682,8641300
2021-12-02,89.77921295166016,90.30229945837715,87.39628583299645,87.59555356504688,7134400
2021-12-03,89.48031616210938,90.30230750747371,88.70814650515374,89.87885799634125,7798400
2021-12-06,91.0495834350586,91.70550680927728,90.02001951166449,90.02001951166449,7212400
2021-12-07,92.36141204833984,92.62710446326777,91.57263947313072,91.79681487479213,5363400
2021-12-08,93.02564239501953,93.24981778738398,92.16214049866305,92.36140821794329,5542400
2021-12-09,91.68058013916016,92.70183917925043,91.65567246360308,92.6686268336386,3724500
2021-12-10,91.96287536621094,92.16214309109638,91.56433358183327,92.14554008677541,3828200
2021-12-13,92.82640075683594,93.2332409789351,91.50623670099202,91.78023385111545,6555000
2021-12-14,91.63908386230469,92.75166910944914,91.19902496473313,92.5690043471757,5924500
2021-12-15,92.92603302001953,93.0837901093053,91.63908762906281,91.91307844912696,6675800
2021-12-16,92.89280700683594,93.75630903315604,92.38632979587311,93.21661947488003,6178900
2021-12-17,92.77655792236328,93.79781691530131,92.56898552282853,92.73504724322048,7201700
2021-12-20,92.05422973632812,92.3199222112371,91.01636751643242,91.80514026970985,6071100
2021-12-21,93.09209442138672,93.52384232906877,92.57731246622758,92.76828190697307,4251000
2021-12-22,94.04690551757812,94.13823788550614,93.25813288686234,93.36606826050122,4517500
2021-12-23,93.9472885131836,94.4039440848044,93.45741425608264,94.27940568729485,6977700
2021-12-27,95.54216766357422,95.5589266339651,93.88274825390239,93.95817960594401,9185100
2021-12-28,95.8941650390625,95.99473804526801,95.26559813703281,95.48350312008813,3630400
2021-12-29,96.53949737548828,96.74901967631598,95.58407619524301,96.08692843840686,3842900
2021-12-30,96.95853424072266,97.36081344551019,96.58139029285758,96.58139029285758,3990400
2021-12-31,97.22671508789062,97.81337488097653,96.92500251027154,96.975285808504,5440300
2022-01-03,96.46405792236328,97.41947902238381,95.08959225587365,97.39433737145369,9845000
2022-01-04,96.34672546386719,97.2853875898509,96.26291782982335,96.7322456957589,5330700
2022-01-05,93.58941650390625,96.21263971013948,93.48884989528229,96.17911537589384,6928300
2022-01-06,93.6732177734375,94.05036171247352,92.69265504134641,93.70674210540376,5974500
2022-01-07,93.05303955078125,93.74027241462898,92.82675828822104,93.43018351386549,6999300
2022-01-10,92.51665496826172,92.60884528052244,91.3684706027223,92.48313063706578,6571900
2022-01-11,92.65913391113281,92.75132422869744,91.2343849209548,92.41608729156357,5568500
2022-01-12,92.76809692382812,93.33799784376144,92.62561689825985,92.6675239165058,4331700
2022-01-13,92.5837173461914,93.4385655389334,92.42447834794882,93.02790361064356,3921700
2022-01-14,91.74563598632812,92.18143960555619,90.65611734708715,92.08924927173824,6465300
2022-01-18,90.78181457519531,91.26790780662463,90.17838937674686,91.1421931579291,5828700
2022-01-19,89.55821228027344,91.65343527692195,89.55821228027344,91.2679150128322,5111000
2022-01-20,88.41001892089844,90.76505368124315,88.35135293863291,89.67553527446908,6982000
2022-01-21,88.19213104248047,89.3403091765506,87.96584337338162,88.44355397089629,8031500
2022-01-24,88.35972595214844,88.58600717495307,85.14984345941733,87.29535570632963,15646100
2022-01-25,88.00774383544922,88.67821132205627,86.35670717931963,87.39593593973389,9942900
2022-01-26,86.63330078125,89.55823090240996,86.04663438373305,88.51900187033368,9589300
2022-01-27,85.20014190673828,87.89040717985971,84.83138065259034,87.15288467156383,7459300
2022-01-28,87.95745086669922,87.96583354827744,84.3285298250584,85.31747524557494,6924500
2022-01-31,89.03858184814453,89.20620350019638,87.21993008363944,87.63897462260074,7457700
2022-02-01,88.72010803222656,89.3654337923194,88.1837315475979,88.96315462590394,9610000
2022-02-02,89.85153198242188,90.11133755828531,89.07210886071917,89.18106453636184,4619300
2022-02-03,88.8961181640625,89.72582465348488,88.82906949575629,89.28163841565383,5453100
2022-02-04,88.01612091064453,89.06373236232105,87.18641443126833,88.3178335202564,6865600
2022-02-07,87.89041137695312,88.49383019331188,87.69764805923086,87.9490773616316,5860900
2022-02-08,87.47974395751953,88.15860052308777,87.26184538033189,87.84012255100718,6106100
2022-02-09,89.45764923095703,89.52469790889928,88.39327864360769,88.39327864360769,5746600
2022-02-10,87.34566497802734,89.45764713071328,86.85118898245464,88.23403756050689,6948000
2022-02-11,86.54946899414062,88.12508078462226,86.0298577816313,87.78984382532107,5679000
2022-02-14,85.76167297363281,87.20318748125227,85.3929116640241,86.6668108822469,5350200
2022-02-15,86.53271484375,87.04394979648671,86.22261952015303,86.50757318937173,3612600
2022-02-16,86.93499755859375,87.15289615191833,86.00471801335067,86.62490224547496,4333000
2022-02-17,86.0130844116211,86.86793889798302,85.8957524459028,86.60812692179601,4847000
2022-02-18,85.49346923828125,86.7003131710909,85.37613727806522,85.79518182001173,4809500
2022-02-22,85.18339538574219,85.79520338416812,84.62187709298624,85.16663641326146,6656900
2022-02-23,83.77539825439453,86.27290696100799,83.74187391806464,85.90414565549253,6201000
2022-02-24,85.18339538574219,85.45158370423114,81.88970420242671,82.14113354843492,9479200
2022-02-25,87.23670196533203,87.36241662445227,85.14147896037224,85.52700562010443,5870300
2022-02-28,85.93766784667969,86.85956469334296,85.03252997070636,86.51595144423707,7296900
2022-03-01,85.48509979248047,86.67518494127879,85.02414816732669,86.15557372104719,8896200
2022-03-02,87.0858383178711,87.52164182078667,85.6694657436992,85.79518038299999,6946100
2022-03-03,87.79823303222656,88.09156299562086,86.66681380535503,87.57194535038407,6517000
2022-03-04,88.20051574707031,88.2843233978726,86.8092908402334,87.03557213681097,6438500
2022-03-07,86.45729064941406,88.21727680679243,86.41538362900194,88.00775449295897,6506200
2022-03-08,86.0382308959961,87.58031178553391,85.7448945929077,86.41536843694911,7090600
2022-03-09,87.3624267578125,88.23404039626975,87.21995311153655,87.48814143151465,5785900
2022-03-10,87.58030700683594,87.78982927240253,86.20584145624805,86.4405053706247,4034900
2022-03-11,86.88469696044922,88.66144818496382,86.82603097820221,88.2507863092348,5381600
2022-03-14,86.20582580566406,87.53000781822787,85.82030567430579,87.37915155864324,4539900
2022-03-15,86.78414154052734,87.43785011096654,85.99633562532456,86.97689848098335,5245000
2022-03-16,87.81497955322266,88.22564144374891,85.95442062904472,87.42107663217978,6561300
2022-03-17,89.17268371582031,89.17268371582031,87.47974011140737,87.49650547452336,3844300
2022-03-18,89.17268371582031,89.47439631078278,88.6363071901343,89.12239402058488,5815300
2022-03-21,88.62793731689453,89.65040721490882,88.24241703297517,89.23974527679461,4571900
2022-03-22,88.85421752929688,89.39897680871151,88.66146058671399,89.16431284689926,4749800
2022-03-23,87.8573226928711,88.90223819472695,87.73934867310199,88.48090057295099,4595400
2022-03-24,88.41349029541016,88.43876952557149,87.5455357713259,87.88260717471553,3893400
2022-03-25,89.51741790771484,89.51741790771484,88.48935280679741,88.80113861572562,4495100
2022-03-28,90.46961212158203,90.46961212158203,89.41626809672113,89.60165767375291,4130800
2022-03-29,93.1240463256836,93.27572813216082,91.27015686550602,91.36285165997,5350500
2022-03-30,92.44990539550781,92.91337937715555,92.0369963031049,92.7448404615099,5216200
2022-03-31,91.32073211669922,93.10719978559938,91.32073211669922,92.82912179975361,7466900
2022-04-01,93.09877014160156,93.13247149605262,91.44712089299692,91.74206239181355,6568700
2022-04-04,92.64372253417969,93.33471600806008,91.82632648221461,93.13246931148373,6311800
2022-04-05,92.1886978149414,93.52854872788667,91.91061336652135,92.382509572977,4993700
2022-04-06,93.2841567993164,93.37685160028242,91.37971517552984,91.81790351992161,5050800
2022-04-07,92.35720825195312,92.82068222182184,91.75048102925302,92.74483810443328,5338200
2022-04-08,92.50889587402344,92.91338285762254,91.83475947349491,92.49204519637878,5941000
2022-04-11,91.51454162597656,92.77012609598046,91.32072989598205,92.26452217234356,4315700
2022-04-12,91.37972259521484,92.21396944254406,91.02579404046942,91.55668365803601,5094800
2022-04-13,92.028564453125,92.1633955808112,91.14375928681689,91.43869434225292,4673100
2022-04-14,91.63252258300781,92.795418767238,91.55668488182924,92.39093174030941,4464700
2022-04-18,91.26174926757812,91.96116497017283,90.81512590084482,91.44713245691085,4256900
2022-04-19,93.25044250488281,93.50324121226613,91.64092975607173,91.73362454417612,7536100
2022-04-20,94.80097961425781,95.11277181724397,93.52011587405266,93.58752501788238,5395900
2022-04-21,94.14368438720703,95.5678076840109,94.05941814406351,95.28129474240022,4820700
2022-04-22,92.49205017089844,94.00043985076944,92.4330631523159,93.9077450459822,4917800
2022-04-25,92.25611114501953,92.63531252608453,90.7224420823489,92.20554624620165,6032300
2022-04-26,90.7392807006836,92.55103396415612,90.68029368415671,91.98644303038408,6217500
2022-04-27,90.14098358154297,91.52297064678596,90.0651394566038,90.78984077485352,6007100
2022-04-28,91.8010482788086,92.09598334490225,89.62694448457144,90.58759380219209,7235300
2022-04-29,87.58767700195312,91.36285892938307,87.36857961314163,91.23645634241096,9573900
2022-05-02,85.4725570678711,88.09327779989917,83.72821943093913,87.5286868844082,11885700
2022-05-03,86.53433227539062,87.05678686886905,85.18604659506576,85.75906608047305,7245400
2022-05-04,87.52869415283203,87.70565521137775,85.05965502894624,86.59332396544542,8686700
2022-05-05,85.19446563720703,87.62137444756239,84.53717997743641,87.16632904562076,8884000
2022-05-06,84.18325805664062,84.85739439354042,83.31530358505724,84.58773857296012,9398500
2022-05-09,80.47549438476562,83.42485805331724,80.18055930373097,83.42485805331724,8491700
2022-05-10,79.00923919677734,81.95860279413442,78.37723271162939,81.38558332376952,12528300
2022-05-11,78.84070587158203,80.68616699649094,78.67217336855688,79.17777730673521,9095800
2022-05-12,79.45584106445312,79.54853584574724,78.26766601101104,78.69743213982001,8312300
2022-05-13,81.55413818359375,81.5794174212769,79.63283897042432,80.1468715669956,7536700
2022-05-16,81.04007720947266,81.73107065696715,80.8715447311967,81.36029791893968,4614200
2022-05-17,82.14399719238281,82.1692764246097,80.93054261266992,82.00916604836902,4492000
2022-05-18,79.75922393798828,82.01759415508698,79.447431740983,81.89962011926937,5130300
2022-05-19,79.40528106689453,80.35750165817046,79.11876817689843,79.11876817689843,6365100
2022-05-20,79.91090393066406,80.33224160011297,78.66374160029015,80.13842344336132,4471300
2022-05-23,80.83784484863281,81.06536435944716,79.44742926513771,80.60189678435052,4662400
2022-05-24,81.5204086303711,81.6720904450863,79.26203851633504,80.46706448071068,5895300
2022-05-25,82.21141815185547,82.4305155778182,80.96426203598331,81.20021014281838,4589300
2022-05-26,82.31253051757812,83.12149810245349,82.20298503379702,82.52319936038221,4355200
2022-05-27,84.52033233642578,84.5371830130575,82.74228699853136,82.74228699853136,4990000
2022-05-31,83.48384857177734,84.04001740143401,83.02880310090447,83.74507587892361,6276900
2022-06-01,82.79283905029297,83.85461161078105,81.72264436669185,83.76191682372486,4607100
2022-06-02,83.93045806884766,83.97259440522485,81.4782763043294,82.48105553326329,5450800
2022-06-03,82.80970001220703,83.71979089139079,82.59060906022393,83.27317400506054,4989900
2022-06-06,82.5484848022461,83.66924467325327,82.34624449809024,83.5007057288706,5445300
2022-06-07,83.68608856201172,83.72822490196386,81.8237767741575,82.14399752794696,6489200
2022-06-08,81.75635528564453,83.35743965142227,81.57939424303628,83.1467708251121,4566100
2022-06-09,79.81820678710938,81.86590805771351,79.81820678710938,81.41086261656788,4358600
2022-06-10,78.04859161376953,78.9839617472104,77.99802672202775,78.77329291407692,7260100
2022-06-13,74.14700317382812,76.35481493292178,73.82678885129967,76.31267859325364,8559700
2022-06-14,73.58241271972656,74.54306212287034,73.00096465973324,74.39980885360042,8707300
2022-06-15,75.32673645019531,76.35480123426849,74.07958074064219,74.27339243849764,8851100
2022-06-16,73.34645080566406,74.15541823307818,73.0262365414069,73.5402625030218,8083300
2022-06-17,73.90262603759766,74.87170398135008,73.22848961128062,73.3211844146284,7791800
2022-06-21,74.93069458007812,75.73966218778212,74.55149322397105,74.58520101126327,5933100
2022-06-22,75.8829116821289,76.85198311271792,74.13857410632565,74.14699623018834,6250200
2022-06-23,77.3245849609375,77.54507802088145,76.1203650805746,76.16276336168065,6139300
2022-06-24,78.96979522705078,79.0715562832476,77.64684326597931,77.87581858253611,4656500
2022-06-27,78.85105895996094,79.70757792675467,78.38463261562289,78.91042172468977,3784200
2022-06-28,77.89278411865234,79.91960730421884,77.78254080711481,79.31749727340757,4735900
2022-06-29,77.40938568115234,77.5620337226994,76.55286019969073,77.45179043104847,4606700
2022-06-30,77.26522827148438,78.21503912978348,76.28997714850837,76.86664687139405,6402600
2022-07-01,78.65601348876953,78.87650655113559,77.00233169616578,77.14649749961193,4512500
2022-07-05,78.43551635742188,78.46095661905653,76.60374634910688,77.85884670349641,5154400
2022-07-06,78.29133605957031,79.33443188377325,78.0284447779657,78.68143509584189,3428900
2022-07-07,78.50336456298828,79.19875977954378,78.29983599157259,78.7662559039859,3032400
2022-07-08,78.08783721923828,78.67298276106122,77.71469605571356,78.33377057973797,3509800
2022-07-11,77.918212890625,78.23199122802282,77.31610294863725,77.83340985810189,3453200
2022-07-12,77.61293029785156,78.40161093061093,77.0617072555407,77.5111692291457,4396100
2022-07-13,77.23979187011719,77.80797937651062,76.25605845302637,76.73944291623617,5572400
2022-07-14,76.54438018798828,76.88359875820765,75.8574608040286,75.95922831611125,4494500
2022-07-15,77.8418960571289,78.21503718325602,77.08713803023143,77.79101552904139,5124800
2022-07-18,77.29066467285156,78.4694443243795,76.98536857187459,78.3846412896763,3397900
2022-07-19,79.29204559326172,79.38533087038775,77.90125515072776,77.98605818355414,3659100
2022-07-20,79.1054916381836,80.07226064939185,78.71539242928009,79.14789639852316,4212400
2022-07-21,79.73303985595703,79.74152210181092,78.34224915858013,79.26661985491867,5062800
2022-07-22,80.14857482910156,80.65739951975308,79.53798261229696,80.2079376018433,3615200
2022-07-25,80.28425598144531,80.74220013028796,79.8771988291786,80.23337545492616,3252800
2022-07-26,80.36906433105469,80.8015682452424,80.07225045663458,80.27578551628598,3337300
2022-07-27,80.85244750976562,81.04750032136462,79.87720286194198,80.56411588485776,4160900
2022-07-28,83.47291564941406,83.54923645301265,81.3782473276579,81.3867295736326,4100300
2022-07-29,83.92235565185547,84.22765172639382,83.13367520430742,83.47289378380073,3301300
2022-08-01,83.24394226074219,83.70187999765142,82.84536083226786,83.48986915016998,3572700
2022-08-02,82.17537689208984,83.45592377236477,82.12448990694259,83.21846627180662,4731300
2022-08-03,82.43827819824219,83.29480363669047,82.39587992053167,82.68421150116521,3107000
2022-08-04,82.31108093261719,82.67573981177085,81.8107384893903,82.54853202228806,2884200
2022-08-05,82.54005432128906,82.58245260342251,81.42063744606907,81.70896905678087,2719300
2022-08-08,83.2778549194336,83.87148915029915,82.79447046561623,83.10824883636191,4694200
2022-08-09,83.73579406738281,83.74427631204301,83.02344079729251,83.38809967699787,3403700
2022-08-10,85.00785064697266,85.1350584241123,84.35486021373845,84.68559655226771,3165200
2022-08-11,84.8043212890625,85.75413201672025,84.56687022466213,85.38099093263038,2151600
2022-08-12,86.26295471191406,86.32231747668014,85.28770374499476,85.31314400560078,3423700
2022-08-15,86.61067199707031,86.73787980384937,85.93224114434506,86.08488921846836,2135300
2022-08-16,86.38168334960938,86.81418720564221,86.06790502738063,86.22903531042462,3680800
2022-08-17,85.8643798828125,86.3732045436623,85.34707297776585,85.60148854321903,3683400
2022-08-18,85.29619598388672,86.0848765053744,84.89761460086886,85.87286568207188,2263400
2022-08-19,84.39727020263672,85.12658799136807,84.10045632816633,84.78737583200603,2788800
2022-08-22,82.55701446533203,83.8036391591568,82.47221142882535,83.73579414192868,3517500
2022-08-23,81.49696350097656,82.51461938877557,81.1831916067024,82.47221463384582,5605300
2022-08-24,81.96337127685547,82.46371362689223,81.50542720204488,81.57327220647366,2292200
2022-08-25,83.18455505371094,83.21000178476348,82.04818026216682,82.21778631551317,2129200
2022-08-26,81.08991241455078,83.2693836985146,81.05598990206967,83.2693836985146,3187200
2022-08-29,80.3605728149414,81.19165150052456,80.20792478513243,80.60650611130343,2833800
2022-08-30,79.24964904785156,80.66588636993099,79.02068018850572,80.66588636993099,3643600
2022-08-31,78.87650299072266,80.05528256815049,78.69841468802382,79.69910596275281,4100800
2022-09-01,79.02066802978516,79.03762604747442,77.60443739567508,78.40159362819735,4746100
2022-09-02,77.918212890625,79.86023274467051,77.7316488070968,79.70758469810626,3561800
2022-09-06,78.6220932006836,78.95282956853978,77.81645465745582,78.24895208000198,4591800
2022-09-07,80.15703582763672,80.31816609682888,78.58815729147697,78.62207979394142,3681100
2022-09-08,80.3775405883789,80.65739642200899,79.50405705013056,79.74150813197787,3408300
2022-09-09,81.25102996826172,81.53088582201234,80.29274332760747,80.63196195608788,4129900
2022-09-12,82.03971099853516,82.19235905872081,81.47152351286634,81.57329104300919,2737500
2022-09-13,78.90193939208984,80.65738854143962,78.64752384636421,80.43689549981448,4824900
2022-09-14,78.00301361083984,78.8086520341875,77.4517842564176,78.57120098183475,5301500
2022-09-15,76.56134796142578,78.25743455860422,76.47654492557824,78.02846571481017,6727800
2022-09-16,76.56983184814453,76.65463488581076,75.56065823076241,76.16276820926677,6807800
2022-09-19,76.4595718383789,76.49348786998848,75.37407119525885,75.88290225018147,4467100
2022-09-20,74.60237121582031,75.81507341117225,74.22074784326348,75.74722839337677,5850800
2022-09-21,73.42359161376953,75.56065791632777,73.39815134958123,75.11967824026424,7128900
2022-09-22,72.49076080322266,73.23703674964072,72.23634516668596,73.20311423343193,6743600
2022-09-23,71.5272216796875,72.11870550558089,70.73856567826105,71.75009660995867,8982100
2022-09-26,69.52130126953125,71.19290248123912,68.79265760603141,71.14146427124706,8119600
2022-09-27,68.59548950195312,70.59283545104836,68.42404624852782,70.12136323405832,10015000
2022-09-28,70.01849365234375,70.30138090781185,68.51834228807108,69.22127009429607,9000200
2022-09-29,67.96115112304688,69.31557525105329,67.48967884010361,69.31557525105329,8576300
2022-09-30,68.72407531738281,69.21269578454853,68.1497332233731,68.32117647706109,9023600
2022-10-03,69.9499282836914,70.38711717487949,68.61265231081288,69.77848499388625,8718400
2022-10-04,71.36433410644531,71.89581858877557,70.66140639246791,70.76427625554024,6439300
2022-10-05,69.96705627441406,70.50710836703013,68.80979151287329,70.39567091494312,6518400
2022-10-06,68.0211410522461,70.05277677019816,67.87541364643872,69.76988954235541,7820800
2022-10-07,66.38385772705078,67.75542368419184,65.93809470339096,67.37824059342466,6913700
2022-10-10,65.758056640625,67.04390054804468,65.65518677358091,66.47813262965298,6549500
2022-10-11,66.42671203613281,66.88104262411075,64.94370866556868,65.71521652257935,7189700
2022-10-12,65.73234558105469,66.43527337320425,65.3208726231458,66.43527337320425,6634400
2022-10-13,66.9324722290039,67.25821704220881,64.00074928973609,64.42078985889475,8561200
2022-10-14,65.2694320678711,67.96113128639878,65.17513633077733,67.44679506415818,7320700
2022-10-17,67.72969818115234,67.98686308259556,66.42670580266419,66.47814401506598,5823800
2022-10-18,68.46691131591797,69.42700401312298,67.83255688081782,68.84408778690238,5609200
2022-10-19,66.76102447509766,68.02115276136924,66.3495580184425,67.79827128226519,6452100
2022-10-20,66.46956634521484,67.54110306110984,66.28097483679475,66.79531115239612,4959700
2022-10-21,66.99246978759766,67.02675974374122,65.61233011848614,66.70100843044757,6060100
2022-10-24,66.98388671875,67.81540005880814,66.49526635419845,67.54108698643077,4918000
2022-10-25,69.61558532714844,69.74417102031121,67.21534739538339,67.21534739538339,5815800
2022-10-26,69.57273864746094,70.21566067347307,69.10125987899562,69.54701627270197,5746800
2022-10-27,69.67560577392578,70.48140351651423,69.45272429488487,69.95849305038446,5239600
2022-10-28,71.21002960205078,71.3900469497893,69.1955422838648,69.3927013379947,4651400
2022-10-31,71.13288116455078,71.51863168454094,70.36137358443077,70.54996505292007,5112200
2022-11-01,71.10716247558594,72.11869323517993,70.94429336812033,71.90438592628409,4751100
2022-11-02,69.15267944335938,71.51005979275483,69.01552616935821,70.66140469821164,7240200
2022-11-03,69.05839538574219,69.58130582034794,67.74683550686387,68.51834324153965,5231600
2022-11-04,70.00135040283203,70.47282261143138,68.66406819737857,69.60701915471805,5664800
2022-11-07,70.00135040283203,70.76428398523639,69.5298716540919,70.3699527371224,5545800
2022-11-08,70.21566772460938,70.9614531639858,69.76990474599795,70.18994534726734,5578400
2022-11-09,69.4955825805664,70.82429067837144,69.31556520333993,70.04420883691589,5510300
2022-11-10,74.57894134521484,74.72466874142825,71.96438963602206,72.00725371262122,8312600
2022-11-11,74.57038116455078,75.34188890660832,74.28750044258058,74.60467112421345,5928000
2022-11-14,72.75306701660156,74.25321857968349,72.70162880142806,74.15892281536415,6181900
2022-11-15,73.54169464111328,74.05603085859852,72.76161292148446,73.72171199022613,5283900
2022-11-16,72.8730697631836,73.63600337077375,72.70161996700878,73.35311611219106,4258200
2022-11-17,72.37586975097656,72.53017128592208,71.6643678653867,71.97297093527771,4463400
2022-11-18,73.29310607910156,73.58456090552875,72.55588834854497,73.24167441329456,3854100
2022-11-21,73.6788558959961,73.74743580979462,72.81305900981675,73.03593391945114,3505900
2022-11-22,74.08175659179688,74.1760523406244,73.51598863897247,73.99603496744659,3514700
2022-11-23,74.14175415039062,74.50179539690909,73.54169630642649,73.987452627637,4423800
2022-11-25,74.61323547363281,74.63037718114778,74.2103366755589,74.2103366755589,1524100
2022-11-28,72.61590576171875,74.54467201989023,72.44446248816017,74.19321134705264,4032700
2022-11-29,73.81600189208984,73.91029762085873,72.44443657382337,72.67588556434923,6035700
2022-11-30,75.50476837158203,75.55620004358825,73.09594927040902,73.64458211242139,7077800
2022-12-01,75.3418960571289,76.61916611011618,74.7246898049053,76.05339807233901,5038900
2022-12-02,75.11901092529297,75.49619395894715,74.14176992004475,74.45037303119065,3953700
2022-12-05,73.7474365234375,74.89612720018661,73.58456086162501,74.89612720018661,5983200
2022-12-06,73.0530776977539,73.93602277842454,72.73590052094963,73.90173282362353,5276900
2022-12-07,73.19880676269531,73.97031441288657,72.76161800423021,72.90735195047877,6206700
2022-12-08,73.71314239501953,74.38178017283806,73.29310188795357,73.43026170911646,3994400
2022-12-09,73.57599639892578,74.28749832634024,73.29310914487316,73.47312652286823,4572500
2022-12-12,74.14175415039062,74.15032827391582,72.91591609188676,73.74742949005133,5115900
2022-12-13,75.5133285522461,76.69630921352125,74.64753163771199,76.19054050786893,6864400
2022-12-14,74.99899291992188,76.38770680136858,74.62181645865081,75.46189754707078,6553300
2022-12-15,73.99604034423828,74.68182646915336,73.584567361261,74.15891602043739,5325500
2022-12-16,72.08440399169922,73.22452045590039,71.28718707328046,73.22452045590039,8166400
2022-12-19,71.16716766357422,72.00725518506152,70.73855304937742,72.00725518506152,3776100
2022-12-20,70.98714447021484,71.3986173436529,70.17277938629591,70.832842960193,6614800
2022-12-21,71.59579467773438,72.36730242493712,71.36434562364411,71.45864137831006,7101700
2022-12-22,71.29499816894531,71.33846144724062,69.97358981631687,70.99941736668217,6619400
2022-12-23,71.92962646484375,71.95570576197859,70.76470697563336,71.0776718064077,3539500
2022-12-27,71.90354919433594,72.1295808301722,71.2689308375741,71.90354919433594,3961900
2022-12-28,70.67777252197266,72.39037711840314,70.5734487027037,72.05133299650154,5168000
2022-12-29,72.22520446777344,72.38168687700616,70.96464988434933,71.17329751837819,5398400
2022-12-30,71.70359802246094,72.02525151510541,70.85163677238515,71.70359802246094,4897700
2023-01-03,71.77313995361328,72.9032914038688,70.9907345539047,72.30344107368634,5906600
2023-01-04,73.3988037109375,74.05081250620252,72.30342707777085,72.37297627441747,6860200
2023-01-05,71.42539978027344,72.81635067569837,71.25152677298466,72.81635067569837,6839500
2023-01-06,73.3466567993164,73.59876770283933,71.46017267744874,71.78183278868366,5962000
2023-01-09,73.37274169921875,74.18123306104573,73.05977687318392,73.58138270571597,5699200
2023-01-10,73.53789520263672,73.53789520263672,72.56423298345175,73.25970504964438,8040700
2023-01-11,76.17201232910156,76.19809161824595,74.08558297406206,74.08558297406206,5663300
2023-01-12,77.13700866699219,77.25002116427846,75.7460509299836,76.50238370203867,5890600
2023-01-13,76.65885925292969,76.96312874344379,76.09378355193067,76.3285104678826,4153800
2023-01-17,76.87620544433594,77.27610348798727,76.5719359146641,76.7718816202006,3943900
2023-01-18,75.75474548339844,77.35434421195534,75.62434236778368,77.09353798072583,5984200
2023-01-19,75.33745574951172,76.18071499454304,75.29398583790368,75.33745574951172,4696800
2023-01-20,76.23287963867188,76.25895893240863,74.47679869118858,75.35483916493023,4251100
2023-01-23,76.58061981201172,77.0152924365755,75.75474447837166,76.2415756954582,5154100
2023-01-24,76.77185821533203,77.09351826725347,75.6330183375021,76.37196029359463,3810600
2023-01-25,76.80664825439453,76.92835605362791,76.06770614974114,76.42414087076575,4953300
2023-01-26,77.66729736328125,77.6846879816095,76.82403808653231,77.24132007032472,3939000
2023-01-27,78.53665161132812,78.8322324637478,77.49343989913962,77.49343989913962,4972100
2023-01-30,77.5368881225586,78.74527722689122,77.50211352420514,77.91070676413766,4737700
2023-01-31,79.16255950927734,79.25818799704892,77.49341857602577,77.62382166231215,5449600
2023-02-01,79.6494140625,80.18840387176888,77.8933329461276,78.73659889846131,9787400
2023-02-02,81.45764923095703,82.17920739762859,80.34488834540852,80.37096764232325,5218600
2023-02-03,79.92760467529297,80.36227730174973,78.9365516175778,80.31880738607288,5353000
2023-02-06,79.34513092041016,79.44075941992466,78.53663964524586,78.93654426098502,3787500
2023-02-07,79.17125701904297,79.53638036473885,78.12804556488999,78.9713047301657,5912700
2023-02-08,78.79743957519531,79.24080743467735,78.51924940764472,78.80613488334349,4886900
2023-02-09,77.9367904663086,79.57115688597425,77.72814949695436,79.11910034694395,2905100
2023-02-10,78.20629119873047,78.3540782867595,77.16307964107257,77.58905691998218,3270300
2023-02-13,78.90176391601562,79.02347170061712,78.3106089768469,78.39754216119412,2921900
2023-02-14,78.27583312988281,79.24950202376381,77.8063859827925,78.6496517859412,4217600
2023-02-15,78.58880615234375,78.60619013773221,77.58036255279994,77.79769884933155,3669900
2023-02-16,77.82376861572266,78.51055202458878,76.86749035457642,77.48472456524878,4493100
2023-02-17,77.51950073242188,77.77161160654157,76.78055872625129,77.55427533222218,4299600
2023-02-21,75.96337127685547,77.04136395965882,75.62432722369887,77.03266865167166,4926400
2023-02-22,75.27660369873047,76.30243138199403,74.93755957424808,76.1546442780049,4456500
2023-02-23,75.84166717529297,76.04161947324003,75.01579195600837,75.73735000469186,6074900
2023-02-24,74.51158142089844,75.0505778696978,74.12906738416483,74.98972396681545,5065400
2023-02-27,74.62458038330078,75.76342697724479,74.30292694036139,75.23312593433864,5170800
2023-02-28,74.52025604248047,75.49391821829228,74.433322867151,74.58980523577449,7261100
2023-03-01,73.58138275146484,74.21600771370173,72.99022770554018,73.99867139729675,7041800
2023-03-02,74.4420166015625,74.55503570649101,72.95543731488748,73.0597611119192,5208800
2023-03-03,75.57218170166016,75.74604809599211,74.81584895790282,75.03318526710665,4542100
2023-03-06,75.27660369873047,75.98947318696095,75.10273729787008,75.91992397358557,3893700
2023-03-07,73.5205307006836,75.29399588314391,73.36404828362598,75.22444666832315,6540600
2023-03-08,74.36377716064453,74.79844969024902,73.45096219544453,73.48573679372207,5750400
2023-03-09,72.65985870361328,74.55503112138956,72.50337633397758,74.48548192764565,5974200
2023-03-10,70.25177001953125,72.70332274816849,69.87795138990397,72.55553568432371,10351000
2023-03-13,71.17329406738281,72.12087715381796,69.62585403663347,69.88666025023485,16288000
2023-03-14,71.8600845336914,72.69465521244996,71.08636112707943,72.38169037884323,8706400
2023-03-15,71.80789184570312,72.02522808411783,70.67774738549204,70.68643605957418,10284900
2023-03-16,71.65142059326172,72.0078552631383,70.37348225211657,71.16458946618802,10324300
2023-03-17,70.02574157714844,71.42538754124712,69.95619238615046,71.35583835024914,9103200
2023-03-20,70.82555389404297,71.12982338490185,69.93012940698219,70.5560590067933,6300300
2023-03-21,70.5125961303711,71.47756992094207,69.89536177801475,71.28631289829512,5024500
2023-03-22,67.87846374511719,70.13006426251846,67.86107312970807,70.10398497198122,8283600
2023-03-23,67.45249938964844,69.10425680443893,67.20908376416784,68.22622281718083,6274400
2023-03-24,69.1822738647461,69.19983209828995,66.92566235752876,67.13639465534989,8380000
2023-03-27,69.10324096679688,69.84959647978525,68.99787817366614,69.5949585646217,4956700
2023-03-28,68.93641662597656,69.24373594802424,68.33055374889773,68.59397413868646,4213800
2023-03-29,70.4642333984375,70.55203795694163,69.63008004406066,69.75300776577814,6364000
2023-03-30,71.3862075805664,71.60572235578455,71.0349826004055,71.14034540511226,4838000
2023-03-31,72.91402435302734,72.98427068483727,71.6847403425894,71.79888560748633,6148200
2023-04-03,72.33448791503906,73.42328574643419,71.96570479427182,72.82620544178633,7582700
2023-04-04,72.23790740966797,72.63303795956071,71.7549790029878,72.48376954471728,6243400
2023-04-05,71.8515625,72.52766491581444,71.7461930187184,72.03595406794939,7024100
2023-04-06,72.34327697753906,72.38718260504041,71.53546434435677,72.10620400658316,7008200
2023-04-10,72.67692565917969,72.69449058706992,71.58813459698663,72.00082331466373,3972100
2023-04-11,72.98426818847656,73.58134859032046,72.52767374638839,72.81743483089912,4839400
2023-04-12,72.63302612304688,73.73938210376969,72.51009842508402,73.63401263449133,5920500
2023-04-13,72.41352844238281,72.7296302254688,71.71986101278071,72.68572459485071,3884400
2023-04-14,71.28961181640625,72.88767891639966,70.74521282884818,72.45742518632024,5078300
2023-04-17,72.77352905273438,72.79109398457992,71.28961386660262,71.28961386660262,5148900
2023-04-18,72.60669708251953,72.86133498318071,72.23790723038994,72.85255251790048,4189600
2023-04-19,73.03694915771484,73.20378251431399,71.97449855313108,72.23791223827543,3624200
2023-04-20,72.31694793701172,72.67694868412796,71.93938225644047,72.59792658075828,4604400
2023-04-21,72.32571411132812,72.6769323125999,71.7198513257361,72.34327234176861,5136600
2023-04-24,72.05352020263672,72.65060059728086,71.49156297227266,72.31694058520802,3673500
2023-04-25,71.3423080444336,71.90426538110496,71.2632859341485,71.64962741619765,5127500
2023-04-26,70.65740966796875,71.84278799268742,70.49935877806902,71.20180196724445,5128500
2023-04-27,72.2554702758789,72.45742007864823,70.78033100301992,70.90325871750333,6439300
2023-04-28,73.14232635498047,73.50232710564603,72.18523844402496,72.36963005276479,5352800
2023-05-01,72.59791564941406,73.42329322197779,72.48377039538094,73.15109038688607,4817200
2023-05-02,71.36863708496094,72.5627979050055,70.83302053924717,72.41352947726462,5442500
2023-05-03,71.08765411376953,72.51011207096666,71.02619025322105,71.71985765030159,7538900
2023-05-04,71.67594909667969,72.0974203368538,70.62228104483155,71.05252805111276,7231800
2023-05-05,72.87010192871094,73.0281527893326,72.07984762560265,72.09741255403694,4560600
2023-05-08,72.44865417480469,72.94036509967302,72.15011061394969,72.71206787067318,4896000
2023-05-09,72.14132690429688,72.44864619850497,71.34229004029761,72.0974212769565,4522000
2023-05-10,72.83499908447266,73.1159777262693,72.08865019523711,72.84378155113922,6331600
2023-05-11,72.03596496582031,72.3520667584283,71.58815297644918,72.31694359268754,5175400
2023-05-12,72.02716064453125,72.25545780304492,71.43886286976223,72.17642902934305,3293800
2023-05-15,71.90425872802734,72.33450580868758,71.7198671220301,72.15011420269033,3477400
2023-05-16,70.1042251586914,71.82522664020428,70.09544939228716,71.72863961729105,5401000
2023-05-17,71.05253601074219,71.17546374059346,69.9110632765434,70.55204262518805,4849000
2023-05-18,70.71009063720703,71.07887381172284,70.16569834122423,70.75399626710306,4009000
2023-05-19,70.59593963623047,71.3949697826922,70.25349718788144,71.02618663817141,4803400
2023-05-22,71.02619171142578,71.45643874409836,70.28862536970134,70.65740854056357,4839100
2023-05-23,70.35885620117188,71.6057049119518,70.2710516522865,70.86813196338778,5460000
2023-05-24,68.84861755371094,70.15692374281123,68.76958875084752,69.96374966809992,4910700
2023-05-25,68.8398208618164,69.34031417966457,68.32176261404629,69.18226330565685,4810700
2023-05-26,69.63008880615234,69.76179231095261,68.64666020960183,68.95397955256786,3230700
2023-05-30,69.89348602294922,70.66618213043695,69.69153623053414,69.87592779280526,4449400
2023-05-31,70.24471282958984,70.40276370141873,69.46324093528528,69.7090963583396,4673800
2023-06-01,70.25349426269531,70.6661830163577,69.49836307494236,70.15690724804847,4016600
2023-06-02,71.9657211303711,72.16767766562035,70.89448798482965,71.02619818616098,5114900
2023-06-05,71.46522521972656,72.27303793429178,71.33351502301163,71.87791404320586,3936600
2023-06-06,72.15010833740234,72.29937676359053,71.29839001294468,71.81644832020663,4728200
2023-06-07,73.47598266601562,73.66915673174141,72.13255337136147,72.4749958700357,3825200
2023-06-08,73.01939392089844,73.26524938341046,72.22913943492486,73.14232165215445,3097900
2023-06-09,72.59791564941406,73.17743108404306,72.29937211716533,73.04572759825804,3199400
2023-06-12,72.615478515625,72.63304344755622,71.95693424843714,72.54523888507624,4072500
2023-06-13,73.08086395263672,73.16866852536243,72.3081676349077,72.52768241625172,3693700
2023-06-14,73.35305786132812,73.87110951367397,72.74719493992227,73.37939856242242,5042700
2023-06-15,73.73938751220703,73.86231521918606,72.59790829133597,73.08084335379472,4661000
2023-06-16,73.68671417236328,74.35404092885412,73.52866327474858,73.8974531685555,4576900
2023-06-20,72.81742858886719,73.511095959419,72.4135222779873,73.42329140471608,3826600
2023-06-21,72.3783950805664,72.64181542904528,71.85156108266641,72.41351824030077,4691300
2023-06-22,71.3423080444336,72.53646905962522,70.91206092396394,72.47500518527241,5114800
2023-06-23,70.35885620117188,71.51789366400875,70.33251550641202,70.91203758735931,3956400
2023-06-26,71.98326873779297,72.08863151425106,70.26226746632561,70.35885447745055,3246800
2023-06-27,72.87010192871094,73.07205841136091,71.77252836857647,72.2730216440355,3845900
2023-06-28,72.97547912597656,73.12474753817986,72.32571738534129,72.79987001739127,4691000
2023-06-29,73.79064178466797,73.81727992206532,72.51196376666503,72.76059541531271,5033400
2023-06-30,74.1991195678711,74.59871200968206,73.16019141363212,74.42111311064208,5758500
2023-07-03,74.92723083496094,75.25578359752457,73.81726352526294,74.08365838947158,3632400
2023-07-05,75.09595489501953,75.5665799933773,74.08366515806416,74.76740210243796,5766400
2023-07-06,74.51878356933594,74.60757962287364,73.13354616497482,74.1103163032988,5609000
2023-07-07,74.35006713867188,74.82956714427031,73.98599454124245,74.14583013467661,5865300
2023-07-10,74.66973114013672,74.73189582446194,73.91495458767837,74.11919159055027,3855600
2023-07-11,75.73530578613281,75.77970042278359,74.69637779758642,74.87396989359796,4038400
2023-07-12,76.14376831054688,76.85415020000201,76.0727287666606,76.75647252083434,5361600
2023-07-13,76.63215637207031,76.64991287061252,75.70866262968899,76.1348863417396,5067100
2023-07-14,76.48120880126953,76.53449185546711,75.99282709827534,76.34801810253788,5618100
2023-07-17,75.98394012451172,76.57000625659691,75.84186779760601,76.28585482808106,5610700
2023-07-18,75.56659698486328,76.21482107957667,74.9272545283528,76.1082617452566,4605100
2023-07-19,76.4190444946289,76.7653538317879,75.99282074491214,76.01057724502353,5363700
2023-07-20,76.17041778564453,76.20593756287565,75.22028576250275,76.12602314513424,5667100
2023-07-21,76.5256118774414,76.73872377474015,76.18818414215964,76.37465789913418,4767700
2023-07-24,77.15606689453125,77.22710644651536,76.4989679754396,76.55224425207541,4990600
2023-07-25,76.60552215576172,77.40470019579561,76.52560773911068,76.87191709400791,4968100
2023-07-26,76.95182800292969,77.11165681487516,76.44567633295382,76.48119610495408,7377400
2023-07-27,75.28242492675781,77.53787940883288,75.22026702576258,77.35140570584716,8010000
2023-07-28,75.22029113769531,76.36577863011162,75.07821879332324,76.17930486735156,5025800
2023-07-31,75.70866394042969,76.13488765985949,75.18475576586337,75.42451253590853,6121600
2023-08-01,75.58434295654297,75.85073106929723,75.18475062535647,75.51330341659381,4641600
2023-08-02,75.14923095703125,75.31794817096288,74.6697242237809,74.95388238396193,4147000
2023-08-03,74.33230590820312,74.43886523165693,73.33777254674708,74.42110195706249,6454100
2023-08-04,73.72848510742188,74.79405804409386,73.47097181709375,74.13695236199959,5148300
2023-08-07,74.65196990966797,74.68748968072954,73.78175245541854,73.92383153966482,3906500
2023-08-08,74.1724853515625,74.35008426000019,73.46211004192865,74.05705114210723,3854800
2023-08-09,74.16358947753906,74.57206350119063,73.6663261787693,73.9327211029413,2960200
2023-08-10,73.87943267822266,74.93612388593371,73.68408409270727,74.3234196697377,4451100
2023-08-11,73.99488830566406,74.10144086894752,73.37330232945472,73.6041775077442,3654700
2023-08-14,73.5064926147461,73.8705652362161,73.2844990966901,73.8705652362161,3376700
2023-08-15,72.68067169189453,73.17794174653972,72.52083609838431,72.92930333186509,3398400
2023-08-16,71.78382110595703,72.78723614840243,71.73942646694638,72.73395987170784,3703700
2023-08-17,71.20662689208984,72.31659423097538,71.17998875990907,71.85484402416532,4069800
2023-08-18,71.42864227294922,71.57959625141902,70.59394441013134,70.70050374624802,3307400
2023-08-21,70.77152252197266,71.28654904921241,70.18546322608556,71.2599109141317,3789800
2023-08-22,70.97575378417969,71.25990515993523,70.7537603101612,71.02015518886466,3380200
2023-08-23,72.09461212158203,72.18340816774194,71.21551297289795,71.21551297289795,3257800
2023-08-24,71.81934356689453,73.08914681498803,71.75718565019226,72.29885039918558,4523800
2023-08-25,71.87261962890625,72.3698829141534,71.56182330092264,71.91701426525809,4252000
2023-08-28,72.54747772216797,72.93818847501954,72.16564860680059,72.16564860680059,3448800
2023-08-29,73.42657470703125,73.45321284397801,72.26332412095732,72.52083740261631,3515300
2023-08-30,73.69295501708984,73.88831036687058,73.36440899673448,73.44432339907925,3042100
2023-08-31,73.15129089355469,73.8172713499681,73.15129089355469,73.70183717641638,3410200
2023-09-01,73.27562713623047,73.85281171434309,73.0802785052942,73.61306166404992,3403900
2023-09-05,72.42315673828125,73.21345305047986,72.39651860243023,73.06249909752145,3578000
2023-09-06,72.27220916748047,72.56524223712648,71.73054444166372,72.32548544388719,3681300
2023-09-07,72.7250747680664,73.04474596240813,72.04133096778384,72.04133096778384,5056100
2023-09-08,72.44091796875,72.97370099485477,72.27220074684706,72.77834563785214,3317400
2023-09-11,72.44979858398438,72.67179209371548,72.08573275087159,72.53860140764024,2813600
2023-09-12,72.41427612304688,72.56523006401245,71.93476939171202,72.29883517725864,2959200
2023-09-13,71.62399291992188,72.47644722822363,71.44639403816862,72.40540767552233,3989000
2023-09-14,72.92042541503906,73.08026100185413,72.03245143822286,72.03245143822286,3926600
2023-09-15,72.6451644897461,72.87603967025957,72.36101302707768,72.55636842791945,3784500
2023-09-18,71.99693298339844,72.64515020449953,71.81045925781989,72.64515020449953,3117700
2023-09-19,71.66839599609375,72.20117915466321,71.46416572641643,71.87263304047652,2742500
2023-09-20,71.73053741455078,72.61851139942951,71.72165577778492,72.25444558847524,3827800
2023-09-21,69.28861999511719,71.30432505576586,69.26198185527949,71.19776572171011,6202200
2023-09-22,68.76472473144531,69.69709358361212,68.7114416722461,69.31526440376126,5061200
2023-09-25,68.70255279541016,68.76471070621024,68.1875262346643,68.48943415149205,3928200
2023-09-26,67.45051574707031,68.43616759738846,67.21076570699258,68.29409525596965,5220800
2023-09-27,66.99764251708984,68.06321549208317,66.64245830013009,67.69026799945262,6657600
2023-09-28,67.64051055908203,67.91845849726822,67.11150514699912,67.24599851214676,6659600
2023-09-29,67.8377685546875,68.83300306823274,67.44325649628321,68.53712586504643,6630600
2023-10-02,66.59148406982422,67.87364169532677,66.17008145553626,67.61362979056426,7564300
2023-10-03,65.29138946533203,66.48388696471294,65.08516536729826,66.22386825006929,7121000
2023-10-04,66.0893783569336,66.09834640704787,64.86101543475888,65.64107161987073,8748100
2023-10-05,66.45698547363281,66.5376773934689,65.66796132972189,65.94591612615285,5306900
2023-10-06,66.63629913330078,67.04874042393361,65.228616548087,65.86521116019091,5919900
2023-10-09,67.36255645751953,67.6136139339403,66.1342005836762,66.20592445060821,3848200
2023-10-10,67.68534088134766,68.27710898463238,67.06668231227928,67.38049562131644,4585700
2023-10-11,68.85989379882812,68.90472035270265,68.0977671361899,68.23226047904463,6128600
2023-10-12,67.85570526123047,68.72542139058629,67.50602656766108,68.64472262404539,4429000
2023-10-13,67.68534088134766,68.3757370018465,67.38049562131644,68.17848096741827,5860800
2023-10-16,68.49230194091797,68.68058994741017,67.47016313960724,68.16055249674531,4381800
2023-10-17,68.39366912841797,69.29028252934766,67.85570245598363,67.85570245598363,5419300
2023-10-18,66.94114685058594,68.11570798964785,66.88734540531546,67.8825866351186,4853700
2023-10-19,65.35414123535156,66.94115056692272,65.21964787563286,66.35835056855261,8238400
2023-10-20,64.91481018066406,65.86521817593855,64.86997677534774,65.45277684137382,5874400
2023-10-23,64.27821350097656,65.17482685447048,64.09888672590758,64.31407885599036,6906600
2023-10-24,65.10308074951172,65.2824006415599,64.520280839432,64.53821693300607,5755200
2023-10-25,63.70439529418945,64.68170077759133,63.6147284669333,64.43961812960781,6254500
2023-10-26,64.92377471923828,65.36311333698963,63.982327983439966,64.02716138633203,8144400
2023-10-27,63.88370132446289,65.16585869133644,63.6685160353743,65.16585869133644,12043000
2023-10-30,64.28716278076172,64.76237351605627,63.309857690288815,64.2692335268901,7041000
2023-10-31,65.38105010986328,65.45278082648986,64.17959138914748,64.79825000835321,5964700
2023-11-01,65.78453063964844,65.84729330690409,65.04033984174738,65.4707104627525,7021600
2023-11-02,67.94535827636719,68.1336462581836,66.73493162719487,66.88735425429145,6450300
2023-11-03,69.56824493408203,70.48279462359812,69.05717546310026,69.07511156558736,6394100
2023-11-06,68.56404113769531,69.46962276332914,68.21436239088378,69.4247893483559,4432100
2023-11-07,67.99916076660156,68.61782623611833,67.90053958046686,68.47437164123514,5235300
2023-11-08,68.22330474853516,68.48332343416524,67.92742754957807,68.1964074432315,4398300
2023-11-09,67.14737701416016,68.50126516424699,66.99495437782795,68.45643175797639,4922800
2023-11-10,67.7750015258789,67.91846294893725,66.96805496333575,67.48808552037937,3943800
2023-11-13,67.21013641357422,67.49705241416277,66.8066631392087,67.27289907493368,3791200
2023-11-14,70.94004821777344,71.55870675587921,69.26337884966439,69.39787221555407,7493800
2023-11-15,71.14627075195312,71.79183348383633,70.81452817740339,70.87729084074662,6033400
2023-11-16,70.99384307861328,71.49594434971686,70.76968974821106,71.28075906790345,4879800
2023-11-17,70.94004821777344,71.6214694145455,70.64416418093947,71.60354015804802,4379000
2023-11-20,71.46007537841797,71.46007537841797,70.28551417556817,70.8593461250991,4225000
2023-11-21,70.95796966552734,71.22695636770543,70.7786497578193,71.1552256683758,3703600
2023-11-22,71.30766296386719,71.80976428137893,70.98488159100468,71.60354702909406,5280200
2023-11-24,71.51388549804688,71.56768011214565,70.8055601030716,71.1373026775037,1893600
2023-11-27,71.77388763427734,72.1683927809739,71.21798500130242,71.54973433978006,5790800
2023-11-28,72.24909973144531,72.31186238740962,71.2179930915033,71.58560097911813,5811300
2023-11-29,72.75121307373047,73.45953850343591,72.66155309896395,72.76914917305433,4605400
2023-11-30,73.28022003173828,73.32504659971676,72.4374012025772,72.69741992307621,4118600
2023-12-01,75.08241271972656,75.09138077011697,73.00226966933133,73.21746183499225,7182800
2023-12-04,75.62934112548828,75.6472772247566,74.58927310830485,74.75962500764858,6740500
2023-12-05,75.12722778320312,75.35138110389273,74.74168379799234,75.22585579155587,6149900
2023-12-06,74.90308380126953,76.01488249513405,74.8492891865943,75.50381313386737,4405000
2023-12-07,75.1182632446289,75.35138462441046,74.60719392320341,74.94790452394814,6631500
2023-12-08,74.99272918701172,75.18101714237159,74.23060931799812,74.85823583586438,3416900
2023-12-11,75.19896697998047,75.33345351508895,74.63409617005583,74.74169223875987,3143200
2023-12-12,75.15412902832031,75.43207697155393,74.75961697422085,75.18999438238544,3158400
2023-12-13,78.03225708007812,78.3012438155478,75.05550109563552,75.26172517157785,5649600
2023-12-14,80.28276062011719,80.77589386095117,79.47580723256874,79.48477528149067,6918500
2023-12-15,79.15302276611328,80.13929604962873,78.57919078877278,80.0944694880152,7666400
2023-12-18,78.97370147705078,79.59236000534017,78.88404151475255,79.52959734766975,6353800
2023-12-19,79.57443237304688,79.79858570367517,79.2785483348695,79.35027904241858,5786900
2023-12-20,78.6060791015625,80.21101758104855,78.5522844975335,79.65511492382372,6072600
2023-12-21,79.30318450927734,79.5028662285627,78.44997191105607,79.28502721890223,4430000
2023-12-22,79.6117935180664,80.24716714112213,79.21241620785868,79.6117935180664,5100300
2023-12-26,80.2017822265625,80.41962125182195,79.50287192159584,79.58456588417923,4336600
2023-12-27,80.59207153320312,80.69191585088235,79.99300562712774,80.35607524369067,5383600
2023-12-28,81.16390991210938,81.16390991210938,80.3833125793846,80.4922355531291,3879100
2023-12-29,80.2017822265625,80.93699326492427,80.1110165431192,80.87345659401619,5331500
2024-01-02,80.89161682128906,81.01869016771678,79.58456877234337,79.92040943074691,6057900
2024-01-03,78.9582748413086,80.25624426183954,78.80397247924711,80.25624426183954,5159600
2024-01-04,78.81304931640625,79.34857171067208,78.46813001503563,78.80397067032335,5609900
2024-01-05,78.61334991455078,79.30318149808907,77.78736635827798,78.24120165074163,3805800
2024-01-08,79.7388687133789,79.82963439736272,78.38644132458012,78.56797269254773,5372100
2024-01-09,79.20333099365234,79.52101428856916,78.58611476710976,78.96733472100993,3819000
2024-01-10,79.29410552978516,79.66624688117878,79.00365120980334,79.36672084102491,3649900
2024-01-11,78.55890655517578,79.13073663739637,78.10507117802277,79.13073663739637,5512700
2024-01-12,79.0308837890625,79.60271380969891,78.6315064841864,79.34856713386051,3070300
2024-01-16,78.4499740600586,78.94011703895421,78.19582738766326,78.58612604169251,5125800
2024-01-17,77.0158462524414,78.35920173907067,76.23524901054466,77.37891586436636,4898900
2024-01-18,76.59832763671875,77.42431127417589,76.04464797149483,77.13385693545004,4537800
2024-01-19,77.51506805419922,77.76921470577408,76.19894157286244,76.77985018359837,6188700
2024-01-22,77.97798919677734,78.73135057649509,77.6239912707941,77.78737226548732,4203000
2024-01-23,77.44245147705078,78.54073201762414,77.17922618509864,78.277506725672,4821800
2024-01-24,76.33509826660156,78.30474186315594,76.28064024503074,78.23213347605395,3265600
2024-01-25,77.31539154052734,77.71476886987968,76.93417150340628,77.25185486767384,4394300
2024-01-26,77.09754943847656,77.6875298379177,76.9250897940369,77.46969081466285,2783200
2024-01-29,77.6058349609375,77.76013729828055,76.87062400361599,77.07938436002672,3591900
2024-01-30,76.87969970703125,77.54230231492124,76.7344760070003,77.26999835551936,4580900
2024-01-31,76.14448547363281,77.72383036606226,75.99926177977738,77.1338500207422,8892900
2024-02-01,77.52415466308594,77.55138367498382,75.64526974240015,76.0628043414265,8950700
2024-02-02,76.56201934814453,77.04308369348023,75.28220730913613,76.40771699680622,7935800
2024-02-05,74.9554443359375,75.60896831539478,74.7285266722358,75.60896831539478,6269400
2024-02-06,75.96295166015625,76.10817534929933,74.80113444710427,75.07343146111386,5482300
2024-02-07,75.85403442382812,76.3078697397359,75.42742811887842,76.2352544271961,5074200
2024-02-08,76.47124481201172,76.68908380779426,75.6361895573646,75.6361895573646,3697200
2024-02-09,76.58924865722656,76.71632199705427,75.72696429054179,76.42586765959415,3478100
2024-02-12,76.60739135742188,77.1610709147752,76.44401039090816,76.73446467304628,3949000
2024-02-13,75.028076171875,75.04622654197783,74.01148232164046,74.9554608415056,6203500
2024-02-14,75.6180419921875,76.04464831897934,74.99175393315357,75.35481666448663,5264400
2024-02-15,77.3789291381836,77.4606161792667,76.26249110186814,76.30787740801078,5164800
2024-02-16,76.5801773071289,77.02493399867832,75.92665331343639,76.47125433318759,4781000
2024-02-20,76.44402313232422,76.75262782885594,75.77234879136063,76.13541151081502,4739900
2024-02-21,76.87062072753906,76.97953676103262,76.30786249624117,76.60739543830182,4053000
2024-02-22,77.0158462524414,77.40614487338978,76.85246527332403,77.1156905688452,5000600
2024-02-23,76.97955322265625,77.42431687112065,76.78894319830502,77.06124719022289,4695600
2024-02-26,76.1353988647461,77.18829996621417,75.99017518608144,76.77984408720617,5943300
2024-02-27,76.22618103027344,76.89785534404989,76.0628000431411,76.55293607956092,3857800
2024-02-28,76.99771881103516,77.46970459956843,75.75420727060451,75.83590124697271,5170700
2024-02-29,77.6512222290039,78.05967122706166,77.2972312506933,77.61491457418012,6595400
2024-03-01,78.5770492553711,78.5770492553711,76.72540026628165,77.53322660478442,6560900
2024-03-04,79.31227111816406,79.35765742764458,77.80554120811469,78.35922094388003,5319000
2024-03-05,78.35012817382812,79.45748744574954,77.98705853836545,78.88565744425549,4722600
2024-03-06,78.74044036865234,79.03997338882189,78.2775263306611,78.85843507736527,4999400
2024-03-07,78.72228240966797,79.34857048011631,78.33198373389159,79.15796046519918,3164100
2024-03-08,79.62994384765625,79.90224086946475,79.23964521725142,79.42117656512374,4546400
2024-03-11,79.24872589111328,79.93855755592772,78.91289216710746,79.45749319723345,3467200
2024-03-12,79.0762710571289,79.4030330514748,78.39551805640458,79.10350006916146,3309000
2024-03-13,78.67689514160156,79.43026347108146,78.4227484581572,78.94012047087686,3418600
2024-03-14,77.49691772460938,78.50443270167548,76.83432202706564,78.35013035292995,4155000
2024-03-15,77.32444763183594,77.62397361650333,76.73446045601672,76.75261081797574,4214300
2024-03-18,77.36078643798828,77.76923553384154,77.21555578392035,77.49693151995355,3030800
2024-03-19,77.33354187011719,77.62399622087435,76.87063479311476,77.28816248951705,4165700
2024-03-20,77.84184265136719,78.0778320518711,76.53479460251721,76.85247796856324,4605800
2024-03-21,78.40459442138672,78.74043508129616,77.93260869324997,78.17767674103716,3753200
2024-03-22,77.41776275634766,78.6169714659205,77.36283929916506,78.44304485678796,3923200
2024-03-25,76.94173431396484,77.77477025011812,76.94173431396484,77.49098977510006,5262400
2024-03-26,76.6304931640625,77.23467912357364,76.61218767324225,77.14313071698382,4923000
2024-03-27,78.60781860351562,78.63528033084613,77.32621778284586,77.50930062115758,5191400
2024-03-28,79.16622924804688,79.43169726468918,78.75428239128253,78.75428239128253,4626900
2024-04-01,77.83885192871094,79.40423317586328,77.69238706127048,79.40423317586328,5331200
2024-04-02,76.8593521118164,77.298760728154,76.55725912459451,77.23468103245507,5116000
2024-04-03,76.94173431396484,77.03327572679369,76.35586089086567,76.6762593278477,3632700
2024-04-04,76.4474105834961,77.9395560282865,76.1819355686261,77.57338335314988,5953600
2024-04-05,76.8410415649414,77.02412440227474,75.98969310143255,76.18193217588131,4789000
2024-04-08,77.6649169921875,77.73815291670758,77.00581462399333,77.08819980095679,3866900
2024-04-09,78.69934844970703,78.69934844970703,77.7839204244396,77.9486977483542,4075600
2024-04-10,75.44044494628906,76.63049747308341,75.00103631610315,76.39248417405925,8332800
2024-04-11,75.6967544555664,76.12700679499028,74.93694742995243,75.97137870461657,7145900
2024-04-12,74.79962921142578,75.41296436221478,74.50669249879805,75.23903777244846,5451200
2024-04-15,73.52718353271484,75.36719593975286,73.11524368799026,75.2939600167292,5478600
2024-04-16,72.49275207519531,73.28002078473806,72.28220054322654,73.19762862556348,6598800
2024-04-17,71.96180725097656,72.66668385168921,71.91603304992557,72.34628539681982,5554700
2024-04-18,71.9709701538086,72.42868427006088,71.65056468510147,72.2547506709528,4158300
2024-04-19,72.31881713867188,72.63921556460576,71.9801062403064,72.00757494895377,4585600
2024-04-22,72.95960998535156,73.10608182011599,72.09911240067579,72.59344436676348,3846100
2024-04-23,73.62787628173828,73.92996920598857,72.97792322251473,73.09692635138838,5484100
2024-04-24,73.76521301269531,73.89337241409017,72.90470818833252,73.344116838946,4513600
2024-04-25,73.34410095214844,73.46310408933438,72.56598148972927,73.03285177034836,4082800
2024-04-26,73.38072204589844,74.12221659417177,73.23425019311428,73.45395098812817,3367700
2024-04-29,74.13137817382812,74.36023522217586,73.70112580546834,73.70112580546834,4374000
2024-04-30,72.87723541259766,73.95744090647942,72.84977368562683,73.6095807245781,7003900
2024-05-01,72.90470123291016,74.25953804089451,72.65753869213289,72.77654184374225,7204200
2024-05-02,73.92998504638672,74.09476240545047,72.82231773763273,73.59127409048817,4804800
2024-05-03,74.42431640625,75.65098685755243,74.25038281109163,75.21158522705959,4270000
2024-05-06,74.4883804321289,75.09255929300063,74.19544374536896,74.96439992905324,3044800
2024-05-07,75.19326782226562,75.43128109727428,74.86371312891904,75.07426467684256,3667300
2024-05-08,74.5616226196289,74.78133041187485,74.31446008355567,74.78133041187485,4129800
2024-05-09,76.09038543701172,76.15446512401422,75.15664487307576,75.15664487307576,5452200
2024-05-10,75.87985229492188,76.29179224204711,75.6509952167048,76.20940704628757,5649800
2024-05-13,76.12701416015625,76.57557203258244,75.76999072877355,76.16362514290843,2848700
2024-05-14,76.71288299560547,77.05158694668073,76.310092368205,76.63964706623035,3099700
2024-05-15,77.7747802734375,78.19587641404918,77.59169742418477,77.83885996909225,3544900
2024-05-16,77.71985626220703,78.067716466976,77.60084612529327,77.84801565260418,2577000
2024-05-17,77.71070098876953,77.90294007675048,77.42692047567807,77.81139865163999,2791700
2024-05-20,77.25299072265625,77.78394079254198,77.16144929299125,77.5550837262978,2842800
2024-05-21,77.22551727294922,77.35367665186429,76.90511882566153,77.06989616771838,2655100
2024-05-22,76.52978515625,77.27128664122168,76.30092813904581,76.96003746605979,3888000
2024-05-23,74.88203430175781,76.52980097574105,74.83626009519021,76.52980097574105,4061100
2024-05-24,74.93693542480469,75.35803145988385,74.83623778770301,75.23902833610971,2317800
2024-05-28,74.4426040649414,75.59604529096683,74.36021889802025,75.29395237726662,3046600
2024-05-29,73.71942901611328,73.82928291022097,73.38987431795287,73.69196728862701,3203100
2024-05-30,74.79962921142578,74.83624717352451,74.08559641090581,74.08559641090581,2748800
2024-05-31,76.20024108886719,76.25517152986471,74.92779645500337,75.25735116433702,4176900
2024-06-03,76.02630615234375,76.61217957494196,75.63267179177038,76.61217957494196,3301600
2024-06-04,76.6121826171875,76.93258106661848,75.80660139100401,75.80660139100401,2720700
2024-06-05,76.5206298828125,76.76779937563369,76.06291584264495,76.65794549169516,2373300
2024-06-06,76.6671142578125,76.6854197493796,75.84322745403024,76.16362593767803,4002100
2024-06-07,75.94393920898438,76.14533457440582,75.40383980550361,75.45876327455875,3227900
2024-06-10,76.20024108886719,76.45655986631272,75.15665350403158,75.70590902486671,2450800
2024-06-11,75.92562103271484,76.2826374902723,75.62352803503907,75.84322885872906,3261700
2024-06-12,76.60302734375,78.12263443051893,76.50232968921057,77.52761172444727,4123500
2024-06-13,76.91426849365234,77.16143800015348,76.32839504854485,76.77695986133213,2619900
2024-06-14,76.8959732055664,77.11567403058801,76.27348171453576,76.64881065043751,2178600
2024-06-17,76.59387969970703,76.97835788699393,76.1270163226429,76.44741481204865,2168100
2024-06-18,76.8959732055664,77.17975372889279,76.63049817425711,76.79527553906415,3073600
2024-06-20,76.67626190185547,76.93258066004567,76.42909239634182,76.65794942817769,2432900
2024-06-21,76.86849975585938,77.03327709554397,76.34670601088521,76.82272555655057,2337000
2024-06-24,77.46353149414062,78.23248777708972,76.78610964392841,76.9051197716437,2834300
2024-06-25,76.511474609375,77.37197218794117,76.09952781514603,77.33536121367149,2445900
2024-06-26,76.2734603881836,76.51147362283619,75.83405187683738,75.98052370867325,3287900
2024-06-27,77.01496887207031,77.04243758366874,76.21855083978129,76.39247744159563,4244800
2024-06-28,77.62944793701172,77.96309941654637,77.04555431233378,77.37920579186843,4090500
2024-07-01,76.89726257324219,77.75919431493358,76.43385856310668,77.56456547919475,3274800
2024-07-02,77.25872039794922,77.37920290011793,76.81384941820016,77.11969777484111,3141400
2024-07-03,77.1845703125,77.79626699611298,77.17530025247993,77.34212597792128,1571500
2024-07-05,77.39775085449219,77.54603648209365,76.90654366464818,77.33287456660685,3217000
2024-07-08,77.64798736572266,77.83335324234834,77.29580280661165,77.49043167382972,3239200
2024-07-09,77.62944793701172,77.88895307198653,76.87872857256644,77.4626221972444,2123200
2024-07-10,78.20407104492188,78.26894733415327,77.45335868796084,77.94456588799635,2482400
2024-07-11,80.44693756103516,80.72497571959448,79.20501115898827,79.20501115898827,4363500
2024-07-12,81.05863189697266,81.57764214669164,80.76205360127834,81.09570506780749,3562600
2024-07-15,81.60546112060547,81.70741058363969,80.97523129047812,81.20693332992222,2928700
2024-07-16,82.60639953613281,82.6342097174566,81.6981316004498,82.12446245795182,3029300
2024-07-17,83.17174530029297,83.72782866844638,82.50444243011542,82.50444243011542,4757200
2024-07-18,82.43958282470703,84.14491351231861,82.23569096957698,82.70835803904198,4464700
2024-07-19,82.2912826538086,82.69908043397277,81.93909816156561,82.56005782064554,2809000
2024-07-22,83.14395141601562,83.22736781953336,81.93910516318891,82.53226176448487,3244400
2024-07-23,83.07907104492188,83.65369456770253,82.64347014050571,83.01419476581633,2655400
2024-07-24,81.8556900024414,83.57028355006254,81.77228066864177,83.03273316229411,3844900
2024-07-25,81.5869140625,83.11614880703729,81.41081826477607,82.1615376170308,4723200
2024-07-26,83.01419830322266,83.30150654136374,81.96690773275326,82.18933968902427,3326000
2024-07-29,83.44053649902344,83.71858177203718,82.41177888825163,83.14395817426846,3371100
2024-07-30,84.08930969238281,84.28393856261296,83.44053972063034,83.75565818027817,2854000
2024-07-31,83.79270935058594,84.83999977849568,83.55173730601979,84.23757320257204,5633800
2024-08-01,84.63612365722656,85.0995277523868,83.84833810965122,84.7658762381926,6988100
2024-08-02,84.58976745605469,85.3868229432615,83.82978513929753,84.43221178488187,5223600
2024-08-05,82.17080688476562,84.35806742477956,81.94836785684468,82.93078921936781,6852600
2024-08-06,83.79270935058594,84.68244412554158,81.80933385128782,82.15225533505566,7321600
2024-08-07,83.21810150146484,85.12732395581254,83.11615204312737,84.16344266761217,4998600
2024-08-08,84.03369140625,84.20051715240241,82.96786064310872,83.22737285900072,5981200
2024-08-09,84.42294311523438,84.580505859987,83.50540511218966,84.35806683362485,4133800
2024-08-12,83.8019790649414,84.135630516202,83.20882250069683,84.12636045617143,2925500
2024-08-13,84.53417205810547,84.62685146060247,83.92248234483716,84.39514941886739,3111300
2024-08-14,84.75659942626953,85.1551271992074,84.27466231691864,84.68246015089731,2966300
2024-08-15,84.69172668457031,85.0717214223108,84.32100907924357,84.88635554866237,4054400
2024-08-16,84.64539337158203,84.9883078751625,84.26539862103735,84.69172953831666,2260900
2024-08-19,85.3497543334961,85.3497543334961,84.63611520941359,84.64538527026741,2629800
2024-08-20,85.24781036376953,85.58145476747568,84.95123206082057,85.44243921217499,4934200
2024-08-21,85.70193481445312,85.74827097073988,84.92341243640826,85.34048026889134,2965900
2024-08-22,85.9521713256836,86.03558772199891,85.4702342803617,85.74827243578378,3182300
2024-08-23,87.84285736083984,87.96334692112886,86.2672866564549,86.32289287136761,8040200
2024-08-26,87.8057861328125,88.38967968622387,87.65750053277628,88.20431384744893,2748500
2024-08-27,87.935546875,88.00042315686802,87.08288515016747,87.15703149258363,1859300
2024-08-28,87.5926284790039,88.14871188016501,87.17556062489501,87.91700987376588,2664100
2024-08-29,87.3238525390625,87.69457716025445,86.97166096698734,87.54628448338406,3379500
2024-08-30,88.16724395751953,88.21358718668212,87.0828802765614,87.7223800698883,3490000
2024-09-03,88.12090301513672,88.51016066342672,87.57408263883862,87.80578463010414,5160800
2024-09-04,88.37114715576172,89.18674277444354,87.907743125505,88.34334404530381,3041100
2024-09-05,88.0838394165039,89.10332687462169,87.92628374236426,88.95504126101507,6269400
2024-09-06,88.00042724609375,88.24139933465159,87.29605817336274,88.22286628367856,6965800
2024-09-09,88.98284149169922,89.14966722097259,87.86140461696655,88.0096902257739,2906400
2024-09-10,90.2710952758789,90.3081684422046,89.00136584541208,89.24233789103732,6001000
2024-09-11,90.09500885009766,90.19695830032374,88.4360216075818,89.45550903885844,3872100
2024-09-12,90.47500610351562,90.53988238540742,89.52965791482438,90.29891030795886,2713200
2024-09-13,91.42035675048828,91.43889687352386,90.83647015260026,91.05890213213115,3402700
2024-09-16,91.7261962890625,92.13399410466619,91.42961798798285,91.80034263207853,4144500
2024-09-17,91.08670043945312,92.09692496203252,90.86426847165899,91.84668281115245,2990700
2024-09-18,90.97547912597656,92.29154482441007,90.8457194971742,91.2257141814878,5097000
2024-09-19,90.99401092529297,91.80033644150247,90.40085436313332,91.7632632724945,4450200
2024-09-20,90.632568359375,90.88280344456183,90.3081869263606,90.47501267348014,3708500
2024-09-23,91.53156280517578,91.63351225391226,91.07742178044636,91.25351756844283,3320700
2024-09-24,91.66132354736328,91.92082868695908,90.8735380675947,91.17011638013057,3279000
2024-09-25,91.04962921142578,91.95790429504794,90.84573029034826,91.75400537397043,2466000
2024-09-26,90.2247543334961,91.26278180393378,89.97451929319446,91.2071755885298,4776900
2024-09-27,90.33972930908203,91.19022374476582,90.30234391963505,90.97525953807909,4932800
2024-09-30,91.05004119873047,91.11546385544814,89.97523429791023,90.18085039917572,4207000
2024-10-01,90.46122741699219,91.40518890137044,90.05934338942791,91.24629921193599,4240300
2024-10-02,90.14344024658203,90.22755914242066,89.48921385909422,89.7135190304425,5161600
2024-10-03,89.32099151611328,90.02195148107091,89.0032264213219,89.8256835465468,2664400
2024-10-04,88.89107513427734,89.11538033881418,88.07795896334721,88.81630435592044,4602000
2024-10-07,88.10599517822266,88.40507115757127,87.70411116248542,88.40507115757127,3420200
2024-10-08,88.2835693359375,88.68545333047906,87.93775985627458,88.33030285202533,3773700
2024-10-09,88.37702941894531,88.38637754828873,87.77887749056757,88.11533884159672,4120600
2024-10-10,87.59196472167969,88.47984455621122,87.32092599321972,87.87234444969985,2664300
2024-10-11,88.5826416015625,88.5826416015625,87.87233354377393,88.04056421192035,2654000
2024-10-14,89.1153793334961,89.26492088852291,88.11534335848907,88.32095943138405,2529100
2024-10-15,90.19017791748047,90.95656049124706,89.48921798547933,89.535951499826,2808500
2024-10-16,91.18087005615234,91.30237434708134,90.23691576966391,90.40514644665264,3177100
2024-10-17,90.46122741699219,90.92853409413512,90.19018868858521,90.82572605472096,2904100
2024-10-18,91.13414764404297,91.17153303284107,90.33972774105149,90.68553010899967,2080200
2024-10-21,89.34902954101562,91.05002545203028,89.22753237970512,90.68552683756526,4143000
2024-10-22,89.47987365722656,89.80698687994817,88.93780337265939,89.0779896605876,2530000
2024-10-23,90.13410949707031,90.30234017734303,89.17145893293954,89.2649188374169,2710500
2024-10-24,90.33037567138672,90.8911422178322,90.17149312382497,90.24625676762648,2632300
2024-10-25,89.47987365722656,91.22760306224411,89.45183639964092,90.94721622532074,3834800
2024-10-28,89.76026153564453,90.64814131198152,89.64810537346713,90.12476014955412,2296500
2024-10-29,89.1153793334961,89.8630728475626,88.82565148379888,89.47987796070672,2819600
2024-10-30,89.50792694091797,90.17150876507988,89.06866460920529,89.11539100336975,2930300
2024-10-31,87.99385070800781,89.33034811986879,87.93776905672823,88.78827065088257,4946300
2024-11-01,87.02184295654297,88.70414971053897,86.97510944039118,88.48918551898758,4835200
2024-11-04,87.97514343261719,88.28356751916957,87.27418348892542,87.30222787632104,3368200
2024-11-05,89.1434097290039,89.19014324398508,87.28353134739184,87.4891474044558,2398100
2024-11-06,87.24615478515625,89.37707208199636,86.33023769537324,89.37707208199636,6335400
2024-11-07,88.29292297363281,88.55461356677057,87.4237322861202,87.66673374997691,4871300
2024-11-08,89.61072540283203,89.87242313039829,88.50788136495743,88.62938566396097,4093600
2024-11-11,89.16211700439453,90.13411576573388,89.10603535338082,89.54530477856183,2279800
2024-11-12,87.92841339111328,89.21817706687337,87.9190652623702,88.83498935480247,4645800
2024-11-13,88.41442108154297,89.20884099932098,88.28357578358113,88.65742254798666,2884300
2024-11-14,87.62000274658203,88.41442267871089,87.45177205608724,88.41442267871089,3708000
2024-11-15,87.66674041748047,87.83497111594009,86.92839497038179,87.30224175924035,2786400
2024-11-18,88.30226135253906,88.30226135253906,87.12464668292638,87.27418109226358,2468100
2024-11-19,88.73219299316406,88.94715006877816,87.64803809352004,88.06861837584427,3041600
2024-11-20,88.62004089355469,88.74153806663028,87.90039172443358,88.36769841700253,3143000
2024-11-21,89.27426147460938,89.54530019394065,88.27422550423098,88.63872412975455,2988600
2024-11-22,89.94717407226562,90.11540473666803,89.56398636089699,89.57332735908997,2943700
2024-11-25,91.19956970214844,91.6481801037574,90.47057245163356,90.47057245163356,4001200
2024-11-26,91.56407928466797,91.65753920197615,90.69488850568607,91.05003904367102,2774500
2024-11-27,92.15287780761719,92.71364440930178,92.0687660261049,92.08745515626289,2383100
2024-11-29,91.74164581298828,92.61082934484597,91.62948964894196,92.29306424251524,1922400
2024-12-02,90.40514373779297,91.34909799599717,90.16214229374965,91.27433435443508,3659400
2024-12-03,89.94717407226562,90.7602901386327,89.90044768970178,90.48925144984366,1992500
2024-12-04,89.70419311523438,90.04064736356156,89.22753830675863,90.04064736356156,2220300
2024-12-05,89.4892349243164,89.5733467094216,88.99389095282712,89.33969335452782,2922300
2024-12-06,89.3583755493164,90.03129824636521,88.96583968621573,89.73222228440278,1866100
2024-12-09,89.61072540283203,89.90980138951663,89.34903480579975,89.4798801043159,2871900
2024-12-10,88.31160736083984,89.50791122553665,88.03122765347662,89.49857022666465,2902100
2024-12-11,88.10599517822266,88.76957691510701,87.8630008472439,88.34899663973522,4294900
2024-12-12,87.96580505371094,88.90975933867695,87.88168615008549,87.88168615008549,2255100
2024-12-13,87.71345520019531,88.0312274243534,87.47045375001953,87.84430048939763,2796200
2024-12-16,87.405029296875,88.39572420530799,87.33960665362754,87.66672700039817,3644900
2024-12-17,86.98445892333984,87.69476702280646,86.76015372949432,87.04988156865035,3020200
2024-12-18,83.39555358886719,87.1713853037292,83.3768573284922,86.76016027242255,5409800
2024-12-19,82.10578155517578,84.25539511720099,82.04970703582114,83.61985775255707,5403600
2024-12-20,83.48900604248047,84.43296032162148,82.10577525016939,82.10577525016939,7622200
2024-12-23,83.81552124023438,83.91932397075722,82.890735240901,83.21158200784164,4548900
2024-12-24,84.37226867675781,84.46663281701325,83.52297701541403,83.56072411142068,2182600
2024-12-26,84.5987548828125,84.68368046005705,83.73059316209269,84.14579687227159,2577400
2024-12-27,83.74946594238281,84.71199184795842,83.51355195381272,84.09862123729503,3816700
2024-12-30,83.3342514038086,83.57016538214529,82.51327536689176,83.4380541302386,4402400
2024-12-31,84.06086730957031,84.25903417993553,83.30593972763552,83.95706458706621,5045100
2025-01-02,83.31537628173828,84.24015498768179,83.05115379432584,84.07029664584196,5296100
2025-01-03,84.4100112915039,84.49494406013459,83.24931864989153,83.51354113092451,3469900
2025-01-06,83.32482147216797,84.66481116445392,83.19271021797208,84.29678592783345,4206500
2025-01-07,82.53214263916016,83.97593498780527,82.31510581786638,83.683403968008,5679000
2025-01-08,82.74919128417969,82.81524691168083,81.73004114599918,82.52270867601284,5250300
2025-01-10,80.72975158691406,81.64509160881757,80.66369597297212,81.44692476699174,10056500
2025-01-13,81.72059631347656,81.7960905104183,80.4749708620295,80.66370635438382,3740200
2025-01-14,82.46607971191406,82.64537661760008,81.86214057641871,82.06974600415569,3829900
2025-01-15,82.93791198730469,84.80635373599432,82.89072631504862,84.73085954019372,3886700
2025-01-16,84.65536499023438,84.74029776003543,82.8624174448462,83.12663992952015,4112800
2025-01-17,84.5987548828125,85.17438557143664,84.5987548828125,84.90072448999867,3672400
2025-01-21,86.18409729003906,86.24071434164686,84.94790313358993,85.0233973354159,3634900
2025-01-22,84.68367767333984,85.92930316193294,84.6270606237066,85.92930316193294,2966300
2025-01-23,85.3064956665039,85.3253656169054,84.03256162846708,84.8252291367484,2706900
2025-01-24,85.5990219116211,86.14634403648405,84.9667742154119,85.00452131362896,3267300
2025-01-27,86.74085235595703,86.76916088225907,85.48578822672772,85.58959095618418,4107700
2025-01-28,85.69338989257812,86.48606459156635,85.48578444285447,86.48606459156635,2373800
2025-01-29,84.56100463867188,85.94817994495538,84.15523231914352,85.72169734834208,2820000
2025-01-30,85.63677978515625,86.3633917185732,84.94790775518217,85.57072415484562,3485100
2025-01-31,85.44805145263672,86.27846611916365,85.21213745878573,85.41030434967772,2566200
2025-02-03,85.26874542236328,85.59902353863664,83.90987865881232,84.693114762777,5187600
2025-02-04,85.33480072021484,85.5329675892232,84.45720047202185,84.7497314882452,3371500
2025-02-05,86.53324127197266,86.72197676759002,85.37254857189865,86.1369075304607,3310400
2025-02-06,86.75028228759766,87.01450477278804,86.19352159421268,87.01450477278804,3468600
2025-02-07,86.4671859741211,86.96732963974895,85.96704950801626,86.91070539108894,2516200
2025-02-10,86.429443359375,86.66535734238391,85.77832566194631,86.61817886549618,2195400
2025-02-11,86.80690002441406,86.8446471225302,85.95760831560796,86.04254108624998,2260000
2025-02-12,86.00479888916016,86.27845996645478,84.9384703048245,85.07058155599802,4747200
2025-02-13,86.86353302001953,87.01451422816771,85.69339445913432,85.87269139336361,3734300
2025-02-14,86.4671859741211,87.46746610585379,86.44831602424978,87.08056373802293,2344300
2025-02-18,86.85408782958984,87.15605742241083,86.22184011954639,86.33507421715238,2500700
2025-02-19,86.9201431274414,87.1371799467219,86.29732679484945,86.47662371475131,2339100
2025-02-20,87.3353500366211,87.43915275399024,86.42943410330439,86.8540835469571,2920000
2025-02-21,86.47662353515625,87.54295207870078,85.96704850032738,87.49577360481399,2534600
2025-02-24,86.81635284423828,87.36367505744641,86.22185215028573,86.59930879433713,3258700
2025-02-25,87.8826675415039,88.2790084738521,87.06169155201181,87.06169155201181,4329200
2025-02-26,87.51464080810547,88.2695683618328,87.21267122651908,88.0808328736396,2828800
2025-02-27,87.86380004882812,88.38281366550854,87.39197210621796,87.53352192890561,2379800
2025-02-28,88.60929870605469,88.64704580951455,87.59014851121006,88.2601433986939,4213800
2025-03-03,89.02449035644531,89.60012100687663,88.51492252774096,88.74139791822321,4596700
2025-03-04,87.99591827392578,89.55295204789996,87.87324559094881,89.01506843865691,4541100
2025-03-05,88.9773178100586,89.13773758902249,87.27873426948982,87.45803119863966,2574000
2025-03-06,86.69367218017578,88.34507004432739,86.47662815023988,88.08084033846353,4968800
2025-03-07,87.2126693725586,87.60900309005498,86.16521083380202,86.72197151273296,4447100
2025-03-10,86.3728256225586,88.06197059145413,85.90099766028129,87.11831466689952,3534300
2025-03-11,85.36310577392578,86.81633662042783,84.84409938558247,86.37281722707375,3918700
2025-03-12,85.09889221191406,85.83494268674423,84.70255844847065,85.50466455054139,3303000
2025-03-13,83.41918182373047,85.68395739170275,83.31537910023219,85.09888815012364,3881600
2025-03-14,85.08944702148438,85.16494121803959,83.65509328454955,84.13635978818547,3769100
2025-03-17,86.54267883300781,86.8163398988055,84.9667752605563,84.9667752605563,2233300
2025-03-18,86.0897216796875,86.92013619068165,85.75000501620752,86.4105611954617,1956000
2025-03-19,86.19351959228516,86.84464441532616,85.46690777488784,86.09915544969782,1882100
2025-03-20,86.13690948486328,86.66535448553603,85.75001430923449,86.16521800996743,2041100
2025-03-21,85.18380737304688,85.77831514503427,84.65536241974476,85.63676533267905,3395100
2025-03-24,86.4955062866211,86.63704891697212,85.41030052361498,85.7311400851085,3719000
2025-03-25,85.52498626708984,86.50693512845965,85.01017664323504,86.39253783881175,4210000
2025-03-26,85.85865783691406,86.30673328756046,85.54405801438939,85.7442605463523,3094100
2025-03-27,85.63939666748047,86.69761530973125,85.42965859085704,86.06840107986095,2993000
2025-03-28,85.52498626708984,86.06839521335661,84.97204178885916,85.91586306933283,3602900
2025-03-31,86.31626892089844,86.83107854946998,85.54405811478104,85.54405811478104,2964400
2025-04-01,86.35440826416016,86.74527781682123,85.30572516188582,86.55461080676416,4276600
2025-04-02,86.87873840332031,87.02174228480504,85.83005539489814,86.06839277287952,3427200
2025-04-03,83.913818359375,86.5546005025119,83.85661971786337,85.5345168458382,5784700
2025-04-04,80.27202606201172,83.17974498521329,80.17669256543518,83.04627663531022,7803800
2025-04-07,78.16513061523438,81.33978648613517,76.35376494492137,78.44160286833038,13294200
2025-04-08,76.06776428222656,80.22436905592127,75.17161334455069,80.03369477477742,7401100
2025-04-09,80.60570526123047,80.97751099416247,73.33164372927234,74.67587005101085,10990300
2025-04-10,78.76573944091797,80.4722359432709,76.74463585340666,79.52841468779576,7442500
2025-04-11,79.7286148071289,79.8906897474131,77.2880424531944,78.22232814876708,5275900
2025-04-14,81.37792205810547,81.8641323884109,80.20529885524655,80.4341079950845,3228000
2025-04-15,81.62579345703125,82.15966689300285,81.15864692707605,81.61625792468031,2443200
2025-04-16,81.56858825683594,82.60774308786445,81.01565102475887,81.87365983343987,2393000
2025-04-17,82.78887176513672,83.40855042983574,81.70205385562515,81.70205385562515,3383500
2025-04-21,81.06330871582031,82.1882614430514,80.05276054971564,81.95945959427819,2406100
2025-04-22,82.63633728027344,82.97954369182602,81.79739231507806,81.96899552085435,2209800
2025-04-23,82.78887176513672,84.4477052257427,82.33126805243704,83.56108984972221,2493100
2025-04-24,83.09394836425781,83.67548488482404,82.41706379861381,82.83653991851045,2080800
2025-04-25,82.9509506225586,83.27508599485819,82.35033572032783,83.09395451706497,2409500
2025-04-28,83.46575927734375,83.63736249399662,82.62680698549411,82.87467991476606,2914900
2025-04-29,83.913818359375,84.31423067039444,83.13207207363888,83.42761535956744,2740300
2025-04-30,84.20936584472656,84.50490187191382,82.70307183964884,83.51341748655176,3738300
2025-05-01,84.48584747314453,85.21992349350948,83.856633221277,84.50491126555848,3574100
2025-05-02,85.52498626708984,85.82052229665325,85.1341167383266,85.53452179905375,2237700
2025-05-05,85.33432006835938,85.84912969703846,84.87670908504025,85.38198318166606,2289900
2025-05-06,84.67650604248047,85.37245440857825,84.27610098041424,84.94344275052462,2579700
2025-05-07,84.77183532714844,85.46778365864371,84.59070386911277,84.84810503236315,2220300
2025-05-08,84.43817138671875,85.2580526013485,84.12356428200455,85.11504871070748,2652600
2025-05-09,85.00064849853516,85.22945035161698,84.24750148893271,84.37143431071041,3460200
2025-05-12,85.42012023925781,86.15420348321403,84.9529809853184,86.14466795091487,3657300
2025-05-13,84.33329772949219,85.50592084030075,84.08542481753241,85.40105181114389,4178600
2025-05-14,83.5038833618164,84.03776405430315,83.18928353903293,84.03776405430315,3052500
2025-05-15,85.02925109863281,85.04831488984125,83.72315955971321,83.80896480385131,2563000
2025-05-16,86.08746337890625,86.11606270035534,84.87670543204473,85.03877310257595,2580300
2025-05-19,86.10653686523438,86.2114059046768,85.1913221084027,85.35338979718449,2956400
2025-05-20,85.60125732421875,85.97306306839054,85.40105479070162,85.45825343642655,2003300
2025-05-21,83.32275390625,85.31525101708198,83.25601972726233,84.97204458986536,2677200
2025-05-22,82.94140625,83.37994614586063,82.33126315371743,83.37994614586063,2540100
2025-05-23,83.02720642089844,83.2750793333157,82.50286854762611,82.7888690402802,2123000
2025-05-27,84.47630310058594,84.67650563064534,83.42762006402155,83.71362056118652,2117700
2025-05-28,84.3905029296875,84.52397856455862,83.82803016003716,84.50490749951409,1912800
2025-05-29,85.15318298339844,85.49638940919489,84.27610312790968,84.44770634080791,2440300
2025-05-30,85.15318298339844,85.3724565840106,84.32376624214365,84.81951208984076,2525900
2025-06-02,85.26758575439453,85.29618507702871,83.73269240286858,84.49536767587266,3101600
2025-06-03,85.09597778320312,85.22944613034704,84.36189460043217,84.87670419947845,2155700
2025-06-04,85.33432006835938,85.62032056863899,84.6669710207473,85.0578478266532,2598200
2025-06-05,85.26758575439453,85.71566120494283,84.81951030384624,85.37245478637307,3148400
2025-06-06,85.67752838134766,86.06839792241375,85.2199173879132,85.61079420245929,2707200
2025-06-09,85.79192352294922,86.30673315009663,85.12458175080245,85.70612555516455,3676100
2025-06-10,86.5260009765625,86.58319961793849,85.91585789028755,85.93492167958645,4036000
2025-06-11,86.05885314941406,87.03127367849174,85.74425335328112,86.64993243715695,2874600
2025-06-12,86.47833251953125,86.564137756986,85.85865388806293,86.00165776816785,2007200
2025-06-13,85.63939666748047,86.33533780520703,85.0769166189467,85.79192882190098,2334100
2025-06-16,85.70613098144531,86.75481409270503,85.4201231904289,85.97306770720448,2657500
2025-06-17,85.40106201171875,85.963534804853,85.10551867903081,85.6965980709262,1879400
2025-06-18,85.69658660888672,86.33532903299034,85.21991185535036,85.62985243433081,2945800
2025-06-20,85.63939666748047,86.44974237613262,85.54406316178262,86.00166689852442,2940300
2025-06-23,86.9264144897461,86.99314866901874,85.68705713356258,85.80146170094999,3142100
2025-06-24,87.15520477294922,87.48887562498611,86.57366102790816,87.06940681391647,2727300
2025-06-25,85.05784606933594,86.66900909949939,85.01017568353431,86.66900909949939,4282500
2025-06-26,84.9789047241211,85.23884205523196,83.92954822168687,85.23884205523196,5886100
2025-06-27,85.19070434570312,86.07640831061181,84.85375534298984,84.99816415699193,3179200
2025-06-30,85.73944854736328,85.7779580525589,84.28575328714858,85.24846888222766,8752300
2025-07-01,86.3652114868164,87.0198583574769,85.46025651547892,85.566155814037,5552800
2025-07-02,86.56739044189453,86.68291896534878,85.81647340178596,86.16305162721109,3469500
2025-07-03,86.66365051269531,87.00060683088603,86.32670153944134,86.62514835426921,2361700
2025-07-07,85.92237091064453,87.11613624822675,85.46026417145346,86.63477842799905,4467500
2025-07-08,85.7972183227539,86.25931770516486,85.45064011347706,85.66243872413926,3631300
2025-07-09,85.86460876464844,86.11490953827035,85.49877212715325,85.99938836427172,3837000
2025-07-10,86.40372467041016,86.98135255855082,85.66243689386809,85.94161795293536,5303600
2025-07-11,86.4133529663086,86.61552235776645,85.48914688609969,85.78758636707028,3987600
2025-07-14,86.97172546386719,86.99098388940519,86.24006688204301,86.38447569382896,3256900
2025-07-15,85.69132232666016,87.05837679108006,85.52765508350421,86.97172856294604,4483000
2025-07-16,86.5,86.64440881701587,85.66244208219554,86.11491226960354,4126500
2025-07-17,86.40372467041016,86.78881237748297,86.00900775080282,86.43260496307663,3406500
2025-07-18,86.58663940429688,86.92358837970434,86.23043200461652,86.59626127149652,2523700
2025-07-21,86.9428482055664,87.50122504666444,86.74067879998351,87.18352711863237,3904200
2025-07-22,88.43505096435547,88.52169183824053,87.1931470241124,87.20277623618966,2684200
2025-07-23,88.60834503173828,88.7431246286397,88.22325732133257,88.569835526204,2981900
2025-07-24,88.30027770996094,88.69498729420516,88.25213899105779,88.43505730896504,3236600
2025-07-25,88.30990600585938,88.44468560346414,87.41458019609219,88.42542717812792,2960500
2025-07-28,86.89471435546875,88.11735996725477,86.83694642342041,88.07885046086834,2551300
2025-07-29,88.2906494140625,88.38691950793127,86.9524752779558,87.38569437283392,3713600
2025-07-30,87.03911590576172,88.4061702161975,86.48073912715442,88.25213220350442,4407900
2025-07-31,85.81646728515625,86.99098148261179,85.70093876993639,86.54813319167458,4823500
2025-08-01,85.60466766357422,86.74067234247183,84.99815949197773,86.67328254562779,5395600
2025-08-04,86.48075103759766,86.70217153016789,85.75871427976499,85.78759457488826,3385600
2025-08-05,86.87545776367188,86.97172785920151,86.17267945586184,86.54813796988364,3752600
2025-08-06,86.20155334472656,87.01986011332946,86.16304384038871,86.93321923727198,3604600
2025-08-07,86.45186614990234,86.64440633712101,85.91274040480288,86.64440633712101,3345600
2025-08-08,85.73944854736328,86.63477434458432,85.5469083663223,86.58664297179261,3228800
2025-08-11,85.17144775390625,85.82609463607862,85.14256746196196,85.4024974343974,2623500
2025-08-12,85.6528091430664,85.67206022352688,84.79599283629912,85.43138132061614,3240500
2025-08-13,86.45186614990234,86.58664574994289,85.50840160468127,85.83572873687781,3577300
2025-08-14,85.83572387695312,86.04751513292734,85.28696895008143,85.90311367315786,3524500
2025-08-15,86.32670593261719,86.5673848321806,85.76832912284517,85.84534813349038,2399500
2025-08-18,85.59504699707031,86.47111436833474,85.56615935950013,86.33633477275559,2562500
2025-08-19,87.06800079345703,87.10651029866332,85.9608763898219,86.04751726783323,4168400
2025-08-20,87.31830596923828,88.0210916211019,87.06800519016355,87.27980380702483,2931900
2025-08-21,87.0583724975586,87.37607041015266,86.70216507935278,86.89471260741153,2629800
2025-08-22,88.74312591552734,89.16672313761003,87.51085110030925,87.66488177974288,3318700
2025-08-25,88.2328872680664,88.89715604548252,88.17511933681575,88.57946547582144,2968600
2025-08-26,88.00183868408203,88.48319649591068,87.82854957802623,88.20400808365758,2739800
2025-08-27,88.55058288574219,88.79126178238812,88.16549518212129,88.23288497938468,1885400
2025-08-28,88.31953430175781,88.61798115669356,87.79966695390024,88.57947164815548,2525000
2025-08-29,88.8008804321289,88.82976072349,88.3580321597398,88.43505116666054,2137100
2025-09-02,87.32792663574219,88.09810201351083,87.01985795362208,88.00183192752392,3424400
2025-09-03,87.37606811523438,87.58786671806756,87.0294899187686,87.16426951240119,2505500
2025-09-04,88.03071594238281,88.08847652743077,87.19315073450203,87.6456282372099,3689000
2025-09-05,89.0223159790039,89.45553507695104,88.40617855995413,88.63722825586345,3446100
2025-09-08,88.50244140625,88.52169248560854,87.83816532185965,88.12698292679549,2880400
2025-09-09,88.30027770996094,88.32915800332792,87.92481920631562,88.25213899105779,2533900
2025-09-10,88.15586853027344,88.82014465469081,88.01145971910394,88.30990655417084,2242800
2025-09-11,89.76360321044922,89.93689231750353,88.32915897951692,88.40617799263825,2671400
2025-09-12,89.34962463378906,89.85986268176062,89.25335455123647,89.70583201866377,2165500
2025-09-15,89.2052230834961,89.76359249965644,88.94528578146225,89.63844212697053,2754600
2025-09-16,88.73348999023438,89.34000548414133,88.4831892369724,89.19559668345221,3260300
2025-09-17,88.61798095703125,90.09093476684019,88.52170351343409,89.00306135166905,4570600
2025-09-18,88.81050872802734,89.19559641372157,88.51206926045924,88.7238678548379,2966000
2025-09-19,88.2328872680664,89.04156485620332,88.2328872680664,88.92604368357647,3076000
2025-09-22,88.25213623046875,88.44468375512106,87.69375942638258,88.26176544293563,3646000
2025-09-23,88.73348999023438,88.94528858525352,88.25213221789511,88.36766072743374,3421200
2025-09-24,87.86072540283203,88.69656916607285,87.85100421997856,88.65769184974887,2709200
2025-09-25,87.59831237792969,88.2008997065142,87.53027892269357,87.85101124670261,4246500
2025-09-26,88.46330261230469,88.61881187293194,87.76353318475105,87.95791234544545,5430800
2025-09-29,88.49246978759766,88.66741400543005,88.10370403518236,88.56050323813858,3155100
2025-09-30,88.85206604003906,88.92009948602328,88.23976502618112,88.521619992427,3002800
2025-10-01,88.9881362915039,89.29914740132874,88.68684636435509,88.80347831119806,2933500
2025-10-02,88.5216293334961,88.79376314614935,87.96764052485477,88.79376314614935,4186000
2025-10-03,88.85206604003906,89.57128522911732,88.63824451977739,88.63824451977739,2496500
2025-10-06,88.01622772216797,88.92982612292626,87.98707158854205,88.91039117220562,4154400
2025-10-07,87.69550323486328,88.25920578939701,87.32617243368709,88.08426157175828,4546200
2025-10-08,87.23870086669922,87.56914692408675,87.01515815751553,87.29701313209944,3325100
2025-10-09,86.76245880126953,87.46223564228245,86.53892350850076,87.40392337722793,3122700
2025-10-10,85.65447998046875,87.17066558478395,85.61560266598994,87.00543514447664,3996300
2025-10-13,86.19876098632812,86.28622938869516,85.6058948755402,85.7322405951004,2809800
2025-10-14,87.08319091796875,87.21925781288812,85.9071799461144,86.08212415602354,3047700
2025-10-15,88.3466796875,88.5993785330669,87.31644935484563,87.38449021892386,3026500
2025-10-16,88.0356674194336,88.8617899791827,87.84128084266987,88.51190155609771,3719100
2025-10-17,88.60909271240234,88.71600347775083,87.72465787144374,87.99679166866177,2945200
2025-10-20,89.50325012207031,89.52269248793829,88.82291561849048,89.02701596956443,2036800
2025-10-21,89.25055694580078,89.85313680433616,89.10476886499421,89.4157799770063,2829500
2025-10-22,89.62960052490234,89.77538860411171,89.11448907144033,89.5226897611548,2490400
2025-10-23,89.5712890625,89.96976857314999,88.82291370955592,89.72679091065201,2687000
2025-10-24,89.83370208740234,90.31965741462726,89.83370208740234,90.21274664943058,2619500
2025-10-27,90.0864028930664,90.12528020990072,89.49353678775061,89.89201630889484,2921900
2025-10-28,88.3175277709961,89.87258340432561,88.24949431875949,89.87258340432561,4635700
2025-10-29,86.04325103759766,87.82184935590605,85.75168228358825,87.66634008836236,5649700
2025-10-30,86.45144653320312,87.03459883626458,85.72251356946586,85.97521240645318,5183100
2025-10-31,86.67499542236328,86.96657159469812,85.69336355159874,86.01409585814905,3982700
2025-11-03,86.54864501953125,86.64583460002089,85.39206899096241,85.72251504764512,4522900
2025-11-04,86.69442749023438,86.82078062108599,86.26679184414616,86.73330480625873,4058700
2025-11-05,86.77218627929688,87.05404127265895,86.24735361045957,86.96657286873116,2885900
2025-11-06,86.35426330566406,87.03460523757775,86.3251071713845,86.68471679604274,3421600
2025-11-07,87.69550323486328,87.71493818567204,86.44173757763402,86.53892716185777,5277800
2025-11-10,87.64690399169922,88.03566974038628,87.13179252610206,87.49139472618842,3398100
2025-11-11,88.6285400390625,88.69657349217528,87.94819809284459,87.9676404594998,3190200
2025-11-12,87.96763610839844,88.60909328957781,87.938479974948,88.20089259109186,3652300
2025-11-13,86.8888168334961,87.87044870283074,86.75274993062872,87.50111789639925,3734400
2025-11-14,87.07347106933594,87.21925914900851,86.59723692982267,87.11234838492128,3662800
2025-11-17,86.35426330566406,87.32617399546352,86.1112856332142,87.30673904430718,4071900
2025-11-18,86.70415496826172,86.95685383322258,86.08213269688913,86.31538919488126,4281500
2025-11-19,86.02381134033203,86.79162162251251,85.74195636977797,86.69442462811556,4029400
2025-11-20,85.66419982910156,87.05403228594909,85.63504369746879,86.5680769851645,5316600
2025-11-21,87.05403137207031,87.37476364684262,85.8974553955159,86.1695965897735,5770400
2025-11-24,87.28729248046875,87.4136456097241,86.58751563105055,87.12206945076994,3330800
2025-11-25,88.09398651123047,88.48275227979326,87.52056274929532,87.52056274929532,4230300
2025-11-26,88.48274993896484,88.9978614172698,87.85100650864948,87.88988382598627,3298000
2025-11-28,88.7743148803711,89.02701372465295,88.37583537120528,88.37583537120528,1627100
2025-12-01,87.75381469726562,88.2592049796463,87.69550243028436,87.90931654757894,3120800
2025-12-02,87.44279479980469,88.09397309933158,87.16093984588503,87.97734116199233,2736900
2025-12-03,87.66634368896484,87.88016523307442,87.28729910262162,87.33589760449755,3204000
2025-12-04,87.45252227783203,88.04538094382758,87.34561151467963,87.50111336057151,4837500
2025-12-05,87.3553237915039,87.8121229689801,87.1998219482656,87.29701152717574,3859800
2025-12-08,86.6847152709961,87.39420590961716,86.64583795427727,87.39420590961716,3971700
2025-12-09,86.35426330566406,87.45252713079512,86.3251071713845,86.9276944684926,4194000
2025-12-10,86.66527557373047,87.28729783020528,86.50977371715688,86.62639825581452,4633300
2025-12-11,87.04431915283203,87.39420759495881,86.75275039445312,86.91797343237684,5207200
2025-12-12,86.9374008178711,87.73436721889529,86.72358671303635,87.42335612130266,3855900
2025-12-15,87.20954895019531,87.35532962074372,86.59724047353177,87.29701735252436,3914800
2025-12-16,86.56808471679688,87.45252700245973,86.43201781363184,87.13179469567496,3717900
2025-12-17,86.8888168334961,87.2387052737522,86.480616124894,86.49032989289161,3715300
2025-12-18,86.43201446533203,87.46223738226887,86.33482488327778,87.31644930164256,3818000
2025-12-19,86.10157012939453,86.66528014628244,86.06270022451797,86.17932476932884,4162000
2025-12-22,86.54389953613281,86.67140554009603,85.79851320521782,85.96524376744249,3593800
2025-12-23,86.48505401611328,86.58313037589964,86.18101505595159,86.58313037589964,3955900
2025-12-24,87.05390930175781,87.20102758606053,86.51447808689679,86.51447808689679,2730800
2025-12-26,87.1519775390625,87.21082185419918,86.75966464507712,86.99504938836992,2065600
2025-12-29,87.32852172851562,87.61294840183682,87.08332709455733,87.5246744425837,2604000
2025-12-30,87.50505828857422,87.55409272354625,87.21082174775779,87.38736217569843,2813400
2025-12-31,86.78909301757812,87.48544489996327,86.7498609770956,87.4658326210953,3301700
2026-01-02,86.81851959228516,87.14217833066533,86.15158983565951,86.6714087864278,3524400
2026-01-05,87.0146713256836,87.35794231047964,86.19081347942681,86.60274614392833,5501600
2026-01-06,87.65217590332031,87.85813848725273,86.5831234635804,86.6811998155369,4889800
2026-01-07,86.79889678955078,88.27987441186343,86.77928451206311,88.14256602121151,6668200
2026-01-08,87.57371520996094,87.90717631603744,86.31831989785552,86.4065863732006,5165900
2026-01-09,87.75025939941406,88.2896831204646,87.59333123731066,87.59333123731066,4126100
2026-01-12,87.8679428100586,88.23083355127056,87.60313590569852,87.85814041257035,3342500
2026-01-13,88.35833740234375,88.4269990853874,87.102942035343,87.89737776191896,3085200
2026-01-14,89.12335205078125,89.14296432992701,88.27988187532632,88.35833847465605,3535400
2026-01-15,89.7412338256836,90.12373684664878,89.27045684763233,89.54508111643086,3845600
2026-01-16,90.83971405029297,91.03586677163287,89.45681267178261,89.58431119237888,4819500
2026-01-20,89.15277099609375,90.30028009478319,89.09391919528521,90.0550854591959,4648700
2026-01-21,89.50585174560547,89.92758681753956,88.78988011827683,89.78046853984229,6140200
2026-01-22,88.62315368652344,89.85893680084658,88.57411176409322,89.61374215418903,3922700
2026-01-23,88.79969024658203,88.88795672379877,88.15237281600676,88.48584141190062,2838200
2026-01-26,88.68199920654297,89.30969691185528,88.58392284310297,89.04488998229257,3004300
2026-01-27,88.65257263183594,88.83892295101653,88.30930163551369,88.57410855189185,3217100
2026-01-28,87.74044799804688,88.87815470534011,87.52467552026737,88.74084630725251,4520400
2026-01-29,88.96641540527344,89.08411151716788,87.70121026270571,88.25045130213377,7283700
2026-01-30,89.05469512939453,89.0743074079412,87.93660818357176,88.72122653212912,4617900
2026-02-02,88.13275909423828,89.39796429285055,88.09352705520227,89.15276966093529,5280500
2026-02-03,87.93660736083984,88.44660890849325,87.35794413204924,88.0248738375938,4821700
2026-02-04,89.2018051147461,89.56469586790702,88.1621822580505,88.50545325009656,3941100
2026-02-05,89.07431030273438,89.57450947351502,88.50545693068946,89.0154659824355,3588500
2026-02-06,90.47682189941406,90.60432041805808,89.57450742267204,89.77066014100846,3638600
2026-02-09,90.85932159423828,90.9377856717838,89.83931103438545,90.38855209445776,3021500
2026-02-10,92.07548522949219,92.30106758264145,90.95739830965705,90.9770180704942,4266300
2026-02-11,91.56549072265625,92.38934115519,91.43799219840609,92.26184263093984,4425400
2026-02-12,91.45759582519531,93.32107648601126,91.31047755251976,92.65414680159543,7469400
2026-02-13,92.77183532714844,93.10530391034702,91.50663763872966,91.7910568207644,3906800
2026-02-17,93.654541015625,93.72319521435426,92.56587623381353,93.11511730639407,3614800
2026-02-18,92.55606842041016,93.52703702641067,92.34029595624426,93.38972863698619,4163300
2026-02-19,92.35991668701172,92.98761437690251,91.9872235219974,92.4481906498618,2646600
2026-02-20,93.05625915527344,93.06606903520716,92.30106302078686,92.4776034458643,2840700
2026-02-23,93.06607818603516,93.80166211572734,92.73261706295978,92.92876978444568,3646100
2026-02-24,93.30146026611328,93.41915638526928,92.66396019823775,92.83069075498223,3788500
2026-02-25,93.04646301269531,93.48781036368347,92.60510817896072,93.20338368845356,3297000
2026-02-26,93.6839599609375,93.84088811421907,93.10530423189066,93.34068897906681,3761600
2026-02-27,93.8507080078125,94.38032935752602,93.35050881929189,93.3701210991715,4707900
2026-03-02,94.08609008789062,94.35089701379661,92.80127253425076,93.37011842744636,5477700
2026-03-03,93.58588409423828,93.90954280000864,91.87933157351151,92.57568342114861,4832600
2026-03-04,93.70357513427734,93.79184160411755,92.71298679273305,93.34068440963843,3896700
2026-03-05,92.76203155517578,93.01702857548001,92.07548212123208,92.75222167508838,4637600
2026-03-06,91.7518310546875,92.01663795550883,91.2810540854266,91.97740591784158,4606000
2026-03-09,91.95779418945312,92.27164300991899,89.79027460393164,90.89855161435102,4971400
2026-03-10,91.82048797607422,92.64433834330836,91.25163463712896,91.69298197918349,5106500
2026-03-11,90.86913299560547,91.47721089989564,90.62393836123132,91.3006704638364,4686600
2026-03-12,90.2414321899414,90.91816426899706,89.88835133010969,90.09431391788716,3933900
2026-03-13,90.3885498046875,91.51643908916027,90.28066357148202,91.12413367686337,4063300
2026-03-16,91.14375305175781,91.85972470217008,91.02605692925607,91.3202934941371,3479300
2026-03-17,91.54586029052734,92.2324097203675,91.47720609581793,91.7518303574016,2960900
2026-03-18,90.19239807128906,91.25164074238486,90.14336363152803,91.18298654052201,2838600
2026-03-19,89.82949829101562,90.31008513860523,89.32930664878391,89.81969589369457,4704900
2026-03-20,87.04409790039062,89.87854736297798,86.6321726977353,89.87854736297798,6295400
2026-03-23,87.72083282470703,88.87815177235844,87.68160078615573,88.1621801636032,6256500
2026-03-24,87.14193725585938,88.00433125832413,86.88420674854568,87.20141061803301,3917100
2026-03-25,87.07254028320312,87.79616561737286,86.66612637652224,87.56817179454943,5061200
2026-03-26,86.95359802246094,87.72678200979749,86.53726934662387,86.89412465812337,6108000
2026-03-27,86.23988342285156,87.22123170285566,86.08127770828212,86.76525161757358,4435200
2026-03-30,86.56700134277344,87.74659919379145,86.27953415947454,87.14193570937124,5474800
2026-03-31,87.9250259399414,88.64865126466474,86.88420431734336,87.69703968283085,4928400
2026-04-01,88.24223327636719,88.57926664558158,87.77634599613124,87.92502940326139,4412000
2026-04-02,89.44166564941406,89.54079043889689,87.66730393554586,88.1133692695869,3288900
2026-04-06,89.57052612304688,89.82825662302444,88.94603314978922,89.17401940678982,2537600
2026-04-07,89.69938659667969,90.01659045361943,88.87664405578805,89.28305795245936,3184800
2026-04-08,91.31515502929688,91.41427982190224,90.74022064435408,91.09707594792292,5049600
2026-04-09,91.9693832397461,92.75248194545654,90.8690806651296,90.91864684200799,3845600
2026-04-10,92.16764068603516,92.46501506006794,91.76121920996584,91.9792982885653,2568500
2026-04-13,92.51457977294922,92.56413838646863,91.56296817817851,91.89007922816394,2036000
2026-04-14,93.39680480957031,93.49592960099189,92.22711412022738,92.38571227395454,1921100
2026-04-15,93.46619415283203,93.51575276782818,92.85160833753183,93.1489902784564,2758800
2026-04-16,94.3285903930664,94.38806375279083,93.5553989029665,93.69417511748114,2005200
2026-04-17,95.83531188964844,95.96417336344636,94.556581648779,94.66562118919913,2584300
2026-04-20,96.1822509765625,96.1822509765625,95.48836987787466,95.6568827785936,2246600
2026-04-21,94.47727966308594,96.2119900150483,94.3385034399479,96.11286522176927,3236100
2026-04-22,93.69417572021484,95.17116303992229,93.30758375404619,94.76474157856028,2708600
2026-04-23,94.65570831298828,94.72509642528809,93.68427474079101,94.03121530229004,3437500
2026-04-24,94.46736907958984,95.18107210316843,94.38806622272445,94.59623054994361,1994300
2026-04-27,93.95191192626953,94.86387212941695,93.87260906615141,94.1204248319678,2521200
2026-04-28,94.8143081665039,94.90351820705273,93.65453226294983,94.28893998264111,2867600
2026-04-29,94.07086181640625,94.96300004416405,93.68426984483398,94.33849950336527,2903100
2026-04-30,95.48837280273438,95.56767566293829,93.72392575825069,93.85278723402931,3730200
2026-05-01,95.2207260131836,95.86504850721774,94.9729102510733,95.75600896687025,3248800
2026-05-04,94.62596893310547,95.44871907172951,94.2492917003226,94.90352137439146,3595200
2026-05-05,94.92334747314453,95.12159704904317,94.19972215191501,94.8143079375793,2536800
2026-05-06,96.2417221069336,96.51928210270961,95.51810434404318,95.55775577201118,3238800
2026-05-07,95.54784393310547,96.29129121398101,95.131515270872,95.96417259533894,2739700
2026-05-08,95.77583312988281,96.34085273352281,95.73618170262466,95.82539174190318,2186500
2026-05-11,95.84522247314453,96.46971544435846,95.54784054624082,96.0533867968825,3868500
2026-05-12,95.84522247314453,96.04347204925597,95.13151189876487,95.77583436523187,2325100
2026-05-13,95.05220794677734,95.43879990965081,94.6061426243038,95.38924129756289,5047300
2026-05-14,94.48719024658203,95.4982751938423,94.4178021380714,95.31985511144633,2521700
2026-05-15,93.08951568603516,94.28894305651403,92.96064665072578,94.26911356058791,4543700
2026-05-18,94.17990112304688,94.35832876816224,93.21837478896612,93.21837478896612,2766100
2026-05-19,94.44754028320312,94.69535604068959,93.64461964902274,94.15016591186141,2092700
2026-05-20,95.64696502685547,95.65687977445013,94.31867623315799,94.4376229533479,2655000
2026-05-21,95.82539367675781,95.91461128057422,94.63588108594082,95.20090070098938,2493900
2026-05-22,95.92452239990234,96.38051005991245,95.3000293985202,96.1029500521168,3549600
2026-05-26,96.37059020996094,96.68779406791204,95.96416874925731,96.30120210236964,3193000
2026-05-27,96.07321166992188,96.85631037618258,96.06330448472866,96.20208070480152,2509300
2026-05-28,95.70645141601562,96.3904177843823,95.4288914066676,95.884879069228,2898600
2026-05-29,94.8638687133789,95.56767211816211,94.54666484706588,95.50819119384691,3342700
2026-06-01,93.26793670654297,94.41780547419012,93.22829283976752,94.2988511856531,3953200
2026-06-02,93.69417572021484,93.79330807070858,92.86151842777053,93.30758375404619,2143400
2026-06-03,93.58514404296875,94.49710419359174,93.26793262076609,93.5157483723095,2620300
2026-06-04,95.2603759765625,95.30994215331647,94.15016621954646,94.73500777901216,3786900
2026-06-05,95.94435119628906,96.66796898523737,94.85396335748158,94.95308814960283,3650300
2026-06-08,94.63587951660156,96.26155022637016,94.5070104868634,95.98399779729795,2774600
2026-06-09,96.81665802001953,97.25281617192117,95.17116532802682,95.17116532802682,3446800
2026-06-10,96.82657623291016,97.55020159603032,96.79683955107755,97.07439199849779,3787000
2026-06-11,96.75718688964844,97.44116081404137,96.35076540914339,97.00500265208217,3896700
2026-06-12,97.64932250976562,97.99626305525574,97.00500003229158,97.00500003229158,1985700
2026-06-15,96.96534729003906,98.28372890777516,96.71753153765573,97.64932118669276,3067400
2026-06-16,97.2032470703125,97.897135705887,96.89595796130374,97.59975378167843,2619900
2026-06-17,94.774658203125,97.12395428945366,94.50701295186978,96.87613853378453,2859900
2026-06-18,94.72509002685547,95.65687966857323,94.6160504916444,95.46853727816563,2666300
2026-06-22,95.74609375,96.17233716125209,94.65570591460114,95.07204214058788,4479200
2026-06-23,97.00499725341797,97.22307632226071,95.91460947194075,95.91460947194075,3173300
2026-06-24,97.01000213623047,97.55999755859375,96.52999877929688,97.26000213623047,4831600
2026-06-25,97.19000244140625,97.5999984741211,96.16999816894531,97.48999786376953,4014600
2026-06-26,98.66999816894531,98.73999786376953,97.61000061035156,97.81999969482422,3884800
2026-06-29,98.1500015258789,98.55999755859375,97.29000091552734,98.38999938964844,3136300
2026-06-30,96.43000030517578,97.4000015258789,96.3499984741211,97.02999877929688,5313100
2026-07-01,96.81999969482422,97.58000183105469,96.48999786376953,96.5199966430664,5198000
2026-07-02,98.0199966430664,98.05999755859375,97.18000030517578,97.38999938964844,3560200
2026-07-06,97.23999786376953,98.22000122070312,96.95999908447266,98.19999694824219,4493400
2026-07-07,98.4000015258789,99.05000305175781,97.70999908447266,97.80999755859375,2809500
2026-07-08,96.80000305175781,98.2699966430664,96.7300033569336,98.19000244140625,6050100
2026-07-09,97.08999633789062,97.62999725341797,96.75,97.02999877929688,2470000
2026-07-10,97.31999969482422,97.76000213623047,96.56999969482422,97.61000061035156,2539600
2026-07-13,97.83000183105469,98.37000274658203,97.44999694824219,97.62999725341797,3473600
2026-07-14,97.56999969482422,98.20999908447266,97.37000274658203,97.93000030517578,2307500
2026-07-15,97.86000061035156,98.94000244140625,97.51000213623047,97.9000015258789,2325300
2026-07-16,100.06999969482422,100.12999725341797,98.11000061035156,98.12999725341797,3254200
2026-07-17,100.0199966430664,101.08000183105469,99.5199966430664,100.31999969482422,3011800
2026-07-20,99.4800033569336,100.19000244140625,99.12000274658203,99.72000122070312,2178500
2026-07-21,99.5199966430664,99.80999755859375,99.11000061035156,99.69000244140625,2882900
2026-07-22,99.0199966430664,99.87999725341797,98.83999633789062,99.80000305175781,1881800
2026-07-23,98.69000244140625,99.4000015258789,98.41999816894531,98.63999938964844,2044000
2026-07-24,100.80999755859375,101.16000366210938,99.47000122070312,99.47000122070312,3205100
2026-07-27,100.54000091552734,101.13999938964844,100.33000183105469,100.69000244140625,1915100
2026-07-28,100.94999694824219,101.80000305175781,100.93000030517578,101.2699966430664,3292500
2026-07-29,100.66000366210938,101.30999755859375,100.23999786376953,101.0,3797200
2026-07-30,99.48999786376953,101.0,98.58000183105469,100.86000061035156,3839500
2026-07-31,98.94999694824219,99.54000091552734,98.36000061035156,99.45999908447266,3529300
2026-08-03,99.06999969482422,99.63999938964844,98.62000274658203,99.01000213623047,3229500
2026-08-04,98.91999816894531,99.0999984741211,97.44999694824219,98.12000274658203,4318800
2026-08-05,98.91999816894531,99.27999877929688,98.05999755859375,99.13999938964844,3314900
2026-08-06,98.04000091552734,99.66000366210938,97.7699966430664,99.6500015258789,2922400
2026-08-07,98.43000030517578,98.94999694824219,97.87000274658203,98.12999725341797,3000200
2026-08-10,97.11000061035156,97.94999694824219,96.73999786376953,97.73999786376953,3343300
2026-08-11,96.37999725341797,97.05000305175781,96.30000305175781,96.88999938964844,3331400
2026-08-12,97.30999755859375,97.4000015258789,96.5,96.80999755859375,2790900
2026-08-13,98.58000183105469,98.76000213623047,97.7699966430664,97.80999755859375,2587000
2026-08-14,98.83000183105469,99.01000213623047,98.43000030517578,98.5999984741211,2135700
2026-08-17,97.9800033569336,98.5199966430664,97.70999908447266,98.5199966430664,2565100
2026-08-18,97.62000274658203,98.63999938964844,97.58000183105469,98.58000183105469,2655400
2026-08-19,98.61000061035156,98.6500015258789,97.86000061035156,98.18000030517578,2572200
2026-08-20,98.5999984741211,99.08999633789062,98.18000030517578,98.52999877929688,2264600
2026-08-21,98.5,98.97000122070312,98.16999816894531,98.88999938964844,2895300
2026-08-24,99.0999984741211,99.31999969482422,98.37000274658203,98.72000122070312,2531200
2026-08-25,99.25,99.43000030517578,98.72000122070312,99.2699966430664,1856400
2026-08-26,98.61000061035156,99.4000015258789,98.55000305175781,99.25,1715900
2026-08-27,97.6500015258789,98.41000366210938,97.62999725341797,98.05999755859375,1875300
2026-08-28,97.23999786376953,98.18000030517578,97.16000366210938,98.0999984741211,2031400
2026-08-31,96.44000244140625,96.91999816894531,95.94000244140625,96.91999816894531,3329400
2026-09-01,96.30000305175781,96.95999908447266,95.97000122070312,96.56999969482422,3613900
2026-09-02,95.77999877929688,96.44999694824219,95.4000015258789,96.2699966430664,2958800
2026-09-03,96.66000366210938,96.70999908447266,95.93000030517578,96.4800033569336,2828700
2026-09-04,96.0199966430664,96.79000091552734,95.94999694824219,96.13999938964844,4083400
2026-09-08,95.93000030517578,96.62999725341797,95.51000213623047,95.52999877929688,5115500
2026-09-09,94.94000244140625,95.91999816894531,94.7699966430664,95.58999633789062,4112900
2026-09-10,94.12000274658203,95.33999633789062,93.91000366210938,94.9800033569336,3524400
2026-09-11,94.80000305175781,95.1500015258789,94.38999938964844,94.8499984741211,3168100
