Price,Close,High,Low,Open,Volume
Ticker,VTI,VTI,VTI,VTI,VTI
Date,,,,,
2020-01-02,150.1563262939453,150.1563262939453,149.06415064854423,149.88327891065333,3291100
2020-01-03,149.20069885253906,149.69218702363926,148.36336355160253,148.61820412633236,3625400
2020-01-06,149.71035766601562,149.73766101471827,148.19950756155978,148.2814176076677,6813800
2020-01-07,149.35540771484375,149.6830618034288,149.06415346376056,149.51013132781904,2498400
2020-01-08,150.09263610839844,150.6751307622517,149.30079723948703,149.44642437489236,4244800
2020-01-09,151.03004455566406,151.06644438510662,150.50215675828088,150.91172080638873,2216900
2020-01-10,150.59323120117188,151.35775288367643,150.35658361770453,151.32133915340347,4023000
2020-01-13,151.62168884277344,151.65810257278451,150.64783682539442,151.08470437114534,3997100
2020-01-14,151.53977966308594,152.10406749161916,151.23942888370792,151.58528988198,3062000
2020-01-15,151.91294860839844,152.35891265884513,151.46697067018235,151.53978424506064,2479200
2020-01-16,153.21444702148438,153.2417503747057,152.55004228015096,152.64106271606784,2205600
2020-01-17,153.59669494628906,153.82423212919065,153.2417374964733,153.82423212919065,2272000
2020-01-21,153.26901245117188,153.67859041472602,153.05968217026006,153.26901245117188,3174200
2020-01-22,153.3600616455078,154.10639027335324,153.22354489054464,153.75141893491391,2113600
2020-01-23,153.53297424316406,153.6057877999188,152.34977824948984,153.00508637251662,2370000
2020-01-24,152.07672119140625,153.8970183309654,151.3850132779692,153.8970183309654,3292500
2020-01-27,149.79229736328125,150.46581250272254,149.11878222383993,149.47373971500394,4692800
2020-01-28,151.2394256591797,151.69450006287985,150.2291599274546,150.4749039940279,4010700
2020-01-29,151.13929748535156,151.98574303487146,151.0118772173103,151.95843968370318,1751700
2020-01-30,151.5033721923828,151.63988895442236,149.69217111863802,150.17454886153544,2835900
2020-01-31,148.8275146484375,151.27581679675237,148.39063328693675,151.23030658562521,4525300
2020-02-03,150.13816833496094,150.92999343218864,149.54656321855848,149.5829769516322,2783200
2020-02-04,152.50453186035156,152.92320642213892,151.8219202551845,151.96754739735127,2732700
2020-02-05,154.0063018798828,154.13372217070318,153.05973924427144,153.93348830116116,4133700
2020-02-06,154.4340057373047,154.57053635815646,153.9880418173788,154.50681929087256,2202300
2020-02-07,153.5511932373047,154.17918417437463,153.27814584984074,153.8606404621392,2579200
2020-02-10,154.67977905273438,154.67977905273438,153.14162542561246,153.15983228939552,2494100
2020-02-11,155.1075439453125,155.86296905309462,154.82540006279203,155.3987982032481,2921700
2020-02-12,156.0814208984375,156.1360276037602,155.55353293403763,155.85388370108075,2154100
2020-02-13,156.01773071289062,156.48190167592006,155.22590557367255,155.36242236051334,2827500
2020-02-14,156.27252197265625,156.33623904491407,155.6172138271553,156.18151543941613,2527800
2020-02-18,155.90847778320312,156.12690458680882,155.20765938351124,155.8811744327524,2459400
2020-02-19,156.70033264160156,157.05529015300237,156.33627864090275,156.47279541922234,2488100
2020-02-20,156.22706604003906,156.93698112968275,154.63430533341798,156.50922388808263,7061600
2020-02-21,154.6251678466797,155.66273684781444,154.1791899674726,155.5899232825704,2983500
2020-02-24,149.53744506835938,150.9663714096936,148.89123333372152,149.7194720440508,8710900
2020-02-25,144.96849060058594,150.52949997300976,144.50431974148742,150.21094235801405,10112300
2020-02-26,144.1675567626953,147.27116734010116,143.8035028169999,145.6328968089362,8210300
2020-02-27,137.8511199951172,143.3757150531494,137.7964994106489,141.10943992564916,14384200
2020-02-28,136.9228057861328,137.05932256906382,132.24464089150123,133.26400323810722,22272400
2020-03-02,142.593017578125,142.72954823724788,136.14006561378346,137.80563966314415,12071600
2020-03-03,138.91600036621094,144.98669052173602,137.50526710527095,143.2027929611587,8623100
2020-03-04,144.4678955078125,144.48610236991408,140.20840636864162,141.54632603389143,5226600
2020-03-05,139.6532440185547,142.31087703688817,138.44274436199785,140.90014351908016,5343100
2020-03-06,137.05929565429688,137.74190721044616,133.9010784101581,135.59395562491903,9947700
2020-03-09,126.05561065673828,130.72467851359733,125.81897696484947,127.42083387684737,18537100
2020-03-10,132.30831909179688,132.3447328188776,125.5095068312051,131.37997736775517,11693300
2020-03-11,125.6096420288086,129.4231680610758,124.05329521992552,128.7405564005345,10760200
2020-03-12,113.39543151855469,121.65958398733984,113.23161140666511,117.57301102495525,20969500
2020-03-13,123.71654510498047,123.71654510498047,113.76862334575769,120.13966625312011,15351600
2020-03-16,109.63651275634766,116.48993143056447,109.21784518307857,110.18260059348634,14652900
2020-03-17,115.13382720947266,115.92565919284611,107.39756214006145,111.2292878882331,16645800
2020-03-18,108.49884796142578,111.36581834360332,102.84682420770231,107.85264308506835,15388000
2020-03-19,109.29977416992188,111.76628371157632,104.29395539844693,106.86058187104166,11083500
2020-03-20,104.84004974365234,111.63886286080655,104.48509224261804,110.26453613348532,12264900
2020-03-23,101.8547592163086,104.57610228221571,99.65219376348097,103.43841624116438,16443000
2020-03-24,111.5205307006836,111.56604091797111,106.48740897714431,107.06080021799215,10986900
2020-03-25,113.05867767333984,117.43649089377611,109.75483330073048,112.4397762519492,14428100
2020-03-26,119.92236328125,120.39799550594347,114.02274560457231,114.1873794765311,10549100
2020-03-27,116.09905242919922,119.3735654167945,114.80022282650972,116.27284194588924,9731500
2020-03-30,119.62052917480469,119.97724987982875,115.83379632272033,116.87651945715646,10416300
2020-03-31,117.91008758544922,120.37969326075537,117.09603201952507,119.7943051454476,8662400
2020-04-01,112.46778869628906,114.90081351760472,111.37932948902929,113.53795060113413,7911500
2020-04-02,114.809326171875,115.36727519124955,111.60798254258675,111.93726415986929,6244300
2020-04-03,112.85196685791016,115.28499207918419,111.4616717160231,114.19653269299556,6584400
2020-04-06,120.74556732177734,121.46816435166134,116.87651758960763,117.47104743622947,9369400
2020-04-07,120.88276672363281,125.56587173443087,120.80959146324486,125.32806260573543,10469900
2020-04-08,125.1268310546875,125.7213608401964,121.12057287658621,122.31878807789872,6610400
2020-04-09,127.46842193603516,128.76725176492994,126.05068053148374,127.06596487081976,9311600
2020-04-13,125.9500732421875,128.10869529239068,124.05671334364217,126.91047966342457,7291600
2020-04-14,129.77333068847656,130.075173339135,128.02630835743105,128.59339905801616,5609300
2020-04-15,126.72755432128906,127.58734651061837,125.70311424452518,126.90134388595253,5164100
2020-04-16,127.322021484375,127.64216146719446,125.70305218159908,127.38605506363979,5301200
2020-04-17,130.92581176757812,131.23679609569146,129.0415945414488,130.5325105214497,6411200
2020-04-20,128.80381774902344,130.8435276505414,128.52025836574558,128.96845162632547,5414000
2020-04-21,124.80669403076172,127.12080755665413,124.2761838608481,126.31590760640057,6367500
2020-04-22,127.62384796142578,128.32814746015683,126.55368620599702,127.37688326194207,6340900
2020-04-23,127.64219665527344,129.86483797530198,127.54158240065757,128.25502385820423,6198300
2020-04-24,129.54469299316406,129.85567738695323,127.37691599703578,128.51111161508075,4403600
2020-04-27,131.84051513671875,132.31614737929434,128.96845228939532,130.4776519994417,4968200
2020-04-28,131.4289093017578,133.98083197087453,131.13620825870652,133.69728655838978,3594500
2020-04-29,135.151611328125,135.86505269097688,133.56923640351806,134.28267776636994,4990900
2020-04-30,133.3954315185547,134.50218804481446,132.73686818928076,134.25522330714858,4228800
2020-05-01,129.70933532714844,131.3466022518291,127.87085386616974,130.90755065421078,4232500
2020-05-04,130.20326232910156,130.29472094257696,127.97146560033262,128.6666096811153,4741200
2020-05-05,131.41061401367188,132.93811096905392,131.21854116338207,131.78563199705272,3665900
2020-05-06,130.68800354003906,132.508187204002,130.52335574618115,132.27037812037528,3927300
2020-05-07,132.3984375,133.3222488615797,132.07829752610755,132.35270122419368,3796300
2020-05-08,134.8863525390625,135.0327030523613,133.43203094963252,133.953385462724,4248400
2020-05-11,134.9046630859375,135.56322650367989,133.5692389453059,133.74302845231492,4240900
2020-05-12,132.0325469970703,135.65463037630937,131.89533819896727,135.44426030065,4864400
2020-05-13,129.3800506591797,131.9960070525048,128.07207944089447,131.620989055201,5862100
2020-05-14,130.77037048339844,130.88012641678887,126.56288291784945,127.91660456119516,7561000
2020-05-15,131.55694580078125,131.58438477548614,129.14221832948473,129.67272843503312,3845600
2020-05-18,135.9199676513672,136.66084811866043,134.68515756804075,134.9412640516296,4557800
2020-05-19,134.4747314453125,136.56017706245032,134.4747314453125,135.70038538653807,3180900
2020-05-20,136.962646484375,137.37424505977344,136.20346895533908,136.44127805391878,3894000
2020-05-21,136.13943481445312,137.31936654337358,135.38941291787563,136.8345927188565,3419200
2020-05-22,136.52362060546875,136.54191791087177,135.34370260693544,136.06628566767597,3003000
2020-05-26,138.4260711669922,139.84381160536674,138.2157011014522,139.7980753415324,4197500
2020-05-27,140.6121826171875,140.6121826171875,137.21876551910717,139.94447757976323,5077700
2020-05-28,140.1273956298828,141.9475933622656,139.69749975317305,141.23415211086476,4601500
2020-05-29,140.59390258789062,140.97806223314853,138.49015923426083,139.761549711455,4776100
2020-06-01,141.54515075683594,141.85613513747245,140.19144336831258,140.51156942246658,3478900
2020-06-02,142.61529541015625,142.68847065966372,141.25243255698908,141.95673212134074,4157200
2020-06-03,144.8379669189453,145.24956553334965,143.6122987924533,143.78608828574153,9496400
2020-06-04,144.38064575195312,145.11237048857913,143.25559175371893,144.2525925273681,5629200
2020-06-05,148.0850372314453,149.1643548689492,147.26183998194958,147.6277023246691,4373400
2020-06-08,150.09732055664062,150.18877916307227,148.469209420569,148.99970562543194,5851300
2020-06-09,148.72532653808594,149.5302265335982,148.06676311473205,148.77104886621098,3200400
2020-06-10,147.61856079101562,149.31984720410745,147.27098179537472,148.91739025268194,4292900
2020-06-11,138.91091918945312,144.24344660938948,138.69140733638565,143.52086349844956,12504600
2020-06-12,140.8317108154297,143.13668262902442,137.95964818960869,143.13668262902442,6882100
2020-06-15,142.3408660888672,142.83479544493537,137.06323301279087,137.7126405555389,4859200
2020-06-16,145.07579040527344,146.4569369013573,142.6061845175568,146.4569369013573,4581200
2020-06-17,144.3714599609375,145.62456692197642,143.97815869500135,145.56053334468348,3702200
2020-06-18,144.49037170410156,144.79221437589788,143.08177256905205,143.5482630421699,2797800
2020-06-19,143.6763153076172,146.23739320828673,142.95371844313544,146.21909590675827,3824900
2020-06-22,144.67333984375,144.79225139973542,142.73424407586387,143.55744142271033,2561300
2020-06-23,145.24041748046875,146.32887682110982,145.02090565160273,146.00875075176216,2555100
2020-06-24,141.29820251464844,144.43552753516803,140.31951297728722,144.17942107921806,3729100
2020-06-25,143.00726318359375,143.12671603995733,140.0394345347793,140.9766347268544,4029200
2020-06-26,139.68104553222656,142.57536488833236,139.41457601749502,142.4007843139118,3508500
2020-06-29,141.73004150390625,141.75760538225188,139.0654304484132,140.3058470348183,3161600
2020-06-30,143.82496643066406,144.45896361169167,141.56464450384163,141.94135547812363,4317400
2020-07-01,144.66111755371094,145.2124091236691,143.89848422933275,144.16493971843667,3640900
2020-07-02,145.24000549316406,147.07767233397416,145.04704430595345,146.37016667458238,3181600
2020-07-06,147.5278778076172,147.95973059605546,146.8846972781189,147.47275005084362,3307600
2020-07-07,146.03016662597656,147.82190274023145,145.8464027738252,146.82036380848243,2357400
2020-07-08,147.22463989257812,147.27058435669142,145.51560957765116,146.37931502996548,2434900
2020-07-09,146.31500244140625,147.65649104945177,144.51408321739277,147.52785496347096,2465200
2020-07-10,147.88624572753906,147.94137349306553,145.57078143342386,146.25072325558483,2391800
2020-07-13,146.28744506835938,150.27517793126339,145.98422841929766,148.92449195829872,4694700
2020-07-14,148.20782470703125,148.3180802244358,144.93678016804125,145.63508847874417,3221300
2020-07-15,150.0454864501953,150.35788641931174,148.54778362724878,150.07305032863005,3747800
2020-07-16,149.37474060058594,149.5860683399756,148.55696548062832,148.99801557189886,2190700
2020-07-17,149.94442749023438,150.2384468929824,148.91533855018832,149.85253854046513,2141100
2020-07-20,151.09295654296875,151.47886486300294,149.4023065636902,149.78821488372438,3113200
2020-07-21,151.52481079101562,152.43444683259855,151.028632931712,152.1955552094091,2345600
2020-07-22,152.31503295898438,152.4712329712816,151.2308021402982,151.2308021402982,2723200
2020-07-23,150.6519317626953,152.71010962387996,149.843353877067,152.1680012779633,3114900
2020-07-24,149.48500061035156,150.13736444035348,148.7591144093088,149.61363671910436,2360800
2020-07-27,150.7713623046875,150.7805596112468,149.42987345376415,149.8249650678506,2423500
2020-07-28,149.6687469482422,150.89998013357467,149.56767473032488,150.3394912924483,1904900
2020-07-29,151.65345764160156,152.002604804798,150.1925158795891,150.1925158795891,2153300
2020-07-30,151.31346130371094,151.48804187417488,149.22771980470367,150.1741169832659,2473300
2020-07-31,152.08529663085938,152.17717155164283,149.73308555048675,152.1036632028457,3159700
2020-08-03,153.408447265625,153.72084729062732,152.6641803538914,152.95821380350762,4341600
2020-08-04,154.01483154296875,154.01483154296875,153.01330662199908,153.08681496761383,2811700
2020-08-05,155.13580322265625,155.20931156540172,154.63963943447771,154.80502269044297,2683000
2020-08-06,155.88926696777344,155.9995224814732,154.62127247908987,154.93367244809525,2150900
2020-08-07,156.01791381835938,156.1557332199753,154.91531654457677,155.48498876496936,2194200
2020-08-10,156.44973754882812,156.55999304962134,155.3287598898223,156.22921252695926,2496700
2020-08-11,155.19097900390625,157.42375179242603,154.80507060027173,157.12053504236596,3124600
2020-08-12,157.2675018310547,157.598282360596,156.51405183921176,156.54161571498332,3364900
2020-08-13,157.1480712890625,157.80963244188268,156.64271012784087,156.92754623136088,2247200
2020-08-14,157.10211181640625,157.3961451986014,156.5508202552153,156.86322020858518,2213900
2020-08-17,157.7728729248047,157.91069231240135,157.47883953755368,157.51558670081826,3422400
2020-08-18,158.01174926757812,158.2874020364179,157.1020993364916,158.03931314243388,3551400
2020-08-19,157.39617919921875,158.4987765800663,157.11134306136418,158.1955598467831,2291000
2020-08-20,157.8463897705078,158.09447872385903,156.37626468536794,156.4405757353268,2184400
2020-08-21,158.24147033691406,158.3149786825534,157.49721761520536,157.61665640912133,2284500
2020-08-24,159.75755310058594,159.75755310058594,158.83871973320183,159.42677252751628,2467500
2020-08-25,160.2904815673828,160.3088621608036,159.34408430034074,160.07915381404032,5162700
2020-08-26,161.74221801757812,161.88003739878997,160.3180236571632,160.54773197270487,2441100
2020-08-27,162.1281280517578,162.89994463542422,161.28280312389228,162.19245311053822,3435300
2020-08-28,163.25828552246094,163.2858634186873,162.2108161757559,162.79886889635728,4163100
2020-08-31,162.89076232910156,163.6809595086382,162.5875456650637,163.23992346107545,3189600
2020-09-01,164.33334350585938,164.46197960876447,162.78969625071463,163.2674934987694,2877700
2020-09-02,166.52935791015625,166.92444951263704,164.48034948800728,165.38999953273958,4021900
2020-09-03,160.74072265625,165.84025100216246,159.4267835594217,165.39001757368686,5341400
2020-09-04,159.3716583251953,161.8433225369489,155.466616181642,161.10825297645817,4379900
2020-09-08,154.8968963623047,157.15721809282206,154.69475194474214,156.47729052491295,3976000
2020-09-09,157.9290771484375,159.08680209621355,156.50488268376856,156.96429934848214,4290400
2020-09-10,155.33795166015625,159.40839037027092,154.91529620383966,159.01328477037515,3507600
2020-09-11,155.39306640625,156.71618845842102,153.9045611076986,156.4221691247619,3407700
2020-09-14,157.8188018798828,158.37929075127624,156.75296591189618,157.1204936221973,3080800
2020-09-15,158.71929931640625,159.54624383473728,158.14042974140284,159.14195486300702,2129700
2020-09-16,158.195556640625,160.22618477559584,158.10368170591678,159.38085966673543,2826900
2020-09-17,156.89080810546875,157.616680345933,155.48499407979222,155.79739408099022,2780400
2020-09-18,155.3655242919922,157.31346048397052,153.93214654147866,157.31346048397052,3178000
2020-09-21,153.49110412597656,153.50028741158818,150.93674869761458,152.95817913455295,4175300
2020-09-22,155.0164031982422,155.21853366598532,152.8663221910458,154.14350017253028,2090900
2020-09-23,151.27671813964844,155.40228481817675,151.01026264419573,155.2828319993787,2071400
2020-09-24,151.5983123779297,153.16032619586258,149.63200966164823,150.61515400964714,3792200
2020-09-25,154.03770446777344,154.48054968250304,150.8731708830753,151.10382148542547,2986000
2020-09-28,156.83316040039062,157.11916484335546,155.8182923016834,156.21501858673915,3291300
2020-09-29,155.95672607421875,157.05462534157084,155.63382363416062,156.69481091660478,2120600
2020-09-30,157.12840270996094,158.6599259772911,156.15044647928815,156.39031802034927,4786400
2020-10-01,158.43849182128906,158.91824896750163,157.40518173202585,158.42927086613284,3234100
2020-10-02,157.20217895507812,158.05097123931398,155.20935494280707,155.59684615445008,2325600
2020-10-05,160.03457641601562,160.0991512465816,158.0694293158703,158.32775679371767,2574200
2020-10-06,158.0602264404297,161.43694002358615,157.77420791357875,160.2836871949388,2803300
2020-10-07,160.8188018798828,161.20629314984754,159.55484125563163,159.60097418539272,1952400
2020-10-08,162.23036193847656,162.27649486246224,161.34467174023575,161.94435751867397,2335200
2020-10-09,163.59580993652344,163.88181433299158,162.7839155895501,163.2083046688929,2489200
2020-10-12,166.02227783203125,166.6588756590647,164.60147651196598,164.82289204986031,2895800
2020-10-13,165.14581298828125,165.902353637524,164.61992291583778,165.76395484476802,2448900
2020-10-14,164.04788208007812,165.9945731327102,163.75265671965445,165.33029847451786,2155600
2020-10-15,164.103271484375,164.2878032121069,161.6030270604629,162.01819529227103,2865300
2020-10-16,163.80801391601562,165.4317886257454,163.80801391601562,164.66602715486508,1910200
2020-10-19,161.4646453857422,165.37648473706903,161.1048310029826,164.509236204829,2713800
2020-10-20,162.0273895263672,163.63272237944457,161.67681027264075,162.28571700923592,2622900
2020-10-21,161.47389221191406,163.0423136339231,161.47389221191406,162.06435724412205,3237200
2020-10-22,162.6178741455078,162.89465764734848,160.64350581314176,161.7598607753748,3762200
2020-10-23,163.15301513671875,163.25450197011276,161.87983331880798,163.12533818922915,2412700
2020-10-26,160.19143676757812,161.90747755420304,158.3185552842684,161.49229527015058,3873600
2020-10-27,159.5456085205078,160.55125572372444,159.44413578248324,160.3759590347841,2525200
2020-10-28,154.25906372070312,157.05454687441332,154.08376707446544,156.75008650112534,4617500
2020-10-29,155.71681213378906,157.27601224385793,153.61328005564692,154.53588233826343,3101000
2020-10-30,154.0653533935547,155.68912827077327,152.2478258513702,154.89568977988162,3990400
2020-11-02,155.67068481445312,156.66709700492476,154.22220649899492,155.7260387009581,3741600
2020-11-03,158.65989685058594,159.5732780700542,157.1560508033845,157.4881881488464,4096000
2020-11-04,162.11962890625,164.0847757237506,160.24674792233515,160.68037200016664,3632100
2020-11-05,165.46876525878906,166.1422611471046,164.6015166497761,164.84138823358515,3678100
2020-11-06,165.38568115234375,165.88389427164955,164.29701720936112,165.3118712799357,3222100
2020-11-09,167.35086059570312,173.00641821214512,167.1017539883218,173.00641821214512,5549800
2020-11-10,167.0740509033203,167.62761792694556,165.22884626162843,167.00024102831733,5609200
2020-11-11,168.4302978515625,168.7439792999914,167.53537236567138,168.31035503042372,2878800
2020-11-12,166.76959228515625,168.28265954489902,165.79163606673396,167.8674913115039,3325700
2020-11-13,169.1314697265625,169.42669515840117,167.52613656796922,167.8029200888018,4769900
2020-11-16,171.1980743408203,171.2442072697098,169.8418478826713,171.17961835370585,6214800
2020-11-17,170.8106231689453,171.3180573502421,169.3990424959358,170.46002972044997,5733100
2020-11-18,169.0022430419922,171.3733371559442,168.99302208915395,171.09655371510058,3281900
2020-11-19,169.94334411621094,170.08174291055172,168.1073745136527,168.8362241504553,3038500
2020-11-20,169.04840087890625,169.91564921841004,168.9838260439393,169.91564921841004,2785700
2020-11-23,170.4323272705078,170.86595149893338,169.17758751804556,170.026379986212,4390900
2020-11-24,173.07095336914062,173.28316202347355,171.23498389431742,171.87156762393673,5378100
2020-11-25,173.0063934326172,173.15399910677914,172.12992403179226,172.9418045119634,3459400
2020-11-27,173.61529541015625,173.79059210096986,173.15399425655997,173.5691765570318,1742500
2020-11-30,172.24986267089844,173.5691914034871,171.17964052434172,173.5046024791178,3721800
2020-12-01,174.43641662597656,175.10991233619689,174.04891128705128,174.52866840560228,3867300
2020-12-02,174.5840301513672,174.63938403719416,173.26471561317797,173.85518052498887,3831400
2020-12-03,174.9346160888672,175.57121390437922,174.39028413100368,174.66706762615587,4408600
2020-12-04,176.68759155273438,176.68759155273438,175.2852459534674,175.29446691003497,4401400
2020-12-07,176.49380493164062,176.67832255739535,175.86642811072363,176.49380493164062,4319700
2020-12-08,177.2595977783203,177.49946932641308,175.84801727903857,175.88491517959324,3449000
2020-12-09,175.51585388183594,177.7300936100186,174.84234411570472,177.6378277555973,4470500
2020-12-10,175.774169921875,176.13398420619265,174.10426224138044,174.67627108368237,3223500
2020-12-11,175.4604949951172,175.6357916809061,174.00279577999532,174.88848608594802,3463000
2020-12-14,174.96229553222656,177.3149341579683,174.90694164796332,176.85363301871672,3530500
2020-12-15,177.36106872558594,177.38874566797318,175.6450279086087,176.39233350865152,3226100
2020-12-16,177.61016845703125,178.05302770889173,177.03815952062095,177.57327055827332,2983900
2020-12-17,179.00328063964844,179.00328063964844,178.2559751190549,178.44971369516838,4132800
2020-12-18,178.495849609375,179.41845181376405,177.33337589985004,179.33542099403923,4542100
2020-12-21,177.97923278808594,178.38518009750354,175.12839474394264,176.77062589364434,5011900
2020-12-22,178.01612854003906,178.50510668107881,177.33341178044145,178.34826596393353,4336000
2020-12-23,178.3206024169922,179.18785098220152,178.20989462664082,178.66196082243982,3451400
2020-12-24,178.6188507080078,178.78558695768467,178.0815659007454,178.6744294579001,1744000
2020-12-28,179.74900817871094,180.2677762264066,179.5266931503968,180.25850367690418,3780500
2020-12-29,178.9986572265625,180.59198080851831,178.6188643616065,180.50861267730724,4606200
2020-12-30,179.48036193847656,180.06396712242596,179.3506734681526,179.61930882275826,4314000
2020-12-31,180.3048095703125,180.51786616703444,179.01718330623873,179.48035842475423,3746400
2021-01-04,177.73883056640625,181.03663542900216,175.78423083470128,180.99958763576376,8825800
2021-01-05,179.17465209960938,179.66561656963685,177.32195171913364,177.38680301724173,3894000
2021-01-06,180.78651428222656,182.38909622235826,178.28537148818117,178.32241927798938,6175700
2021-01-07,183.68597412109375,183.9916713819311,181.9351728162852,181.95370377799776,4830900
2021-01-08,184.5753173828125,184.76985718639872,182.47249801493385,184.47341827331215,7538700
2021-01-11,183.47296142578125,184.39931184326775,182.6948304674891,182.8800977239893,3858600
2021-01-12,184.1213836669922,184.33445441679987,182.80596791484587,183.7601076092547,3874100
2021-01-13,184.3251953125,184.88101119647783,183.46369624081794,184.0936077166734,3465800
2021-01-14,184.14915466308594,185.29783402852595,183.8990502799924,184.8531898791548,4289000
2021-01-15,182.54660034179688,183.64895953579085,181.54614025317167,183.38032414981024,3444800
2021-01-19,184.21400451660156,184.38074077068762,183.2598649249334,184.02873730040065,4153700
2021-01-20,186.53912353515625,186.9003995250669,185.2422389906004,185.3441380715999,5224900
2021-01-21,186.40020751953125,187.12275961894431,185.99261112807082,186.98381272866632,2960600
2021-01-22,186.0945281982422,186.4835936635788,185.2330291253508,185.51092293274473,3045900
2021-01-25,186.62252807617188,187.0764306534788,183.7415782256808,186.44651926661078,5323200
2021-01-26,185.9462890625,187.43771358925378,185.8999687211755,187.0208587873005,4046900
2021-01-27,181.48126220703125,184.41779050135153,180.31405196567368,184.39000112750793,6727700
2021-01-28,182.9078826904297,184.9736401137625,182.2501818254827,182.34280838400403,5310100
2021-01-29,179.70266723632812,182.7225635787448,178.61883927783828,182.25013009991014,8315700
2021-02-01,182.7689208984375,183.16724475110442,180.20292655514834,181.45350514070026,3900700
2021-02-02,185.39048767089844,186.15936010617904,184.39002766360503,184.52897455281925,3278700
2021-02-03,185.6683349609375,186.43720720370476,184.890204306202,186.02962505240052,2905600
2021-02-04,188.02130126953125,188.02130126953125,186.22417961950651,186.3446096687295,2746400
2021-02-05,189.07736206054688,189.24409833130858,188.19733209434202,189.08662047503898,3127200
2021-02-08,190.7725830078125,190.80963080041266,189.69801326761794,190.0778202829428,3676700
2021-02-09,190.84671020507812,191.2450340856883,190.13341645109548,190.45764473971988,3384800
2021-02-10,190.76329040527344,191.95829008202114,189.39229606344583,191.8193432056469,3682400
2021-02-11,191.21722412109375,191.6989302270579,189.73507214618007,191.47660107007823,2630000
2021-02-12,192.20843505859375,192.22695188800492,190.6429007393101,190.72626887661315,2416700
2021-02-16,191.8656768798828,193.04214576323804,191.30987515982164,192.96803604023302,4955700
2021-02-17,191.4673614501953,191.66188711353647,189.93887484901862,190.84670839456052,4484000
2021-02-18,190.3649444580078,190.91148762147728,188.98467772833237,190.11482597464794,3658900
2021-02-19,190.80038452148438,191.7823136401564,190.50394562189334,191.22649777091559,4921800
2021-02-22,188.9847412109375,190.39279778564088,188.89211465134275,189.64245621849182,4400300
2021-02-23,188.95692443847656,189.60536680158376,184.6771907069856,187.63225033491352,5707900
2021-02-24,191.0782470703125,191.27277268385285,187.84527999760766,188.60489389614412,3722800
2021-02-25,186.0852508544922,191.1801774515757,185.27005807576404,190.5873138311326,7581100
2021-02-26,185.3441619873047,187.7619367348301,183.92684721823633,187.11349437888106,6324600
2021-03-01,190.1055908203125,190.6891959745584,188.11394352706614,188.1880391049231,4691800
2021-03-02,188.3177032470703,190.41126349319327,188.2065457596587,190.36494316177823,4859000
2021-03-03,185.60353088378906,188.5493178023937,185.4367804937832,188.25289308180263,4334000
2021-03-04,182.66705322265625,186.41877548974833,180.1936991398292,185.30714360691618,7198800
2021-03-05,185.96481323242188,186.3909405680631,179.8138481197974,184.68644536048137,6614800
2021-03-08,185.05702209472656,187.94723079967977,184.87175484299615,186.6040255559027,4281400
2021-03-09,187.92868041992188,189.29968903806162,186.854124816899,187.33581679463956,4116100
2021-03-10,189.27186584472656,190.15189564354736,188.61415103130312,189.48492241739277,4133800
2021-03-11,191.7452392578125,192.5233700588663,190.5595120938307,190.90225715584617,4102700
2021-03-12,192.1250457763672,192.1806386675251,190.411306209401,190.97638045547788,4069000
2021-03-15,193.46826171875,193.51456792478396,191.18943380953536,192.43073979289596,3421900
2021-03-16,192.6901397705078,193.88513969065818,192.0880176702669,193.7369202356808,4599900
2021-03-17,193.42193603515625,193.87583861363294,191.16163915177776,192.04166906686808,3347000
2021-03-18,189.9018096923828,193.0884569556475,189.6887530832063,192.17136507878286,3641900
2021-03-19,190.1426544189453,190.96710560723255,188.57713431061205,190.03149690793512,3871000
2021-03-22,191.17091369628906,191.99536492725224,190.2538359130173,190.71701107951313,3603900
2021-03-23,188.99398803710938,191.2357540179623,188.64197040760087,191.00416644801905,4764800
2021-03-24,187.42843627929688,190.6891929170331,187.42843627929688,190.05926743549009,4014500
2021-03-25,188.81517028808594,189.28919235866567,185.4227300231537,186.7425292066811,4976800
2021-03-26,191.9009246826172,192.05892732523878,188.89884610863064,189.7074520391318,3554900
2021-03-29,190.9993133544922,191.79862978301574,189.82822777962068,191.0829592851079,4562900
2021-03-30,190.94358825683594,191.36183217710894,189.87472692493077,190.69263623183744,3960500
2021-03-31,192.10540771484375,192.96977764102547,191.46409367563103,191.51056837944571,5494800
2021-04-01,194.51260375976562,194.53119647357195,192.91397074246632,193.31363608783377,4543300
2021-04-05,196.7804412841797,197.00351131338408,195.70229074948745,195.97183547420346,5941400
2021-04-06,196.85479736328125,197.49611128597277,196.4923174307277,196.7525587063002,4029900
2021-04-07,196.6875,197.15221861009894,196.19489940786207,196.84550262558326,3299100
2021-04-08,197.83071899414062,197.83071899414062,196.82692508939144,197.54258154146697,3628900
2021-04-09,199.02969360351562,199.13193226904693,197.61694500219778,197.83072578236406,3559100
2021-04-12,199.08543395996094,199.24343657302845,198.27682818070795,198.95531332672383,3882800
2021-04-13,199.6431121826172,200.08923806492066,198.89955959072063,199.23415754796977,4056900
2021-04-14,199.1969757080078,200.63759193697533,198.93672025990995,199.88475011871867,3765600
2021-04-15,201.3160858154297,201.38113903912955,200.2565280661731,200.50746587741037,5439600
2021-04-16,201.82730102539062,202.12472776437647,201.05588055808204,202.11543849706598,4306000
2021-04-19,200.50747680664062,201.60422004243676,199.82899164320816,201.43691397707414,3986900
2021-04-20,198.66720581054688,200.33089219452648,197.89577121595846,200.03347965875824,5210300
2021-04-21,201.03726196289062,201.06514394332052,198.2024757684719,198.5742449622608,3167900
2021-04-22,199.46652221679688,201.7250478524703,198.78803701763923,201.17668329674134,4394800
2021-04-23,201.88304138183594,202.49645909750578,199.8010971449496,199.90333579457538,4374300
2021-04-26,202.6173095703125,202.86826158525986,202.10611627397017,202.37566100389893,3202500
2021-04-27,202.5243682861328,202.9240336727608,202.01318915141013,202.89615169021545,2670000
2021-04-28,202.49649047851562,203.21216113680399,202.26413116445588,202.68238927543305,2603900
2021-04-29,203.26791381835938,204.15087632635016,201.63210944374396,204.10441581178716,4178800
2021-04-30,201.78085327148438,202.77534385594421,201.4555445279004,202.16191180454558,3256600
2021-05-03,202.13401794433594,203.14711536925412,201.9667260394667,203.14711536925412,3846300
2021-05-04,200.61900329589844,201.2603029806305,198.72294367382423,201.20453902387857,4900000
2021-05-05,200.5818634033203,201.63213210084828,200.0892627640752,201.63213210084828,2032600
2021-05-06,201.6042022705078,201.64137351393072,198.97389360819912,200.55393382223437,4131200
2021-05-07,203.3143768310547,203.53744685290008,201.7808112043632,202.05963100406314,3868100
2021-05-10,200.9257354736328,203.45380589770116,200.80491827640947,203.4445166308645,4443800
2021-05-11,199.30853271484375,199.74536937127925,197.0592961977117,198.2396713329343,5959900
2021-05-12,194.8193359375,198.55567752686247,194.44756672293374,197.91436357696222,5788400
2021-05-13,196.96633911132812,197.89577635563342,195.48853729658356,195.5350119952162,4970900
2021-05-14,200.33090209960938,200.72127823161694,198.4348563168408,198.4813310165643,4292600
2021-05-17,199.9033660888672,200.182200101201,198.6579235734747,199.7360600086321,4063200
2021-05-18,198.3419189453125,200.41457438555588,198.28615497509753,200.06138366474366,3173100
2021-05-19,197.76565551757812,197.76565551757812,194.9494618046218,195.71160715161724,6015000
2021-05-20,199.91262817382812,200.44241414343637,198.13739985816954,198.1652960194882,3478300
2021-05-21,199.80108642578125,201.44619399710646,199.55943789512315,200.83276213226193,3623300
2021-05-24,201.81800842285156,202.33849102538784,200.68409381786014,200.9815205519307,2873700
2021-05-25,201.26031494140625,202.6358921394324,200.94430971297544,202.468586077149,3700600
2021-05-26,201.98529052734375,202.20834636932906,201.20455253413837,201.66927111438858,3258100
2021-05-27,202.35708618164062,202.84039753928906,202.23625479670665,202.61732748604652,2617200
2021-05-28,202.70095825195312,203.29579750061546,202.64519428834203,203.1749803068202,2635700
2021-06-01,202.78463745117188,204.03938356652765,202.44075016445322,204.03938356652765,3805700
2021-06-02,203.0541229248047,203.37943158032073,202.51504770879544,203.19353281597753,3599400
2021-06-03,202.15255737304688,202.66375058442995,200.83275847043842,201.96667280038497,2967000
2021-06-04,203.90919494628906,203.99284087754594,203.0448252924668,203.14706393580875,2287100
2021-06-07,204.07652282714844,204.17874729934448,203.57461882173536,204.05793011307395,2762800
2021-06-08,204.4947509765625,204.73639951259676,203.2307159763749,204.50404024184232,2831700
2021-06-09,203.91854858398438,204.94093534014928,203.87208806223106,204.85728938248718,2688600
2021-06-10,204.820068359375,205.3126689339144,203.72333928612457,204.6713691878415,2936700
2021-06-11,205.42422485351562,205.42422485351562,204.597026268752,205.20115480808644,2837200
2021-06-14,205.74021911621094,205.7681010976382,204.82937463138575,205.5915057605414,3189400
2021-06-15,205.20114135742188,205.8982192488477,204.6341841051121,205.86104800142283,3094000
2021-06-16,204.1787567138672,205.3777386404605,202.9704997029372,205.3777386404605,3459600
2021-06-17,203.98353576660156,204.53190018279915,202.5707875816452,203.9556537916819,3002900
2021-06-18,201.45545959472656,202.75666565630013,201.2509823304675,202.60796652217917,4538300
2021-06-21,204.23452758789062,204.29029154861468,201.76222132716347,202.3105858503974,3870000
2021-06-22,205.39633178710938,205.73092974615426,203.71403854335642,204.33677394714826,2684300
2021-06-23,205.31268310546875,205.9539970778939,205.22903715656642,205.49858190136766,2662200
2021-06-24,206.70645141601562,206.84628862468261,206.30556104191137,206.5106650983265,2931600
2021-06-25,207.48023986816406,207.6200770696675,206.8835774324918,207.20986897785133,2801300
2021-06-28,207.71331787109375,207.89045448225858,206.8369667793657,207.89045448225858,3094900
2021-06-29,207.72259521484375,208.2726404184557,207.40562145942863,208.1887381112374,4068000
2021-06-30,207.73194885253906,208.03959067777322,207.39632536309352,207.61074713465342,3041700
2021-07-01,208.86004638671875,208.8880138306755,207.99302717294668,208.27270161251417,3836000
2021-07-02,210.01605224609375,210.1465717052902,209.12105150763645,209.49397440930787,3026400
2021-07-06,209.5592803955078,210.24917727013343,208.04898137937792,210.11865777769697,4147200
2021-07-07,209.83897399902344,210.10001299000737,208.38460984195365,209.83897399902344,4042200
2021-07-08,208.0675506591797,208.57099298808123,206.1656937708544,206.90219333836552,4486100
2021-07-09,210.5847930908203,210.67801316737666,208.8507403406316,208.98125982825624,3886600
2021-07-12,211.1720733642578,211.26530764415992,210.20250229082356,210.64999553813522,3294600
2021-07-13,209.9974365234375,211.18144381129815,209.87623478258888,210.7898853703523,4668400
2021-07-14,209.70840454101562,211.1254831727114,209.223611862307,210.94834656555508,2830200
2021-07-15,208.97190856933594,209.5406036183864,207.76926584622572,209.25159722429706,3276500
2021-07-16,207.3310546875,209.7643213845833,207.14460035804663,209.7643213845833,3203300
2021-07-19,204.3850555419922,204.92578312838458,203.0705430950534,204.92578312838458,6966200
2021-07-20,207.9184112548828,208.5616908200823,204.53420879042685,205.0562866330368,5362900
2021-07-21,209.78298950195312,209.78298950195312,208.4125280105507,208.5989823563728,2542500
2021-07-22,209.96014404296875,210.0906635187479,208.99987634013277,209.95081207827,2236200
2021-07-23,212.0577850341797,212.1976222473964,210.53815426463112,210.9297126871937,2982700
2021-07-26,212.48663330078125,212.48663330078125,211.75013358575336,211.86200335878138,2849700
2021-07-27,211.3399200439453,212.02980259404382,209.74570469129998,211.98319967351176,4169600
2021-07-28,211.66619873046875,212.3840629049652,210.87376419743813,211.74078331455777,3306700
2021-07-29,212.5984649658203,213.26039419721698,212.16962142904518,212.16962142904518,2960900
2021-07-30,211.3399200439453,212.48662786481486,211.06954913196964,211.22805027377922,2846800
2021-08-02,211.04156494140625,212.65442986960272,210.87376029947393,212.42135838321585,3558100
2021-08-03,212.5518798828125,212.5611976211576,210.025378686931,211.47042476148403,3245400
2021-08-04,211.60096740722656,212.27221450603156,211.39586333672744,211.80607147772565,3374500
2021-08-05,213.11126708984375,213.12059905480191,211.85268944389065,212.11372840270565,2461700
2021-08-06,213.37229919433594,213.78250732374102,212.92480588296488,213.42823408006282,2343100
2021-08-09,213.2883758544922,213.5307650772827,212.5798436624899,213.36296043663262,3295500
2021-08-10,213.42819213867188,213.78246531273084,213.036633789974,213.4934589762314,2946700
2021-08-11,213.84774780273438,213.9502998224391,212.9434293268531,213.90368268156348,3051400
2021-08-12,214.44444274902344,214.44444274902344,213.27908517812816,213.8198127980903,2746000
2021-08-13,214.56558227539062,214.6588165504329,214.20199136361072,214.64016685031382,2516000
2021-08-16,214.6495361328125,214.6588538717155,212.82224929337886,213.94098966062847,3193200
2021-08-17,213.05531311035156,213.53077383725343,211.42381265117905,213.23244972200766,3735100
2021-08-18,210.92970275878906,213.33500229179015,210.7525661466818,212.66375524883378,3194100
2021-08-19,210.77122497558594,211.4611217511504,209.20497706568588,209.50331542016426,3964500
2021-08-20,212.66375732421875,212.73834191033677,210.71528302313408,210.99497166468788,2655100
2021-08-23,214.72409057617188,215.11564893846165,213.2883623555558,213.55873322689746,3180600
2021-08-24,215.4885711669922,215.7402923534386,215.05039563803354,215.2275322423642,2772300
2021-08-25,216.10389709472656,216.3090011522486,215.33941574840696,215.72165642156676,2897000
2021-08-26,214.65884399414062,216.0945581246944,214.5749416712077,215.93607121730278,3352000
2021-08-27,216.9709014892578,217.1666877946892,215.050394740841,215.1715964644678,3749800
2021-08-30,217.79135131835938,218.12697487556605,217.0362018710335,217.42776031684852,3194000
2021-08-31,217.38111877441406,217.80997658154814,217.00821007516663,217.7447097351246,3099400
2021-09-01,217.7633819580078,218.35072673434075,217.4557258478123,217.98713573602905,3533100
2021-09-02,218.49986267089844,218.7609016097515,217.85658306245512,218.44392778765211,3274600
2021-09-03,218.42526245117188,218.6210487540761,217.80996455394623,218.15490579297997,2484200
2021-09-07,217.48367309570312,218.43460878204112,217.2412838611898,218.4252768178507,3256800
2021-09-08,216.9709014892578,217.46501189635325,215.90809609326237,217.23194041279675,3027600
2021-09-09,216.21575927734375,217.8286100135012,216.0572723703738,216.91497375103427,3265900
2021-09-10,214.50035095214844,217.39976079686693,214.38848119143728,217.2505916322157,3385600
2021-09-13,214.98516845703125,216.04797398321352,213.80116119237576,215.83353794967533,3312700
2021-09-14,213.68927001953125,215.81488085903345,213.13921049462172,215.74029627556175,3158900
2021-09-15,215.45132446289062,215.67506402363773,213.23247898176842,213.88507640987584,2598900
2021-09-16,215.2554931640625,215.84283783946663,213.77316198148011,215.3021103046675,2537200
2021-09-17,213.53077697753906,215.19957686663136,213.16718601031283,214.92920596311004,3078200
2021-09-20,209.82960510253906,210.9856305734722,207.2564867822202,210.23979897011088,7749300
2021-09-21,209.8109893798828,211.65691187234938,209.26094399572492,211.17211911781783,4564400
2021-09-22,211.92724609375,212.96206982761313,210.53813492598357,211.00427789463015,4187300
2021-09-23,214.5096893310547,215.31145588625998,212.6078320881906,212.9714230710421,3778100
2021-09-24,214.76593017578125,215.0558488058133,213.40985133860585,213.74653426035945,3122800
2021-09-27,214.29827880859375,214.98099168441613,213.7090802296143,214.31698737614465,2856700
2021-09-28,209.80921936035156,213.03575577080989,209.53800929537667,212.90482431350156,5078600
2021-09-29,209.94952392578125,211.35236716237364,209.7531195936562,210.63223697186092,4585500
2021-09-30,207.6768798828125,213.6062263315089,207.5646570069562,210.75379025347428,5080200
2021-10-01,210.53871154785156,211.01568738856093,206.70428187243616,208.6495595688907,5148600
2021-10-04,207.36827087402344,209.86532997382764,206.25534635607275,209.71570421639427,4984000
2021-10-05,209.30419921875,210.41712372576748,207.71431318177858,208.02292611439333,3568200
2021-10-06,210.1739501953125,210.24877020677198,206.66684242947613,207.51790400556237,3076000
2021-10-07,212.19407653808594,213.56886411081308,211.46459916526663,211.82933785167629,3081300
2021-10-08,211.7264404296875,212.81130922656888,211.38041035172614,212.67101634895263,1922600
2021-10-11,210.20199584960938,212.8486947626032,210.1271758417329,211.4271574243222,2354900
2021-10-12,210.05239868164062,211.08114182137217,209.6408957175643,210.716403152388,2898400
2021-10-13,211.0063018798828,211.38974908479022,209.16390013679478,210.58545180470887,3179500
2021-10-14,214.51341247558594,214.56952391696072,212.76453929060102,212.96094360587085,2688800
2021-10-15,215.78533935546875,216.18749516444458,215.3551420942862,215.74793648206733,2717900
2021-10-18,216.57095336914062,216.6551205414006,214.58825848743737,215.16811008296807,3078300
2021-10-19,218.1514434814453,218.1701520513498,217.07593617448805,217.44067480010864,2683100
2021-10-20,219.00253295898438,219.17088156867763,218.2730556147189,218.42269565212194,2838400
2021-10-21,219.60104370117188,219.73197514533516,218.5348835785688,218.75934359875893,2839800
2021-10-22,219.1802215576172,220.06868606116944,218.20758988719828,219.40468160638721,2144500
2021-10-25,220.5269775390625,220.6766175880171,218.9370912626862,219.8442644375903,2170100
2021-10-26,220.4427490234375,221.82688341497268,220.20894186342684,221.321851957894,2759900
2021-10-27,218.93707275390625,220.78882182417735,218.83419701275457,220.76076610117772,3409600
2021-10-28,221.2751007080078,221.2751007080078,219.57297774280545,219.72261774928714,2104900
2021-10-29,221.56504821777344,221.7707996859241,220.12478794071882,220.22766367479417,3565900
2021-11-01,222.66864013671875,222.69669586142174,221.387381140414,222.35066574311116,3967500
2021-11-02,223.3606719970703,223.45418630473873,222.50026330605058,222.88371049772624,4004800
2021-11-03,224.9412078857422,225.13759791863714,222.8649990581093,223.22973767537147,3704400
2021-11-04,225.7922821044922,226.13832646405228,224.950581893532,225.4181962930563,3557000
2021-11-05,226.66204833984375,227.7375557317361,225.75487527901265,227.02678699426852,3919400
2021-11-08,227.03610229492188,227.78428807019392,226.72747512748003,227.4195494669366,3401400
2021-11-09,226.3814697265625,227.3915184925192,225.56782527778833,227.29798990901165,2764100
2021-11-10,224.1556396484375,226.2879745146435,223.26717511195304,225.52108002243074,3356500
2021-11-11,224.42686462402344,225.16568912449821,224.41751747304104,225.0815219542782,2277100
2021-11-12,226.091552734375,226.36276279577856,224.65130672294882,225.05344823993656,2419900
2021-11-15,226.091552734375,226.95196148113664,225.5210626199456,226.73686286206083,3630500
2021-11-16,227.06419372558594,227.56922526827026,225.7735876874727,226.00739488711497,2947400
2021-11-17,226.1289520263672,226.88649929717562,225.7922691072717,226.88649929717562,2809000
2021-11-18,226.48431396484375,226.73682968883213,224.941192444767,226.60589825240413,3507700
2021-11-19,225.83901977539062,226.90517990980288,225.69874118025373,226.40950984637615,3353800
2021-11-22,224.7541961669922,227.82174554533017,224.68872329997717,226.64334810273377,3902900
2021-11-23,224.82899475097656,225.48366631843098,222.80891141602694,224.54843753116327,3826200
2021-11-24,225.5865478515625,225.5865478515625,223.1736558059653,223.65061736236066,2195400
2021-11-26,220.7046356201172,222.6779688334992,219.72264258844646,221.8736715458066,5730300
2021-11-29,222.7808380126953,223.7815253150121,221.2002992043814,223.0333394904871,4789200
2021-11-30,218.3291473388672,222.33192521983008,218.00182584088276,221.63986508266075,7231400
2021-12-01,215.2522735595703,222.46287993524112,214.99041062561747,221.09745381826696,5274700
2021-12-02,218.75,219.47947728697548,215.18678072812932,215.2990178825967,4257400
2021-12-03,216.2155303955078,220.03126529148244,214.1860857824143,219.6197623707708,5821900
2021-12-06,218.9931640625,219.94708709768798,215.9910735434632,217.54355666882748,4210600
2021-12-07,223.6786651611328,224.17433527192327,221.96719478463686,222.17294625746973,4284700
2021-12-08,224.64195251464844,224.81030111749507,223.1829978854521,224.05276808083227,3417400
2021-12-09,222.50030517578125,224.36140150477004,222.37872085542958,224.00602423602382,2853800
2021-12-10,224.01535034179688,224.333324704656,222.18230990964284,223.9124746043473,2610800
2021-12-13,221.97653198242188,224.0807965036649,221.78012768143807,223.98726792787127,5839100
2021-12-14,220.31185913085938,221.51829802502257,218.8903073341919,220.19962196897825,3360400
2021-12-15,223.70669555664062,223.75345984434634,218.70323072218653,220.3024637603391,3720700
2021-12-16,221.20033264160156,224.9131923352598,220.39603525598758,224.72613514800926,3876100
2021-12-17,220.19027709960938,221.7988718221334,218.2262908566214,219.7787741328531,4455100
2021-12-20,217.09471130371094,217.30046282436902,215.16814185615058,217.06665557548138,5839800
2021-12-21,221.34994506835938,221.49958510095462,218.11406141862616,219.0212344943538,4158800
2021-12-22,223.53839111328125,223.61321112951595,221.22837484244886,221.30319485868353,3202900
2021-12-23,225.0814971923828,225.72680730066267,223.98728128852224,224.33331135277632,2925100
2021-12-27,228.037109375,228.037109375,225.57802320377746,225.70942366166145,4395100
2021-12-28,227.56781005859375,228.80672656154943,227.173594380552,228.1309487157281,3960900
2021-12-29,227.69918823242188,228.22478998961856,226.86385379939705,227.65225643519207,3044300
2021-12-30,227.33319091796875,228.72228361422503,227.1360830567976,228.17790615938398,4501500
2021-12-31,226.61045837402344,227.78368182541183,226.61045837402344,227.22052884011526,3499900
2022-01-03,228.04649353027344,228.04649353027344,226.06609167769935,227.5302723229056,4204000
2022-01-04,227.61473083496094,229.06953078304835,226.5259903534383,228.75979807243036,4217000
2022-01-05,222.6778106689453,227.7555251945069,222.63087886665997,227.21114779546272,4878300
2022-01-06,222.6214599609375,224.10441586443196,221.07279668122516,222.6308405911517,4519200
2022-01-07,221.60784912109375,223.44746993766313,220.86637814355177,222.62151598064304,3580200
2022-01-10,221.22299194335938,221.3543923856558,216.78351879837126,219.8245188763987,5819600
2022-01-11,223.4286346435547,223.4849470671073,219.71185715178427,221.23236419556758,3524800
2022-01-12,223.77593994140625,225.1181149776437,222.73411697427014,224.3578541733215,4033100
2022-01-13,220.50030517578125,224.6957534541175,220.07794759050472,224.48926497748,4049300
2022-01-14,220.58477783203125,220.68802206552064,218.0412231641967,219.15813414787988,3829900
2022-01-18,216.29547119140625,218.407273389824,215.81680118219865,218.2195605031686,6511600
2022-01-19,214.0240936279297,217.90042812977035,213.90207381755343,217.01816188582438,4868100
2022-01-20,211.52748107910156,217.66579391450716,211.31161198401642,215.05654622436157,5175100
2022-01-21,207.34144592285156,212.20327722728192,207.26635790034297,210.82356524703528,8582600
2022-01-24,208.67420959472656,208.89947364443614,199.07255325046134,204.6007813664413,22004300
2022-01-25,205.75523376464844,208.3832571167519,202.39512013667277,205.64260889807582,6600400
2022-01-26,204.95741271972656,210.39179105707763,202.77991772548256,209.0402355260976,7096400
2022-01-27,203.43692016601562,208.73988375197902,202.63912259359793,207.24754715195266,5789200
2022-01-28,208.44891357421875,208.524001579272,201.72868749846418,204.14084132549266,4961200
2022-01-31,212.87905883789062,213.0104592991888,207.63240669677418,208.4489656833003,5306400
2022-02-01,214.50277709960938,214.86882223220903,211.31161513959074,213.93963845338104,4697600
2022-02-02,215.92002868652344,216.28607379968813,213.9865588928036,215.76985266020608,4048200
2022-02-03,210.78599548339844,213.93022537612578,210.36363795411552,212.87902186829737,4217700
2022-02-04,212.1844940185547,213.9865634076619,209.60340258826076,211.0206512724008,3585300
2022-02-07,211.6494903564453,213.41402284121202,211.03002499627308,212.56929344418427,2757300
2022-02-08,213.5923614501953,214.04287521576816,210.69214238528576,211.4336275777316,3075500
2022-02-09,217.0651092529297,217.0932654694093,215.49768447540757,215.74170979208898,3698700
2022-02-10,213.3858642578125,217.57191706482664,212.2501777767717,214.14611068159553,3511200
2022-02-11,209.2467041015625,214.46519854494642,208.37381860337433,213.41399515248696,4839800
2022-02-14,208.47711181640625,209.81928690477,206.76890590216888,208.85255191736397,4402100
2022-02-15,212.1844940185547,212.27834329580253,210.61705498335434,210.78600659691955,4406200
2022-02-16,212.38157653808594,212.94472945873542,210.06328611854434,211.18019700750247,4812400
2022-02-17,207.5572967529297,210.89863469155742,207.16309541066656,210.62645316531908,5784600
2022-02-18,205.89599609375,208.3550819220078,204.80725573237447,207.55728433225252,7007900
2022-02-22,203.53077697753906,206.56238187288935,201.8507132482788,204.7133808684577,7748900
2022-02-23,199.785888671875,205.38920538628992,199.51370711492302,205.14518004827863,7684500
2022-02-24,203.28675842285156,203.53079805213218,194.2857920727,194.88648187146276,10471000
2022-02-25,207.81069946289062,207.83885567627576,202.88316161846177,203.9343651090364,4615100
2022-02-28,207.58547973632812,208.42081432869938,204.84483124987884,205.78341008722077,4219800
2022-03-01,204.3473663330078,207.88581222599967,203.0427424450481,207.0692389758784,4765000
2022-03-02,208.22369384765625,208.93700851596176,205.00436140495282,205.5487387787549,3884900
2022-03-03,206.6375274658203,209.38755668068902,205.72710481615255,208.87133543785,4161700
2022-03-04,204.5726318359375,205.18270229833965,202.59223008910828,204.80727652479607,4518100
2022-03-07,198.26541137695312,204.53511153515382,198.24663578896966,204.30984744408445,7953400
2022-03-08,197.14845275878906,202.25432302179976,196.42574317189167,198.10580701349704,6132200
2022-03-09,202.620361328125,203.5870961813225,200.45224696179716,201.48467487255763,4558400
2022-03-10,201.70999145507812,202.12296845560812,199.2602999942772,200.6400120998764,5271300
2022-03-11,198.96929931640625,203.23982084858474,198.69710347941555,203.03334671505348,5511000
2022-03-14,197.00765991210938,200.67750600128952,196.41636508025258,199.2414817614493,6284200
2022-03-15,201.11863708496094,201.45652598040672,197.57081084356722,198.0401001804878,6491000
2022-03-16,206.14942932128906,206.14942932128906,200.84646528620578,203.07089226790367,4863500
2022-03-17,208.9088592529297,208.92763483791316,204.8729677759915,205.1076124627719,6570100
2022-03-18,211.34912109375,211.60254132437564,207.8294513633992,208.35506740658607,3425100
2022-03-21,211.15206909179688,212.306516980114,209.36877514003623,211.59320226372486,2802200
2022-03-22,213.74252319335938,214.13672452849823,211.7433603024105,211.91229759393812,3269300
2022-03-23,210.83140563964844,213.2510826565353,210.83140563964844,212.52611910354435,2695400
2022-03-24,213.83480834960938,213.900720656228,211.20801329649623,211.84823039155998,2375100
2022-03-25,214.748046875,214.89869124556648,212.6861469473645,214.25847422001573,3851100
2022-03-28,216.14146423339844,216.14146423339844,213.23220078566376,214.69153745197326,6799400
2022-03-29,219.41793823242188,219.70980274335525,216.97001730920948,217.8832791205914,4470500
2022-03-30,217.6384735107422,219.19195225812015,216.57456741168156,218.79652156544645,3436400
2022-03-31,214.3526153564453,217.78912001142953,214.29612730925857,217.18654253147008,4087000
2022-04-01,215.20941162109375,215.36946589365618,213.37347806377275,215.2847338139889,3456400
2022-04-04,217.035888671875,217.05470844137673,215.0210671349959,215.47298582905427,3241100
2022-04-05,213.86302185058594,217.37484858405065,213.32637105235082,216.4427527350266,3268800
2022-04-06,211.40567016601562,212.629630371735,209.89926976117604,211.86701310163855,4122000
2022-04-07,212.2060089111328,213.1945929546193,209.61686775098417,211.08561461959744,4347500
2022-04-08,211.5469207763672,213.10982370654233,210.81254747013782,211.81995111176548,2954800
2022-04-11,208.24221801757812,210.49243036935576,208.07275389210204,210.1158194801259,2942200
2022-04-12,207.60203552246094,211.3680588425963,206.8864962634812,209.82398985599036,3164200
2022-04-13,210.32296752929688,210.69956408031553,207.38547420588625,207.61142639000244,2404600
2022-04-14,207.7620849609375,211.0950235668889,207.70559691104654,210.50187031055685,2465500
2022-04-18,207.404296875,208.34580263193925,206.33098088673879,207.5172873348744,3674400
2022-04-19,211.05735778808594,211.4622127608282,207.3478225614536,207.3478225614536,2631200
2022-04-20,210.78431701660156,212.32838590938024,210.33238390195564,211.83879888496614,2933200
2022-04-21,207.33840942382812,213.42052887602574,206.84882238292354,212.49785721012896,3172100
2022-04-22,201.68934631347656,206.87703739713803,201.50104805222273,206.87703739713803,6361400
2022-04-25,202.7909393310547,203.0828038385792,198.4600067840288,200.60665328470964,9271800
2022-04-26,197.0100860595703,201.86825937158878,197.0100860595703,201.7270248837028,6891100
2022-04-27,197.39610290527344,199.97581951701116,196.35103092741068,197.57499129991703,4955900
2022-04-28,202.20716857910156,203.12984007578737,197.19835172176403,199.4862178776489,3767700
2022-04-29,194.77871704101562,201.77409797129252,194.61866278509444,200.44657139624064,7330500
2022-05-02,196.24745178222656,196.89709301837823,191.79413381255662,195.03290137562033,10630500
2022-05-03,197.17959594726562,198.29058050482774,195.7202731309109,196.29459236923944,3901800
2022-05-04,202.9604034423828,203.28051195267028,195.54133346138045,197.45258900359497,3870600
2022-05-05,195.47540283203125,200.90789457669788,193.44176150084235,200.8137382630955,5186700
2022-05-06,193.90310668945312,195.66373221417453,191.22923380252098,194.34561554205135,5193900
2022-05-09,187.03012084960938,191.48345361363613,186.28633759103656,191.12567681353767,9551400
2022-05-10,187.4066925048828,190.85260644789003,185.05292850549026,190.0805649602963,7605000
2022-05-11,184.01727294921875,189.8357852269412,183.7348183862978,186.9736000598215,6365500
2022-05-12,184.2150421142578,186.03214154896514,180.88210328679165,182.7086269745995,7964900
2022-05-13,189.1485137939453,189.94879948872043,186.1733663163296,186.33342058203687,4543200
2022-05-16,188.21641540527344,190.0523487198949,187.2278315077888,188.66833413666393,4479400
2022-05-17,192.2366485595703,192.31197074799357,189.3933113693449,191.48345540781486,3954500
2022-05-18,184.71405029296875,190.20303157656477,184.007920847045,190.01473326423317,4712200
2022-05-19,183.8949432373047,186.09806364277142,182.53917241355893,183.11349159955566,5710900
2022-05-20,183.8949432373047,185.98507316329912,179.50752220108308,185.51432020317853,5153300
2022-05-23,187.03952026367188,187.50084884860064,184.02670498625733,185.14708466839608,5018000
2022-05-24,185.16595458984375,185.7591078750847,182.01191859855763,185.07181262418342,4788700
2022-05-25,187.22784423828125,188.1693500396673,184.3280046460636,184.4880589083506,4921900
2022-05-26,191.05975341796875,191.87887318293485,187.7079952734731,187.73623929644737,4216700
2022-05-27,195.89910888671875,195.91792865808418,192.2366377166296,192.32138415272476,4381100
2022-05-31,194.28915405273438,196.1627559265645,193.18759389662227,195.0517715172551,4100900
2022-06-01,193.00868225097656,196.1344882934695,191.5587696908212,195.52250092512608,3087800
2022-06-02,196.9441680908203,196.9630022285774,192.0671751470951,193.00868090762006,2977800
2022-06-03,193.799560546875,195.4660299224668,193.2911537094642,194.59042201228704,2694100
2022-06-06,194.3738250732422,196.5769446933757,193.86541837868643,195.94613767562305,2745500
2022-06-07,196.4828643798828,196.66175279566667,192.3967323089113,192.66035280599078,3350500
2022-06-08,194.27969360351562,196.4922232268756,193.86542882535844,195.76725986510056,2187200
2022-06-09,189.62867736816406,194.26088395406964,189.60043334484203,193.4041102700004,3061100
2022-06-10,183.9984588623047,186.78532215855006,183.93256093130992,186.78532215855006,5703800
2022-06-13,176.48524475097656,179.99705707219306,175.76028132234504,179.49806018873215,10468300
2022-06-14,175.98629760742188,177.99170995967913,174.4328184732381,177.4832886809068,7045900
2022-06-15,178.5471649169922,180.89151960409967,175.289548426046,177.57741506198636,5011700
2022-06-16,172.3143768310547,174.81877106882132,171.04333839255096,174.53633085247546,8225100
2022-06-17,172.9640350341797,174.5645920042294,171.16575552704842,172.54034593561036,5252700
2022-06-21,177.15374755859375,177.9728530665008,175.7697327834298,175.7697327834298,6103400
2022-06-22,177.12550354003906,178.83903674931588,174.76231461701917,175.0353593638271,7321300
2022-06-23,178.73147583007812,179.1946628626037,176.2548755052012,177.83347310663245,6675800
2022-06-24,184.507080078125,184.53543699756113,180.15883639819575,180.47077693565544,3856400
2022-06-27,183.93994140625,185.28222202143252,183.28770331060787,184.92302951157455,5950400
2022-06-28,180.14938354492188,186.07622473316562,180.13047412463916,184.74339186463484,6012700
2022-06-29,179.84689331054688,180.71653914946896,178.82600095433529,180.34788477836435,4155800
2022-06-30,178.29666137695312,179.89416853855826,175.9429504388606,177.71059912307666,4250300
2022-07-01,180.1777801513672,180.42354497453096,176.67082473501554,177.89023019777224,3223100
2022-07-05,180.82054138183594,180.83945080471895,176.16037108578797,178.05090951151067,3986100
2022-07-06,181.17974853515625,182.34242562986992,179.48772298833435,180.820541618227,2981000
2022-07-07,184.1668243408203,184.53547880066418,182.04941586006822,182.0872347103249,2919300
2022-07-08,183.9777374267578,184.98916790676455,182.44639161109342,183.43892709332755,2799200
2022-07-11,181.6523895263672,183.1459166679702,181.31209202038596,182.79617166203482,3033800
2022-07-12,180.08326721191406,182.66386304477336,179.22308302462727,181.49172380269442,2640300
2022-07-13,179.29864501953125,180.63147797952044,177.13398501762342,177.5120869072535,3322400
2022-07-14,178.504638671875,178.83548867321272,175.42306616181304,177.03002097474518,3355600
2022-07-15,181.97378540039062,182.01160424915454,179.5822552561691,180.72603744081033,2914600
2022-07-18,180.71656799316406,184.11009555704393,180.11159625110983,183.6563559327552,3974200
2022-07-19,185.76429748535156,185.95334843070935,182.42749853815081,182.69217274638424,3287500
2022-07-20,187.2672576904297,187.8722293236323,185.26329185988263,185.67919813848445,3332400
2022-07-21,189.12001037597656,189.12001037597656,185.70758808431043,186.81355128594234,2929300
2022-07-22,187.06874084472656,189.81002976765066,185.9627777774931,189.05381163637293,2717400
2022-07-25,187.32398986816406,187.73046311195955,186.20857916984983,187.484683896379,2997100
2022-07-26,185.0081024169922,186.5299865164893,184.5921816309933,186.49216766849065,2918500
2022-07-27,189.86676025390625,190.67969229217996,186.51105191834628,186.70010286182944,2902200
2022-07-28,192.34336853027344,192.57968582505535,188.4205072063588,190.01801442687065,2670700
2022-07-29,194.96177673339844,195.4627682663839,192.45681906847113,192.9956150238656,3342400
2022-08-01,194.50802612304688,195.7085074911679,193.1090174744883,193.751807960735,3531500
2022-08-02,193.4587860107422,195.70851675999938,192.72147723407585,193.78017405725572,3020900
2022-08-03,196.56871032714844,197.11696814677313,194.47967365230372,194.64981517029307,2827100
2022-08-04,196.37965393066406,196.8522884768269,195.59507885319434,196.5592573659918,2261800
2022-08-05,196.31349182128906,196.69160813870826,194.25281198008952,194.4324154279058,2758900
2022-08-08,196.49310302734375,198.66722506144237,195.9259501643158,197.20205492387612,3024200
2022-08-09,195.25482177734375,196.20955298915325,194.69711635922937,196.08666336616835,1829500
2022-08-10,199.70700073242188,199.8487853236525,198.07167485403468,198.78062665751054,2878200
2022-08-11,199.71649169921875,202.32542971133125,199.3761941825376,201.17221446311322,2835000
2022-08-12,203.17616271972656,203.22342906412513,200.27417937287953,200.80352781335193,2366500
2022-08-15,203.9701690673828,204.25375268743076,201.99456007303027,202.1363446712232,4479200
2022-08-16,204.405029296875,205.31247970621286,202.84532636885024,203.62045408283785,2835600
2022-08-17,202.57119750976562,203.97019192211997,201.493591171768,202.6562682782135,4007900
2022-08-18,203.10052490234375,203.4975362042543,202.0040092549743,202.59953341967122,1640200
2022-08-19,200.19854736328125,201.78660703900619,199.66919894592712,201.6826268553357,2555000
2022-08-22,195.91648864746094,197.9771829979596,195.50058231651002,197.6368855099719,3142900
2022-08-23,195.54783630371094,197.16425299464828,195.3398759242064,196.01102340781893,2856400
2022-08-24,196.37022399902344,197.10753280310226,195.13190926142457,195.51947308562737,1790900
2022-08-25,199.21546936035156,199.28164512288015,196.73886885267737,197.18314649814502,1874100
2022-08-26,192.6175079345703,199.37617691043553,192.55133216755138,199.3194630665126,3550200
2022-08-29,191.20904541015625,192.78764318377569,190.58516430000836,191.13342214616898,3529100
2022-08-30,189.0821990966797,192.01253941984592,188.01404027282288,191.83293596199422,4799400
2022-08-31,187.69261169433594,190.52841871491594,187.63589786171002,189.95180404378493,2911400
2022-09-01,187.80609130859375,188.00460420135553,184.82849888281766,186.59614779902356,4555800
2022-09-02,185.9438934326172,190.33938903548147,185.11205199819597,189.66824161931675,3810400
2022-09-06,185.18771362304688,186.85138241288678,184.07228833911384,186.66233143598802,5382900
2022-09-07,188.6095733642578,188.99713722062694,184.93247653792864,185.0175473092299,3032400
2022-09-08,190.10308837890625,190.1692497222498,186.88917888544745,187.48468867019238,2971300
2022-09-09,193.26028442382812,193.6384007567907,191.24687084249763,191.3035846865262,2953400
2022-09-12,195.33987426757812,195.66127675732704,194.08267892532191,194.28117737992517,2736900
2022-09-13,186.94590759277344,191.46429355011466,186.35983083719935,190.91603564259796,5190300
2022-09-14,187.67373657226562,188.29761769248373,185.9817110871853,187.56030888628524,2793400
2022-09-15,185.66978454589844,188.4583259515453,184.9797420313118,187.03097457509037,2491000
2022-09-16,183.9777374267578,184.19514529044224,182.26680259027907,183.8264909026024,4966100
2022-09-19,185.2822265625,185.34840233552407,182.30463409703745,182.34243852186222,3346700
2022-09-20,183.12698364257812,184.0911621892035,181.7657937940864,183.7886691456888,3244200
2022-09-21,179.99813842773438,185.6603054706352,179.97922900730484,183.98717514233093,3060200
2022-09-22,177.98472595214844,180.08322466673403,177.68224731757854,179.70512276760593,5279700
2022-09-23,174.9147491455078,176.4430942083495,172.5985125304573,176.12034170685453,8249900
2022-09-26,172.99720764160156,176.0728729534859,172.40864277922404,174.19329809790125,6603500
2022-09-27,172.7409210205078,175.9969527286652,171.5068509925709,174.86731882995144,6910700
2022-09-28,176.3766326904297,177.23098086210132,172.48456994193313,173.29146559232035,6929100
2022-09-29,172.71241760253906,174.96221193530263,171.16508287550369,174.89576970890303,8241100
2022-09-30,170.36767578125,174.39263748101493,170.18730984758437,172.35167208177867,8431700
2022-10-03,174.69644165039062,175.6362364556795,171.08916557689105,172.313748003622,7321600
2022-10-04,180.3067169189453,180.43012827675335,177.6487230728032,177.6961900938756,6212800
2022-10-05,179.9649200439453,181.01862385848935,176.90823022103004,178.37962051844153,4548100
2022-10-06,178.2467498779297,180.80032170215253,177.9334849660649,179.30045385969342,3784100
2022-10-07,173.14910888671875,176.4051551433994,172.25679557267625,176.2722561830186,4780100
2022-10-10,171.7726287841797,173.90851395291475,170.57653830425147,173.6237263667704,4304000
2022-10-11,170.67147827148438,173.21556266468235,169.4659000388462,170.8993112646499,4419100
2022-10-12,170.20631408691406,171.56378078169013,169.8740594981056,171.03218502751494,5016700
2022-10-13,174.4305877685547,175.19001635377782,165.97248068936167,167.4248811593368,5626900
2022-10-14,170.32020568847656,176.55699651589626,170.05440783891098,175.70263386952422,3798800
2022-10-17,174.8673095703125,175.43687029426994,173.31997469134126,173.4908385630587,4025800
2022-10-18,177.00318908691406,179.1295722293128,175.34194501446567,178.5979764437131,3906800
2022-10-19,175.49378967285156,177.1740231651195,174.0413891153493,175.8545215316731,2589100
2022-10-20,173.9749755859375,177.5063069902263,173.53829934351523,175.18055370836444,2636200
2022-10-21,177.98094177246094,178.25622726321467,173.04466227638156,173.70917146732177,3381200
2022-10-24,179.8985137939453,180.47757667398614,177.22154478868677,178.82583446379493,4527800
2022-10-25,183.15452575683594,183.36336901761098,179.91746969972104,179.95544910253363,3287100
2022-10-26,182.02487182617188,184.7682969551339,181.5597183081155,181.5597183081155,4091100
2022-10-27,181.17050170898438,183.6576162736991,180.9426687814556,182.6988465295287,3556300
2022-10-28,185.38534545898438,185.61317843963835,181.06612231477646,181.16104185970784,3178800
2022-10-31,184.18923950195312,185.27142072100716,183.69560866092377,184.15127458413457,5053900
2022-11-01,183.6196746826172,186.4770237747095,182.98365725782259,186.05933723068944,9873800
2022-11-02,178.78781127929688,185.36634464906058,178.7403442709349,183.2779266452092,4686000
2022-11-03,177.0791015625,178.55049192222515,175.74062462104047,177.04113664649367,3935600
2022-11-04,179.35740661621094,180.6484311706579,176.3291936512649,179.71813853852518,3586200
2022-11-07,180.9901885986328,181.28446382950102,178.91125779359604,179.97444946251343,3420000
2022-11-08,181.93943786621094,183.50574777058873,179.81304043087547,181.5502286708549,4847500
2022-11-09,178.0189208984375,181.35089678780844,177.71515807353128,180.80032576235973,13959600
2022-11-10,188.0907745361328,188.25215077195165,183.82849224339932,184.4930013713434,3981600
2022-11-11,190.00836181640625,190.52096792058657,187.78704455679255,188.50849394024246,4550200
2022-11-14,188.29014587402344,190.7297937994301,188.15724693433086,189.15398173957632,4248200
2022-11-15,190.1981658935547,191.88788690615056,188.2806119578947,191.28034692954188,4606200
2022-11-16,188.26165771484375,189.5906470351796,187.98635775819739,189.33433677879438,2905000
2022-11-17,187.4737548828125,187.8629495928786,185.53721100073352,185.74605425242632,3704700
2022-11-18,188.35658264160156,189.29637728533513,186.91366956326556,188.9831124040906,3039000
2022-11-21,187.5592041015625,188.15725660336096,186.6763640043886,187.6921030480845,2961700
2022-11-22,190.01783752441406,190.13174676600886,187.75854100012734,188.08130799281008,3390300
2022-11-23,191.1759796142578,191.52720946278646,189.69510140598595,189.85647767382073,2685700
2022-11-25,191.31837463378906,191.5936746501267,190.83424580888885,191.01461178823413,1289100
2022-11-28,188.21421813964844,190.57792195282954,187.76805427031317,189.7900158534694,3365800
2022-11-29,187.91990661621094,188.9641083226621,187.10352336249272,188.42302501252487,2640700
2022-11-30,193.7105255126953,193.74850491264894,187.04656034073992,188.09077656600962,4201300
2022-12-01,193.824462890625,195.04904523127007,192.50496100610533,194.44150510785596,4354300
2022-12-02,193.64410400390625,194.10924306636582,190.9955982423691,191.32785284546756,2917100
2022-12-05,189.8374481201172,192.6663194727559,189.14447617784646,192.23913089974428,3840500
2022-12-06,186.98963928222656,189.90394314353588,185.90745794769566,189.7710441896426,3901000
2022-12-07,186.6858673095703,187.92942484971803,186.07832719511268,186.48651164604408,3438100
2022-12-08,188.29965209960938,188.83124791093914,186.8377636184525,187.53073569501456,3982600
2022-12-09,186.72381591796875,188.7457917482343,186.64787159968344,187.51172192466896,3784900
2022-12-12,189.4103240966797,189.4103240966797,186.7238530532594,187.0086406822429,3931600
2022-12-13,190.82472229003906,195.2009140497154,189.49571844673764,195.2009140497154,4191900
2022-12-14,189.7615203857422,192.43850334563055,188.2142001320565,190.72979235898882,3331200
2022-12-15,185.03407287597656,187.68257815647743,184.22719174841401,187.2079370867715,5537100
2022-12-16,182.91720581054688,184.36960654777576,181.7116132528497,183.69560975208415,4755400
2022-12-19,181.0755615234375,183.1355019530396,180.3161329424807,183.0215927356095,6433800
2022-12-20,181.45529174804688,182.23371012629818,180.10731272500175,180.76231977867732,5637800
2022-12-21,184.19871520996094,184.77777794234498,182.45203940519164,182.70834965982644,4973400
2022-12-22,181.5861358642578,182.83568884402345,178.7341067270096,182.76892628149508,5153500
2022-12-23,182.58766174316406,182.6067429957419,180.2888583910261,181.2331839047594,4214400
2022-12-27,181.8245849609375,182.68306673257973,180.99473234760902,182.559060413905,6037700
2022-12-28,179.53530883789062,182.66396461309947,179.3826879330681,181.8531787916191,5711900
2022-12-29,182.83567810058594,183.29354087987707,180.63226623615327,180.74673920834235,5425700
2022-12-30,182.36831665039062,182.44462712202665,180.54644234625843,181.40490968137854,5979800
2023-01-03,181.624267578125,184.43814828175115,180.2125459971705,183.50337068172638,4092500
2023-01-04,183.23631286621094,184.15200932130003,181.36674289207718,182.67352501567004,3852500
2023-01-05,181.09011840820312,182.44459630278655,180.71811401852693,182.39690044672923,4150000
2023-01-06,185.08677673339844,185.65909790203665,181.0901201212675,182.30151045913837,3184300
2023-01-09,185.1630859375,187.80527917905297,185.05816087578543,186.44126793149533,3888300
2023-01-10,186.6224822998047,186.6224822998047,184.3713747819282,184.71476455769687,2963500
2023-01-11,189.08346557617188,189.1025468315054,187.09943710874873,187.48098944175314,3435300
2023-01-12,189.9991455078125,190.5809999849725,187.5572691953807,189.61759323728822,3552700
2023-01-13,190.80992126464844,191.0293192833661,188.1963572852737,188.50158455411596,2798600
2023-01-17,190.55238342285156,191.61116731122166,190.14221655560078,190.80991482873267,5426700
2023-01-18,187.5477294921875,191.81147987663095,187.49050028778933,191.15331491658873,3890200
2023-01-19,186.02157592773438,187.18528500750597,185.35387757575046,186.39358033489202,2282400
2023-01-20,189.5889892578125,189.63668511364148,185.9357079332336,186.81327092723828,2429300
2023-01-23,191.99270629882812,192.83210673618908,189.5317487431633,190.00867816353096,3438100
2023-01-24,191.6779327392578,192.16441006713262,190.52377168295644,191.15330746151582,2679400
2023-01-25,191.7733612060547,191.91643423889516,188.47300255277474,189.77025141788548,2802000
2023-01-26,193.74783325195312,193.9004541833793,191.5825838256181,193.01337230958916,2806200
2023-01-27,194.5299835205078,195.58876746605318,193.23273485348585,193.2518161065288,4521900
2023-01-30,191.92596435546875,194.2152199971379,191.8114913850726,192.94658585617933,2992300
2023-01-31,194.99737548828125,195.0546192504716,192.15487993158473,192.34564880802228,4827600
2023-02-01,197.37249755859375,198.70790885777424,193.1659759814845,194.501387280665,4385600
2023-02-02,200.31988525390625,201.1497523233026,198.4980259719807,199.35649308682602,3730800
2023-02-03,198.25003051757812,200.48205685308506,197.48694048572833,197.93525533363763,2854200
2023-02-06,196.7620086669922,197.51556533309062,196.01799990472503,196.8860149789472,2841700
2023-02-07,199.24205017089844,199.89066723168347,195.56968761199636,196.49493190232272,3028100
2023-02-08,197.11492919921875,199.0798906927637,196.7429248229844,198.31680068761526,2945400
2023-02-09,195.19766235351562,198.98448291710605,194.68258501060077,198.84140992038806,2705900
2023-02-10,195.5505828857422,195.71273713147414,194.0816467713453,194.60627201031915,2159800
2023-02-13,197.87802124023438,197.92571709505899,195.53153655207024,195.93215553408044,3467200
2023-02-14,197.95436096191406,199.0322263104263,195.83679277628366,197.1149603680473,2743400
2023-02-15,198.8414306640625,198.8795786155903,196.53307934151152,196.93371288357721,2001600
2023-02-16,196.189697265625,198.42173821806858,196.05615759793454,196.4663245053116,2458800
2023-02-17,195.61740112304688,195.76047414797674,194.13891679492872,195.32170716836984,2324000
2023-02-21,191.56349182128906,194.11029343328067,191.39178964438605,193.77643698386123,3110800
2023-02-22,191.40130615234375,192.64132547641128,190.7049787640315,191.72561464417882,3011700
2023-02-23,192.4219207763672,193.11824814042873,190.1803614558589,192.76531050715403,3440100
2023-02-24,190.27577209472656,190.7050056950922,189.0166858966719,190.09453657230438,3020600
2023-02-27,190.95301818847656,192.7081150958698,190.50470333483247,192.02133551389298,2850300
2023-02-28,190.31393432617188,191.8019519011403,190.31393432617188,191.01024725707748,2299100
2023-03-01,190.7717742919922,190.7717742919922,189.054825412418,190.18038644920102,4176000
2023-03-02,191.06747436523438,191.5348704670019,188.3871331788893,188.8545292806568,3364000
2023-03-03,194.17706298828125,194.30105474789062,191.6397948246866,191.8019490908925,2484700
2023-03-06,193.91949462890625,195.5219704074473,193.66194868066572,194.45365322175326,3812700
2023-03-07,191.02932739257812,194.0816729842293,190.72408555604707,193.72874984613065,3346700
2023-03-08,191.27732849121094,191.72564334899263,190.19946325168493,191.15332217381922,1985900
2023-03-09,187.5000457763672,192.4410277555166,187.07079763944714,191.53486473651125,2974300
2023-03-10,184.34275817871094,187.9101955574231,183.38889931801336,187.1948014118999,6310500
2023-03-13,183.57968139648438,186.15509739065865,181.40486981958563,182.09164935866292,6253700
2023-03-14,186.85140991210938,187.86249796634263,184.63846494421352,186.47940554206636,4473800
2023-03-15,185.41111755371094,185.43018425435196,182.69261357483563,183.74186429942375,3855400
2023-03-16,188.6160430908203,188.77819733916868,183.90397832156322,184.40952231780528,3224900
2023-03-17,186.18373107910156,188.32036581551375,185.41110765711448,188.14867819050886,2902400
2023-03-20,187.80528259277344,188.2726787043127,186.27910249549873,186.71788400375314,2898100
2023-03-21,190.48561096191406,190.8194673839843,189.08343727678894,189.58898130696537,2421700
2023-03-22,187.08033752441406,192.11671099694598,187.0707896210589,190.62869354661575,2187900
2023-03-23,187.42127990722656,190.53379482392114,186.03262232859106,188.5226401072647,2629700
2023-03-24,188.59925842285156,188.63757448532797,185.45801351140886,186.63599131317198,2324800
2023-03-27,189.0780792236328,190.19859738089764,188.58965909830007,189.8825556715786,2425400
2023-03-28,188.80990600585938,189.28875437474392,187.8426375614979,188.85779376540634,3678600
2023-03-29,191.5298309326172,191.62559186596016,190.2082043781327,190.66789485275032,3486500
2023-03-30,192.56414794921875,193.06213988095038,191.6543240842733,192.75568443167683,2259200
2023-03-31,195.4659423828125,195.55213159628988,193.04297040420406,193.04297040420406,2986300
2023-04-03,195.9830780029297,196.3182777375436,194.72849749826167,195.10199867608875,3068200
2023-04-04,194.6710662841797,196.38533742270891,193.96236526886753,196.32787794290178,2881800
2023-04-05,193.9623565673828,194.56571030488237,193.05254741356126,194.11559158219148,3119400
2023-04-06,194.60401916503906,194.73809615478024,192.9280494866263,193.68463826775547,1989800
2023-04-10,195.04454040527344,195.06368382035092,193.11956041952783,193.45476015620517,2545300
2023-04-11,195.24566650390625,195.98309722440573,194.79554778221265,195.24566650390625,3389300
2023-04-12,194.4220428466797,196.57686087653929,194.13474546666774,196.32786494276394,2431200
2023-04-13,196.9503631591797,197.09402646326504,194.73808564123888,194.92005039176996,2197600
2023-04-14,196.40444946289062,197.7643770819657,195.1881705096961,196.64387364821988,4142000
2023-04-17,197.18978881835938,197.19937514001177,195.80113121521788,196.3565971791335,2780400
2023-04-18,197.28555297851562,198.08044312517973,196.6151680997912,197.93677982833526,2784500
2023-04-19,197.38131713867188,197.74523198713192,196.2991150739585,196.3565745440683,2531400
2023-04-20,196.15550231933594,197.06531152703363,195.4372295848436,195.81073082224776,2563100
2023-04-21,196.327880859375,196.55773339531407,195.29356636759346,196.28957941003324,2341600
2023-04-24,196.40444946289062,196.74922087429647,195.46591074812187,196.23205645054145,3704400
2023-04-25,193.12913513183594,195.59040824439504,193.09081907739616,195.38930010511191,2606400
2023-04-26,192.25765991210938,193.9432012587716,191.93204646104317,193.6080160991313,2762300
2023-04-27,195.86817932128906,196.03098604505047,193.2919722532208,193.32070199192603,2254600
2023-04-28,197.57286071777344,197.57286071777344,195.37015506642453,195.37015506642453,2309100
2023-05-01,197.47708129882812,198.41562009040877,197.2759731501363,197.2855448575475,2838500
2023-05-02,195.06369018554688,197.1897783920409,193.52181226374057,196.92162443926637,2700600
2023-05-03,193.92404174804688,196.79713231776284,193.78996477265858,195.22651005751655,2154000
2023-05-04,192.47789001464844,193.47390282477477,191.73088771370007,193.30150980970598,2577600
2023-05-05,196.03099060058594,196.58645658395437,194.21135763162815,194.2688317236696,1942300
2023-05-08,196.24168395996094,196.42364871713087,195.48509519207497,196.26082737723468,2632600
2023-05-09,195.4372100830078,195.97351799978549,195.17862783267043,195.3988940242124,1802500
2023-05-10,196.29913330078125,197.22810045592945,194.46035702006478,196.9216304358293,2677600
2023-05-11,196.04054260253906,196.04054260253906,194.88173759553203,195.82027641839045,2108300
2023-05-12,195.58082580566406,196.5959819932194,194.34538885039973,196.3661295190722,2252400
2023-05-15,196.4140625,196.69180279686935,195.0924506559209,195.53298306618208,3240000
2023-05-16,194.89132690429688,196.1459075550867,194.86259716521738,195.76283462516304,1884400
2023-05-17,197.41964721679688,197.71653093095642,195.03497656828702,195.8107233671726,2650100
2023-05-18,199.3828887939453,199.55526719462821,197.11315217186433,197.28553057254723,2370200
2023-05-19,198.90406799316406,200.0054135634333,198.31030060188445,199.8138771094684,2683900
2023-05-22,199.2488555908203,199.97670002014578,198.4348073289293,198.89449777832982,2229400
2023-05-23,197.1418914794922,199.1913620402465,196.94076872230193,198.53054891228433,2386700
2023-05-24,195.61915588378906,196.45236209124823,195.07327627104834,196.32785682286246,2083700
2023-05-25,196.9503631591797,197.60160465511748,195.8777472991587,197.1610576478688,2230400
2023-05-26,199.54568481445312,199.8904562106702,197.25679028807332,197.28552001998375,2347000
2023-05-30,199.61279296875,200.80991430434906,198.90410649058578,200.76204114156315,2772300
2023-05-31,198.4156494140625,199.18180990570883,197.57288602521785,198.7125477472136,2325400
2023-06-01,200.3980712890625,200.9248074934848,197.90805356631782,198.5305653036513,2696700
2023-06-02,203.7117156982422,204.07563058618382,201.5951991020478,201.7675775310788,3018700
2023-06-05,203.17539978027344,204.33421950640897,198.693385119766,203.74045208043464,2249400
2023-06-06,204.10435485839844,204.34377907894867,202.68696756446366,203.03173902658776,2227700
2023-06-07,203.70213317871094,205.06206105964276,203.40524946986395,204.31505862664213,2272800
2023-06-08,204.65982055664062,204.91840280624527,203.11792799362652,203.6350924928358,1943100
2023-06-09,204.88006591796875,205.981425987175,204.382074112027,205.04288723089212,2084600
2023-06-12,206.7188720703125,206.72844377807994,204.99501480804284,205.42597547028666,2479900
2023-06-13,208.24156188964844,208.55760353770623,207.3030232644803,207.60947859353286,4295700
2023-06-14,208.24156188964844,209.28544773083587,206.5751644580595,208.34690910566772,4131000
2023-06-15,210.77952575683594,211.37330782411365,207.73405636129672,207.81067387363242,2895100
2023-06-16,209.98460388183594,212.0532325634681,209.8601132296734,212.0532325634681,4763700
2023-06-20,208.9503173828125,209.41959415773704,207.887287777509,209.141868466975,3156500
2023-06-21,207.8010711669922,208.8545436119258,207.5329172016082,208.60554767643927,2713400
2023-06-22,208.35653686523438,208.38526660339681,207.02533874829223,207.35095218966336,2669100
2023-06-23,206.63282775878906,207.54610845827642,206.28674074256642,206.81548683249756,3338400
2023-06-26,205.9117889404297,207.4787958855525,205.8637184529066,206.49821368248368,2846800
2023-06-27,208.4209442138672,208.7189607404199,206.25790400224298,206.4501713094652,2653000
2023-06-28,208.593994140625,209.10350913942708,207.61342640843398,208.11331850635466,4362100
2023-06-29,209.59378051757812,209.67069036938292,208.28634237500486,208.517057261365,2857900
2023-06-30,211.76646423339844,212.32404975043127,210.99738025579947,211.1223606195131,3444100
2023-07-03,212.4009246826172,212.4009246826172,211.54532274888214,211.76642940527094,2423600
2023-07-05,211.75685119628906,212.08370711190858,211.14158696198206,211.57419210548508,3341400
2023-07-06,209.87257385253906,210.0936805167025,208.4497782128386,210.0936805167025,3404300
2023-07-07,209.613037109375,211.5742020332291,209.39193041126398,209.4880714116899,2771700
2023-07-10,210.5262908935547,210.56473848467294,209.38228069281814,209.4784070051409,2080500
2023-07-11,212.17982482910156,212.39130859260985,210.5455160921948,210.90122600280813,2155700
2023-07-12,213.80447387695312,214.47743136678753,213.28535074922297,213.96791646897805,3030200
2023-07-13,215.6118621826172,215.95794922741499,214.50631408707062,214.82356176722328,4113300
2023-07-14,215.29458618164062,216.16941924494668,214.86198109981427,216.15981101434764,2914100
2023-07-17,216.11175537109375,216.65010970271427,215.11194189603674,215.29460097334842,2688200
2023-07-18,217.83255004882812,218.14979768350406,215.8521690587791,216.01559699135987,2916500
2023-07-19,218.3997802734375,218.95736578512168,217.91910462568111,218.3036539453202,3106700
2023-07-20,216.82313537597656,218.23632276254796,216.43860077746317,217.8517881640346,2651700
2023-07-21,216.80392456054688,217.78449221300903,216.74624583617322,217.66913476426174,2296800
2023-07-24,217.57302856445312,217.9479549766043,216.91930206664344,217.31345961171573,2291700
2023-07-25,218.12098693847656,218.80355278791137,217.28461603582298,217.28461603582298,2084400
2023-07-26,218.28439331054688,218.96695909249584,217.3134339141663,217.6787373821312,1985600
2023-07-27,216.60205078125,220.12059992540688,216.14060628221412,219.96678020270954,4730600
2023-07-28,218.86122131347656,219.2169165692311,218.00561931816162,218.39015393686626,2257600
2023-07-31,219.52455139160156,219.72642692801475,218.76507573237654,219.30343005488513,2658500
2023-08-01,218.92848205566406,219.18805096018878,218.29400147768112,218.8515722073214,2809500
2023-08-02,215.82334899902344,217.39996441385765,215.40997501536125,217.255767598407,4239000
2023-08-03,215.1984405517578,216.08288176627337,214.37167805376785,214.84273068476188,2925200
2023-08-04,214.28517150878906,217.11154631652266,214.0063861218131,216.0540688231415,3024600
2023-08-07,215.9290771484375,216.02521812872627,214.59279966912635,215.07347523246207,2376600
2023-08-08,214.9293212890625,215.12158861892505,213.1315843487524,214.57361132630695,2796400
2023-08-09,213.39111328125,215.04463841217978,212.99695579408615,215.01579905156333,2203400
2023-08-10,213.4295654296875,216.18865322969424,212.78546191374295,214.61203791642805,3033300
2023-08-11,213.2277069091797,213.81413174943594,212.23751631041097,212.55476397832555,2220400
2023-08-14,214.28517150878906,214.30440263966648,212.50668063258016,212.7662495577335,2435100
2023-08-15,211.85299682617188,213.6507338639932,211.53574911361517,213.42000425420892,2997300
2023-08-16,210.10328674316406,212.42014642470946,210.10328674316406,211.6222232479885,2933500
2023-08-17,208.38247680664062,211.01658432462784,208.18060127321036,210.8050858911881,3135900
2023-08-18,208.622802734375,209.15154878789633,206.71933161075228,206.91159890229073,2933300
2023-08-21,209.82447814941406,210.2282438363957,207.99791699368004,209.00733854566067,2755400
2023-08-22,209.26690673828125,210.7473956917439,208.97851313479876,210.7473956917439,2891900
2023-08-23,211.55491638183594,211.88177222856214,209.65144535019428,209.65144535019428,2560200
2023-08-24,208.71896362304688,212.59320785985005,208.690124260018,212.170210976686,3099400
2023-08-25,210.14173889160156,210.7666259242793,207.69991348850365,209.5553141185938,3631000
2023-08-28,211.48765563964844,211.80490329574124,210.6320536589334,211.08388989618174,2364700
2023-08-29,214.56398010253906,214.6889604546332,211.30500006924163,211.43958865262937,3160300
2023-08-30,215.5157012939453,215.82334071383744,214.4293844314566,214.62165173436173,2420800
2023-08-31,215.28497314453125,216.47703915058906,215.22729442411605,215.82332742714496,3044000
2023-09-01,215.99639892578125,217.05389120324725,215.30423949850655,216.63089429226085,3047600
2023-09-05,214.7081756591797,215.9579351656319,214.6504969336451,215.5926170118391,2531500
2023-09-06,213.36228942871094,214.55435553831342,212.21827914425927,214.37171113081857,2473700
2023-09-07,212.6316375732422,212.93927697842025,211.5741601233146,211.8625683984055,2964700
2023-09-08,212.86239624023438,213.59301792387777,212.43939933478853,212.6605206883983,2244400
2023-09-11,214.19866943359375,214.41977611351874,213.37190677272642,214.0544726138722,2087900
2023-09-12,213.160400390625,214.35248117582566,212.89122322445957,213.55455790860125,2448500
2023-09-13,213.18922424316406,213.70836207518192,212.55474363710954,213.2180636039368,1990000
2023-09-14,215.0157928466797,215.32341757406257,213.74680233995906,214.23710079439832,2002400
2023-09-15,212.48744201660156,214.30439509056117,212.2278731005918,214.27555572978835,2639200
2023-09-18,212.5066680908203,213.1219322210927,212.02599253063707,212.37207952073115,2259600
2023-09-19,211.9683380126953,212.33364150518767,210.69934734777416,212.08369546621336,2977800
2023-09-20,210.09368896484375,212.92968679639418,210.00717087569925,212.5835997707607,2448400
2023-09-21,206.56997680664062,208.81813614352419,206.46384002342924,208.76024602955732,4190400
2023-09-22,206.1357879638672,207.73748317023967,205.90421278323447,207.13925096764262,3261300
2023-09-25,206.965576171875,206.965576171875,205.2770458301464,205.66298973341503,3440000
2023-09-26,203.984130859375,205.93316683762467,203.59817220812474,205.57616796768315,4371900
2023-09-27,204.1963653564453,204.997212841349,202.4692320086366,204.66914436986985,4407300
2023-09-28,205.54721069335938,206.35770172859114,203.72359850267975,203.99376218109035,2952400
2023-09-29,204.9490203857422,207.12963171415208,204.3507881132757,207.01385147172164,4441400
2023-10-02,204.67880249023438,205.37351320655398,203.337627720109,204.74633603950232,4358100
2023-10-03,201.7069854736328,204.25425316444634,201.01227476497328,203.58848750841312,4389100
2023-10-04,203.16395568847656,203.48236601407916,201.079823406068,201.8806709420717,3045400
2023-10-05,203.05780029296875,203.45340230269682,201.44646192472575,202.9902667455693,2679700
2023-10-06,205.47967529296875,206.27086470898755,201.24387692387265,201.71665599544443,3666300
2023-10-09,206.77259826660156,207.1102954915342,204.3218089106816,204.46654891235193,2869700
2023-10-10,208.05589294433594,209.32951962723504,207.0331283309794,207.06207338812598,3494600
2023-10-11,208.8760223388672,209.0207623438853,207.33223201171978,208.60585866354597,3033000
2023-10-12,207.19715881347656,209.1076062322831,206.02965417137347,209.02077105934114,3244200
2023-10-13,206.02964782714844,208.422532430149,205.27704690585944,207.95939679923643,3267700
2023-10-16,208.42251586914062,208.85672113161198,207.02345092010813,207.18747780296428,3361600
2023-10-17,208.6926727294922,209.74439699080045,206.64714375953176,206.84011569055951,3627700
2023-10-18,205.6051025390625,208.0558920003409,205.12266529171973,207.55415314071584,3255000
2023-10-19,203.66571044921875,206.82085417456221,203.28940998456798,205.90421162480843,4322700
2023-10-20,201.14736938476562,203.6367471287371,201.060534221361,203.45341863522842,4447600
2023-10-23,200.59739685058594,202.5946940746863,199.4009619278431,200.37547984440235,5473000
2023-10-24,202.1122589111328,202.82627132798697,200.80967247137875,201.72631500748076,3180900
2023-10-25,199.11148071289062,201.21489982674134,198.85096050388938,201.12806466467921,3454500
2023-10-26,197.046630859375,199.11146127388287,196.4773585554586,198.68691422594068,4133400
2023-10-27,195.9852752685547,197.90538054493913,195.32916777078373,197.7992437764392,4290700
2023-10-30,198.24310302734375,198.744827120802,196.60280474985183,197.34576216895456,3562700
2023-10-31,199.5263671875,199.72899728597352,197.62557819793219,198.4071240925313,3325300
2023-11-01,201.52366638183594,201.87102175235083,199.60356103887665,199.86408124746652,5789300
2023-11-02,205.5279083251953,205.62440166262255,203.44379063123964,203.44379063123964,4111600
2023-11-03,207.84361267089844,208.60585702252638,206.7436563663676,206.79190303432742,4217100
2023-11-06,207.93045043945312,208.48043596000343,206.93663090288103,208.24886078459025,2915000
2023-11-07,208.5479736328125,208.89532904137826,207.35152395379347,207.8146743137588,3194300
2023-11-08,208.5189971923828,209.10757113712398,207.44798607073298,208.74091417137282,2813800
2023-11-09,206.74366760253906,209.16549734845924,206.54103747522151,209.02077205953012,2771200
2023-11-10,209.82164001464844,209.96636531760473,206.91735800423464,207.54453533695434,3303400
2023-11-13,209.69613647460938,210.20751868331706,208.74090560332579,209.19439770883088,2829400
2023-11-14,214.34683227539062,214.95470783091196,212.76443892061735,212.76443892061735,4055100
2023-11-15,214.8775634765625,215.9389313911194,214.48196136997151,215.03194694101032,2819200
2023-11-16,214.73280334472656,215.05121366743856,213.81617559784877,214.49158474171583,2754500
2023-11-17,215.2731475830078,215.5915579307509,214.60738183071015,215.04157240569933,3123700
2023-11-20,216.89413452148438,217.33798327391213,215.16701562744686,215.27315241240893,2875600
2023-11-21,216.3055419921875,216.54676059895343,215.75557122462519,216.37309026903333,2513800
2023-11-22,217.2318115234375,217.83002891176233,216.6432375784419,216.95200443874776,2880400
2023-11-24,217.46340942382812,217.5212995354895,217.10639586389013,217.13534091972082,1219500
2023-11-27,217.18359375,217.6081408779849,216.87484157143948,217.21253880665205,2410000
2023-11-28,217.3186492919922,217.97477151661553,216.5660484644752,216.87481532848955,2761900
2023-11-29,217.4151611328125,219.20982819499056,217.20288757642896,218.4282822477674,2653700
2023-11-30,218.3125,218.43793839683576,216.92309308124567,217.80111769064635,3148000
2023-12-01,220.15538024902344,220.30976367960417,217.66600264146237,218.05196121791425,4078700
2023-12-04,219.36419677734375,219.4413737718763,218.1388021890307,218.62123938033974,3837800
2023-12-05,218.9396514892578,219.46067718210696,218.26424236044787,218.62124117364422,3019000
2023-12-06,218.0133819580078,220.1457609991567,217.94584840146587,219.8852407717729,3172900
2023-12-07,219.75979614257812,220.03961797366676,218.74668976349415,219.01685342762528,2724300
2023-12-08,220.81149291992188,221.04305333296628,219.28698973518703,219.3738248900787,2741500
2023-12-11,221.71849060058594,221.75709382287752,220.4834524979349,220.65713755261595,3076600
2023-12-12,222.5579376220703,222.67371784136265,220.91765404989613,221.52551492399613,3214900
2023-12-13,226.0121612548828,226.19547500465683,222.45177273345087,222.6640462572033,4231100
2023-12-14,227.35336303710938,228.26999078647123,225.96394152435175,227.3823080917239,5014500
2023-12-15,227.04458618164062,227.65246174746719,226.3884786754525,226.5428473856756,4298600
2023-12-18,228.0287628173828,228.50155656136036,227.53668218633118,227.57527068329395,3855100
2023-12-19,229.6980438232422,229.7366470518359,228.40511539889394,228.40511539889394,3731700
2023-12-20,226.27272033691406,230.3059035211708,226.20518677579622,229.3892756638269,5149700
2023-12-21,228.77471923828125,228.85224220292176,226.80762021675798,227.79601953343266,4427000
2023-12-22,229.29795837402344,230.1603808850722,228.33862847638846,229.25918950499246,3662400
2023-12-26,230.43173217773438,230.9259244237528,229.520855861314,229.63713291073174,3829400
2023-12-27,230.86776733398438,231.05188250475234,230.11193700156252,230.6255136431827,5103700
2023-12-28,230.75148010253906,231.34257967342828,230.75148010253906,230.867757137471,4099400
2023-12-29,229.86968994140625,231.0809584303539,229.15261367299203,230.76118177495263,4188800
2024-01-02,228.32896423339844,229.18168721105715,227.49561090600992,228.34833388366863,4847600
2024-01-03,226.13897705078125,227.46653736896494,225.8870385280711,227.26303775701234,3925500
2024-01-04,225.55758666992188,227.282431888654,225.4509944469219,226.03239447474576,3681900
2024-01-05,225.89674377441406,227.12739681035077,225.1990518789219,225.48975929970922,3305500
2024-01-08,229.12351989746094,229.23011210452339,226.03236067864106,226.04206028854992,4156600
2024-01-09,228.6971893310547,229.23015045553313,227.46655111797824,227.86383596895928,4524800
2024-01-10,229.87937927246094,230.29606332954276,228.48399558008217,228.8037722417517,3343400
2024-01-11,229.72434997558594,230.489865175886,227.64095924551657,230.16040368644002,3375600
2024-01-12,229.76309204101562,230.98404532472406,229.09446948589246,230.60613015695773,3053400
2024-01-16,228.6971893310547,229.5693115672903,227.81539705527385,228.96851230606313,3646700
2024-01-17,227.32118225097656,227.59250521671342,226.19712151521375,227.14676668128544,3336600
2024-01-18,229.3270263671875,229.6177337393505,227.35022806527195,228.33862721622972,3509900
2024-01-19,232.11776733398438,232.31158209659972,229.42390773672375,230.0247068860486,3850800
2024-01-22,233.1255645751953,233.9201489618673,232.611987953251,233.0867957059969,3952700
2024-01-23,233.5519561767578,233.69730248543559,232.62169544324192,233.5519561767578,3015300
2024-01-24,233.51319885253906,235.34463636241912,233.38723697411962,235.14115152020662,3003000
2024-01-25,234.8116912841797,235.04424539082382,233.60042269209637,234.68571461908508,2993900
2024-01-26,234.6178436279297,235.48996576370558,234.2399284715576,234.80195879390433,2858200
2024-01-29,236.74969482421875,236.76906447363257,234.6275501200432,234.8310349408318,3463400
2024-01-30,236.42022705078125,236.75938814558975,236.02294221965346,236.50744962024132,3098900
2024-01-31,232.43759155273438,235.70318171092416,232.4279067270163,235.31556689229967,3884500
2024-02-01,235.5675048828125,235.5675048828125,232.60230716087847,233.43566048416858,3986800
2024-02-02,237.5830535888672,238.38733768788455,235.17021607780828,235.43185422712554,3876600
2024-02-05,236.45899963378906,237.39894518855974,235.2186618516986,237.24389926930024,3324800
2024-02-06,237.26327514648438,237.42800588500768,236.3426992753362,236.90472962288217,2568400
2024-02-07,239.13345336914062,239.4338455690321,237.78652348879444,238.37762306425523,2305700
2024-02-08,239.7245635986328,239.8020865546294,238.87182586866248,239.16253325715164,2668200
2024-02-09,241.18777465820312,241.4300283550418,239.8408446952197,240.07341356714204,2367700
2024-02-12,241.42034912109375,242.58316393565022,241.0133646752986,241.32344172571712,2769700
2024-02-13,237.553955078125,238.68771532357775,235.80974039340987,237.99970835963552,5832600
2024-02-14,240.17999267578125,240.3447234063212,237.9997095232364,239.2206627657046,2606900
2024-02-15,242.0308380126953,242.19556875932884,240.33506206171208,240.64513911831844,3181900
2024-02-16,240.7614288330078,242.47657441956142,240.41258290615082,241.87578996230485,2909200
2024-02-20,239.249755859375,240.07342438012174,238.1450795434753,239.87962437112043,3445100
2024-02-21,239.29820251464844,239.33697138690331,237.53460326285526,238.42609510681558,2169900
2024-02-22,244.0270233154297,244.39525370785242,241.87580906094925,242.21497018933795,3873000
2024-02-23,244.1917266845703,245.0832185156076,243.73628855112844,244.6374799930851,2856000
2024-02-26,243.45529174804688,244.61810658940786,243.41652287460553,244.21112213423118,2585800
2024-02-27,244.13360595703125,244.28865188311906,243.17427592360545,243.98824485657644,2024600
2024-02-28,243.7266082763672,244.15297715699546,243.19364717558187,243.31962383194727,2192200
2024-02-29,244.75376892089844,245.45146078532645,243.33900075525472,244.85066153285106,2610400
2024-03-01,247.00186157226562,247.16660709658183,244.8506475772231,245.1994934895541,3693800
2024-03-04,246.75961303710938,247.6608044903057,246.64333599256497,246.88558969269408,4966800
2024-03-05,244.14329528808594,245.9941172516817,243.13552632190448,245.81968688511566,3134800
2024-03-06,245.5871124267578,246.62395057044893,244.85065171827463,246.00378169203762,2501700
2024-03-07,247.9805908203125,248.4263293657786,246.75962266100754,247.09878376881292,2940900
2024-03-08,246.54641723632812,249.72478445267143,246.16850207298216,248.47477670943945,3673500
2024-03-11,246.14915466308594,246.4689313357304,244.87004797250805,246.02317800192483,3038700
2024-03-12,248.58135986328125,248.78484468654318,245.79059257060936,247.08908361072272,4380100
2024-03-13,248.27127075195312,248.91082406118292,247.55420927129447,248.62013145334416,2667400
2024-03-14,247.3119659423828,248.91083449649588,245.8584436982826,248.73641892448043,3664100
2024-03-15,245.8487548828125,246.7596163874313,244.8700404579675,245.74216266186878,3216800
2024-03-18,247.09877014160156,248.27126975113745,246.91465496671768,247.66080049114464,3455400
2024-03-19,248.52322387695312,248.60073204832483,246.29448690721375,246.54642542915246,2900200
2024-03-20,251.0426025390625,251.16857916005821,248.25183594830992,248.51345922670168,2480800
2024-03-21,252.07952880859375,252.98070549155503,251.98262141245067,252.57370625654826,3723200
2024-03-22,251.37062072753906,252.29443178432894,251.21502993503185,252.04159303701604,2465300
2024-03-25,250.806640625,251.3608976064876,250.68022124602388,250.98166914546977,2714400
2024-03-26,250.3592987060547,251.69150964427195,250.1842701906487,251.66233822503762,2591500
2024-03-27,252.56668090820312,252.68336657097328,250.89411716471676,251.9832229184463,4030200
2024-03-28,252.73199462890625,253.39323321805253,252.5958712374506,252.63474667734747,2669100
2024-04-01,252.53749084472656,253.19872933553452,251.5456034326107,253.14038650845757,3292300
2024-04-02,250.2036895751953,250.39818547311023,249.12431746671768,250.39818547311023,3213400
2024-04-03,250.59266662597656,251.3122479892876,249.5813414329595,249.64941796081482,3241600
2024-04-04,247.58790588378906,252.81951643127485,247.42259623156664,252.48889712682998,3121300
2024-04-05,250.08702087402344,251.07890847441394,247.96715195210217,248.0741187680311,4178500
2024-04-08,250.37875366210938,251.02055452928485,250.0092292528955,250.6899055598453,3223800
2024-04-09,250.73854064941406,251.37060780930426,248.35609942070357,251.2247507225462,2940600
2024-04-10,247.93797302246094,248.97846973115546,246.91692887187915,247.69486797889166,3348900
2024-04-11,249.6202850341797,250.3301328098463,246.878052862012,248.69647394486103,3434200
2024-04-12,246.0222930908203,248.5894816425977,245.20546374206245,248.22969094234918,3574400
2024-04-15,242.99807739257812,248.17135985549024,242.38544793303475,247.96714508965766,4804300
2024-04-16,242.2687530517578,243.73710212128643,241.6172333386046,242.99806815665448,3466800
2024-04-17,240.84902954101562,244.00939521105562,240.16833836429026,243.53291880632528,2861400
2024-04-18,240.3531036376953,242.64801594698432,239.8474409694235,241.4713957917973,2991700
2024-04-19,238.46661376953125,240.8587741133988,237.82482768133258,240.2558783065024,3469000
2024-04-22,240.81011962890625,242.01592592791008,238.61245548380379,239.78907552808366,3112000
2024-04-23,243.67877197265625,244.0288438347492,241.4227648464662,241.7144938712028,2399000
2024-04-24,243.73712158203125,244.57340356260232,242.42436319117473,244.2816893677153,2285900
2024-04-25,242.5799560546875,242.99808962955947,239.63350911962007,240.48924366646236,2473300
2024-04-26,244.8359375,245.5749714521732,243.53289809566033,243.94131276696288,3238100
2024-04-29,245.7986602783203,246.1389984485517,244.4178253626861,245.77920771952128,2086000
2024-04-30,241.7533721923828,245.37077630909923,241.7047482176727,244.99153304708642,2502700
2024-05-01,241.15048217773438,245.03042914168776,240.77123890671743,241.60752084254383,3509500
2024-05-02,243.6495819091797,243.9996537444841,240.780945534355,243.23144838148593,2580200
2024-05-03,246.53768920898438,247.3836900248532,245.24436857769535,246.6057657443991,2350200
2024-05-06,249.18267822265625,249.18267822265625,247.59762853596268,247.77267188908488,2811500
2024-05-07,249.4063262939453,250.07729855951558,249.07570700996837,249.51327826409636,1829900
2024-05-08,249.23130798339844,249.47441305543683,248.28807395480902,248.43393106284964,2600100
2024-05-09,250.69961547851562,250.76769200552593,248.939537528655,249.2312516788342,2418700
2024-05-10,250.93299865722656,251.88598105269034,250.3495703292965,251.53592405593233,1922500
2024-05-13,251.06918334960938,251.93462192901248,250.4565538521915,251.93462192901248,1948400
2024-05-14,252.29446411132812,252.50839776894864,250.96222334401548,251.1081101328714,2466800
2024-05-15,255.39645385742188,255.4839681137251,253.257117561424,253.65581340185585,2508700
2024-05-16,254.70603942871094,256.01881275534816,254.63796288619434,255.43535464618583,2445000
2024-05-17,255.06582641601562,255.06582641601562,254.0350632979667,254.91996930985997,2208700
2024-05-20,255.32835388183594,256.09654439750074,254.97826721285278,255.1922008228129,2366100
2024-05-21,255.853515625,255.90215445024998,254.90056263145055,254.96863918125132,2241900
2024-05-22,254.98800659179688,255.81456963396496,253.92807221571104,255.6103400408798,2356600
2024-05-23,252.81951904296875,256.6411529938648,252.27496610344488,256.58278047985704,6603000
2024-05-24,254.64764404296875,254.97826331222998,253.26682413463695,253.840548426229,3123700
2024-05-28,254.64764404296875,255.231102031744,253.3056995715575,255.231102031744,3078100
2024-05-29,252.55694580078125,253.1890129211943,252.274935666724,252.4596978570471,3179000
2024-05-30,251.3219757080078,252.4596905566708,250.6412697974587,252.12907129826,3030200
2024-05-31,253.25711059570312,253.41270138348798,249.18266772305637,251.85682318154772,3407400
2024-06-03,253.3348846435547,254.44345784957736,250.9621771236292,254.44345784957736,6203400
2024-06-04,253.30569458007812,253.6946863488671,251.80818903868135,252.67362746965424,2489800
2024-06-05,256.4077453613281,256.4077453613281,253.5099522240517,254.57959067890988,2384000
2024-06-06,256.18408203125,256.6799960925984,255.35751902779498,256.378548241771,2190200
2024-06-07,255.69793701171875,257.0106807132426,255.01723091203624,255.63959416613605,1838900
2024-06-10,256.5535888671875,256.7189133460595,254.96856898906287,255.09495867772125,1958400
2024-06-11,256.9911804199219,257.0592569484981,254.65737813708927,255.7464838906841,3017300
2024-06-12,259.41253662109375,260.8128241401168,258.8679836610193,259.7237182199679,2762600
2024-06-13,259.5292663574219,260.4141427096385,258.17758790511914,260.09325707020867,2285200
2024-06-14,259.334716796875,259.334716796875,257.92469579263775,258.5275915017358,2205600
2024-06-17,261.3087158203125,261.96995432905186,258.70263722052465,259.06242788922384,2452000
2024-06-18,261.97003173828125,262.1061848293206,261.2504501882545,261.4449164492791,2024300
2024-06-20,261.3087158203125,262.73817447426933,260.3654671891178,262.4950694628883,3168600
2024-06-21,260.9100646972656,261.3962748032463,260.08350158191655,261.0170463520545,2676000
2024-06-24,260.472412109375,262.3394716037148,260.39463156523345,260.9391844019359,2226500
2024-06-25,261.32818603515625,261.32818603515625,260.1126608270953,260.96839532171555,2073800
2024-06-26,261.3185119628906,261.6783027175671,260.24884372202035,260.589196754467,1857500
2024-06-27,261.9505615234375,262.15476145875476,261.0850932901003,261.2115126658381,2655400
2024-06-28,261.05474853515625,263.884762926257,260.5082642298883,262.8698507388332,2822800
2024-07-01,261.5816345214844,262.01101919993243,260.2935102672942,262.01101919993243,2881000
2024-07-02,263.09423828125,263.12351315443175,260.8009406115039,261.00586472377614,4207800
2024-07-03,264.17742919921875,264.36284664998396,263.1039675845652,263.1039675845652,1948500
2024-07-05,265.55340576171875,265.69004168490073,263.87491028079927,264.28478826919365,4237500
2024-07-08,265.9144592285156,266.3341054137554,265.3484684719702,266.07060179818507,2335000
2024-07-09,265.84619140625,266.5878314425267,265.7388303521289,266.2365329697355,2702100
2024-07-10,268.4224853515625,268.5688597238422,266.26582351689706,266.6171220103684,1992600
2024-07-11,267.22216796875,269.5935520310739,266.8415945836867,269.0958493617587,3598000
2024-07-12,268.9884948730469,270.6669606475079,267.71984754291447,267.7296157610483,2729500
2024-07-15,270.1400451660156,271.5843121268379,269.22272598655246,270.1205087274166,3386100
2024-07-16,272.36505126953125,272.4723825674966,270.7060620119131,270.9012477296891,3261100
2024-07-17,268.5201110839844,270.5791803289568,268.3542002543092,269.57403647464577,3346100
2024-07-18,266.17803955078125,269.8765616403124,265.0948094681456,269.3398455995883,2904200
2024-07-19,264.5190124511719,266.7342240559078,263.9725282686718,265.9828157502588,2414200
2024-07-22,267.28076171875,267.5344673952356,265.338762251917,266.1975316951778,2527300
2024-07-23,267.0856018066406,268.5006238369935,266.9587340655685,267.26125108758987,2229500
2024-07-24,261.0741882324219,265.0557199754552,260.63503534421704,264.7922461112243,3050700
2024-07-25,260.0690612792969,264.5287892899876,259.5323452979368,261.24011586918925,3237800
2024-07-26,263.1820983886719,264.4507161058136,261.7768447241559,262.1574479079925,2757900
2024-07-29,263.20159912109375,264.5385347818251,262.2842799501536,264.1970044833918,2814400
2024-07-30,262.1086120605469,264.6068339456139,260.4301164395343,263.97252514640974,2174100
2024-07-31,265.99261474609375,267.6711105811733,264.55808615575745,265.37781252435565,2541500
2024-08-01,261.8256530761719,267.88582129303643,260.17643200627396,266.65621676535494,3767300
2024-08-02,256.5558776855469,258.38074740671783,254.39921617699477,258.11727357645475,4744200
2024-08-05,249.022216796875,252.09619785147834,244.94309197441967,245.1480309936628,8463400
2024-08-06,251.5497589111328,255.05312529115133,249.3638217290102,250.37873389835022,5255200
2024-08-07,249.62725830078125,256.0192023358297,249.39304441289653,254.77009138159886,3398500
2024-08-08,255.47276306152344,255.84359805988177,251.28627656182698,252.43779487587474,2922800
2024-08-09,256.575439453125,257.27806618435125,254.50657256923756,255.42389162892607,2667400
2024-08-12,256.4095764160156,257.6196444303109,255.44347564854814,257.2683458898348,2548500
2024-08-13,260.67413330078125,260.7619579406761,257.922175459437,258.0295365400816,2316200
2024-08-14,261.415771484375,261.99153057438286,259.70800087156726,261.1913109111898,2335300
2024-08-15,265.94378662109375,266.18775385041846,264.0505985390413,264.40192683547,3031600
2024-08-16,266.5780944824219,266.9391611751749,265.1728410211679,265.3387220405208,2571900
2024-08-19,269.09588623046875,269.13492933056864,266.4317530453921,267.01728042225244,2660000
2024-08-20,268.4419860839844,269.64231547249955,267.807677297333,269.027513341337,2041900
2024-08-21,269.7886962890625,270.2180809693058,268.3151545638748,269.115344394188,1983700
2024-08-22,267.50518798828125,270.891454387662,267.00748530091965,270.4816061119637,2554300
2024-08-23,270.8914489746094,271.12564798461426,268.68597569321014,269.08608552273915,2281800
2024-08-26,270.2084045410156,271.8088143500683,269.59360225407164,271.41847267331116,2263800
2024-08-27,270.45233154296875,270.6865305579201,268.9592234791844,269.4374195095854,1787900
2024-08-28,268.8031005859375,270.3937418777639,267.3100223592479,270.12049977683887,1856400
2024-08-29,269.06658935546875,271.59408637416186,268.5981615360409,269.80825929094027,3018000
2024-08-30,271.6623840332031,271.8087584092167,268.4419988551305,270.0424381159584,2029300
2024-09-03,265.8169250488281,270.31566606271616,264.6165956660348,270.12048038414457,3818900
2024-09-04,265.2216491699219,266.9391879685488,264.44096596026714,264.4702408361003,2946700
2024-09-05,264.4019470214844,266.43174142072417,263.3187169543813,265.24118005947867,3997800
2024-09-06,260.0105285644531,265.47540070676393,259.59091205835693,264.63613791341425,3599900
2024-09-09,262.7917785644531,263.5334187736293,261.1230210861984,261.91350239656913,2969800
2024-09-10,263.8163757324219,263.96275010058247,261.2108226357039,263.61145161699704,1874700
2024-09-11,266.44146728515625,266.7634908975503,259.503054151376,263.6992782366018,2640200
2024-09-12,268.6567077636719,268.9006749991206,265.5827265532493,266.83183760750046,2420700
2024-09-13,270.5304260253906,270.9988539023707,269.105665515339,269.3398645632487,2474700
2024-09-16,271.0671081542969,271.1744692252496,269.58379806804396,270.43279929154465,2065700
2024-09-17,271.34039306640625,273.0286573413502,270.28646753542154,272.247973968855,2133600
2024-09-18,270.6572265625,274.2776915911802,270.40349113616304,271.6526020501126,3389900
2024-09-19,275.2438049316406,276.17089227754303,273.82881292824004,275.2926162441987,2660200
2024-09-20,274.6680908203125,275.21457509854974,273.32138678424235,274.8827831997028,2293600
2024-09-23,275.3511962890625,275.7415379267001,274.66807608732825,275.39023938717366,1920800
2024-09-24,276.0440368652344,276.0635733035905,274.3558026921687,275.9367055788999,1952100
2024-09-25,275.136474609375,276.31726761630864,274.707089919371,276.12211170885985,1744200
2024-09-26,276.3660888671875,277.488332164127,275.28285888444776,277.41024597341567,2616800
2024-09-27,276.0929260253906,277.45358274623743,275.51539075745063,277.1990645399141,2644100
2024-09-30,277.17950439453125,277.404657418868,274.4484224064806,275.67202170020926,2828300
2024-10-01,274.65399169921875,277.0718252127767,273.26399956477036,277.02289318792765,4874900
2024-10-02,274.7127380371094,275.2315429409623,272.98010232435126,274.32116236602604,3637500
2024-10-03,274.1253967285156,275.0161805711397,273.0094598686254,273.919810545044,2369200
2024-10-04,276.7781982421875,276.9152557209569,274.42889325028233,276.49431480261785,2335400
2024-10-07,274.2526550292969,276.1712502915574,273.6359562267417,276.08315473019644,11465600
2024-10-08,276.5628356933594,276.905449507526,274.94769042432574,275.33923626635925,2164600
2024-10-09,278.4912109375,278.7261324523832,276.29853047050784,276.5823840099814,2123800
2024-10-10,277.9136962890625,278.59889404941373,277.0522775064193,277.78643716803117,2547200
2024-10-11,280.0672302246094,280.3413451928834,277.9528765602132,277.972443398075,1799500
2024-10-14,282.25006103515625,282.6318383110257,280.5565890483203,280.80130887961315,1997000
2024-10-15,280.3118896484375,282.59269537122526,279.87141184382057,282.2305147741974,3260800
2024-10-16,281.7410888671875,282.0249423974925,280.18467413529737,280.6643155037016,2215300
2024-10-17,281.6823425292969,283.5813709337404,281.6529773425489,283.3562179199872,2810600
2024-10-18,282.78851318359375,283.15069381902333,281.8292005189986,282.6025236886923,1822100
2024-10-21,281.8977355957031,282.7003941005115,280.586040620541,282.41654054761824,2320100
2024-10-22,281.57464599609375,282.1619795951819,280.419575504138,280.8404864654905,2029000
2024-10-23,279.0296325683594,280.85036425319834,277.35575672959936,280.71330676300096,2637300
2024-10-24,279.7735595703125,280.13574022124635,278.46186456850984,280.0770098385562,2235600
2024-10-25,279.5092468261719,282.16200177415345,279.0295755814816,280.9677676489132,2813700
2024-10-28,280.6448059082031,281.40833083566747,280.507748418974,280.9971882410162,1874300
2024-10-29,281.0167236328125,281.5746921370305,279.4211750848529,280.2238335996743,2503400
2024-10-30,280.3216857910156,282.01515788793006,279.98887038358697,280.9188177521584,2204100
2024-10-31,275.094482421875,278.76528024973317,275.02595369289463,278.76528024973317,3027400
2024-11-01,276.2691955566406,278.4814431012962,276.0048789504005,276.55304912722085,2449400
2024-11-04,275.76995849609375,277.0914519133976,274.9379048723814,276.21046625953977,2383900
2024-11-05,279.2743225097656,279.2743225097656,276.0538303121803,276.1516943683487,2060300
2024-11-06,287.0857849121094,287.40880201011686,284.0806176111421,286.12647222660905,5676800
2024-11-07,289.0924377441406,289.6504061672018,287.8003396499835,287.8101081302459,4109000
2024-11-08,290.4433288574219,291.08939291391374,289.268691378099,289.36655542993543,4142400
2024-11-11,291.25579833984375,291.82353527363534,290.4922735679006,291.63754578930036,3200900
2024-11-12,290.11053466796875,291.49075845255464,288.8575700077327,291.1383761448479,3474800
2024-11-13,289.9734802246094,291.2655784396515,289.37634820554763,290.53141882684145,2829100
2024-11-14,287.8297424316406,290.345440094592,287.5164938157059,290.2377776864451,3280800
2024-11-15,284.1784973144531,286.4299081523301,283.23878138516017,286.3320441034899,4025800
2024-11-18,285.3335876464844,286.0677473017192,284.0023258107144,284.5015639356446,2990100
2024-11-19,286.6452331542969,286.8997513502043,283.3366459726386,283.777123765908,2342200
2024-11-20,286.8116455078125,286.96826978636835,284.01206494532147,286.7333483050479,2670800
2024-11-21,288.8183898925781,289.5231843405958,285.78388728461664,288.3093832974112,2560700
2024-11-22,290.24755859375,290.5412104828917,288.8967001576372,288.8967001576372,2639800
2024-11-25,291.66693115234375,293.1450487754486,290.62932125903484,292.36195711473573,3384600
2024-11-26,292.73388671875,293.0667320190448,291.57881614064905,292.12698624120645,3292800
2024-11-27,291.90185546875,293.14502157988477,291.1187340076567,292.81220616130605,2730500
2024-11-29,293.5268249511719,294.0358614661355,292.40111937644326,292.626272440603,1811900
2024-12-02,294.084716796875,294.39796535930253,293.46801802491683,293.95745770132464,3583700
2024-12-03,294.084716796875,294.2217742453222,293.31142361673017,294.0357847784451,2101200
2024-12-04,296.0621337890625,296.20895974791915,294.8091691517636,295.1126194244118,3258100
2024-12-05,295.23980712890625,296.355744005255,295.1517115659886,296.2089180670589,2183400
2024-12-06,296.0621337890625,296.5515735672735,295.6411928762957,295.9250763121074,2332900
2024-12-09,294.1728820800781,296.25790037546045,293.9868925691169,296.1404396049658,2953900
2024-12-10,293.0667724609375,294.64275424926086,292.7535238250978,294.64275424926086,2557100
2024-12-11,295.4258117675781,295.90548302100444,294.50566267696104,294.64272014166306,2235300
2024-12-12,293.7421569824219,295.18111109018656,293.7030233097035,295.1126122264131,2120000
2024-12-13,293.5953369140625,294.9070319292119,292.78288002989257,294.6427452044168,2279200
2024-12-16,294.7895812988281,295.3769150249344,294.08478680210743,294.22184428318036,2545400
2024-12-17,293.33099365234375,293.8400001670759,292.6849296876679,293.6246455121839,3059900
2024-12-18,284.2568359375,294.1826586590013,283.82612656221266,293.4289321887644,3890900
2024-12-19,283.85546875,287.49690143586554,283.7477764783892,286.80187552981903,4826200
2024-12-20,287.0857849121094,289.46445498017056,282.0249646410884,282.5144044019092,3837000
2024-12-23,288.7168884277344,288.90347656949115,285.31907221380004,287.27330278682837,3704500
2024-12-24,291.7808532714844,291.829972770577,288.96243095747053,289.27668786258675,2642200
2024-12-26,291.9477844238281,292.42896966114995,290.22923146861,291.11305270888516,4307800
2024-12-27,288.7856750488281,290.6122371325285,286.7430351180535,290.0230129229132,3636800
2024-12-30,285.59405517578125,287.26348868168935,283.59070499950553,285.6529745954494,4968500
2024-12-31,284.60223388671875,286.8903815501881,283.8755409653853,286.566294728541,3893200
2025-01-02,284.0621032714844,287.29296148420957,282.186421742072,286.21275209494115,3796400
2025-01-03,287.7938232421875,288.0786204462115,284.97540082240073,285.43695630374066,2726800
2025-01-06,289.4043273925781,291.56477596651604,288.64814491789264,289.8953425188165,3678600
2025-01-07,286.1734924316406,290.5533397768776,285.18163210293994,290.5238800626187,3317000
2025-01-08,286.4385986328125,286.99836311189745,284.3076096056247,286.18329112679874,2971300
2025-01-10,282.1372985839844,284.83788196049693,281.07671902619626,284.83788196049693,4403700
2025-01-13,282.5988464355469,282.7068853516802,279.5152869016004,279.87863331469356,3633300
2025-01-14,283.2372131347656,284.54330034334123,281.3713314522453,284.20941361309775,3803700
2025-01-15,288.4321594238281,289.0115538017547,286.91985408586027,287.4501289590322,2815300
2025-01-16,288.2160339355469,289.36502245649655,287.6660994208379,288.9427566629135,3130300
2025-01-17,290.8774108886719,291.7808620565977,290.13105820884624,290.8577511007677,2603200
2025-01-21,293.7645568847656,293.8431061219379,291.57461853761157,292.3995203892588,3893500
2025-01-22,295.19830322265625,295.8759065020536,294.8742164529347,295.1884733298813,3515700
2025-01-23,296.74993896484375,296.74993896484375,294.62874970535984,294.844797592044,2647800
2025-01-24,295.8857116699219,297.2311183289729,295.39469652943467,296.8284823174711,2359000
2025-01-27,291.7611999511719,292.2325553016892,289.1489958300412,289.69893038510185,5321300
2025-01-28,294.265380859375,294.7171064174519,290.87739422001766,292.54682779081793,2717300
2025-01-29,293.0083923339844,294.2163004599861,291.6335558303166,293.9413331592525,2620200
2025-01-30,294.8447570800781,295.6991186152879,292.91998615265965,294.1180642743476,2891200
2025-01-31,293.2342529296875,297.1623741210586,292.8709065145555,295.8071675149657,3335000
2025-02-03,291.0934753417969,292.3504731024748,287.4403209171406,288.04917499305157,5037700
2025-02-04,293.2048034667969,293.37173184051983,290.9068560858357,291.2898323314022,2601900
2025-02-05,294.55999755859375,294.57962737549246,291.7513753444025,292.8807041843928,2226200
2025-02-06,295.2867126464844,295.4536410256742,293.5288699029695,295.32600225243016,2899800
2025-02-07,292.64501953125,296.23925390434545,292.32096272962,295.53219091342197,3632000
2025-02-10,294.5207214355469,294.83497833542594,293.53869110031553,294.1770048243784,2623900
2025-02-11,294.3636169433594,294.67787386881525,293.3128372065357,293.36195670880744,2719900
2025-02-12,293.3913879394531,293.9511224451682,290.91665235322796,291.5451661431223,3283500
2025-02-13,296.455322265625,296.54370139945485,293.4110222338959,294.1377150915107,3066800
2025-02-14,296.41607666015625,297.11330990999005,296.08218989306414,296.5732051333511,2377000
2025-02-18,297.2507629394531,297.2605928328916,295.807177155808,296.9365060412966,2851500
2025-02-19,297.6729736328125,297.93814095301866,296.2588478223189,296.42580613389987,2566600
2025-02-20,296.0722961425781,297.2802041620771,294.4912417950608,297.0936160134752,2863900
2025-02-21,290.6024475097656,296.3669611300708,290.3274801980894,296.31784162883514,3595000
2025-02-24,289.1195983886719,291.99694051416515,288.6089533259047,291.6237641351771,4465400
2025-02-25,287.685791015625,289.5319828224693,285.31909437457995,289.1097169821947,3509200
2025-02-26,287.78399658203125,290.3864011160237,286.6252079032419,288.6187284154332,2807300
2025-02-27,283.3255920410156,289.49274157460223,283.2175531161842,289.0508159197995,2747300
2025-02-28,287.6955871582031,287.94109473223165,282.18641158221266,283.4434091624712,3485800
2025-03-03,282.5399475097656,289.42398994849293,280.63480620691547,288.6285477515408,7835600
2025-03-04,279.0144348144531,283.2666426555851,276.44152030860437,280.07504428612515,6449600
2025-03-05,282.1864318847656,282.9622442658855,277.2468203386876,278.975173405152,3662300
2025-03-06,276.9423522949219,280.68388504048573,275.6067756099976,278.4350274423699,4836300
2025-03-07,278.2484436035156,278.94567668003367,273.1124146779005,276.16654429728067,3868700
2025-03-10,270.6672058105469,275.24347093149277,268.2317896729917,274.4087391230742,6442900
2025-03-11,268.7718811035156,272.0223990703228,266.6997815410605,270.05833842721574,5282400
2025-03-12,270.09765625,272.30722470434085,267.5836607617074,271.8260094174573,3996100
2025-03-13,266.3069763183594,270.05833935214685,265.3446057802206,269.9895900367977,3932500
2025-03-14,272.0125427246094,272.39554889797887,268.4477682089632,268.68347584226143,3610100
2025-03-17,274.261474609375,275.5577620514324,271.7081893363144,271.7573088424301,3981100
2025-03-18,271.3055114746094,273.49544992358733,270.382400556686,273.20085280901077,3120900
2025-03-19,274.3891296386719,276.32373080989385,271.65908620626027,272.02243267505173,2867800
2025-03-20,273.73114013671875,276.1469564635055,272.2777543460743,272.709850113344,2256400
2025-03-21,273.8391418457031,274.05518969997496,270.7260927594934,271.44298563257377,3382500
2025-03-24,278.90643310546875,279.4170780689224,276.8343336032589,277.1780501996467,3251600
2025-03-25,279.3777770996094,279.9670012452754,278.5627051760206,279.4072368084334,2517200
2025-03-26,276.107666015625,279.80010984497676,275.2729341964336,279.0439272699638,2327500
2025-03-27,274.9398193359375,276.9994746485517,274.0134631566407,275.4029974255859,2345300
2025-03-28,269.4605712890625,274.70334732404484,269.08608299019943,274.26973245952445,3912900
2025-03-31,270.85009765625,271.5793453273158,264.82881199477583,266.34643390080197,6064000
2025-04-01,271.7665710449219,272.77178271207293,268.11043841077014,269.9237230878746,3269900
2025-04-02,273.9149475097656,275.1960630788815,268.6524430608471,268.88897937595806,2594700
2025-04-03,260.1280212402344,265.4594865875745,259.8718161729999,264.1192444680491,8137500
2025-04-04,244.8629150390625,253.98849548483665,244.5771166032476,253.23951892527285,16633700
2025-04-07,244.06468200683594,253.29865133925202,232.98784955153593,236.515879897818,16346700
2025-04-08,240.21144104003906,253.9687729962686,236.5651575578606,252.7763471867488,11064300
2025-04-09,264.5824279785156,264.5824279785156,238.1123448312061,238.33901669776648,12138000
2025-04-10,253.69284057617188,257.86144382102196,246.26230657039494,257.3194102136665,7255700
2025-04-11,257.9402770996094,258.9356244234376,250.97292101918774,252.98329946015602,5007900
2025-04-14,260.3152770996094,262.85783957995375,257.6643259464259,262.5621766935273,4039900
2025-04-15,259.8619689941406,262.5326190337847,259.3297998468168,260.41383697116197,4680400
2025-04-16,254.4615020751953,258.77792149528216,251.7415749958013,256.9843356045939,4295500
2025-04-17,254.9936981201172,257.1617725107657,253.5942991816893,255.36818643073386,3401000
2025-04-21,248.93296813964844,252.77634515041746,246.31158021062413,252.51027561393892,5523200
2025-04-22,255.2696075439453,256.43247002578494,251.56419764296623,251.9091075993356,3802300
2025-04-23,259.6156005859375,264.4838881991937,258.75823533099407,262.0694432224375,6842700
2025-04-24,265.0849914550781,265.34122659021784,259.566312194733,260.0688879392541,3487600
2025-04-25,266.7110900878906,266.967295175438,263.5279696898279,264.95690176221154,3220900
2025-04-28,267.0954284667969,268.30758325738043,264.1882418897829,267.0855640139669,2507700
2025-04-29,268.7017517089844,269.3028817987675,266.13949033919994,266.2084813551076,2209100
2025-04-30,268.85943603515625,269.54925597947454,262.3848065486278,265.2032730395259,4039500
2025-05-01,270.53466796875,273.25460952279354,270.2685984980664,271.28364435598905,3238000
2025-05-02,274.7525939941406,275.5409982828409,272.6042486972108,273.49117720676867,3170800
2025-05-05,273.195556640625,274.7920340442983,272.37761910864356,272.6338241987252,2820800
2025-05-06,270.97821044921875,273.0772936540421,269.973028806219,270.5840233387021,2444000
2025-05-07,272.1016540527344,273.20542010238717,269.6083836564409,271.75675911642696,2694800
2025-05-08,274.24017333984375,276.7925703779651,272.486015024764,274.0627936401791,2781500
2025-05-09,273.9346618652344,275.5607025103696,273.2251130287782,275.00883453474245,2151200
2025-05-12,283.099609375,283.099609375,280.24171550970823,282.61673246737246,4184800
2025-05-13,285.0213623046875,286.13496278097125,282.8532879194845,283.4347192149364,3286800
2025-05-14,285.2085876464844,286.00682632780286,284.2526681044111,285.5140849159001,3198800
2025-05-15,286.3714599609375,286.63752950563276,283.86832508193515,284.18368681423703,2347000
2025-05-16,288.3325500488281,288.50009536091693,285.9871262014271,286.8543258198226,5440100
2025-05-19,288.5592041015625,288.8745658021641,285.11987889835814,285.25783084577944,3083600
2025-05-20,287.6131896972656,288.253747565835,286.1447997290559,287.7511416641715,2827200
2025-05-21,282.6069030761719,287.2583832819164,281.99590852756745,285.3367097894879,3166700
2025-05-22,282.5576477050781,284.3413692812876,281.72984570903753,282.22258714057716,2738700
2025-05-23,280.90203857421875,282.0747655657934,278.89164514944076,278.9310728841167,2855800
2025-05-27,286.6769714355469,286.8050890252976,283.34603440023415,284.2723907381454,2980600
2025-05-28,284.9918212890625,287.4161009640844,284.6074684966103,286.87409736270934,2413800
2025-05-29,285.90826416015625,287.5835969443273,284.134407155956,287.2977985124174,3850800
2025-05-30,285.6717529296875,286.52911813591373,282.6955756879255,285.267701381152,3178000
2025-06-02,287.1302490234375,287.1894056589612,283.40512530921785,285.13958462997124,2845900
2025-06-03,289.111083984375,289.5841265548202,286.7951933913854,287.3076636946715,3493700
2025-06-04,289.08148193359375,290.07682905113427,288.77598471278225,289.55452444059745,2718900
2025-06-05,287.48504638671875,290.6188745029978,286.8444885754615,289.7122471600164,3034300
2025-06-06,290.835693359375,291.58466994789,289.7516562114058,290.43164178265243,2308800
2025-06-09,291.0721740722656,291.9689669943963,290.54003503459904,291.1707283633492,3119700
2025-06-10,292.60955810546875,292.875627627263,290.93422536204497,291.4466655770164,2823100
2025-06-11,291.8310241699219,293.7428631934338,290.8751046581659,293.2796850779531,2706600
2025-06-12,292.7672424316406,292.78697133706595,290.816005565796,291.0130840981924,3092300
2025-06-13,289.3081970214844,291.83103062021166,288.5887837401841,290.1754267100248,3383100
2025-06-16,292.16607666015625,293.05300513410384,291.04261187182124,291.16089506628856,3113100
2025-06-17,289.73193359375,291.7521612369487,289.3180175986724,290.81597065271774,2720400
2025-06-18,289.84033203125,291.6536468498475,289.4165816449091,290.0473050730384,2409300
2025-06-20,289.17022705078125,291.6930607547167,288.47054264430034,291.32843691013585,2686100
2025-06-23,291.94927978515625,292.16608720434994,287.73141460001847,289.2293376306441,3340000
2025-06-24,295.3590087890625,295.81235248042657,293.6147152534764,294.0975921480327,3225300
2025-06-25,295.0141296386719,296.0686034992671,294.43269836986553,295.9897781045771,3025900
2025-06-26,297.5566711425781,297.8030418360409,295.7433864476377,296.00945596974043,2286100
2025-06-27,298.9067687988281,299.8429894358294,297.014658771321,298.2859098579269,3189900
2025-06-30,300.42205810546875,301.0151389886914,299.1074221270482,300.2342486563591,3100000
2025-07-01,300.42205810546875,301.17329590190724,299.30509564455787,299.54234609705503,3970600
2025-07-02,301.9838562011719,302.03326704206467,300.00693991988317,300.44186391499454,4474700
2025-07-03,304.47479248046875,304.8405172052387,303.01186341603716,303.01186341603716,2238100
2025-07-07,302.07281494140625,303.80261669399,300.70873787577017,303.4467560760486,4255800
2025-07-08,302.05303955078125,302.96243435569585,301.6576623089988,302.5571628791301,3497900
2025-07-09,303.950927734375,304.13873722490257,302.27053655555574,303.2293423146979,2838800
2025-07-10,304.7614440917969,305.36438912358506,303.4171252333998,304.09916381498533,2598100
2025-07-11,303.4764099121094,304.089279303111,302.61645614931587,303.338041457292,2909500
2025-07-14,304.1683349609375,304.39569118886095,302.70540607867594,303.1996351404112,2364500
2025-07-15,302.5670471191406,305.72023104515705,302.5176061122073,305.5225273481216,3447800
2025-07-16,303.71368408203125,304.00031524843195,300.4913006133312,303.31827665946963,3069700
2025-07-17,305.6905822753906,306.0068659630576,303.76307678425627,303.95088624915036,4953000
2025-07-18,305.5225524902344,306.619756817979,304.98877659659234,306.4714639503246,2609100
2025-07-21,305.86846923828125,307.4500081918524,305.70041809272544,306.3626982759381,3205000
2025-07-22,306.22430419921875,306.60981733366435,304.6724479236668,306.1649991270497,2117300
2025-07-23,308.8042297363281,308.8437765106076,306.7383557191436,307.5093519081663,3970900
2025-07-24,308.6954650878906,309.5257964710835,308.59664340615916,308.89316878205057,3661700
2025-07-25,310.0694580078125,310.30667832507055,308.80423270685196,309.1897157223963,3233200
2025-07-28,309.9804992675781,310.61309683309486,309.3182189971609,310.57358022392856,4797900
2025-07-29,309.00189208984375,310.8700924986948,308.63616739571296,310.71193557265326,3745600
2025-07-30,308.64605712890625,310.3857531246421,307.18312820836934,309.5752102025062,5966800
2025-07-31,307.3017883300781,311.2061801723592,306.80755922356025,310.74160360561837,4685900
2025-08-01,302.211181640625,304.4253483835111,300.88665135475173,304.4253483835111,5607300
2025-08-04,306.9459228515625,306.9755753908724,304.0299591029066,304.0299591029066,4118100
2025-08-05,305.5917663574219,307.7465981744325,304.88996942287037,307.2721273391193,4491800
2025-08-06,307.6575927734375,307.98377068338385,305.48297282263457,305.97720188733086,3226400
2025-08-07,307.4797058105469,309.7828001909577,305.78942053487935,309.4368337808026,2974400
2025-08-08,309.41705322265625,309.68392606340194,308.0925229226335,308.3000906876579,2881400
2025-08-11,308.70538330078125,310.3066807856718,308.221048427422,309.7135998224732,4275200
2025-08-12,312.48126220703125,312.5899781180479,309.36762524276156,310.09907457970155,3340100
2025-08-13,313.99365234375,314.2605252125978,312.7481852917562,313.6970967685671,2893600
2025-08-14,313.529052734375,313.89477743476044,312.3626793208891,312.6690989436633,3487000
2025-08-15,312.8173828125,314.27041764302993,312.36270046492007,314.27041764302993,3434100
2025-08-18,312.93597412109375,313.1534361290692,312.34289317521996,312.669101269858,3788600
2025-08-19,311.03814697265625,313.3214829420093,310.47471857363416,312.92607554001864,4135700
2025-08-20,310.21771240234375,310.93929773515606,307.64771509455517,310.93929773515606,6190300
2025-08-21,309.150146484375,310.2176678956554,308.26051011540494,309.28851492410325,2697000
2025-08-22,314.50762939453125,315.15012120485864,310.0595674017788,310.36598703694034,3548300
2025-08-25,312.9952697753906,314.30004178395853,312.94585893361796,313.9145286228752,2792700
2025-08-26,314.41864013671875,314.5372502848011,312.67894419058365,313.0842156400969,2832000
2025-08-27,315.2588195800781,315.5652391688625,313.9837002221826,313.9837002221826,5481300
2025-08-28,316.4054260253906,316.70195137255354,314.8238871213821,315.7431458629327,3236900
2025-08-29,314.5274353027344,316.0101227158547,313.6279346522657,315.8717240779275,3418800
2025-09-02,312.3429260253906,312.46153619397006,309.68397080677414,310.88989112958666,4816300
2025-09-03,313.66741943359375,314.08258513989205,312.2143847095741,313.38078828186474,3161400
2025-09-04,316.44500732421875,316.53396493807475,313.657548095335,314.1715354749527,3042000
2025-09-05,315.8617858886719,318.3428254676249,313.8255645378975,317.8980072394462,3872100
2025-09-08,316.87005615234375,317.2160225594958,316.0199664043316,316.74155175837154,4149800
2025-09-09,317.27532958984375,317.57185498902555,315.76298972331494,317.0084265652293,3110500
2025-09-10,318.0858154296875,319.31152402818657,317.2654084512862,318.77774818957164,3702700
2025-09-11,321.03143310546875,321.3082001777124,318.78764398996975,319.183021212411,3577800
2025-09-12,320.5668640136719,321.44660625696883,320.31974947324227,321.05119886000216,3055600
2025-09-15,322.1286315917969,322.35595765384636,321.4564571437278,321.7134659081468,3200800
2025-09-16,321.6937561035156,322.63277336099645,321.16987442692243,322.5438157365205,3709300
2025-09-17,321.40704345703125,323.12695091974524,319.0446140889607,321.9012725132454,3643200
2025-09-18,323.4333801269531,324.48114334401663,322.1582908431023,323.1566130538675,3112500
2025-09-19,324.6492004394531,325.0544719048399,323.05776711608814,324.52069605221476,3610400
2025-09-22,326.05279541015625,326.2900458818901,323.7595953959572,323.9770573985928,3434800
2025-09-23,324.30322265625,326.54701174078497,323.7990993595189,326.18128706094006,3455200
2025-09-24,323.1170959472656,325.1137705310549,322.5042265614149,325.10387629674085,2957000
2025-09-25,321.3873291015625,322.07923177566613,319.6476329328873,321.4663924886151,4108100
2025-09-26,323.40374755859375,323.56190449088683,321.46637792736686,322.1286581960097,3169300
2025-09-29,324.22344970703125,324.9271974127256,323.41065362484744,324.8082575468846,3711800
2025-09-30,325.2840576171875,325.47235891129634,323.0141876077686,324.02520674881265,4210900
2025-10-01,326.4140319824219,326.76096011795977,323.7774205012213,324.05495695981057,5983100
2025-10-02,326.88983154296875,327.35569956771127,325.56161914777243,327.29622962831485,4010500
2025-10-03,327.0682373046875,328.82266099353404,326.53297760755237,327.4547919059697,4894000
2025-10-06,328.29730224609375,328.84248364821633,327.2367349077028,328.495555528539,4899400
2025-10-07,326.7213134765625,329.07046683221756,325.90851730522013,328.80285210471976,4956100
2025-10-08,328.8920593261719,328.95152926603396,326.92946056310444,327.60350363021854,3149300
2025-10-09,327.7521667480469,329.2786323980153,326.8501656934839,329.0109874290099,3803200
2025-10-10,318.9700622558594,329.2290498768,318.7916524448668,328.24776566713604,7886700
2025-10-13,324.054931640625,324.699209413882,322.30050811974934,322.9249726650856,4476800
2025-10-14,323.9558410644531,325.7301082599588,319.24761260232606,321.05161476762424,6307300
2025-10-15,325.4922180175781,328.0792510538211,322.43928672091454,326.493345717025,4245600
2025-10-16,322.9051208496094,327.03846257916496,321.22998053287654,326.4734679813836,5328500
2025-10-17,324.4217224121094,325.05610879267476,321.38863437189906,322.15188237659225,5646800
2025-10-20,328.03961181640625,328.445979624917,325.967964821195,326.0571999734286,3919600
2025-10-21,327.99993896484375,328.94156639438654,327.2168778556345,327.8809990999922,4099800
2025-10-22,326.00762939453125,328.3171561868844,323.77741601736545,328.2675777400911,7357900
2025-10-23,328.0990905761719,328.6640549772204,326.09683520142204,326.4239501038656,2955700
2025-10-24,330.7752990722656,331.5980168756225,330.27969614226345,330.42837097142365,3780100
2025-10-27,334.4626159667969,334.7302609324025,333.2731869780336,333.7390549838306,5496100
2025-10-28,334.9780578613281,335.8304804458822,334.1454182565575,335.36461244642453,3765000
2025-10-29,334.7401428222656,336.0782768643017,332.737917753287,335.3745291307762,4818800
2025-10-30,331.1420593261719,334.21480371764056,331.1123243586404,333.0451879957976,5025800
2025-10-31,332.47027587890625,333.6597047363709,330.914075451625,333.6597047363709,4243100
2025-11-03,332.8469543457031,334.17519697166534,330.9537775525245,334.03641361552974,3344400
2025-11-04,328.8226318359375,331.1916284295361,328.4757339742568,329.2884998135923,3288700
2025-11-05,330.23016357421875,331.7367856630003,328.3865048577904,328.9118427784816,3147000
2025-11-06,326.4734802246094,330.13103239069113,325.7399975433388,329.8634176892229,2968100
2025-11-07,327.1871643066406,327.2268210139212,322.1121947460919,325.15520423427876,4707100
2025-11-10,331.97467041015625,332.5000082909062,329.1199927754391,330.38873502984654,3658900
2025-11-11,332.7874755859375,333.09474701014346,330.8149854274788,331.39979330739357,2506400
2025-11-12,332.90643310546875,333.96703078676006,331.9350705836039,333.8580126462269,2730900
2025-11-13,327.00872802734375,331.68722088399096,326.3446067932721,331.55835928266345,4213800
2025-11-14,326.95916748046875,328.9316878140096,322.7564640950337,323.6981218107344,3669200
2025-11-17,323.559326171875,327.8611560348895,321.9436557574731,325.8192743545002,4336700
2025-11-18,321.3687744140625,323.67827082486696,319.0890129699481,321.8841905864249,5563300
2025-11-19,322.41943359375,324.72892988534534,320.50641358729183,321.79496907628817,3538300
2025-11-20,317.2850036621094,328.6838711177204,317.03720219568305,327.40520708118385,4176000
2025-11-21,320.9524841308594,323.4503425592238,316.63084057893667,318.55378259951317,4695300
2025-11-24,325.74993896484375,326.29509013939753,322.08246483848404,322.64745949159226,4167600
2025-11-25,329.2389831542969,329.7345861461147,323.886476892506,325.74994898161384,3654300
2025-11-26,331.4989318847656,332.53968606883535,330.03193613795315,330.3887860219696,2745500
2025-11-28,333.35247802734375,333.461526413852,331.9152172682444,332.4504769629084,2288300
2025-12-01,331.71697998046875,333.1443189388167,330.81497895476247,331.02312373017025,4270600
2025-12-02,332.11346435546875,333.40201999532,331.24119827652726,332.69827223812155,2920000
2025-12-03,333.6002502441406,334.10577492524845,331.4691636411771,331.8160917507765,3779900
2025-12-04,334.1256103515625,334.373411839282,332.6388014252455,334.2742851943532,3587800
2025-12-05,334.5914611816406,335.9791433917899,334.06612326461254,334.6013829203857,3340500
2025-12-08,333.61016845703125,335.22583887241984,332.64869754874985,335.22583887241984,3532800
2025-12-09,333.2731628417969,334.58153160976156,333.11456627160663,333.3227110359551,3035700
2025-12-10,335.7511901855469,336.6036127520874,332.549584193169,333.1641270200617,5697100
2025-12-11,336.88116455078125,336.95055622774225,333.4813353701576,334.9086743715003,3819000
2025-12-12,333.0352783203125,336.76222238167725,331.9053192639827,336.5144208935377,4258900
2025-12-15,332.381103515625,335.02763691570505,331.73682564832086,335.0078236848921,3571900
2025-12-16,331.4195861816406,332.5594971521673,329.49667458824797,331.6475744255866,4129200
2025-12-17,327.8017272949219,332.2522627976577,327.7224441246926,331.9747263280453,3980300
2025-12-18,330.3193664550781,332.40090489668376,329.5462270623907,330.84470437255544,3347700
2025-12-19,333.26324462890625,333.6299859673248,331.2709111157425,331.4295076876105,4022600
2025-12-22,335.580322265625,335.88846527135274,334.59622428877776,334.9839056840525,3782100
2025-12-23,336.693603515625,336.80293087810156,334.9838922291265,334.9838922291265,3611100
2025-12-24,337.8466796875,338.0653647553885,336.6836658412276,336.7532543480574,4006500
2025-12-26,337.637939453125,338.2939643119733,337.14093070035653,338.10512889412763,3543600
2025-12-29,336.3656005859375,337.2403105154542,335.55049894535784,336.37552013325677,3795900
2025-12-30,335.8288269042969,336.7532559221893,335.72941908479066,336.3656048616246,3576200
2025-12-31,333.2642517089844,336.10715766459646,333.2145629656903,336.0176997256622,3493700
2026-01-02,334.29803466796875,335.71947246218707,332.59827317743486,335.13300575691534,5177300
2026-01-05,336.8128967285156,337.57827930715706,335.82882907954695,335.9779256422683,5442200
2026-01-06,339.168701171875,339.3476473756838,336.7830652494926,336.9619811182948,6054500
2026-01-07,338.015625,340.03347922957,337.84665901947255,339.31778544526406,6629600
2026-01-08,338.1051330566406,338.71146918167966,337.061396461973,337.73732109365795,6800000
2026-01-09,340.3515625,340.88834040684503,337.96592673125093,338.81084761508,6854100
2026-01-12,340.9778137207031,341.3555452153412,338.7412743987729,338.8705015243076,5775900
2026-01-13,340.29193115234375,341.4847642297093,339.2184056507189,341.3455872255144,8088100
2026-01-14,338.9599609375,339.42715036685513,336.8824680429225,339.1587765676535,12154800
2026-01-15,340.003662109375,341.61399588569066,339.63588050055796,340.9579407179337,8296900
2026-01-16,339.80487060546875,340.9976733418539,339.0295382095666,340.8187574816469,6418500
2026-01-20,333.1051940917969,336.6041551506082,332.6678542944526,334.7055780613116,13144300
2026-01-21,337.0514221191406,338.6716754091295,333.43321439122514,334.1787274754528,9761800
2026-01-22,338.8307189941406,339.96391343344914,337.955978795728,339.4271355235133,5505900
2026-01-23,338.5225830078125,339.50665058385096,337.8068892247831,338.6617600127097,4905900
2026-01-26,339.9837951660156,340.6199809097054,338.76114275330264,339.1090549359451,4957200
2026-01-27,341.2164001464844,341.67367006964037,340.24228234282333,340.7989297549179,3689000
2026-01-28,341.02752685546875,342.35953706395156,340.27209414715975,342.00167497264044,5854800
2026-01-29,340.2422790527344,341.77304425368766,335.66979221045125,341.48480100253914,8936900
2026-01-30,338.53253173828125,339.993738609705,336.3357313227699,338.7512167916578,9905800
2026-02-02,340.4311218261719,341.23627356847174,337.4589888951449,337.5186275179074,6024500
2026-02-03,337.8168640136719,341.34561411509816,334.89445004541705,340.96788259967633,9060900
2026-02-04,336.2264099121094,338.90031933865436,333.92028209661237,338.34367198112136,8973500
2026-02-05,331.9024353027344,335.2125305465861,331.1966913755344,333.83083166861036,8838500
2026-02-06,338.9201965332031,339.6557901071596,333.9600589413533,334.05946675783457,5093800
2026-02-09,340.5901794433594,341.45496983680414,337.76714297658674,338.3337402464324,4562300
2026-02-10,339.75518798828125,341.8724502329314,339.5066835996605,341.097117753835,3879400
2026-02-11,339.4271545410156,342.24021069874397,337.88643956090044,341.8923288442064,5056600
2026-02-12,333.99981689453125,341.27600165698976,333.62208540561835,340.6398462559303,7012500
2026-02-13,334.635986328125,336.9520640977892,332.27021981731195,334.5962171342019,8039400
2026-02-17,335.053466796875,336.15681159781735,331.5744057463287,334.0991882103787,7112300
2026-02-18,336.8029479980469,338.33374349557363,335.0435478819013,335.86859942346115,5718300
2026-02-19,336.1667785644531,336.8526530617908,334.5862943899377,335.7095390112301,4401600
2026-02-20,338.2343444824219,338.6717146359611,334.8050020987724,334.97396809649837,7051500
2026-02-23,334.4471435546875,338.4232138399932,333.4332565525377,337.46896546532236,10771900
2026-02-24,337.1806640625,337.5882148733269,333.4829177887848,334.3377886038136,3642400
2026-02-25,339.7850036621094,340.08322712626506,338.28405779872224,338.56238149759605,3983300
2026-02-26,338.4530029296875,340.08320616188905,335.87850129005756,339.9539790355552,4984500
2026-02-27,336.7433166503906,336.96200172619206,334.4769578352705,335.3119289424192,6041800
2026-03-02,337.0912170410156,338.0951844449435,332.68772670112617,333.00581958841127,7225700
2026-03-03,333.72149658203125,334.9838878500629,328.21463129686657,331.08732601490885,10751600
2026-03-04,336.1667785644531,337.0315689302251,333.33382264088505,334.77516014050934,5462500
2026-03-05,333.9898681640625,336.33573482012645,331.1469927756116,334.56638494622894,8661800
2026-03-06,329.4273376464844,331.15691835952,328.02576935540145,329.92434638793196,8635500
2026-03-09,332.2801818847656,333.0952835475431,324.1789450049859,326.2365685921163,8505800
2026-03-10,331.5148010253906,334.88450472756995,330.50088371543643,332.06149854094815,7767700
2026-03-11,331.2463684082031,332.93621022290444,329.6758341700145,331.91237345329284,8631900
2026-03-12,325.9582214355469,328.8408660255829,325.8687331686269,328.72158878303054,7011900
2026-03-13,324.178955078125,329.1192236162605,323.7217154895576,327.51883955376144,6294900
2026-03-16,327.489013671875,328.9899898802316,326.60435382619386,327.2504591669737,3766900
2026-03-17,328.5923767089844,330.33190735756114,328.16495645859294,329.0197969593758,3181400
2026-03-18,324.069580078125,328.02578071768636,323.950302829647,327.43931402266475,3919400
2026-03-19,323.4930419921875,325.05365667216364,320.8290825013399,321.7236921411015,5183100
2026-03-20,318.4235534667969,323.04572864643217,316.6641534612599,322.90658197449994,6532900
2026-03-23,322.25054931640625,325.8886571597472,321.53485547288005,323.0755705287312,7888300
2026-03-24,321.24658203125,323.18492837268474,319.4275432762947,319.7356862875986,4382400
2026-03-25,323.2048034667969,325.24255766517024,321.7833656368396,324.0497244595366,3625600
2026-03-26,317.6382751464844,322.4791657790584,317.47925904371556,320.9185510474587,4794400
2026-03-27,312.19195556640625,316.55939721497276,311.6036515239344,316.3599587059798,7027300
2026-03-30,310.7860107421875,315.0936271250831,309.50968334318645,314.9939078659332,6510900
2026-03-31,319.88983154296875,320.59778655899163,313.84721562413256,314.44550075501695,6764000
2026-04-01,322.3128356933594,324.1575353941662,321.3555977974441,321.9837956269661,5540500
2026-04-02,322.83135986328125,323.9680741457348,317.317222934341,318.0550906340046,3653400
2026-04-06,324.2771911621094,324.68601881011654,322.6618426792801,323.02082591437795,4401900
2026-04-07,324.4965515136719,324.6461151779091,320.54791862759157,323.2900307154336,3567500
2026-04-08,332.74285888671875,333.5206203918348,330.6289141314893,333.23144367979137,5384300
2026-04-09,334.48785400390625,335.1658962831835,331.48647773204215,332.3539774761242,3436800
2026-04-10,334.0889587402344,335.5846562670763,333.6103550068732,335.16587800038525,2581300
2026-04-13,337.6986083984375,337.7683844910521,332.68303713240675,332.98216447231124,3027300
2026-04-14,341.66717529296875,341.79680728443543,338.625935741053,338.82534382557907,3380500
2026-04-15,344.2497253417969,344.4192511136006,341.6272642012403,342.2654430715089,3978500
2026-04-16,345.0374755859375,345.64574173713294,343.57169079245443,344.708435519257,3837300
2026-04-17,349.5245666503906,350.74106851746103,347.1813011158643,347.43058403591937,4258500
2026-04-20,349.2054748535156,349.604321436904,347.8394093296374,348.89636646913635,4054100
2026-04-21,346.84228515625,350.73109268095476,346.1742239613881,350.0430693769634,4910100
2026-04-22,350.21258544921875,350.3023236476815,348.94623918640826,349.30519198025934,2486000
2026-04-23,348.7966613769531,350.6812549227903,345.5559833065296,349.514597428218,3366700
2026-04-24,351.0401916503906,351.3592810874547,348.66704384109084,349.8635835850158,2705700
2026-04-27,351.5188293457031,351.79802499843476,350.2724147477863,350.9903507733881,2814200
2026-04-28,349.6242980957031,350.6014677011644,348.4875533341931,350.18268942169385,3071600
2026-04-29,349.2054748535156,349.6841090116079,347.66991398596815,349.4547577718888,2742500
2026-04-30,353.1640930175781,353.67263991472583,349.0160215548754,350.5416318162744,2723400
2026-05-01,354.27093505859375,356.1255854395375,354.0615154890976,354.5401496664596,3752000
2026-05-04,352.9646911621094,355.1484120259552,351.5188380208261,354.06151169130953,3012400
2026-05-05,355.9660339355469,356.55433798378516,354.7495320508719,354.7694941599933,2722200
2026-05-06,360.8220520019531,361.23087963882733,358.0899209599646,358.42894207663124,3794300
2026-05-07,359.1668395996094,361.6796004524492,358.3491843272411,361.57988119947004,3500900
2026-05-08,361.82916259765625,362.08842656830484,360.43318435194,360.9716439717318,2867400
2026-05-11,362.5870056152344,363.4345736478221,361.3804847763993,361.5699118041112,3672200
2026-05-12,361.7494201660156,362.11835402845486,358.5884992685499,361.48017513014776,3067500
2026-05-13,363.6639099121094,364.35193325002115,360.32351248298113,362.17819335084425,3305300
2026-05-14,366.34619140625,367.1937594625052,364.3718900566705,364.45164720582665,2931700
2026-05-15,361.6995544433594,363.88327536912414,361.2408823674132,363.4844287626472,3404000
2026-05-18,361.32061767578125,363.0257347427219,358.9474698601782,362.2978176681192,3577600
2026-05-19,359.0272521972656,360.93177747400716,357.7708564661057,359.61555627279637,3169400
2026-05-20,363.1453857421875,363.34482424843037,359.1668401120043,360.1639717831314,3153000
2026-05-21,364.0428161621094,365.0200162029522,361.0913147900336,361.7593760018999,2766300
2026-05-22,365.7379455566406,367.24359373447584,365.039941193109,365.7578772358678,2642200
2026-05-26,368.4002685546875,369.17803006178224,367.3433113894061,367.9216648149643,3566700
2026-05-27,368.300537109375,368.98856039250035,367.3432992315655,368.44015014886986,3097800
2026-05-28,370.5939636230469,370.8532275973089,367.69230678434343,368.47006827708555,2956100
2026-05-29,371.4714660644531,372.05977013806097,370.2848768622463,370.97290019562826,3162200
2026-06-01,372.3289794921875,373.3660050051051,370.41450362377304,371.1124775722396,6894700
2026-06-02,373.2862243652344,373.62527593598793,371.5612059266349,371.8104888621593,2700700
2026-06-03,370.583984375,372.8774055068602,370.2549443084085,372.77768625242385,3409600
2026-06-04,372.3090515136719,372.9172872646697,369.2976942033485,369.5569581916665,3125600
2026-06-05,362.3377380371094,370.1153534690119,361.42036344332416,369.91594537822095,5205400
2026-06-08,363.4245910644531,366.52565603776384,362.9958317376687,365.6382246504669,5431900
2026-06-09,362.62689208984375,367.602569444143,355.2580743553185,365.6481998683328,4687900
2026-06-10,357.0130310058594,363.5143185277645,356.87341796588925,360.83203190587955,3389800
2026-06-11,363.25506591796875,364.4516361292619,356.7238654589423,358.5984779226141,3964200
2026-06-12,365.30914306640625,366.87464708745256,362.1881465086453,365.1296666694827,3230600
2026-06-15,371.46148681640625,372.5683188742054,370.48428675393956,370.7335696895646,3561000
2026-06-16,369.30767822265625,372.0896843017946,369.03846360727346,371.7207504262548,2805800
2026-06-17,364.7109069824219,370.4543649867598,364.0328342872191,369.7164972529144,4766800
2026-06-18,368.9287414550781,369.5569392838338,367.283480265031,369.49711381728986,3413600
2026-06-22,367.75213623046875,370.49424837853525,367.1339194513481,369.2179210322733,3295200
2026-06-23,362.65679931640625,365.60830052914605,361.82916299229936,362.2280095729328,3175500
2026-06-24,362.60693359375,366.0669817810845,361.58987022305143,363.7436783286875,3036000
2026-06-25,362.9360046386719,365.777805620201,361.27078132184084,365.4288338716233,2758000
2026-06-26,362.2200012207031,364.7900085449219,359.95001220703125,360.8800048828125,2739400
2026-06-29,367.1199951171875,367.3900146484375,362.54998779296875,365.1499938964844,3829900
2026-06-30,370.0400085449219,370.6099853515625,367.0899963378906,367.30999755859375,4222200
2026-07-01,369.2699890136719,371.3800048828125,367.8399963378906,369.3399963378906,2852400
2026-07-02,368.760009765625,372.239990234375,366.17999267578125,370.3900146484375,3114000
2026-07-06,371.6700134277344,372.2799987792969,369.9599914550781,370.3299865722656,3271300
2026-07-07,369.6099853515625,371.75,368.4800109863281,371.30999755859375,2881600
2026-07-08,368.25,368.5799865722656,365.30999755859375,367.6099853515625,3864300
2026-07-09,371.45001220703125,371.8500061035156,368.70001220703125,369.4700012207031,5484300
2026-07-10,372.69000244140625,372.9700012207031,369.5199890136719,372.0,2765900
2026-07-13,369.7799987792969,372.2200012207031,369.25,371.5899963378906,2931000
2026-07-14,371.1600036621094,371.9700012207031,369.75,371.0,3403900
2026-07-15,372.4200134277344,372.9599914550781,370.239990234375,372.29998779296875,2913900
2026-07-16,370.5799865722656,372.55999755859375,369.19000244140625,371.54998779296875,3215100
2026-07-17,367.010009765625,369.0799865722656,365.7200012207031,366.4800109863281,3155000
2026-07-20,366.25,369.6400146484375,366.0799865722656,368.75,2863100
2026-07-21,369.45001220703125,369.8500061035156,367.3399963378906,368.1499938964844,2139900
2026-07-22,368.8699951171875,370.1600036621094,368.57000732421875,368.80999755859375,2389200
2026-07-23,364.69000244140625,366.760009765625,363.1000061035156,365.1300048828125,3276300
2026-07-24,364.79998779296875,367.29998779296875,364.1000061035156,364.8999938964844,2609700
2026-07-27,365.17999267578125,368.32000732421875,363.6099853515625,367.67999267578125,2864800
2026-07-28,365.989990234375,366.8999938964844,363.54998779296875,365.0199890136719,2629100
2026-07-29,360.4200134277344,366.8800048828125,360.20001220703125,365.5899963378906,4143100
2026-07-30,366.2699890136719,366.5799865722656,362.6400146484375,363.80999755859375,2877400
2026-07-31,368.2099914550781,369.3399963378906,363.95001220703125,367.79998779296875,3198500
2026-08-03,373.8399963378906,374.260009765625,369.0,369.5,3429600
2026-08-04,380.82000732421875,381.739990234375,375.29998779296875,375.3500061035156,3302400
2026-08-05,379.6499938964844,383.2900085449219,379.55999755859375,382.82000732421875,2840700
2026-08-06,379.07000732421875,380.94000244140625,378.6400146484375,379.82000732421875,3090000
2026-08-07,381.7799987792969,382.07000732421875,379.92999267578125,380.69000244140625,2317900
2026-08-10,381.6300048828125,382.6600036621094,381.1000061035156,381.6300048828125,5170900
2026-08-11,380.6499938964844,382.6000061035156,380.19000244140625,382.510009765625,3900100
2026-08-12,381.8299865722656,382.82000732421875,381.1300048828125,382.75,2795900
2026-08-13,384.29998779296875,385.1199951171875,382.6400146484375,383.0299987792969,2324200
2026-08-14,383.8500061035156,384.8999938964844,383.3299865722656,384.6700134277344,2306100
2026-08-17,382.1300048828125,384.04998779296875,382.010009765625,383.760009765625,3529800
2026-08-18,379.0400085449219,380.489990234375,378.8999938964844,380.1000061035156,3842200
2026-08-19,379.989990234375,381.6700134277344,379.57000732421875,380.7099914550781,2688100
2026-08-20,376.5799865722656,379.3699951171875,376.3900146484375,378.5,3428100
2026-08-21,378.239990234375,379.2300109863281,377.4200134277344,378.8399963378906,2830000
2026-08-24,377.07000732421875,378.0,376.4800109863281,377.9200134277344,2963600
2026-08-25,378.1499938964844,378.6000061035156,376.8999938964844,378.5,2640000
2026-08-26,378.2300109863281,378.8999938964844,377.2799987792969,377.69000244140625,2249300
2026-08-27,380.6300048828125,381.20001220703125,378.8599853515625,379.5,2911400
2026-08-28,379.3599853515625,382.25,378.8800048828125,381.0299987792969,2812400
2026-08-31,378.1499938964844,378.5799865722656,376.9700012207031,378.4800109863281,3185100
2026-09-01,375.1700134277344,376.82000732421875,374.1499938964844,375.79998779296875,3159500
2026-09-02,376.8800048828125,377.5299987792969,375.2799987792969,375.70001220703125,2470600
2026-09-03,380.92999267578125,381.32000732421875,378.1600036621094,378.5,2562600
2026-09-04,379.7300109863281,380.67999267578125,379.1300048828125,380.2099914550781,2629300
2026-09-08,377.6000061035156,379.57000732421875,377.2799987792969,379.3399963378906,4287400
2026-09-09,375.55999755859375,377.0,375.0199890136719,376.8399963378906,2550300
2026-09-10,373.239990234375,374.5400085449219,372.75,373.1000061035156,3305800
2026-09-11,376.30999755859375,377.29998779296875,375.92999267578125,376.510009765625,2647300
