Price,Close,High,Low,Open,Volume
Ticker,XLK,XLK,XLK,XLK,XLK
Date,,,,,
2020-01-02,44.24142837524414,44.24142837524414,43.73453989500558,43.81981102318849,26567000
2020-01-03,43.744014739990234,44.047203797657815,43.59242201828424,43.59716030734693,30023600
2020-01-06,43.848236083984375,43.895611746824216,43.22765393474329,43.30818677876201,15630000
2020-01-07,43.82929611206055,44.0472140887916,43.76297450670985,43.92404384417327,15363600
2020-01-08,44.29827117919922,44.492497625832584,43.79611743953345,43.876653882532594,23254400
2020-01-09,44.80043029785156,44.828852804465654,44.47829530395442,44.70568619963415,15554800
2020-01-10,44.69620132446289,45.056235336517446,44.62040678280956,44.99465204553318,15330600
2020-01-13,45.25519943237305,45.307309760257,44.87621950097288,44.89990371366698,15524400
2020-01-14,45.04203414916992,45.354692576508626,44.970974265693364,45.312058814976176,16134600
2020-01-15,45.09413146972656,45.31204573235023,44.94253878206424,45.07044364398833,14417000
2020-01-16,45.70051193237305,45.709984896128624,45.32152832555055,45.38311523985614,11543200
2020-01-17,46.0084342956543,46.05106805267235,45.667349782488174,45.91368658963292,21661000
2020-01-21,45.989479064941406,46.254765380470985,45.85683590717662,45.866308869479106,17975000
2020-01-22,46.15530014038086,46.47743519203467,46.11740104859657,46.278470381551635,15491600
2020-01-23,46.373207092285156,46.41110617801805,46.00370004202882,46.20266482074289,14956400
2020-01-24,46.15530014038086,46.81851978958063,45.994230807425794,46.71429909430199,23617400
2020-01-27,45.05624008178711,45.41153584295297,44.86674828631424,45.07992791156699,35574600
2020-01-28,45.918426513671875,46.0415967287581,45.354689389099875,45.44943709849526,31184400
2020-01-29,46.036861419677734,46.36373471330302,45.85210789221713,46.29741311956104,21126600
2020-01-30,46.434783935546875,46.47742130462828,45.738407306932885,46.017904893251696,19933600
2020-01-31,45.160465240478516,46.18845354424705,44.99939593332149,46.1647657121118,26964600
2020-02-03,45.75736618041992,45.87106345397196,45.16047175842486,45.21258210523882,25075600
2020-02-04,46.95589065551758,47.0553730382357,46.43952558606961,46.553219221425245,19097800
2020-02-05,47.230648040771484,47.751751377864046,46.88956714865911,47.72806354826698,32697000
2020-02-06,47.66173553466797,47.67594678480748,47.21169574706059,47.42487172766306,13505600
2020-02-07,47.22592544555664,47.62385506192995,47.131177717189466,47.4391015094343,16598000
2020-02-10,47.86543655395508,47.87490951556745,46.94166557666831,46.951142152535404,16347600
2020-02-11,47.704376220703125,48.272851608717,47.5622600843912,48.23021423784464,15105800
2020-02-12,48.220741271972656,48.23969081299768,47.76122484131814,48.0312494759778,12152800
2020-02-13,48.092838287353516,48.34391702402916,47.770703281506826,47.84176316493368,14802800
2020-02-14,48.30128479003906,48.38181764650967,48.035998385544744,48.18759113300667,12392400
2020-02-18,48.12125778198242,48.22547844808768,47.86070611671927,47.9128164497719,20633200
2020-02-19,48.6944580078125,48.7655178671175,48.40074560933731,48.43390639511236,16615600
2020-02-20,48.187583923339844,48.70868368888396,47.52910268623538,48.59025175970322,26324600
2020-02-21,47.10748291015625,47.98387841864214,46.81377043960324,47.941241046893985,29899000
2020-02-24,45.160465240478516,45.81420820489579,44.43566239391125,44.84780320472086,42365200
2020-02-25,43.71559143066406,45.73367243786698,43.55452574804852,45.56786846627583,62934400
2020-02-26,43.91455078125,44.86674434961869,43.58294287895994,43.881389991020995,55759600
2020-02-27,41.54591751098633,43.374506707456504,41.51749500577612,42.474426976082015,67825800
2020-02-28,41.863311767578125,42.26124124006645,39.82154323417598,39.89260310119317,111854400
2020-03-02,44.28407287597656,44.29354584096402,41.86805839324645,42.61654912621573,70008600
2020-03-03,42.602325439453125,44.84305869485147,42.15228564163082,44.53513501590492,94989200
2020-03-04,44.430912017822266,44.445123267535145,42.919719817937185,43.521355893650544,44727600
2020-03-05,43.0286865234375,44.070885985400594,42.74918530969627,43.24660082496595,49019000
2020-03-06,42.1191291809082,42.370204269553625,40.972705464335334,41.588552885517,57631800
2020-03-09,38.92147445678711,40.74058731849081,38.6088124006628,38.646711488845625,59119800
2020-03-10,41.517494201660156,41.522232490521915,39.13938280307108,40.588988368803385,71164600
2020-03-11,39.55625915527344,40.655307169268916,38.99252208979232,40.40423209063603,63304200
2020-03-12,35.69538879394531,38.79830731111454,35.529584787786895,36.6854817694449,65490600
2020-03-13,39.883140563964844,39.973146379075274,36.14542889296268,37.940853890990425,65849600
2020-03-16,34.37367630004883,37.523965819570996,33.72467174829394,33.97574681846963,81244800
2020-03-17,36.713890075683594,37.15919518929215,34.079965699073526,35.183748292579736,100814600
2020-03-18,35.33060836791992,35.91802963134575,33.28883977551007,34.27419413717957,107412400
2020-03-19,35.458518981933594,36.66178781978793,34.16524433532141,35.00374080620415,123454200
2020-03-20,33.83363342285156,36.49598455192165,33.7199397802693,36.12647750283751,90444000
2020-03-23,33.524566650390625,34.39125272639016,32.42930238997136,33.66266544031319,84958400
2020-03-24,36.95799255371094,36.98656347635377,35.41033793632984,35.55319981580104,75329000
2020-03-25,36.910369873046875,38.615168047279845,36.20082720307125,37.23894635375802,57480800
2020-03-26,39.19613265991211,39.291375111499576,37.28656782796601,37.37704361556405,56425800
2020-03-27,37.42466354370117,38.69612394984479,37.26275682344965,37.98182190211093,58485400
2020-03-30,39.000885009765625,39.0913607811657,37.805618796510934,37.92466911483554,47480200
2020-03-31,38.272308349609375,39.610433139317976,38.07230099769511,38.910416490439054,39988800
2020-04-01,36.44845962524414,37.7389651260719,36.177024942533194,36.948468970696545,54984800
2020-04-02,37.30085372924805,37.34847313904181,36.172255188182724,36.3198764484818,44223600
2020-04-03,36.72465896606445,37.538963050257756,36.262742955194405,37.13895192305308,31572000
2020-04-06,39.85805130004883,40.11996349421178,38.09610776898448,38.338971473287586,35987200
2020-04-07,39.50090408325195,41.27713687714073,39.458047701797476,41.262851416655906,44298800
2020-04-08,40.56283187866211,40.72950162757851,39.643763111062505,40.01996262040411,27428600
2020-04-09,40.572357177734375,41.25332531416643,40.28663706893056,41.04379917204539,39259800
2020-04-13,40.662837982177734,40.71998345912539,39.83424854864305,40.410451816967,25301600
2020-04-14,42.36763381958008,42.4438241447868,41.4009456802589,41.56761542270601,31779000
2020-04-15,41.443809509277344,41.781912085646056,41.134277855857704,41.52476287971875,25858200
2020-04-16,41.94857406616211,42.05333894168682,41.26284661085763,41.986671045103435,23667600
2020-04-17,42.50574493408203,42.70098565079146,41.89144459162348,42.69146321981032,28284800
2020-04-20,41.824764251708984,42.48668381871404,41.76761878340983,41.929529127026825,20407000
2020-04-21,40.07233810424805,41.33427221234352,39.8294744361989,41.23426674722585,32765000
2020-04-22,41.615238189697266,41.84381645002635,40.896173090657726,41.04379798856684,24032000
2020-04-23,41.32951736450195,42.181918253318244,41.29618341390593,41.71047628086682,21169600
2020-04-24,42.205726623535156,42.21525268560165,41.23427538105881,41.500950621997994,16885000
2020-04-27,42.5676383972168,42.71050025550613,42.31048923217277,42.58668688719724,15598600
2020-04-28,42.00095748901367,43.124792962246055,41.94381565238936,43.0962220439339,25267600
2020-04-29,43.724815368652344,43.87719968166387,42.7438415807112,42.89622589372272,22925800
2020-04-30,43.529563903808594,43.815283965892654,43.20574686461261,43.815283965892654,30861200
2020-05-01,42.334312438964844,43.167665031727424,42.17240204600105,42.57241317975415,23990200
2020-05-04,42.89621353149414,42.93906990414885,41.94381094136218,42.1390515831129,21458000
2020-05-05,43.48670959472656,44.0391049358517,43.310513777341164,43.386707741549394,17374600
2020-05-06,43.824806213378906,44.24862509090499,43.629565564456676,43.905759564563056,16941000
2020-05-07,44.481964111328125,44.73435021298176,44.353387728856745,44.420055618609496,21088800
2020-05-08,45.13437271118164,45.19628122469404,44.643885800487546,44.90579805043523,15221600
2020-05-11,45.43437194824219,45.701043538124544,44.73435539167308,44.82483117645292,20768800
2020-05-12,44.49626922607422,45.74867786043085,44.462935266471696,45.620105054286576,27042000
2020-05-13,43.72957229614258,44.86293023889246,43.153369079463346,44.52006467419418,33942200
2020-05-14,44.286720275878906,44.315291190875435,42.94859580433757,43.424797097626595,30475200
2020-05-15,44.510536193847656,44.520058621293245,43.46289115158098,43.58670450713918,28032800
2020-05-18,45.60103988647461,45.85818903787776,45.22960343437933,45.386747110408095,20033400
2020-05-19,45.43437194824219,46.13914790239639,45.41532345851803,45.620090181642816,20092800
2020-05-20,46.429630279541016,46.515346665382204,46.039145329181785,46.06295684924295,18192000
2020-05-21,45.78199768066406,46.52011122935459,45.75818615981805,46.38201240132929,20581600
2020-05-22,45.948673248291016,46.00581872568423,45.52961731345947,45.71533557357685,18489600
2020-05-26,45.90105056762695,46.90107273551716,45.86295358540892,46.86773878435842,26001400
2020-05-27,46.16295623779297,46.18200472620287,44.92007052578675,45.896281033182106,38856800
2020-05-28,46.072486877441406,46.91536178297931,45.95819955517644,45.991533508884075,21147400
2020-05-29,46.65345764160156,46.76298194290601,45.82486811804959,46.21059013824763,35555000
2020-06-01,46.639163970947266,46.739165824023885,46.229630496560254,46.434397233753764,26719400
2020-06-02,47.077266693115234,47.077266693115234,46.29153372327632,46.734401132958034,22415200
2020-06-03,47.44393539428711,47.59631966876235,47.062976524662865,47.26774323409468,22035800
2020-06-04,47.0534553527832,47.58680218542573,46.791546783915365,47.25822208349052,15138800
2020-06-05,48.29158020019531,48.42967539326386,47.30583992702094,47.3867969169485,20756400
2020-06-08,48.53443908691406,48.55348757624846,47.76299525107428,48.20586263699736,16130200
2020-06-09,48.76301574707031,49.00111640634983,48.248717451075905,48.29157745897264,14707800
2020-06-10,49.577327728271484,49.94876423660062,49.024932363895,49.115411791918675,24389600
2020-06-11,46.734413146972656,48.78684037153416,46.720127683815086,48.715413055746296,39742000
2020-06-12,47.339176177978516,48.22490731339431,46.51534627469496,47.98680664729393,43287000
2020-06-15,47.79632568359375,48.01061481487047,46.32486178061017,46.47724605094925,29924000
2020-06-16,48.81541061401367,49.234466573135734,48.058248435460726,48.93922037251624,27935800
2020-06-17,48.805877685546875,49.26779359850645,48.724924324114085,49.091597782627886,17324200
2020-06-18,49.024925231933594,49.07730766862919,48.610632402049326,48.7153972754405,13717200
2020-06-19,48.68683624267578,49.67257311933909,48.45349854460192,49.61543126935379,31280000
2020-06-22,49.604129791259766,49.64710792557806,48.67297938434172,48.74937969414836,14738000
2020-06-23,49.9622688293457,50.53528758953087,49.89064467207116,50.048221461216414,19028000
2020-06-24,48.835330963134766,50.03389152893587,48.56792442152785,49.75693267190533,25425600
2020-06-25,49.46088790893555,49.51341472649042,48.37692937554871,48.90697006677207,20534400
2020-06-26,48.48674392700195,49.436995216798024,48.33871583850474,49.365367429636585,44275600
2020-06-29,49.01679611206055,49.02157227051165,47.89941183869633,48.481979302921786,18547200
2020-06-30,49.89542007446289,50.095978655861266,48.95471722764745,49.02157251687456,16500000
2020-07-01,49.976600646972656,50.26788074003635,49.69964174318057,49.92884634807356,21709200
2020-07-02,50.26787185668945,50.72151211407286,50.162821889843826,50.44932941689916,19144600
2020-07-06,51.14650344848633,51.385260348668545,50.88864555911259,50.91729522132928,16046200
2020-07-07,50.61168670654297,51.604916286165036,50.55915989702461,51.08920050715267,15863600
2020-07-08,51.43778610229492,51.442562260280056,50.740616405250606,51.01279912014559,13327000
2020-07-09,51.62400817871094,51.86754119418851,50.8838604609307,51.85798887970047,17767800
2020-07-10,51.60969543457031,51.633568940099345,50.99847831727792,51.504641809446674,14724600
2020-07-13,50.54005432128906,52.392810031126594,50.41112720980676,52.04899954298599,28910400
2020-07-14,51.122623443603516,51.194251238282625,49.604129497598414,50.138946235642685,30053200
2020-07-15,51.39957809448242,51.84366601333067,50.79790976888207,51.59058431692674,23779200
2020-07-16,50.764495849609375,50.99370409888455,50.37293464125131,50.85044848769488,17180600
2020-07-17,51.012794494628906,51.156046432923816,50.54482941932768,51.06532129827927,12710400
2020-07-20,52.31640625,52.44056084737142,50.869540143692156,51.15604767035317,17018400
2020-07-21,51.791141510009766,52.70796704667015,51.60013527908698,52.68886605926379,18794800
2020-07-22,52.20658493041992,52.36893787465153,51.79592276859255,51.838897262133436,15028000
2020-07-23,50.85044860839844,52.27344147716027,50.621244001720726,51.92963092400216,23349600
2020-07-24,50.23444747924805,50.56393314853403,49.408350691839,50.00046675047878,22911600
2020-07-27,51.02711486816406,51.079641667227484,50.439771407336885,50.54004884832876,16908000
2020-07-28,50.430233001708984,51.027125255168144,50.39203102313371,50.86954482590104,17825400
2020-07-29,51.160823822021484,51.29930324923859,50.62123458615417,50.62123458615417,13187000
2020-07-30,51.44732666015625,51.480752474497606,50.42544760098837,50.69763027295102,21556800
2020-07-31,52.73184585571289,52.750946843722,51.40913431356528,52.25910824269548,25185800
2020-08-03,54.03068923950195,54.20259450544654,53.42424465043597,53.44812179859434,24327000
2020-08-04,54.16916275024414,54.17393526483999,53.682096669040384,53.91608103730966,17971600
2020-08-05,54.369720458984375,54.493875064550956,54.09753774421912,54.34107079736943,12960200
2020-08-06,55.133750915527344,55.18627773260485,54.20737284322411,54.32675131055631,16399400
2020-08-07,54.31241989135742,54.9188644720258,53.882656732447,54.914088313832,27476200
2020-08-10,54.15960693359375,54.50819356302426,53.42901150215875,54.41746478759563,16481200
2020-08-11,53.18548583984375,54.21214124054467,53.075659705781085,53.982936656240994,18844400
2020-08-12,54.39360427856445,54.53685624735389,53.548402725826435,53.615254373223145,14196800
2020-08-13,54.417476654052734,54.871116986977526,54.221697874500656,54.470003467792885,11453600
2020-08-14,54.3792724609375,54.53685289574904,54.07844006614018,54.44135158909186,8334200
2020-08-17,54.74217987060547,54.86633447444399,54.6419024132078,54.708754051472916,8174600
2020-08-18,54.947505950927734,55.0955340446166,54.48431703993142,54.847228502641016,8930000
2020-08-19,54.88066864013672,55.32953283895995,54.78993983999798,55.08599974777483,14239400
2020-08-20,55.61125946044922,55.72108924286172,54.618029832986394,54.675332803350486,12803000
2020-08-21,56.3179817199707,56.38005720572692,55.63513680408686,55.66378646779875,15288600
2020-08-24,56.80503463745117,57.14884511656866,56.332297050235006,57.129744129602045,16440600
2020-08-25,57.091548919677734,57.115426067000065,56.5901616141794,56.67611424414214,18628200
2020-08-26,58.25190734863281,58.40471161866245,57.55951379699812,57.68844091980953,16463000
2020-08-27,58.29966735839844,58.76285640091201,57.774402823550524,58.49544979622036,18174200
2020-08-28,58.81060028076172,59.00160288275436,58.45246493731384,58.52886524948268,13092600
2020-08-31,58.996829986572266,59.37883883122952,58.676892979706196,59.044580636761786,19040000
2020-09-01,60.12377166748047,60.20017199040052,59.15441547456652,59.52687934440473,25612600
2020-09-02,60.658565521240234,60.98805114435336,59.59848451047665,60.9832749872116,40395000
2020-09-03,57.20138168334961,59.736978934917914,56.728644015444296,59.68922828092145,54162000
2020-09-04,56.4039306640625,57.69321645072609,53.982935873982726,56.88144445810696,62544200
2020-09-08,53.85399627685547,55.54917142494464,53.75849499096616,54.25988220659582,47860400
2020-09-09,55.61125946044922,56.155624927913365,54.56550302093798,55.16717145876622,36783800
2020-09-10,54.35539627075195,56.46123021659015,54.02591058572062,56.375277587588116,32109800
2020-09-11,53.93996047973633,55.07644205579623,53.25233941555686,54.866338453073524,37166400
2020-09-14,55.0716667175293,55.36772293809767,54.579828092780176,54.83768233548775,24730200
2020-09-15,55.61602783203125,56.0123651244908,55.24356768466573,55.912084029608536,18260400
2020-09-16,54.756507873535156,55.94074372867363,54.70398106283499,55.864339770149286,19637000
2020-09-17,54.302860260009766,54.68009653208739,53.39080731552958,53.47675992996677,30403600
2020-09-18,53.36695098876953,54.4891078516446,52.70797951831854,54.39360653515631,41837600
2020-09-21,53.810585021972656,53.83451140819975,52.21694092056248,52.403583528704814,38381800
2020-09-22,54.66242980957031,54.801215963661605,53.49471434149891,54.41835735574008,25537400
2020-09-23,52.95872116088867,54.743790717448654,52.796004960805845,54.69114756311691,23707800
2020-09-24,53.255435943603516,53.91586695047511,52.3987925203328,52.46579223824575,31838600
2020-09-25,54.528438568115234,54.6911511275922,52.94915113765458,53.28414973140765,19326600
2020-09-28,55.57172775268555,55.57651083914587,54.97351333615255,55.43294156990457,17473200
2020-09-29,55.38508224487305,55.734437401145364,55.26543936783524,55.4999383844903,20851000
2020-09-30,55.84928894042969,56.41879015660702,55.332434529120164,55.356360911830386,22318400
2020-10-01,56.43792724609375,56.70114298542988,56.07899868402274,56.62456980627386,27076400
2020-10-02,55.00699996948242,55.96414280576388,54.78685755528291,55.05006964453421,37251600
2020-10-05,56.2130012512207,56.24650110617906,55.365931403724844,55.3994312586832,12270600
2020-10-06,55.34199905395508,56.610214054925564,55.14578666918866,56.078999483391556,26862200
2020-10-07,56.3565673828125,56.46663675680775,55.87799599727858,55.92106566939588,12992400
2020-10-08,56.64851379394531,56.849512961934416,56.457084450103345,56.849512961934416,10109600
2020-10-09,57.51470947265625,57.529066030081886,56.90213868109632,56.916495238521954,14425400
2020-10-12,59.08443069458008,59.47207240013984,58.06985790759146,58.361786783771905,19163800
2020-10-13,58.70636749267578,59.38115508857849,58.481438294041546,59.27586876996578,17613800
2020-10-14,58.395286560058594,59.161003798897305,57.95978844039921,58.849931627020375,14534000
2020-10-15,58.13208770751953,58.24694385904717,57.27544418095109,57.428586933391685,13185000
2020-10-16,57.96458435058594,58.687224723568285,57.91194119080431,58.452725698948036,11544200
2020-10-19,56.902156829833984,58.476657634401995,56.72508404561793,58.25651516417212,16616400
2020-10-20,57.098358154296875,57.70135919965633,56.74900304278024,57.117501450315785,14566600
2020-10-21,57.012210845947266,57.55778196208379,56.882998171582344,56.95956769867004,12171800
2020-10-22,56.74421691894531,57.222788370956735,56.093359452112956,57.03614579676911,13486400
2020-10-23,56.682003021240234,56.835145737340696,56.208214662595694,56.82557226377859,10312800
2020-10-26,55.45206832885742,56.50492392742003,54.762924358185195,56.055065651985664,18189200
2020-10-27,55.729644775390625,55.96414741847923,55.41378951201339,55.720074952771505,19064800
2020-10-28,53.365509033203125,54.705507043628295,53.27457927973752,54.67200718464793,32756600
2020-10-29,54.255638122558594,54.88256545570308,53.53778105973612,53.57128090995277,19409000
2020-10-30,53.054439544677734,53.82972672948335,52.4370818393862,53.49472447131308,25848600
2020-11-02,53.18843460083008,53.896722005828956,52.68114999464036,53.461220201488224,24039800
2020-11-03,54.126434326171875,54.605005812081814,53.38465071373788,53.60479315911117,20970200
2020-11-04,56.232147216796875,56.65328879215497,55.2127913093452,55.77271904789426,30763800
2020-11-05,57.978939056396484,58.14643835433552,57.47165077393857,57.71093652848316,22189800
2020-11-06,58.18472671508789,58.371369317193434,57.05051088972951,57.84015463390504,19455200
2020-11-09,57.763572692871094,59.99371740779373,57.710929541148175,59.41943312690237,39768200
2020-11-10,56.68679428100586,57.663080606129974,56.227366066455254,57.26108228760228,23538400
2020-11-11,58.03157424926758,58.189500050670375,57.14621780921591,57.2610739332935,14488600
2020-11-12,57.51470947265625,58.31870954938115,57.246710664151266,58.031567447238665,14352800
2020-11-13,58.00286102294922,58.12250389110812,57.404646682154734,57.95021786886246,11851600
2020-11-16,58.56279754638672,58.66808021256421,57.88800995833069,58.00765283696097,14864200
2020-11-17,58.237369537353516,58.55322484246709,57.98851030184736,58.270869397762695,9939400
2020-11-18,57.61521911621094,58.414432596693175,57.59128908217064,58.13686391836278,9542800
2020-11-19,58.07942581176758,58.184712104714706,57.24671259214671,57.50035485176841,12155200
2020-11-20,57.48122787475586,58.146442022255144,57.46208457503941,58.13208546027058,9915800
2020-11-23,57.46685791015625,58.03635542625318,56.9691431872407,57.6582872114638,9807000
2020-11-24,58.266075134277344,58.38093126210043,57.27064562324927,57.68700410702239,13634000
2020-11-25,58.390499114990234,58.634567906717685,58.17035670318364,58.467068642431165,12186400
2020-11-27,58.70158004760742,58.95043561304125,58.591506999627995,58.70158004760742,7025800
2020-11-30,59.0940055847168,59.18014859370718,58.0172197979423,58.68243383634171,32229200
2020-12-01,59.85013961791992,60.180355060595915,59.3332852678659,59.582140795580045,22681200
2020-12-02,59.75922775268555,59.82622747421368,59.14665313252538,59.59651153525224,16038800
2020-12-03,59.72093200683594,60.12293027443043,59.56300255119078,59.82621831059938,13775400
2020-12-04,60.319156646728516,60.328726470885684,59.67786889186661,59.80708525086023,10358800
2020-12-07,60.49143600463867,60.668505116056316,60.24736352668306,60.35264983682904,8905400
2020-12-08,60.687644958496094,60.87907427048058,60.1755736483836,60.43400267188109,7886800
2020-12-09,59.52472686767578,60.83122877921883,59.318940959299724,60.64937290834205,17271800
2020-12-10,59.6108512878418,59.89321030712909,59.022210521655836,59.16099666317536,9997400
2020-12-11,59.48643493652344,59.48643493652344,58.81643415104034,59.251932288317505,13023200
2020-12-14,59.7017822265625,60.237783509685485,59.629995786228434,59.66828237456794,11055800
2020-12-15,60.69721603393555,60.69721603393555,59.960215585203116,60.34785727952727,9099200
2020-12-16,61.10879898071289,61.32415470572108,60.57758429773434,60.77858346123678,10309200
2020-12-17,61.59214782714844,61.72614725694493,61.30021893314439,61.553861232574974,11505000
2020-12-18,61.37678527832031,61.69264417151479,60.98435685572761,61.68307069833364,17693400
2020-12-21,61.438194274902344,61.46697426872031,60.0566960162101,60.59874363121091,15232200
2020-12-22,61.97064208984375,62.24886087771045,61.495750264435856,61.77876327781761,14334200
2020-12-23,61.50054931640625,62.08575954093628,61.40940779931686,62.042589554765925,11300800
2020-12-24,61.90829086303711,62.06179393820215,61.56291626334526,61.606086258449366,4384600
2020-12-28,62.608638763427734,62.73335452826166,62.229682603529184,62.52229144975054,8171000
2020-12-29,62.31121063232422,63.03073965726759,62.20088489793934,62.949193912772,8841400
2020-12-30,62.27764129638672,62.65659005866398,62.18649977497833,62.52708009401573,8141400
2020-12-31,62.36878204345703,62.54626353909407,61.86511022890443,62.306420514966945,11058400
2021-01-04,61.351844787597656,62.699765038489275,60.555564210509694,62.68536772352345,21017200
2021-01-05,61.749977111816406,61.850714392986475,61.17435537214791,61.21273113071614,12361400
2021-01-06,60.68507385253906,61.86989513917892,60.497996614663634,60.86735320593437,27258000
2021-01-07,62.320796966552734,62.44071845255352,61.246301476705504,61.27028723779099,19652000
2021-01-08,62.72374725341797,62.89164030401702,62.013813926329576,62.62781150425929,12387600
2021-01-11,62.2056884765625,62.64700611931548,61.946661209182906,62.11455426801908,17853200
2021-01-12,61.90829086303711,62.21049546762485,61.31827897165915,62.12894970372948,17089200
2021-01-13,62.3016357421875,62.493507262829596,61.86991384159879,61.98983537185743,13605200
2021-01-14,61.754791259765625,62.58464616481403,61.6636497294935,62.455128868141585,15624800
2021-01-15,61.12159729003906,61.93706213353236,60.99688154861064,61.66364488363161,12641200
2021-01-19,61.91787338256836,62.02340489429963,61.32785795775895,61.54371886622218,11569600
2021-01-20,63.145870208740234,63.36652900837322,62.30641963613574,62.392766929706255,11770000
2021-01-21,63.96134948730469,64.17241256442325,63.14588449615281,63.486464883217714,8945200
2021-01-22,63.71669387817383,64.03808262801306,63.563190840946184,63.69270811367855,11243600
2021-01-25,64.2491455078125,64.65687422565418,62.694960196613366,64.43622275939343,18205200
2021-01-26,64.29232788085938,64.57534092532438,64.04769060301439,64.47461094244724,8593400
2021-01-27,63.078704833984375,64.19157979381005,62.50787736057612,63.985311021330716,24484600
2021-01-28,63.33774948120117,64.3930647577066,63.184253735164305,63.40011101647532,16181600
2021-01-29,61.84592819213867,63.270596559940984,61.51014937064623,63.02116504650623,19023200
2021-02-01,63.39531326293945,63.70231205735978,62.11934655011212,62.579848401456914,11232600
2021-02-02,64.2539291381836,64.4410063589176,63.91815044961313,64.0092919478165,8595000
2021-02-03,64.03329467773438,64.51777496253315,63.84141586239694,64.38346345151115,11574800
2021-02-04,65.05501556396484,65.05501556396484,64.19158658518229,64.37866383984222,8134200
2021-02-05,64.91112518310547,65.26129397920884,64.72404058143741,65.25169820797305,9413800
2021-02-08,65.59228515625,65.62106515342616,65.08381170156282,65.17495323890702,11713200
2021-02-09,65.51551818847656,65.82731117702987,65.40039090745503,65.41958244733922,10552200
2021-02-10,65.41958618164062,65.86089647160568,64.86314860408231,65.77935072101273,9464400
2021-02-11,66.13909912109375,66.18226909862126,65.60664743997499,65.86088040020564,7565800
2021-02-12,66.47969055175781,66.52286054130866,65.78414721553376,65.96643026398657,6755600
2021-02-16,66.26384735107422,66.79150506680222,66.09116003678416,66.74353352194328,9722200
2021-02-17,65.6786117553711,65.82251903133756,65.01664267758217,65.654625989472,15274800
2021-02-18,65.35723114013672,65.46755689372215,64.53217046239132,64.9974665650534,10954800
2021-02-19,65.26129150390625,65.75057334636956,64.9686827074583,65.69300604056714,11685600
2021-02-22,63.82223129272461,64.67127766232272,63.78385552986629,64.46021462631612,14262600
2021-02-23,63.64474105834961,64.03808712932342,61.69242265758825,62.76212049053331,24198400
2021-02-24,64.61851501464844,64.67607500199321,62.68537337965145,63.169861004565675,16472200
2021-02-25,62.359195709228516,64.46981171315375,62.080976880809665,64.04289135838312,34313800
2021-02-26,62.6901741027832,63.65434047530797,62.13373650098496,62.97798135516158,35511600
2021-03-01,64.70964050292969,64.74801626246528,63.35213552142502,63.7550700174072,24773800
2021-03-02,63.68312072753906,64.84396015153763,63.59198652154395,64.80079016141963,24802800
2021-03-03,62.08095932006836,63.55839303266845,62.01380357492414,63.37611001609388,29889600
2021-03-04,60.70906448364258,62.34000142291447,59.941567546119515,61.88909537099476,76955600
2021-03-05,61.85551071166992,62.02819797135824,59.82164301499117,61.46696620722816,46085800
2021-03-08,60.3588981628418,62.09535936802935,60.29653663245823,61.797956351298694,35242400
2021-03-09,62.411956787109375,62.79570711884131,61.68763343404409,61.76917919012995,22987200
2021-03-10,62.162513732910156,63.09310584506175,62.11454951935872,63.08351007458015,18459000
2021-03-11,63.491249084472656,63.884587859279335,62.963591474993244,63.097902990237344,13362800
2021-03-12,63.03554916381836,63.05473338635844,62.330410044754295,62.73334459295414,12442200
2021-03-15,63.70711135864258,63.74548712593109,62.834086440973856,63.08351794920537,16585000
2021-03-16,64.18678283691406,64.80078033468898,63.913365621533885,64.19637860640579,13106800
2021-03-17,64.13400268554688,64.51775286535984,63.18422666306484,63.66870678193036,19366400
2021-03-18,62.354393005371094,63.366530875511835,62.277641479808686,63.25619781273024,17584800
2021-03-19,62.16731262207031,62.642197108912306,61.86990230527237,62.36877987700752,27224800
2021-03-22,63.38972854614258,63.69737538834849,62.39949050200729,62.500440445723285,15984200
2021-03-23,62.995548248291016,63.84157507996016,62.827300817022305,63.56276903279149,12929200
2021-03-24,62.23125457763672,63.38492848008752,62.221638550233685,63.37531245268448,14209400
2021-03-25,62.192787170410156,62.471593238394966,61.394825734613484,61.86110396306825,22573000
2021-03-26,63.77428436279297,63.841581875488245,62.13510032550523,62.15913672322756,14883200
2021-03-29,63.44260025024414,63.75986309199588,62.96190164209131,63.58200695414051,17317800
2021-03-30,62.84172439575195,63.06284897372016,62.461975738335035,62.99555146475216,13235400
2021-03-31,63.84157180786133,64.23093645097369,63.26953937271992,63.32241650541898,15430400
2021-04-01,65.12504577636719,65.12985745680044,64.4761070523263,64.53859288405016,14351600
2021-04-05,66.47101593017578,66.58638625922026,65.41828459914518,65.50481417964858,12866800
2021-04-06,66.1873779296875,66.5815468872851,65.96625339136905,66.3652340283091,11315600
2021-04-07,66.5383071899414,66.65848185413395,65.89417275024044,66.13452207862552,10085200
2021-04-08,67.49968719482422,67.51410756403922,67.04782939974753,67.16319968834503,14144600
2021-04-09,68.14865112304688,68.1678758421115,67.13437665644028,67.25455132151272,9401000
2021-04-12,67.82176208496094,68.0380749827907,67.4900788853454,67.86983487775794,15907000
2021-04-13,68.46107482910156,68.51395195389686,67.95633997148765,68.08132626730008,11315800
2021-04-14,67.7352523803711,68.48514114339669,67.6054616837306,68.4514887152426,11216200
2021-04-15,68.8985366821289,68.95141382571742,68.3457288473618,68.35534487389039,11028800
2021-04-16,68.88411712646484,69.01390781406258,68.59569500622081,68.95141464320456,11695600
2021-04-19,68.31208801269531,68.89373662840595,67.90349121088475,68.57647374710923,10254000
2021-04-20,67.70640563964844,68.46590302787287,67.32664961065716,68.16787222148406,9873400
2021-04-21,68.38899230957031,68.41302870669848,67.39875436086962,67.58622652266365,9254200
2021-04-22,67.58623504638672,68.56205274685271,67.28819688719135,68.26882626861695,11652200
2021-04-23,68.595703125,68.81201607334556,67.69679890182529,67.71121927605633,8886000
2021-04-26,68.94659423828125,69.01870342665752,68.57164993033514,68.61972272258599,7735000
2021-04-27,68.77835845947266,69.11004167617394,68.53320480728762,69.05716453532477,10822000
2021-04-28,68.13903045654297,68.47071368313958,67.97559468354373,68.37937977032266,10691200
2021-04-29,68.08135223388672,68.78316815625347,67.38914500341919,68.69664591988469,13416600
2021-04-30,67.15359497070312,67.7544682387568,66.99496354775151,67.38913993233652,10583400
2021-05-03,66.96611785888672,67.64870896079955,66.79787775718381,67.51411394548593,10805800
2021-05-04,65.76438903808594,66.48543709975907,65.03372494849073,66.46621237879506,19919600
2021-05-05,65.60574340820312,66.3316029944332,65.48076441174219,66.30275491690044,11245800
2021-05-06,66.26431274414062,66.30276218197352,65.10582722140065,65.57690985108734,14338600
2021-05-07,66.83155059814453,67.22572711731699,66.54312839704853,66.92768888688278,19196600
2021-05-10,65.144287109375,66.54311469242114,65.12025070842044,66.50946959898857,20281000
2021-05-11,64.94720458984375,65.081799645145,63.74545778545384,63.89927756227794,27046800
2021-05-12,63.12053680419922,64.34151544880837,62.952296682301125,63.99060016294498,29414600
2021-05-13,63.95695495605469,64.5337918520018,63.52913346361535,63.81274389834814,22610400
2021-05-14,65.36539459228516,65.59132352459423,64.54820842653338,64.67318742392362,16823000
2021-05-17,64.88470458984375,65.00007491149736,64.29344727798818,64.98084285711529,16267200
2021-05-18,64.36556243896484,65.20678528737862,64.32230130998933,65.07219021842292,11737200
2021-05-19,64.59146118164062,64.63953397011936,63.21185870385797,63.36568575908775,30581200
2021-05-20,65.8268814086914,66.04799870402222,64.84144760286642,64.85106363067041,16828200
2021-05-21,65.46635437011719,66.22585916432381,65.4086728757075,66.16336598879347,14148400
2021-05-24,66.62965393066406,66.86038727655034,65.97590333825227,66.00955577144444,13229000
2021-05-25,66.64885711669922,67.05264951012171,66.49984172615643,66.89882243931724,11245800
2021-05-26,66.64407348632812,66.93730001317424,66.42776051879132,66.74502344978168,13311400
2021-05-27,66.29315185546875,66.8603727355114,66.27873148291711,66.58637832215092,11354600
2021-05-28,66.5286865234375,66.9132468890109,66.49504143394724,66.6296364616661,9222600
2021-06-01,66.20182037353516,66.89883196704996,66.0816457079333,66.82673010164065,12907400
2021-06-02,66.65847778320312,66.92766784097388,66.21143158045075,66.33641058302176,10098200
2021-06-03,66.03838348388672,66.3844871018202,65.63459103971142,66.12010137494332,12721200
2021-06-04,67.30742645263672,67.38433266147244,66.44216742304148,66.44216742304148,11182600
2021-06-07,67.29301452636719,67.36992074485583,66.96613559198984,67.24974606829713,11784000
2021-06-08,67.29779052734375,67.89866365705217,67.1103184042698,67.6150533002003,8902600
2021-06-09,67.34590148925781,67.74007067166026,67.30744470697053,67.62470032479843,9763400
2021-06-10,67.84098815917969,68.00922824939035,67.24491932145158,67.48526859450486,11275400
2021-06-11,68.2447738647461,68.2447738647461,67.86501790196634,67.92751106075036,12100600
2021-06-14,68.93698120117188,68.94178554614273,68.03326557495996,68.31207161570359,11426600
2021-06-15,68.51398468017578,68.88412473054335,68.38900565954259,68.88412473054335,15079600
2021-06-16,68.14385986328125,68.77358145827279,67.47568881863803,68.64379072733298,19202800
2021-06-17,68.93218994140625,69.21580774601588,67.94676348438357,67.94676348438357,15864200
2021-06-18,68.3024673461914,68.86969555012192,68.22074945835581,68.60050548786842,20816600
2021-06-21,69.03446960449219,69.07298952326953,67.8883072902582,68.33135983944595,12276000
2021-06-22,69.66053009033203,69.69905736440475,68.9140871186924,68.99113431851167,9253200
2021-06-23,69.5834732055664,69.82907627672888,69.42936413072515,69.67015404892076,8271000
2021-06-24,70.02169036865234,70.23358662729684,69.88203547908587,70.0313240208608,12279000
2021-06-25,69.93984985351562,70.13729938467941,69.82427537543062,70.08432529944831,14385800
2021-06-28,70.67182922363281,70.75369690038943,70.21432992489929,70.22877672971964,12557400
2021-06-29,71.1871337890625,71.22084055593464,70.54663173524156,70.71036711336345,9829200
2021-06-30,71.11007690429688,71.28344593079557,70.88854695720002,71.0763627902132,11013600
2021-07-01,71.23049926757812,71.23049926757812,70.74891926957947,71.01378973814425,11636600
2021-07-02,72.16954803466797,72.2417820642499,71.55312648782059,71.57238644626761,12780000
2021-07-06,72.44404602050781,72.78597091287368,71.75057727886335,72.32365107011942,11870600
2021-07-07,72.83894348144531,72.98823204111339,72.256228700331,72.90636435833814,14883800
2021-07-08,72.15030670166016,72.35256938502769,71.37014223915524,71.69279990178867,17086200
2021-07-09,72.81486511230469,72.88228599113279,71.95765364649404,72.063601791556,9775800
2021-07-12,72.8726577758789,73.13752078326728,72.63668103200301,73.10381401889899,9619600
2021-07-13,73.17125701904297,73.70099054230732,72.68485657831117,72.74746432177012,15202800
2021-07-14,73.71060180664062,74.08623345663074,73.38794422771704,73.75876272518273,12886800
2021-07-15,73.10382080078125,73.68171513610528,72.71374230814565,73.62392790707042,12506200
2021-07-16,72.38145446777344,73.59503777317705,72.3092130797381,73.24829968591888,15080400
2021-07-19,71.38457489013672,71.716866142735,70.97041594967472,71.51941665230342,24254000
2021-07-20,72.44404602050781,72.84375813759623,71.32678470203233,71.74094362530138,14715600
2021-07-21,73.14236450195312,73.1568113124575,72.28033228411572,72.4151740810411,12234000
2021-07-22,73.6817398071289,73.7395270555128,73.29647433847185,73.29647433847185,9577800
2021-07-23,74.4137191772461,74.45224644637088,73.74432349139394,74.0091865255984,12576200
2021-07-26,74.37519073486328,74.51003250051033,73.94658497655836,74.22590216206298,8993400
2021-07-27,73.67208862304688,74.30777759734985,72.74264297379202,74.2836971334761,18089800
2021-07-28,73.58058166503906,73.97066751410084,72.87747920276291,73.69616347383425,13941200
2021-07-29,73.92250061035156,74.17292416832146,73.49389487468707,73.50352852838871,12030600
2021-07-30,73.87433624267578,73.95139077204365,73.43128372129709,73.45055102780125,10148800
2021-08-02,73.6094741821289,74.30776341120172,73.50833919249723,74.20662842157004,12205200
2021-08-03,74.0814208984375,74.11994816391538,73.14715491849132,73.7443165109117,10824800
2021-08-04,74.230712890625,74.41371557302274,73.78766033963696,74.02363709597482,11322800
2021-08-05,74.64006042480469,74.66413353762134,74.14403378825112,74.36555639477454,6674600
2021-08-06,74.57746887207031,74.66414973299224,74.36075937143885,74.38001933553484,7602800
2021-08-09,74.336669921875,74.79898983590293,74.26443587983583,74.66414071022024,7198200
2021-08-10,73.80210876464844,74.5389253148569,73.59021246424142,74.47150443275694,10421400
2021-08-11,73.81173706054688,74.19218186442367,73.43610540921173,74.05734011001232,10831600
2021-08-12,74.23553466796875,74.27888244137392,73.43129715986068,73.73469483206831,6947800
2021-08-13,74.64006042480469,74.65932038472302,74.20182101633114,74.28368870555283,5630800
2021-08-16,74.9771728515625,74.9868065067141,73.8310103832733,74.46187885167589,9493800
2021-08-17,74.35591888427734,74.64005655369273,73.8936063869644,74.51966160255347,19052600
2021-08-18,73.33015441894531,74.51483655074185,73.24828673896947,74.18254533015953,13481200
2021-08-19,74.04772186279297,74.32222592959448,72.81969901164183,72.92563982787156,19291000
2021-08-20,75.0012435913086,75.06866447197704,74.14884525488804,74.32702743629932,14769400
2021-08-23,75.9692153930664,76.07516353964222,75.19387160130243,75.19868475402869,10802400
2021-08-24,75.88253021240234,76.15221371613809,75.81510198814406,76.06552553375197,9537000
2021-08-25,75.83917999267578,76.26297254101644,75.71397189808609,76.06070991976043,9430400
2021-08-26,75.36241912841797,75.90178610701362,75.2998114082867,75.74767705694403,12056600
2021-08-27,76.0896224975586,76.14259657930639,75.29983177316254,75.42986040078458,14088800
2021-08-30,76.90830993652344,76.99981129489294,76.31596870645546,76.31596870645546,10026800
2021-08-31,76.50376892089844,76.98053557825995,76.35929350821392,76.95645511809174,21971000
2021-09-01,76.52303314208984,77.11538163225555,76.46043276015557,76.76864356183056,20289800
2021-09-02,76.441162109375,76.90829511859737,76.13295132117594,76.8071674723347,21769600
2021-09-03,76.74454498291016,76.94680758485488,76.32557297519061,76.34964608269182,21204800
2021-09-07,76.76382446289062,76.92756719515081,76.40263957862673,76.83606584873857,19721800
2021-09-08,76.47005462646484,76.77826541024598,75.92587443923665,76.75419229845933,11466400
2021-09-09,76.18110656738281,76.78789444473391,76.11849884452442,76.52302409609182,11161000
2021-09-10,75.42985534667969,76.79272722366778,75.35280080596841,76.60491137338747,17080200
2021-09-13,75.45391082763672,76.20036090114363,74.95788427875588,76.0029187906598,22637800
2021-09-14,75.35760498046875,75.93068611769876,75.15534234644484,75.77658440296251,18431600
2021-09-15,76.01738739013672,76.07998777799865,75.18906940439047,75.61285470411876,16339200
2021-09-16,76.06071472167969,76.13776925321066,75.28055779782105,75.74768344295677,16148600
2021-09-17,74.87600708007812,75.86806005165464,74.76524581048187,75.86324690021925,22663000
2021-09-20,73.51219940185547,74.15382794022253,72.53287356993965,73.77752825741233,35669400
2021-09-21,73.54115295410156,74.14418653925229,73.25652286861038,73.96086197376653,18455000
2021-09-22,74.5494384765625,74.83889760069984,73.61352898460324,73.94158314937565,27990600
2021-09-23,75.54803466796875,75.72653021618592,74.70378782559281,74.93535061263783,19534000
2021-09-24,75.60113525390625,75.72656361862111,75.05599041105607,75.08975647179597,11652400
2021-09-27,74.86781311035156,75.137970929151,74.3902079484571,74.96429699403015,15015000
2021-09-28,72.64867401123047,74.0766610492558,72.59078513173323,73.9078086690539,38190600
2021-09-29,72.55699920654297,73.32888515264979,72.43157086883184,72.94777115955638,25012000
2021-09-30,72.0359878540039,73.29511498943226,71.99739281886143,72.98154045061872,33415600
2021-10-01,73.1214370727539,73.28063144639513,71.56319313484946,72.29648396673102,45483800
2021-10-04,71.42810821533203,72.78855527492767,70.85884814557114,72.7017146262574,50773000
2021-10-05,72.44605255126953,72.86094001328814,71.50532149240492,71.57286096941954,32967000
2021-10-06,72.91881561279297,72.97188286087379,71.37505116123648,71.61144296836918,40004800
2021-10-07,73.5845718383789,74.15383938788493,73.4494929001063,73.55080578443578,19895600
2021-10-08,73.30958557128906,73.92226235569906,73.18897886173994,73.86919510904748,18426400
2021-10-11,72.90435028076172,73.8836762922575,72.85128302766958,72.98154035094126,14970600
2021-10-12,72.52803802490234,73.28062259989562,72.40743133374963,73.18896769806807,17853400
2021-10-13,72.9719009399414,73.13110272362674,72.36886722655062,72.84165095795,19521600
2021-10-14,74.61697387695312,74.65074729613116,73.60870333972217,73.71483785535185,15197200
2021-10-15,75.21517944335938,75.22965166140118,74.65074085597827,74.87748208696686,12779200
2021-10-18,75.85198211669922,75.89057715341842,74.58802594946047,74.79546599041926,11630200
2021-10-19,76.60456085205078,76.60456085205078,75.9002217312444,76.0545945046232,13201400
2021-10-20,76.39229583740234,76.7878820327428,76.0594201278935,76.6769259166564,12025400
2021-10-21,76.68658447265625,76.72517214736469,76.0015317859495,76.1607335488109,10023200
2021-10-22,76.42125701904297,76.97604508230835,76.10285345658137,76.65764151984675,12490000
2021-10-25,76.67210388183594,76.94709074894706,76.37300155866271,76.71069891728577,10336800
2021-10-26,76.88919067382812,77.51151804681543,76.8505956440015,77.18829295342287,13189600
2021-10-27,76.82164764404297,77.41020893937765,76.74445758797474,77.01943704100056,17448000
2021-10-28,77.5935287475586,77.65142497219404,77.14487533381656,77.28960485353143,12756800
2021-10-29,77.92640686035156,77.97465248884144,76.73964095649411,76.83129587262586,20131800
2021-11-01,77.81063842773438,77.96501858295478,77.41505216217126,77.92642354414969,24421200
2021-11-02,78.49568176269531,78.68864957235604,77.91676361121296,77.91676361121296,26814600
2021-11-03,78.95398712158203,79.1180104985986,78.1724505488116,78.63076198643168,25978600
2021-11-04,80.1889877319336,80.38195551813548,79.11317796942217,79.25307851023115,28691400
2021-11-05,80.60388946533203,81.05737194111549,80.10216135377354,80.77756344837142,24223600
2021-11-08,81.0380630493164,81.17797096303215,80.67624289910299,80.86438908276396,12781000
2021-11-09,80.7052001953125,81.24552337805906,80.29514170980279,81.15868270031815,16823000
2021-11-10,79.37368774414062,80.48327095325304,79.13247432308356,80.08285579094837,25788800
2021-11-11,79.74518585205078,79.97674875461654,79.61492849880982,79.9429826919256,10103800
2021-11-12,80.71484375,80.8499226935833,79.87542565219674,80.01050459578003,12244200
2021-11-15,80.63284301757812,81.15386502559618,80.17453887090757,81.03807990339727,12490200
2021-11-16,81.48191833496094,81.5928818463961,80.48811988081518,80.53636552589585,13538800
2021-11-17,81.23588562011719,81.7472570836224,80.98019988836458,81.32272631158622,15417800
2021-11-18,82.04634094238281,82.16211867945809,81.11525325965351,81.70381462728555,19964000
2021-11-19,82.64453887939453,82.95812073492274,82.06562815697603,82.3406076215939,17714600
2021-11-22,81.72312927246094,84.0629031216385,81.67489099014645,82.96779179170112,28451600
2021-11-23,81.53495788574219,81.79547250262401,80.50256473869997,81.4095295569191,29239800
2021-11-24,82.12835693359375,82.14765077036817,80.65212445721804,81.04771804297073,18241000
2021-11-26,80.07804870605469,81.58321837102636,79.75964516577199,80.95606189020458,24767800
2021-11-29,82.08011627197266,82.30203589519797,81.01394953465753,81.26964257584675,24979800
2021-11-30,81.39505004882812,82.51910537291786,80.70035428104316,81.77134236283685,54066800
2021-12-01,80.28068542480469,82.87613789214504,80.20831695211479,82.25381025002554,39084200
2021-12-02,81.01876831054688,81.39023905510882,79.364040347498,79.53771431211466,46872400
2021-12-03,79.66316986083984,81.50121548371156,78.65972085533804,81.25035139202322,48470000
2021-12-06,80.42056274414062,80.66177619409982,79.06494433317009,79.89471918992969,37800400
2021-12-07,83.2282943725586,83.32959990354712,82.01257647194198,82.02222707150062,28691000
2021-12-08,83.60942077636719,83.66730965978633,82.68316183540257,83.2572511334813,23261600
2021-12-09,82.70728302001953,83.94711653663036,82.63974353695029,83.40197905230413,17201000
2021-12-10,84.3668212890625,84.47295579931067,83.32959900459177,83.5756414425537,24776600
2021-12-13,83.11251068115234,84.70452101799022,82.9919039489866,84.54049762894499,20974000
2021-12-14,81.74723815917969,82.6349019039687,80.76309050495716,82.10905834049318,27094800
2021-12-15,83.913330078125,83.9953417618272,81.03806272369886,81.81477027081945,28270800
2021-12-16,81.53495788574219,84.36197947325022,81.05253104392341,84.2269005464409,31275600
2021-12-17,80.98983001708984,81.7810098356065,80.21794403554908,80.63765308133985,44821600
2021-12-20,80.02652740478516,80.27785864360858,79.44168334388196,79.75102033989027,32649600
2021-12-21,82.05170440673828,82.11937163640525,80.13284615275545,80.8820237938236,16810800
2021-12-22,83.12474060058594,83.18274636649045,81.72305874003717,81.94056008044276,13376200
2021-12-23,83.58877563476562,83.92228123467268,83.22627083054999,83.23593969037923,9792600
2021-12-27,85.38191986083984,85.4012575709689,83.90290216851363,83.92223987864269,13266600
2021-12-28,84.93727111816406,85.57044485346037,84.72460050092737,85.54144565568762,11422200
2021-12-29,85.00977325439453,85.35294024855605,84.5699324377643,84.96626708421273,9687800
2021-12-30,84.4490966796875,85.32877092886284,84.3475921171941,85.04360233092854,10526400
2021-12-31,84.03826141357422,84.56993797123138,83.9995933570921,84.36693620608347,10243000
2022-01-03,84.83576202392578,84.91309074874509,83.78207794321901,84.14942073061056,20302800
2022-01-04,83.93675231933594,85.06776515418441,83.30357865645522,84.98076757081604,16648000
2022-01-05,81.35572052001953,83.51141088689371,81.32671395047245,83.4485743823066,23628400
2022-01-06,80.94486999511719,81.78104529957193,80.4615304751727,80.7080309752811,23767200
2022-01-07,80.20051574707031,81.2783680891397,79.67367748804588,80.89169503313848,30488600
2022-01-10,80.21503448486328,80.3165316596595,77.95783230966485,79.00668561706703,32501400
2022-01-11,81.1769027709961,81.29290695639116,79.41271578062091,80.00722155851592,19207600
2022-01-12,81.55873107910156,82.34173891251962,81.15272018846127,81.78106317677901,18144000
2022-01-13,79.44652557373047,82.21606671801607,79.24352383216416,81.97922766526698,20942600
2022-01-14,80.11835479736328,80.16669169859934,78.90517527816499,78.90517527816499,22351400
2022-01-18,78.1946792602539,79.42236596434039,77.97717791706317,78.95352596614994,24694200
2022-01-19,77.10234069824219,79.40786544879846,77.02500458654141,78.44118617807138,24961400
2022-01-20,76.10665130615234,78.66351436517151,76.0051467522164,77.78867093075452,37609000
2022-01-21,74.59378051757812,76.79780729792375,74.57444280888039,75.92296404631222,48016600
2022-01-24,74.98048400878906,75.03365166653299,70.68359471533986,73.35162433527687,67413400
2022-01-25,73.24527740478516,74.63729776848172,72.40427124769913,73.51111565134899,48886200
2022-01-26,73.67544555664062,76.11631180854701,72.80060213347346,75.23663764484557,53596200
2022-01-27,73.1679458618164,75.26563780823355,72.90210762547864,74.86929582402514,39446800
2022-01-28,76.3676528930664,76.38698323099959,72.9746070096035,74.07662065121083,44236000
2022-01-31,78.28651428222656,78.38801146641636,76.01481967555917,76.38698585115759,29121000
2022-02-01,78.489501953125,78.620005684576,77.35365116585353,78.3928355271217,23389800
2022-02-02,79.12753295898438,79.25802934712041,78.12701639887734,78.65869293446717,25504800
2022-02-03,76.83167266845703,78.53786101317185,76.54649667479791,78.00618445737787,27865400
2022-02-04,77.14100646972656,77.81767898912629,76.09699111821499,76.42082777929753,29721400
2022-02-07,76.62865447998047,77.65817015500092,76.33381703843445,77.19899902477069,14622600
2022-02-08,77.57598876953125,77.78382121182027,76.20813711679821,76.38697036948183,21139800
2022-02-09,79.29669189453125,79.32086034904808,78.25267661088984,78.576520626097,17795600
2022-02-10,77.2231674194336,79.04052160065014,76.81715656364092,77.72100660106003,31692200
2022-02-11,74.86446380615234,77.6388355227476,74.57929523711736,77.30049193217582,34878800
2022-02-14,74.84029388427734,75.4444683196164,73.97028122235386,74.66629135189264,41030400
2022-02-15,76.80751037597656,76.86067803582324,75.70065837785342,75.96649667708681,24437400
2022-02-16,76.73016357421875,76.99600183644046,75.45414729073174,76.28549201521935,20318200
2022-02-17,74.43429565429688,76.09214688105776,74.29413042054512,76.01481815304474,24906400
2022-02-18,73.68030548095703,74.79681901448885,73.11479891365566,74.69048368984976,25310800
2022-02-22,72.99877166748047,74.16845249379573,72.2012643598216,72.90693597292587,26893600
2022-02-23,71.17173767089844,73.95577039094151,71.09440158488124,73.75760681138821,37879400
2022-02-24,73.60296630859375,73.65613396871021,68.49890043812779,68.72607067906368,50967800
2022-02-25,74.60346984863281,74.62763092837416,72.81027669624258,73.714119383807,28301600
2022-02-28,74.46812438964844,74.7822921318103,73.1921009594903,73.81078233858632,34822200
2022-03-01,72.97943878173828,74.56962260108075,72.40909429740195,74.1877876148841,29925000
2022-03-02,74.55996704101562,74.86930410245539,72.94561448210119,73.51595906814227,25592400
2022-03-03,73.67060852050781,75.19313242880062,73.29360428611358,75.1882943135034,23450600
2022-03-04,72.38008117675781,73.39992769068272,71.80490606283777,73.09542148327222,26731200
2022-03-07,69.73139190673828,72.65075924905832,69.69272386161924,72.31725381318519,32864200
2022-03-08,69.39305114746094,71.54874105044019,68.36836645742629,69.54288520291588,36898400
2022-03-09,72.13844299316406,72.46711041612966,70.70775437951119,71.27809900342731,35327400
2022-03-10,70.87691497802734,71.07508597380586,69.8039005315884,70.8624153807925,27448400
2022-03-11,69.62991333007812,71.684106976253,69.52357801014423,71.50527365417247,21457800
2022-03-14,68.33938598632812,70.09874184143109,68.14121497959742,69.31089593063835,27852400
2022-03-15,70.63523864746094,70.77540386613963,68.6535436235975,68.88071379280248,22993800
2022-03-16,72.93112182617188,72.96012102607096,70.39358858250966,71.52943974641062,27176000
2022-03-17,73.4482650756836,73.49659459492642,72.14808079270533,72.53958456189292,18518800
2022-03-18,74.95147705078125,75.08681155190654,72.82960907738904,73.18728304474993,27897800
2022-03-21,74.80908966064453,75.20615651133126,73.82609817063427,74.5475999446877,22341400
2022-03-22,75.88411712646484,76.27634446980679,74.76069360542115,74.86238573349016,17485800
2022-03-23,74.71709442138672,75.86956302762798,74.64445509541808,75.17711393064124,12360600
2022-03-24,76.65887451171875,76.67824795668028,74.88174145992087,75.13354452279053,14263400
2022-03-25,76.61528778076172,76.88645687302039,75.65650923633181,76.77992510266111,14874600
2022-03-28,77.52564239501953,77.5595348349204,76.06809753681084,76.26179501054118,18593000
2022-03-29,79.17205047607422,79.24468242924587,77.86946326462603,78.43117499850344,18829800
2022-03-30,78.11640930175781,78.98802210109969,77.7048086218882,78.76527923506463,18680200
2022-03-31,76.95909881591797,78.25200661617203,76.84288769773212,78.10673532963516,19424000
2022-04-01,76.73152160644531,77.21575433619017,75.87442760593147,77.03658320179711,28209600
2022-04-04,78.18904876708984,78.22778826682665,76.90098810885632,76.9300408864579,23048200
2022-04-05,76.54267120361328,78.0292618430374,76.2763417242622,77.85009809729443,23588200
2022-04-06,74.73163604736328,75.44345873194423,74.06823958996935,75.26913465839779,34225400
2022-04-07,74.84786224365234,75.35146106959738,73.82613081107014,74.3345693047088,23200200
2022-04-08,73.8019027709961,74.68804944090671,73.6421051037528,74.51372538471439,26354600
2022-04-11,71.94246673583984,72.96903785167463,71.84561427005443,72.87703244246192,21595400
2022-04-12,71.62286376953125,73.38547058415574,71.35169462709749,72.83344557597128,22172200
2022-04-13,72.77531433105469,72.99806457852023,71.40009551794623,71.66642492617575,14446800
2022-04-14,71.00786590576172,72.9835357374628,70.97397346701932,72.85279087076415,17407000
2022-04-18,71.24031066894531,71.70033763342616,70.63986686487253,70.65923292131173,14060600
2022-04-19,72.57678985595703,72.70268768136135,70.79965696830101,71.06113934069572,13562200
2022-04-20,72.50900268554688,73.47262097027505,72.2959391284801,73.27893085774387,15652600
2022-04-21,71.27904510498047,73.90358519983526,71.06114188870434,73.21597571864191,18509200
2022-04-22,69.28400421142578,71.61800159950651,69.18715916510935,71.20156125042278,22094800
2022-04-25,70.32510375976562,70.37352997895756,68.54797086971564,68.97893762083072,28707600
2022-04-26,67.70540618896484,69.79244752848773,67.67150636008382,69.68591576458047,25953200
2022-04-27,68.70777130126953,70.02972438399595,68.31070436531387,68.46081530654602,40048600
2022-04-28,71.4582290649414,71.86498279366369,69.41476630884893,69.78762019910839,27762400
2022-04-29,68.48019409179688,71.50180908853352,68.34944918143667,70.67861489762417,29589800
2022-05-02,69.52128601074219,69.61328400884271,67.62793455132007,68.40270236810794,37004400
2022-05-03,69.642333984375,70.06845363517482,68.99830375908559,69.51158911744183,27469800
2022-05-04,72.08769989013672,72.218444752101,68.75618485331923,69.91350039298163,28650400
2022-05-05,68.62061309814453,71.11440832703065,67.80225872532444,71.0272426065626,36442200
2022-05-06,68.068603515625,69.15812723996338,67.04687208302656,67.99596416738572,34862200
2022-05-09,65.43436431884766,67.26960292233818,65.13413503329187,66.83863613330927,41124600
2022-05-10,66.431884765625,67.3712973783449,65.4440459277693,66.99359646646025,36370400
2022-05-11,64.33516693115234,67.08076588510872,64.13662971962883,65.83144443605666,34781800
2022-05-12,63.67176055908203,64.59663940314867,62.19000228638769,63.38121798275655,36506600
2022-05-13,65.78784942626953,66.11228442153254,64.12208789510117,64.53852827789326,24495400
2022-05-16,65.20677947998047,66.08323951601814,64.64990742184482,65.24067192801036,17423400
2022-05-17,67.09527587890625,67.19696798811246,65.85564145721439,66.61104322113262,18602200
2022-05-18,64.02525329589844,66.40283781600142,63.78313692657158,66.2091402872568,23670200
2022-05-19,63.32311248779297,64.41263606692111,63.02288318826827,63.54585539290633,20874800
2022-05-20,63.463523864746094,64.37872319027396,61.51691042322375,64.20439915737326,20252600
2022-05-23,64.92106628417969,65.0033849370578,63.46352147300052,63.66205860636689,17219600
2022-05-24,63.95745849609375,64.3399990935315,62.838882095944875,64.01556405803241,17122000
2022-05-25,64.70316314697266,65.18255612168737,63.48774187763809,63.53616809727528,13656600
2022-05-26,66.25752258300781,66.54321793606312,64.18984809111207,64.32543257692815,15556600
2022-05-27,68.49954223632812,68.5140686222461,66.8725205142918,66.99841832184843,16281800
2022-05-31,68.0104751586914,68.67871858938354,67.34707878340102,68.23322543185677,19420800
2022-06-01,67.80709075927734,69.20652268541059,67.30349210358506,68.74166352458742,13304800
2022-06-02,69.44864654541016,69.45348621199436,67.01295688004191,67.32770515050585,13868400
2022-06-03,67.78772735595703,68.60123461359782,67.47297171864331,68.131528379554,11263800
2022-06-06,67.79256439208984,69.06609850187253,67.4584427139489,68.63997144699097,12589600
2022-06-07,68.60123443603516,68.73197931239024,66.93547303987829,67.07105758246749,11016600
2022-06-08,67.82648468017578,68.7271504998119,67.6376268148652,68.39787577721015,8814200
2022-06-09,66.01544952392578,67.99111996563306,66.00092313300776,67.33256315173064,9765200
2022-06-10,63.478057861328125,65.08086678965928,63.45869180593012,64.87748995836208,20886400
2022-06-13,60.6646728515625,62.0641050771574,60.44192625000232,61.478183945887764,36332600
2022-06-14,61.047210693359375,61.453968044816875,60.48065937343119,61.119846330519856,18250400
2022-06-15,62.33528137207031,63.25532805298652,60.969748825657284,61.80746943489954,25069600
2022-06-16,59.79789352416992,60.805098400476574,59.303977808628474,60.7518325093179,32690800
2022-06-17,60.3450813293457,60.91647607188384,59.36692919148095,59.78821297692595,27684200
2022-06-21,61.880680084228516,62.317622708567626,61.22526799972097,61.22526799972097,17245000
2022-06-22,61.61851501464844,62.4729764825789,61.03592731342292,61.2058484176135,15163400
2022-06-23,62.540958404541016,62.66233116274762,61.57968082578093,62.147704445227205,16042200
2022-06-24,64.78877258300781,64.80333672039319,63.25947889350446,63.25947889350446,25492200
2022-06-27,64.35184478759766,65.19174229026561,64.06054717344391,64.99754881950048,13917200
2022-06-28,62.4244384765625,65.0509467667635,62.395310199599955,64.41009504156618,15260800
2022-06-29,62.5506477355957,62.924477814535585,61.84183144389356,62.3467424401749,13607200
2022-06-30,61.71561813354492,62.49240300382189,60.73978017250818,61.7204703767324,15720400
2022-07-01,61.85641860961914,62.011775602861924,60.79804793565178,61.327231420634014,13930600
2022-07-05,62.633182525634766,62.6477466609673,60.66694647170312,61.01650053569146,14341000
2022-07-06,63.17209243774414,63.6770072732902,62.45842000858196,62.76913398122359,16167000
2022-07-07,64.47805786132812,64.62370664143054,63.4488193224791,63.4488193224791,13082200
2022-07-08,64.50719451904297,64.71595952618844,63.58961671555622,63.788669827298136,12627000
2022-07-11,63.618736267089844,64.22074776343578,63.18179733793859,63.94402175044123,11416600
2022-07-12,62.74970626831055,64.21103138377038,62.380735807424784,63.85177281627754,16553400
2022-07-13,62.58464431762695,62.98760272196998,61.29809247349689,61.56996623835375,15162600
2022-07-14,63.15752029418945,63.38084940622255,61.28352850471305,62.084585664648934,13728800
2022-07-15,64.26930236816406,64.29843064352579,63.497366031053666,63.76438756854438,13529200
2022-07-18,63.64788055419922,65.1334820037654,63.40513502562944,64.90044096257434,9897600
2022-07-19,65.58984375,65.6578122006091,63.968298014601935,64.35669233579917,12330600
2022-07-20,66.61422729492188,66.89095332906612,65.4247683484264,65.59954541504574,12537200
2022-07-21,67.55122375488281,67.56578789360314,66.00250613490783,66.69676218193355,12957600
2022-07-22,66.61907196044922,67.79881146993125,66.2355299429931,67.52208546726439,10583600
2022-07-25,66.19668579101562,66.66275289676713,65.69663076713479,66.58993222649443,13951200
2022-07-26,65.12376403808594,66.16271450720207,64.88101853214287,66.1432981262488,10167800
2022-07-27,67.92504119873047,68.27944752115283,66.09959046931365,66.19669458658362,17076200
2022-07-28,68.9591293334961,69.1144899889561,67.39585533395169,68.00271900433519,12408000
2022-07-29,70.01751708984375,70.23598657221262,68.88146985512144,69.17276002894485,10177400
2022-08-01,69.86701202392578,70.56612025356932,69.21645585778714,69.38637326404465,12515800
2022-08-02,69.3718032836914,70.17286040801874,68.77465147450187,69.26499467938054,15921800
2022-08-03,71.21669006347656,71.4157431907747,69.6971005623075,69.71166470254822,14243200
2022-08-04,71.54195404052734,71.57593455835736,70.7360372027841,71.19239992796413,11679800
2022-08-05,71.37687683105469,71.57592247733098,70.33792656296467,70.39618310255739,7921000
2022-08-08,70.77001953125,71.86722643734538,70.38647752318725,71.31376703756216,11102200
2022-08-09,70.06121063232422,70.33794408031588,69.68252821465536,70.19714753056404,8565600
2022-08-10,71.97404479980469,72.03230135252112,71.15356377835745,71.72644704275467,19273200
2022-08-11,71.69245910644531,72.8479301218845,71.5613744548438,72.42554789072524,11025800
2022-08-12,73.11978912353516,73.12464136594454,71.94004231373343,72.1633714006272,8093600
2022-08-15,73.58102416992188,73.68783279620013,72.74597895065864,72.82851154223626,7162600
2022-08-16,73.38196563720703,73.72666752528563,72.69742892043963,73.24602874252945,10990600
2022-08-17,72.85763549804688,73.41594716624066,72.33330434655831,72.7119867212993,12632800
2022-08-18,73.23632049560547,73.52761065152811,72.64887312462027,72.93045879428216,9976800
2022-08-19,71.90607452392578,72.72169587323751,71.7458616000242,72.63431104638482,10146200
2022-08-22,69.9010009765625,70.94966344756442,69.72622389806217,70.9253874128827,10744200
2022-08-23,69.71651458740234,70.4544556162346,69.62427010679701,69.7650592454016,14777200
2022-08-24,69.76021575927734,70.05636561986884,69.37667365050818,69.6679712670922,8983200
2022-08-25,70.93994903564453,70.9448086872119,69.84759418576796,69.93983866948285,7126600
2022-08-26,67.91049194335938,71.0807479771871,67.8619398740856,70.91082314273461,14321800
2022-08-29,67.01231384277344,67.66772957484993,66.75500423726284,67.17737898442103,13231600
2022-08-30,66.31322479248047,67.50753610796026,65.71122059482914,67.39101558196033,13268800
2022-08-31,65.6675033569336,66.92493054994493,65.63352284253004,66.71131334625176,14171400
2022-09-01,65.34707641601562,65.42960897792435,63.97798855752233,65.02665065236786,15988600
2022-09-02,64.49748229980469,66.39574647932677,64.15763267347147,66.02192374316785,16606600
2022-09-06,64.07023620605469,64.86158876264189,63.64786148346074,64.58485538714694,14990000
2022-09-07,65.09463500976562,65.35679689362979,63.978004213741535,64.19647368496248,11657000
2022-09-08,65.31795501708984,65.65780463900144,64.32270440664911,64.61399455799591,11210600
2022-09-09,66.60936737060547,66.78900408789823,65.73548204108918,65.86171444913359,11418600
2022-09-12,67.67745208740234,67.706587774281,67.01233169311966,67.02204358874589,10181000
2022-09-13,64.0848159790039,66.1141649291632,63.91003891183187,65.74519441313565,20148800
2022-09-14,64.3178482055664,64.78877508724224,63.701279944407375,64.38581665199358,13229200
2022-09-15,62.83709716796875,64.19162121925169,62.45841477703058,63.8032269339804,14885200
2022-09-16,62.487552642822266,62.61862988487626,61.5990994804283,62.28849954606682,20762200
2022-09-19,62.99711227416992,63.055512658342,61.824188383413734,61.86312444829346,15683000
2022-09-20,62.627220153808594,63.02144500560397,62.08213012608361,62.40821129811871,12109400
2022-09-21,61.648983001708984,63.87802270417981,61.6392508415581,62.953315250789856,16808800
2022-09-22,61.021148681640625,61.69278279378124,60.67559946608381,61.30342957766646,16033800
2022-09-23,60.222984313964844,60.55880140563115,59.4296814149906,60.466329171543826,19396200
2022-09-26,59.804420471191406,61.04548051447606,59.63407984311142,60.03803312766338,17193600
2022-09-27,59.88229751586914,61.167157949194205,59.32747158844002,60.597731925750765,18714800
2022-09-28,60.51499557495117,60.80701236575533,59.02572627970001,59.4832157863553,18933400
2022-09-29,58.9381217956543,59.784960832080394,58.242155377683744,59.64868831048858,31096600
2022-09-30,57.80900573730469,59.570823902794466,57.70193340222686,58.69964883747247,19513000
2022-10-03,59.60002517700195,59.95531032135775,58.042619492636355,58.26649632769215,17332200
2022-10-04,61.600318908691406,61.668455173763384,60.7632119799238,60.80701598641176,17779000
2022-10-05,61.804725646972656,62.252483005162524,60.41279277000248,60.76807789446599,14600400
2022-10-06,61.29856491088867,62.320616229417205,61.22556442797748,61.64411785802403,14348200
2022-10-07,58.77751922607422,60.05264770243519,58.46117386042553,60.04777976527422,15749000
2022-10-10,57.78952407836914,58.860243463573475,57.210365959124566,58.777503406698166,16706200
2022-10-11,56.90375518798828,57.85766649330967,56.480337552524006,57.4585811133982,21044800
2022-10-12,56.72854232788086,57.3369043679899,56.6312058867223,56.947554890208444,14111600
2022-10-13,58.49037170410156,58.79698489624176,54.98133920812747,55.195483876817875,38114600
2022-10-14,56.845359802246094,59.09386389350683,56.75288756883136,58.967327241952574,22484000
2022-10-17,58.57797622680664,58.86998932231142,58.08155062261535,58.23729490090906,14599600
2022-10-18,59.074398040771484,60.31059039950513,58.32976334860409,60.096449443426614,13998000
2022-10-19,58.904048919677734,59.488078739209065,58.310286940737214,58.55849970686672,10984000
2022-10-20,58.9381217956543,60.218118080208285,58.64610871893644,58.92352169879056,12429600
2022-10-21,60.51499557495117,60.641535936756455,58.59257274332764,58.79211730283397,17126000
2022-10-24,61.352108001708984,61.57598483859482,60.033179239729456,60.77294973071123,13385200
2022-10-25,62.525028228759766,62.56882852076279,61.50298057072943,61.50298057072943,10265000
2022-10-26,61.133087158203125,62.422811758595614,60.85080627039568,60.94814642816412,15169400
2022-10-27,60.437129974365234,61.73659064412929,60.29598950906214,61.36184119105742,11694800
2022-10-28,63.06525421142578,63.19666251394395,60.77294609751538,60.77294609751538,14935400
2022-10-31,62.23300552368164,62.607754912215995,61.86312035807501,62.43741056791674,13292200
2022-11-01,61.712249755859375,63.118782562135934,61.44456896027841,63.006846020818365,9413200
2022-11-02,59.58055114746094,62.461753230236305,59.561083114221525,61.668450369755405,18092400
2022-11-03,57.82847213745117,58.85538773936255,57.78467184514729,58.74831540731145,16010600
2022-11-04,58.884586334228516,59.19120322461584,57.53645748594286,59.03059473090322,17896200
2022-11-07,59.86770248413086,59.96503894122512,58.568238131720825,58.98679158089221,10427600
2022-11-08,60.441993713378906,61.172028247461824,59.55135069064231,60.364121580765854,12722000
2022-11-09,58.8699836730957,59.90663136226182,58.78237938153606,59.88229910597435,11962600
2022-11-10,63.707679748535156,63.77581601054114,61.46404361279892,61.7755247285828,27932200
2022-11-11,64.79784393310547,65.01198851519298,63.3377753384647,63.649256341603014,15977800
2022-11-14,64.24303436279297,65.04606932180997,63.93641750419258,64.28683464936594,14526600
2022-11-15,65.02173614501953,65.97077941792145,64.36956641081261,65.7030986418993,12716200
2022-11-16,64.131103515625,64.71026544382735,63.863422696754746,64.52045675886397,10095800
2022-11-17,64.21383666992188,64.51071766762432,63.0847130634814,63.1090490324003,8149600
2022-11-18,64.2868423461914,64.95847652590174,63.74661646822779,64.93900477867486,11912400
2022-11-21,63.595741271972656,64.18463906787647,63.46920462530113,63.92182247501861,8363800
2022-11-22,64.82706451416016,64.8611363567095,63.41566739910531,63.87315689091206,9019200
2022-11-23,65.40135192871094,65.5960248014804,64.64211732809835,64.68591761052737,9480600
2022-11-25,65.02173614501953,65.22127324505945,64.83192749043914,64.95846411806131,3263000
2022-11-28,63.629817962646484,64.70053388320186,63.37187299989483,64.28684464225513,13030200
2022-11-29,63.00684356689453,63.7368780211583,62.74889122753039,63.547069360101496,11570200
2022-11-30,66.17033386230469,66.1800623092224,62.91437863115263,62.97764324129912,23334400
2022-12-01,66.26278686523438,66.57913956480984,65.44515189203646,66.23358667709074,15165800
2022-12-02,65.8783187866211,66.09732766868103,64.90007515272909,65.15314845247607,8934400
2022-12-05,64.78326416015625,65.737179208747,64.35497486165077,65.37216194560126,11526200
2022-12-06,63.39619827270508,64.81246709595996,62.987380702990954,64.71513064026072,11799200
2022-12-07,63.074981689453125,63.5616713400622,62.62235645271344,63.16744648498129,10413800
2022-12-08,64.10676574707031,64.29171020333695,63.04577837466595,63.42540316023832,8965800
2022-12-09,63.71255111694336,64.60805839257853,63.47407048782827,63.819623446236214,10402800
2022-12-12,65.10447692871094,65.10447692871094,63.79528057458655,63.814744893127155,14806200
2022-12-13,65.87347412109375,67.81049764335053,65.20670397718625,67.4746804588821,18607600
2022-12-14,65.31861877441406,66.5791431389086,64.55451248759807,65.8101726292389,19541000
2022-12-15,62.87543869018555,64.48638028494568,62.63695808208072,64.24789967684086,19223800
2022-12-16,62.0432014465332,63.0311771802287,61.72685241493063,62.661295700434124,23999200
2022-12-19,61.21589660644531,62.148144959216935,60.81078333093273,62.05052528353386,14276600
2022-12-20,61.30862808227539,61.621003564818025,60.60090319422306,60.893754743630595,12622000
2022-12-21,62.3238525390625,62.616700375357944,61.4404122205232,61.59172177689503,14670600
2022-12-22,60.75221633911133,61.61125088148255,59.7223520159927,61.54291524537365,15323600
2022-12-23,60.81565475463867,60.874226549944574,59.873646458705224,60.31780752787085,8231600
2022-12-27,60.239715576171875,60.71316071075784,59.88341403953939,60.60578094120521,9530200
2022-12-28,59.2684211730957,60.65458685423815,59.20008927184554,60.09328962594175,10362600
2022-12-29,60.8205451965332,61.02554092313364,59.8443708140819,59.849252728660886,10954200
2022-12-30,60.73756790161133,60.77173385415123,59.8150834592245,60.19090893716339,8905800
2023-01-03,60.16162872314453,61.791838167687246,59.73210960812938,61.38672490195606,15196200
2023-01-04,60.317806243896484,60.703395509548244,59.654007473130065,60.47399397091158,11813000
2023-01-05,59.14639663696289,60.17137883183484,59.04389878985661,60.01519110427159,11341000
2023-01-06,60.87910842895508,61.15243602594086,58.965804078626945,59.668650726658065,13825400
2023-01-09,61.58683395385742,62.70943211386003,61.40624037594407,61.42576430791924,21427200
2023-01-10,61.96754455566406,62.06516422064054,61.10851012291836,61.435531345827734,17209000
2023-01-11,63.04133605957031,63.04133605957031,61.972424043733376,62.16277772822361,13758000
2023-01-12,63.50990295410156,63.7978800571838,62.367780713791426,63.13895936982514,15358600
2023-01-13,63.690494537353516,63.78322483934803,62.763124488838926,62.909552122564264,10153200
2023-01-17,63.978485107421875,64.35431441921719,63.524560039062635,63.60265579562657,10425800
2023-01-18,63.15359878540039,64.68131401453655,63.114550917989014,64.339654484211,13936000
2023-01-19,62.416587829589844,63.01205851445461,62.18718998081508,62.66063514571328,14645000
2023-01-20,64.1053695678711,64.15418126578236,62.50444418495838,62.72896756868297,14127800
2023-01-23,65.56475067138672,65.9405798789475,64.21763275857165,64.36405295199346,23472600
2023-01-24,65.53545379638672,65.78437552406713,65.09617095930525,65.19379433262408,12575600
2023-01-25,65.39878845214844,65.5647362666468,63.82714750868145,64.42749251267115,14342200
2023-01-26,66.44330596923828,66.47259000655602,65.35486626480343,66.03819274189895,11161800
2023-01-27,66.72150421142578,67.19007109827464,65.99425920837376,66.02354324237345,13549400
2023-01-30,65.44760131835938,66.24318572160203,65.39391143628254,65.95521610301651,9705600
2023-01-31,66.36033630371094,66.38962034290684,65.40368215346889,65.44760821226274,8871600
2023-02-01,67.92222595214844,68.46400311713316,65.99428273449635,66.3115364794138,18852800
2023-02-02,69.77694702148438,70.1674108101406,68.76660297690701,69.08385666709503,18824000
2023-02-03,69.19611358642578,70.32847184022505,68.47373928133442,68.57624085422523,16145400
2023-02-06,68.35173034667969,68.9667250043716,68.09304471840669,68.42982608854848,12977400
2023-02-07,70.06002807617188,70.32359931476866,68.424940549251,68.45422458740197,15708200
2023-02-08,69.21564483642578,70.57252666045942,69.07410282497752,70.19670487768107,12577000
2023-02-09,68.83494567871094,70.40170906018933,68.56161800474325,70.28456543665152,12624000
2023-02-10,68.5176773071289,68.7519570565546,67.86852049626992,68.32243797625837,9861600
2023-02-13,69.70372009277344,69.85502590765378,68.74218787501695,68.78611392818512,8411800
2023-02-14,70.00146484375,70.39681428138304,68.94231652082583,69.37671382790182,12622000
2023-02-15,70.32848358154297,70.33336922006961,69.41088470051756,69.57683256279006,10491000
2023-02-16,69.10826110839844,70.09419928420128,69.0545712214087,69.30837863696193,13001200
2023-02-17,68.24434661865234,68.693385888007,67.6488797196428,68.61529015917525,10606600
2023-02-21,66.62390899658203,67.73674732027575,66.56534091037298,67.33163401288246,12277800
2023-02-22,66.52628326416016,67.06317468665318,66.20902213268684,66.7605630222004,14338400
2023-02-23,67.62934875488281,67.88315613735926,66.67758038011894,67.76601254984284,13120000
2023-02-24,66.42376708984375,66.71173667163876,66.03818158427624,66.42865272698381,14347400
2023-02-27,66.78008270263672,67.43411764983209,66.658060923789,67.09245815858215,9389000
2023-02-28,66.63368225097656,67.27795363325775,66.44820668825527,66.56535032486157,10485800
2023-03-01,66.14556884765625,66.77031976790178,65.94057315016492,66.66294000527034,15069400
2023-03-02,66.96067810058594,67.17055200273778,65.85271817150779,65.96497613201647,10969400
2023-03-03,68.40052795410156,68.40540614410581,67.32673779131744,67.3901914994644,14439600
2023-03-06,68.72755432128906,69.65980261840916,68.67386443382091,68.83981228686092,15999200
2023-03-07,67.87339782714844,68.93743168596599,67.70257179337135,68.67386045453333,14120000
2023-03-08,68.43470764160156,68.51768156952613,67.71233324387103,68.11256831133952,13247000
2023-03-09,67.45365142822266,69.3132625203706,67.32186579522057,68.54208382918848,15624600
2023-03-10,66.2676010131836,67.5268668787905,66.00402975537631,67.35603338029988,30556800
2023-03-13,66.62876892089844,67.55125326388344,65.44272081461126,65.85271220091165,34439400
2023-03-14,68.16624450683594,68.4054024135132,67.20959053727314,67.48780375232782,21202200
2023-03-15,68.20530700683594,68.28828093590224,67.09246880299915,67.41948632847914,23060000
2023-03-16,70.11859893798828,70.21621487454081,67.74160954865133,67.96613290557883,26086800
2023-03-17,70.02098846435547,70.86049154229863,69.61098958265775,70.25526821988335,23078600
2023-03-20,70.2098159790039,70.29786951532684,69.37334843627568,69.8967508375279,11981600
2023-03-21,70.7772216796875,70.90440177876367,69.85758991450318,70.5913367576033,13066400
2023-03-22,70.07283782958984,72.18603275212124,70.03370376094367,70.7772361371003,14224400
2023-03-23,71.21259307861328,72.17624806920126,70.54243987368902,70.968010745247,17595800
2023-03-24,71.39847564697266,71.43271329118474,70.51797778355898,70.98757166800613,11872600
2023-03-27,70.845703125,71.75065306984881,70.67938896831109,71.50607079328556,10810600
2023-03-28,70.51309967041016,70.74790413766634,69.87719143109557,70.72344440598606,9968000
2023-03-29,71.99036407470703,72.15178931258517,71.29575113430026,71.39847899988109,14256600
2023-03-30,72.82682800292969,72.92954838900906,72.33766340315516,72.65561740738482,11202400
2023-03-31,73.86874389648438,73.93722664223493,72.64583239089623,72.73877485957046,15069800
2023-04-03,73.75135803222656,73.85407843116737,73.06652302835951,73.4187221814202,21142200
2023-04-04,73.34534454345703,74.11332911791663,73.071413549661,73.85896888885448,15824800
2023-04-05,72.50887298583984,73.06652038063496,71.9854706988243,72.99803762913591,15737600
2023-04-06,72.9197769165039,73.01271192886564,71.66750916058345,71.98057423354854,15696000
2023-04-10,72.88064575195312,72.8953200947031,71.79958856365614,72.19581074602613,9517200
2023-04-11,72.19579315185547,72.76322581343852,72.07350201603457,72.75344043263645,12791600
2023-04-12,71.78491973876953,72.88065135404166,71.66751752368506,72.68498099556754,13235800
2023-04-13,73.12031555175781,73.23282877346902,71.94632360601882,72.06372578621622,13641800
2023-04-14,72.7143325805664,73.31111413558403,72.07842441635597,72.70944362043262,13003600
2023-04-17,72.97846221923828,73.13988742043004,72.41102953578702,72.80725163686732,8306000
2023-04-18,73.20348358154297,73.7317822753761,72.88552955902352,73.53611940983488,9212800
2023-04-19,72.99314880371094,73.13011430696037,72.44528679071323,72.54311822673994,8623200
2023-04-20,72.51377868652344,73.23285140129005,72.19092818926883,72.32300474979318,11416200
2023-04-21,72.27896881103516,72.41104536161426,71.80937490862578,72.19581171298475,12237600
2023-04-24,71.96101379394531,72.34256163354401,71.42292967960847,71.9903624794436,9079800
2023-04-25,70.42501831054688,71.74576105491127,70.40055859112081,71.60879558299546,11022600
2023-04-26,71.47185516357422,72.21049117917578,71.30064453163708,71.66262909947454,13603400
2023-04-27,72.9882583618164,73.04206677014717,71.63327023498506,71.80936980188034,12084800
2023-04-28,73.78070831298828,73.79538265601141,72.90999579466663,72.98826393349702,11792000
2023-05-01,73.82473754882812,74.18182569918054,73.60461492091393,73.72201713903006,8194400
2023-05-02,73.13500213623047,73.9959366737064,72.75345431678001,73.91277958116565,12058800
2023-05-03,72.5186538696289,73.69754237820933,72.48440876397387,73.22305210652442,11630200
2023-05-04,72.17134094238281,72.66050553657129,71.87295024136546,72.23004576924579,10861000
2023-05-05,73.98126220703125,74.23073348423297,72.76812853609819,72.87085639380477,12230000
2023-05-08,73.94210815429688,74.00569446420437,73.48718128464644,73.83938032435711,6795600
2023-05-09,73.37471008300781,73.67310086924117,73.29644193421119,73.5361353408778,12473200
2023-05-10,74.26985931396484,74.4410624390754,73.5507867819467,74.015491641617,10551800
2023-05-11,73.93724060058594,74.14758530056827,73.42362364252257,74.14758530056827,8956800
2023-05-12,73.83939361572266,74.17202941935085,73.26707193918728,74.0644126120646,7908000
2023-05-15,74.45085906982422,74.46553341236351,73.64862933341473,73.91278242724266,6796600
2023-05-16,74.52912139892578,74.93512892701845,74.32367315532342,74.34813287900316,9398200
2023-05-17,75.52212524414062,75.64930535804487,74.49487655840872,74.84218672215533,11916600
2023-05-18,77.06787872314453,77.18038448317932,75.61505936769493,75.61505936769493,15491200
2023-05-19,77.03364562988281,77.21953058209509,76.76950000774018,77.08745403899373,9805000
2023-05-22,77.18038940429688,77.38094868014687,76.67655046725086,76.80373057522287,10794200
2023-05-23,76.04064178466797,77.11191354036937,76.01129310052164,76.79395951003738,11691000
2023-05-24,75.48299407958984,75.78627376658659,75.07209757513102,75.43897105355354,10925600
2023-05-25,78.37884521484375,78.68702131489509,77.0825619534623,77.48856948500399,18078000
2023-05-26,80.60455322265625,80.74641515594519,78.56962641677579,78.5794118000517,15160000
2023-05-30,81.03500366210938,82.19921025172106,80.86379307866643,81.7883138083287,18123600
2023-05-31,80.35994720458984,81.3284908697509,80.31592418891395,80.57029183069402,19301000
2023-06-01,81.1768569946289,81.51927069278555,79.84632879831264,80.10558541720688,17419400
2023-06-02,81.64156341552734,82.01822222283286,81.06435280802185,81.65623775544299,14270600
2023-06-05,81.17198181152344,82.13563675248355,81.03011988560297,81.59266370181089,10909000
2023-06-06,81.15241241455078,81.32851198703761,80.57031275111116,80.97631284206395,9975600
2023-06-07,79.93929290771484,81.62690959885653,79.77297870414907,80.99589043165186,13703800
2023-06-08,80.80510711669922,80.93228723452798,79.9979809918437,80.05668582350773,10665200
2023-06-09,81.20623016357422,82.03781613510066,80.93229912243842,81.19645224357727,14413600
2023-06-12,82.97210693359375,83.00635204241597,81.59755543833107,81.763869630741,13787200
2023-06-13,83.47594451904297,83.8721741552689,82.80090237774812,83.71074892511615,16595800
2023-06-14,84.33686828613281,84.36621696712076,83.08949709573014,83.37810241085732,16769000
2023-06-15,85.42282104492188,85.80436885615768,83.97489046746972,83.99446123238737,17732600
2023-06-16,84.71842193603516,86.23972420646055,84.6352648461221,86.23482778325051,17366600
2023-06-20,84.14588165283203,84.75371148672721,83.69490847682492,84.23411212045148,14137800
2023-06-21,82.90081024169922,83.98413186249417,82.65571559696411,83.8223684994056,12058000
2023-06-22,83.57727813720703,83.61159497948194,82.51356822211511,82.52827330317712,15224200
2023-06-23,82.67041015625,83.16059938333643,82.32237999364727,82.54786284947839,14729000
2023-06-26,82.0772933959961,83.46942914175479,82.01847307650326,82.74395110912901,10890200
2023-06-27,83.69491577148438,83.88608928101588,82.32728356663297,82.40571564225985,13833000
2023-06-28,83.74393463134766,84.19490787047567,83.16551487236656,83.2292343924457,11371600
2023-06-29,83.89097595214844,84.0429334011724,83.38608169520734,83.83215564406001,9128200
2023-06-30,85.22430419921875,85.43998866823497,84.66058954767632,84.72430906465334,11398400
2023-07-03,85.04293060302734,85.24880917818493,84.61156169525302,85.20959314296054,6182200
2023-07-05,84.51841735839844,85.1507655880323,84.37626578753198,84.44979117251579,9395600
2023-07-06,84.29293823242188,84.37136281995647,83.4302004522987,83.6851009309436,12116400
2023-07-07,83.92530059814453,84.93998840560018,83.87627868371155,84.15568265283638,11622200
2023-07-10,84.14588165283203,84.1507808522463,83.30275561256411,83.62137560744827,16877200
2023-07-11,84.32726287841797,84.4204000401787,83.50374846227143,84.32236367821292,9996000
2023-07-12,85.28311920166016,85.68507795608558,84.70469950688482,85.17037777431638,16104400
2023-07-13,86.39585876464844,86.58213308059366,85.69489169939295,85.86645345593149,9349200
2023-07-14,86.26840209960938,87.28799655797945,86.0184008145229,86.61153305201907,11543800
2023-07-17,87.37133026123047,87.62622327315579,86.33212401679513,86.43016784566764,11858800
2023-07-18,88.36149597167969,88.78796563036624,86.71446008216532,87.17033989392826,16406000
2023-07-19,88.14092254638672,88.94973924807425,87.80269078747138,88.58209733267826,20990000
2023-07-20,86.38114929199219,87.94975337895863,86.11154371149148,87.57721224570857,24356000
2023-07-21,86.33705139160156,87.366444524269,86.23410833848693,86.93017630810847,14871400
2023-07-24,86.48899841308594,86.93016577653955,86.15566581072741,86.71938797480135,11308200
2023-07-25,87.47917175292969,87.76838159846491,86.75368631978832,86.76839139805662,10802200
2023-07-26,86.30271911621094,86.77330409249996,85.6948892264684,86.56251882321916,15501600
2023-07-27,86.052734375,87.73408010844426,85.6605814333005,87.46938117362185,13857000
2023-07-28,87.22428131103516,87.48408102996075,86.6703650334756,86.85173267280616,11287400
2023-07-31,87.42526245117188,87.533104692839,86.92526728341473,87.30271512924968,10138400
2023-08-01,87.57230377197266,87.75857807462823,86.9105527930598,87.14094233170405,8845800
2023-08-02,85.40567016601562,86.85663362404763,85.09685602748176,86.80271250784422,15818600
2023-08-03,85.05763244628906,85.5576200470727,84.6556737102972,84.70959482171821,11321000
2023-08-04,83.90080261230469,85.27823335231597,83.76844940662853,84.76843229029416,14431800
2023-08-07,84.13607788085938,84.54293583324343,83.52824055205176,84.25372598699134,9536000
2023-08-08,83.4890365600586,83.59687131362328,82.65080965239862,83.54785687649286,11461800
2023-08-09,82.41061401367188,83.60177777623589,82.12630335215327,83.60177777623589,14301800
2023-08-10,82.42042541503906,83.75864005796632,82.01356741421168,83.03806121646052,12731400
2023-08-11,81.81256866455078,82.29295943173506,81.52826553091838,81.76355423585588,10772000
2023-08-14,83.11648559570312,83.12629147472997,81.53317645895103,81.7292491613231,10328000
2023-08-15,82.29788208007812,83.16551924385077,82.1067085504023,82.87140266910556,9366400
2023-08-16,81.51355743408203,82.59197964007102,81.50865823485245,82.12139472475823,9779400
2023-08-17,80.73907470703125,82.02826734911295,80.61652739445769,81.87630987827283,12614800
2023-08-18,80.86161804199219,81.19004392597061,79.87143371079091,79.92044814559267,13658600
2023-08-21,82.40570831298828,82.5723708491014,81.19983956648345,81.27827163513447,13132800
2023-08-22,82.31256866455078,83.19491071082182,82.13120105603996,83.1458887994815,11361800
2023-08-23,83.79784393310547,84.04293853804565,82.50865139731194,82.51355059672099,10113200
2023-08-24,81.86652374267578,84.85668188248393,81.80280421096248,84.85178268148941,13929000
2023-08-25,82.69982147216797,83.15569382826344,81.46454262000674,82.19491972553949,15686600
2023-08-28,83.37628936767578,83.55275780031414,82.73414263437064,83.327274929534,8963800
2023-08-29,85.0478286743164,85.13115994317755,83.0478557825675,83.1360937305753,13713800
2023-08-30,85.68998718261719,85.77822514281125,84.76842893903067,85.06254550008441,12266600
2023-08-31,86.10664367675781,86.43506956993055,85.79292286240668,85.88606001473961,11963400
2023-09-01,86.37134552001953,86.75859922137606,85.9301781809418,86.64585030697407,9244600
2023-09-05,86.68016815185547,86.94977374206492,85.87625806085471,86.15566205093029,10060400
2023-09-06,85.7635269165039,86.5576312232369,85.23412155211676,86.34194672518709,18143200
2023-09-07,84.52332305908203,84.70959735496038,83.86157210424567,84.17039370431895,12513600
2023-09-08,84.69979095458984,85.2439012810516,84.47920730433644,84.51842333900052,8584800
2023-09-11,85.14097595214844,85.52332298638964,84.39588616350376,85.44489090764922,8272800
2023-09-12,83.59686279296875,84.72920612677403,83.44490533787236,84.43019041588663,12243000
2023-09-13,83.80765533447266,84.25862853971809,83.32727197144732,83.56256071338096,10008800
2023-09-14,84.41548919677734,84.62626697194703,83.79294679063298,84.32235204786276,9473200
2023-09-15,82.79296112060547,84.13608235484786,82.57237745461055,84.1115713964719,13116800
2023-09-18,83.19086456298828,83.46595567236858,82.52769260627676,82.55225591868655,9943800
2023-09-19,83.14665985107422,83.35789537411175,82.38524952389803,82.83718605526674,8236600
2023-09-20,81.8399658203125,83.48069316796396,81.80557568338973,83.37262058859332,10760400
2023-09-21,80.59223937988281,81.55506598369125,80.55293956996489,80.98032031802715,14741200
2023-09-22,80.76415252685547,81.50591655549357,80.58239001985312,80.9459075381876,12537800
2023-09-25,81.02452850341797,81.14733759657929,80.35153707150906,80.5578554485394,10577400
2023-09-26,79.56553649902344,80.53818218118747,79.29044539664737,80.49397271737782,14926000
2023-09-27,79.68834686279297,80.10590068293065,78.89745618271924,79.94870148148148,11665200
2023-09-28,80.25326538085938,80.76415528872836,78.93675580225558,79.3100926613364,12829400
2023-09-29,80.52836608886719,81.79575669000039,80.25327494983141,81.04416572239498,15883800
2023-10-02,81.39292907714844,81.62872035986472,80.44483929127034,80.5676483441369,13656200
2023-10-03,80.01256561279297,81.48627441462583,79.59992145157013,80.93117503398753,14838800
2023-10-04,81.00977325439453,81.22591840761844,80.07641986507956,80.07641986507956,15194200
2023-10-05,81.11785888671875,81.25048730108561,80.14520554066513,81.00486913210328,12023000
2023-10-06,82.6357650756836,82.98945578604193,80.32695612993993,80.56274743828862,16625600
2023-10-09,83.06314849853516,83.19087474042365,81.75154840863543,82.1298024781436,13139200
2023-10-10,83.19086456298828,83.85894618391353,82.89121014119819,83.1220917856432,20402800
2023-10-11,83.96210479736328,84.00140459958043,83.18104090443344,83.44630519981064,10389200
2023-10-12,84.04069519042969,84.90035859356952,83.40208659182039,84.03578552656724,15405800
2023-10-13,82.8371810913086,84.35018982079268,82.54734597261726,84.20772709376841,15183200
2023-10-16,83.63298034667969,84.01123439769634,82.95998901210824,82.97472550150242,14544200
2023-10-17,83.24490356445312,83.67718639513447,81.98733238739878,82.58173158613297,15317800
2023-10-18,82.39015197753906,83.33332476423514,82.05119773476198,82.66033343885927,12862800
2023-10-19,81.91856384277344,83.27438084708955,81.7761086118633,82.71928142166034,19991800
2023-10-20,80.53327178955078,81.93820776028217,80.44976252677465,81.8792543133982,15350400
2023-10-23,80.62660217285156,81.44696575045019,79.58517630249823,80.03220305603496,15159000
2023-10-24,81.18170166015625,81.30451072520314,80.30730171667602,80.94591035405395,11180400
2023-10-25,80.22380828857422,81.66804437793361,79.98310727079561,81.5697986056359,15529600
2023-10-26,78.69113159179688,80.7199395870214,78.35217739935143,80.36624890757136,20646400
2023-10-27,79.14799499511719,79.94871261066221,78.7992213988157,79.17255831072174,16231600
2023-10-30,79.99784088134766,80.28275136205056,79.32484199921373,79.56555050399702,14180800
2023-10-31,80.56765747070312,80.63643024827208,79.41325674039076,80.03712140274101,10893600
2023-11-01,82.12487030029297,82.23294287181885,80.71011503829338,80.71011503829338,20945800
2023-11-02,83.51507568359375,83.58876562160141,82.75366546054227,82.86664770401593,16192600
2023-11-03,84.37474060058594,84.71369483247553,83.24981281953126,83.43156784418537,15661800
2023-11-06,84.92982482910156,84.95929780127769,84.22244351419693,84.48771525512088,11099200
2023-11-07,85.85828399658203,86.1088118230521,85.02809341080224,85.15581965210464,13029800
2023-11-08,86.34459686279297,86.48705207571565,85.76002453206873,86.15301502711337,10722400
2023-11-09,85.94180297851562,87.10603829341805,85.8288207101712,86.47233916714097,14374600
2023-11-10,88.1867446899414,88.24569064867363,86.36425467720045,86.46250044031125,13346400
2023-11-13,87.67093658447266,87.8919914040093,87.30250938668807,87.8183089627206,11725000
2023-11-14,89.42465209960938,89.65062409405128,88.73692428290973,89.01201540958958,16508400
2023-11-15,89.53762817382812,89.9600916240611,89.19376431798032,89.82254608172198,13147800
2023-11-16,89.98466491699219,90.08291817689307,89.19869130748451,89.36080019151535,11553600
2023-11-17,89.7979965209961,90.14186042949484,89.4099156490917,89.78326003175123,13277800
2023-11-20,91.09978485107422,91.33557621385567,89.90116688878736,89.910993715141,11116200
2023-11-21,90.36292266845703,90.82959568935104,90.03379522223344,90.6871404497537,13350800
2023-11-22,90.76573181152344,91.5418860527051,90.52011366541548,90.93275035191581,11213400
2023-11-24,90.5888900756836,90.69204550360583,90.24502615649072,90.61345339041264,4193800
2023-11-27,90.58396911621094,91.10959554581679,90.29905866345128,90.46116004338762,8420000
2023-11-28,90.75590515136719,90.99661363343077,90.27940534740051,90.27940534740051,11012400
2023-11-29,90.82467651367188,91.81205874894843,90.77064022244754,91.41907571713962,10765400
2023-11-30,90.95732116699219,91.32574841653866,90.19590335212851,91.2029393333565,13744000
2023-12-01,91.16364288330078,91.32575177854959,90.28432561776981,90.72152567016624,13992200
2023-12-04,90.05343627929688,90.25483745253793,89.07096374295196,90.25483745253793,18221800
2023-12-05,90.59380340576172,90.69696633352915,89.57203093619705,89.57203093619705,10841400
2023-12-06,89.82746887207031,91.29135092698081,89.75869609085092,91.15872252470334,14731400
2023-12-07,90.91800689697266,91.0702889365849,90.06325311556375,90.25483495502277,13928800
2023-12-08,91.69417572021484,91.76785817189901,90.60854012614823,90.72152238395445,12808800
2023-12-11,92.494873046875,92.51452669505223,91.21274609528562,91.42398158700284,37795400
2023-12-12,93.10892486572266,93.13840534004261,92.07733313465629,92.15593274150069,15055400
2023-12-13,93.9292984008789,94.15526290654698,93.1089271646503,93.32998950131727,29395000
2023-12-14,93.69840240478516,94.35665716242757,93.00575751268212,94.00296647265878,15427400
2023-12-15,94.16999816894531,94.71036110271136,93.60016225618678,93.60016225618678,18131200
2023-12-18,94.45160675048828,94.66330077095428,93.75250565280881,94.15129121265402,10138000
2023-12-19,94.81100463867188,94.82085314397385,94.37776055188667,94.43191606273481,9003600
2023-12-20,93.37834930419922,95.03746558112289,93.36358030267591,94.70269153031681,13734800
2023-12-21,94.42699432373047,94.6386883555824,93.63435868204154,94.3285318086317,11336000
2023-12-22,94.5500717163086,94.8257697558016,94.0823691484395,94.6977692409536,10215000
2023-12-26,94.94393920898438,95.14086425430375,94.60915761729069,94.60915761729069,6207600
2023-12-27,94.93901062011719,95.13594317644284,94.53531202601519,94.99316613408062,11764600
2023-12-28,95.05224609375,95.37225115649554,95.00793157510743,95.27378863812835,9615400
2023-12-29,94.76176452636719,95.29347110094193,94.28914146821725,95.1014665750295,12190600
2024-01-02,92.28047943115234,93.61959068504953,91.69461731854626,93.47189315471219,23545400
2024-01-03,91.34013366699219,91.9407646986642,91.17766715722443,91.43859616958274,18190000
2024-01-04,90.67059326171875,91.40907342268295,90.58197924826321,90.77890428630353,12127200
2024-01-05,90.64598083496094,91.42877555874017,90.30135824296865,90.77398887785029,16350600
2024-01-08,92.92050170898438,92.9844982159764,91.01029724860936,91.1038392729156,16434600
2024-01-09,93.06818389892578,93.3340409469088,92.00969873998532,92.20662376558089,10633800
2024-01-10,93.86082458496094,94.06267763001969,92.91557088914035,93.11250343756669,9785400
2024-01-11,94.33837890625,94.79624052378975,93.01403658267921,94.3236099036399,13296600
2024-01-12,94.64362335205078,94.86023789637794,94.17099272758944,94.49099780333933,8834600
2024-01-16,94.87994384765625,95.27872198375694,93.9789970342908,94.52547272396461,11775600
2024-01-17,94.41221618652344,94.52544769232006,93.38818960172506,94.17589715850313,14109000
2024-01-18,96.32734680175781,96.41596080859233,95.31316865843058,95.67256020649522,18918800
2024-01-19,98.54771423339844,98.56741124437872,96.74582085134263,96.95752240223321,18333200
2024-01-22,98.98094940185547,99.58650097123645,98.60678134906078,99.03017690044935,14969000
2024-01-23,99.37973022460938,99.44373423799847,98.49848059941435,99.07449418329179,13263800
2024-01-24,100.06404876708984,101.06837834971287,99.77850224060691,100.06404876708984,17651200
2024-01-25,100.48253631591797,101.49178652020115,100.0197542158148,100.98469741363073,17071400
2024-01-26,99.32557678222656,100.22160293948012,99.09910623859061,99.77851035729019,10553000
2024-01-29,100.23638153076172,100.25607103060112,99.25174127019316,99.44866631742327,7639600
2024-01-30,99.40927124023438,100.35452490747016,99.10403518966476,100.20190688218536,12251600
2024-01-31,97.32181549072266,98.86770752621361,97.27258799728988,98.46400151414618,16295200
2024-02-01,98.54771423339844,98.68556326142591,97.64676754237054,97.7107715597435,14303400
2024-02-02,99.56681060791016,99.88189514255954,97.84861091190501,97.87814891324591,12872200
2024-02-05,99.79328155517578,100.07882811117173,98.8578763814234,99.9705170895109,10086200
2024-02-06,99.3354263305664,100.07390646309712,98.69540871326478,99.90159142728993,12677200
2024-02-07,100.64990997314453,100.67452747753558,99.63573189477759,100.03450992440658,11365800
2024-02-08,100.96499633789062,101.2357738667123,100.6991393051538,100.82221931714476,9948200
2024-02-09,102.32379150390625,102.45672001317902,101.27022695799043,101.38838646758929,11612200
2024-02-12,101.54593658447266,102.63396726223057,101.39824657083837,102.31888271279708,10753200
2024-02-13,99.82280731201172,100.49236285822063,99.04494075743021,99.34525627842555,19459400
2024-02-14,100.86653900146484,100.94530450389892,99.85728134895979,100.5662234563235,11791600
2024-02-15,100.65483856201172,101.09793114005325,100.09359397292569,100.99946111457186,10796400
2024-02-16,99.72928619384766,101.12747347395006,99.59635766352125,100.92562043015968,11090400
2024-02-20,98.71509552001953,99.49789014843803,97.72553487380317,99.14341909351106,17447600
2024-02-21,98.09477233886719,98.09477233886719,97.0215182097271,97.75999830261695,15954400
2024-02-22,101.30471801757812,101.580416095947,100.39884324438283,100.63023431277297,18551600
2024-02-23,101.06838989257812,102.235193636367,100.74838483287648,102.10718560271951,12324000
2024-02-26,101.16686248779297,101.76256561629069,101.06347195893329,101.51148506364397,18248800
2024-02-27,101.2554702758789,101.44255431078372,100.50222115204721,101.44255431078372,9984400
2024-02-28,100.77790832519531,101.05360633918484,100.4135963119409,100.92068534028755,8329000
2024-02-29,101.9004135131836,102.14165306970034,100.7483862672063,101.3145513846491,11986800
2024-03-01,103.76136779785156,103.90906531068724,102.11210018910795,102.16132768524812,13136800
2024-03-04,103.76136779785156,104.35707834514602,103.38228677996266,103.61367779722345,20443800
2024-03-05,101.21116638183594,102.78658918884645,100.55637975175483,102.73735417429266,18042800
2024-03-06,102.01364135742188,102.78165943716931,101.32931678511278,102.2696423758658,14303200
2024-03-07,103.62351989746094,103.93860442251693,102.3730303014534,102.8850398375915,12120800
2024-03-08,102.08257293701172,104.54417336942379,102.01856892186234,103.81061373616998,14912200
2024-03-11,101.80194854736328,102.02841909622198,101.06838890210825,101.61486450753254,15648400
2024-03-12,103.88938903808594,103.89923003124204,101.80686961766827,102.78166881913512,17382800
2024-03-13,102.76689147949219,103.63337207606587,102.33856792128023,103.57429607308818,12815400
2024-03-14,102.78659057617188,103.56445724092791,102.16134194150058,103.20013766005475,16023200
2024-03-15,101.23579406738281,101.77242122381254,100.82223943529426,101.30963908442938,19633400
2024-03-18,101.73335266113281,102.77879234948126,101.65444956494449,102.12292447106591,14176600
2024-03-19,102.26100158691406,102.27579497693921,100.72735744919423,101.23528390569375,13390200
2024-03-20,103.40507507324219,103.4395904754837,101.97992079612435,102.3399058317982,13357400
2024-03-21,103.4790267944336,104.50967295733481,103.3902664663502,104.50967295733481,12312000
2024-03-22,103.51355743408203,103.89326445423261,103.11412087870029,103.48397065584827,11507000
2024-03-25,102.82810974121094,103.26699787200533,102.23635156283619,102.53222688971682,8777800
2024-03-26,102.40401458740234,103.36562256395858,102.3201828688937,103.19795912694129,8538400
2024-03-27,102.9267349243164,103.10426313041806,102.13771900283936,103.05001819175885,12495000
2024-03-28,102.704833984375,103.00070933289217,102.49771898302878,102.6851044463721,8854400
2024-04-01,102.9908447265625,103.5924676742074,102.61605877743804,102.92180639771539,11654800
2024-04-02,101.99964141845703,102.1475828429664,101.17118148058606,101.8467713721556,11418200
2024-04-03,102.27088165283203,102.79853772470095,101.46214360382741,101.4868017657622,10670000
2024-04-04,100.65339660644531,103.6072665627205,100.59915166485716,103.24727398462916,16464800
2024-04-05,101.80731201171875,102.32510319546174,100.81118118938218,101.09227062684171,12808800
2024-04-08,101.68898010253906,102.20676383907355,101.31419412989898,101.87143694209449,8125800
2024-04-09,102.20183563232422,102.42374402382866,100.92462270101701,102.21170040127957,9400800
2024-04-10,100.94927215576172,101.32405057299219,100.51531265451658,101.03803249486366,13836800
2024-04-11,102.9661865234375,103.13384996133435,100.90982252444088,101.39801944800017,10563600
2024-04-12,101.29939270019531,102.2166204965642,100.92461428190983,101.73828082442157,16186800
2024-04-15,99.37617492675781,101.98484546575476,99.22330488429776,101.92073576100188,17189000
2024-04-16,99.49452209472656,100.11093841116434,99.10002167189698,99.5931547250472,14914000
2024-04-17,98.05950927734375,100.02710531654392,97.98553480562276,99.8594418866907,13090400
2024-04-18,96.94010162353516,98.28142420108661,96.83654036606093,98.02992151491219,15280600
2024-04-19,94.94290924072266,96.88585473791488,94.70127132787843,96.57024987451297,21880000
2024-04-22,95.79110717773438,96.36807201685507,94.7210092257296,95.6727525217811,13293400
2024-04-23,97.2113265991211,97.35433188168356,96.04753222777009,96.19053751033258,12151600
2024-04-24,97.65513610839844,98.33566211704374,97.11762289630678,97.93128940912027,9160200
2024-04-25,97.44309997558594,97.62555680797942,96.00808090161031,96.437104274909,11568000
2024-04-26,98.54277038574219,99.26274036724949,97.82772902547907,98.2123721716789,10104200
2024-04-29,98.96688079833984,99.19865395205227,98.38991598737925,99.05071252048484,7494800
2024-04-30,96.78723907470703,99.02606011723633,96.7576522915965,98.62662349601574,14929000
2024-05-01,95.79602813720703,97.88691507744507,95.77630612509947,96.26943919853748,20453600
2024-05-02,97.17679595947266,97.30994398757674,95.79602193827301,97.01899729898264,13340000
2024-05-03,99.88409423828125,100.21942107849719,99.4501347748369,99.8051911495436,13316400
2024-05-06,101.05775451660156,101.05775451660156,100.11093994301898,100.26381751250993,8021000
2024-05-07,100.72736358642578,101.40296104539638,100.71750634221738,101.35364472589876,10020800
2024-05-08,101.01336669921875,101.12185656632704,100.34270548646423,100.36736364255479,7176000
2024-05-09,100.98377227783203,101.06267536150422,100.48077452518713,100.85062426471175,9589600
2024-05-10,101.35855102539062,101.96511001824791,101.03801759309023,101.51142857231882,8753800
2024-05-13,101.8369140625,102.18704187532843,101.51638055643167,102.10321015104309,6582000
2024-05-14,102.73933410644531,102.882346899544,101.74321079927964,101.80238435525818,9825200
2024-05-15,105.05213928222656,105.08666220959242,103.31138011425146,103.38534706630166,14308600
2024-05-16,104.68721771240234,105.44171824362732,104.64283754133429,105.11624860656771,12066600
2024-05-17,104.45545959472656,104.99297288192358,103.88342337780898,104.92886316936486,7616000
2024-05-20,105.68333435058594,105.88059206969211,104.46529521182595,104.55899168782481,6276800
2024-05-21,105.8559341430664,106.02852618246826,105.09157646967935,105.27896942208218,6140400
2024-05-22,106.09264373779297,106.48221553522121,105.46636265939786,106.15675344196481,11783000
2024-05-23,105.22965240478516,107.31560292428384,104.89432557074922,107.30574568183282,9400400
2024-05-24,106.11730194091797,106.34413892950928,105.14582923312685,105.49594948387833,5906400
2024-05-28,106.56605529785156,106.80275705536636,105.90032266936302,106.71892533967598,8786400
2024-05-29,105.89045715332031,106.39838359013494,105.44171179892616,105.44171179892616,8569000
2024-05-30,103.47411346435547,104.86968096192744,103.15357245259021,104.71187476697588,10450600
2024-05-31,103.6368408203125,103.79957562541087,101.35363245204094,103.7798460901555,12081000
2024-06-03,103.89820098876953,104.52448205397307,102.65550362601489,104.43078557280724,9628000
2024-06-04,104.11518096923828,104.28284439665121,103.31137170750421,103.84395629276852,6405400
2024-06-05,106.42798614501953,106.42798614501953,104.77105867643435,104.9387221196295,8788800
2024-06-06,106.07292938232422,106.56112631975022,105.79183991261883,106.48715936699286,7057600
2024-06-07,106.3194808959961,106.77316236621168,105.79675358014836,106.1863328752397,6398600
2024-06-10,106.59071350097656,106.87673159373487,105.89046542199468,105.95950375303194,6734800
2024-06-11,108.57311248779297,108.60269926951784,106.27018183996866,106.3194981592527,12719200
2024-06-12,110.97465515136719,112.09406925038995,109.45087587547468,109.65306222621605,17821200
2024-06-13,111.85244750976562,112.31598627887101,111.17192145944517,112.00531755884026,12693600
2024-06-14,112.2716064453125,112.33571615303194,111.62067469816643,111.69464164967839,7864600
2024-06-17,113.97290802001953,114.37234458627265,112.16311063087214,112.54775380760574,11602600
2024-06-18,114.11592102050781,114.49069943002179,113.66223951700778,114.08633424141634,8677800
2024-06-20,112.83377838134766,114.69782081435248,112.45406380436856,114.62878248441206,13243000
2024-06-21,112.63652801513672,113.3022531548603,112.12366540085576,112.85843639504458,13560200
2024-06-24,109.87506866455078,111.96962355410531,109.84542998131877,111.46574332572021,13748600
2024-06-25,111.89057922363281,111.94985658860463,110.05784279918176,110.68028528263966,9126200
2024-06-26,111.76214599609375,112.29072010556895,110.89270441368416,111.72262523891025,9459600
2024-06-27,111.81649017333984,112.36976571846138,111.41140805079446,111.54478966892697,7923600
2024-06-28,111.75719451904297,113.81222854302892,111.60405630523195,112.20673462512988,12488200
2024-07-01,112.60193634033203,112.78965804413637,110.29990321720157,111.9251613060255,9281600
2024-07-02,113.16510772705078,113.17498980156601,111.62383576650319,111.62383576650319,7076600
2024-07-03,114.6915512084961,114.74589130727975,112.9082175601771,113.0020784160592,6249200
2024-07-05,115.04230499267578,115.55112254345514,114.34576571091648,114.8199997690145,6671800
2024-07-08,115.8277587890625,116.16367394758457,115.2151983062222,115.41280210930667,7671000
2024-07-09,115.73389434814453,116.69718930274144,115.07193858835119,116.42055152478684,8678600
2024-07-10,117.4134750366211,117.49746135422592,115.87714804784486,116.5292216770892,8749400
2024-07-11,114.47419738769531,117.64072756506135,114.1432195080279,117.59132473139765,14106000
2024-07-12,115.49677276611328,116.72188610771191,114.39021416020282,114.79035146877804,9767600
2024-07-15,115.7042465209961,116.8453810338022,115.04722808135942,116.08462720453596,8628000
2024-07-16,115.31893920898438,116.03523508020946,114.49396313243528,115.9759577092379,7652200
2024-07-17,110.83341979980469,112.79459296214611,110.7790797044572,112.68097550380615,12440400
2024-07-18,110.84330749511719,112.06842079858536,109.44529182373341,112.04866418919018,10837200
2024-07-19,109.10938262939453,110.93223723700739,108.86732832981109,110.2554620989344,8472800
2024-07-22,111.69298553466797,111.82142234098023,110.08254672986703,110.55184346818474,10601600
2024-07-23,111.2483901977539,112.25120591427492,111.10018923410051,111.22863358691338,5530800
2024-07-24,106.64433288574219,110.14184101537431,106.3874517134241,109.79603624817854,14300800
2024-07-25,105.50320434570312,108.12138890334305,103.96686956714467,106.53071401861764,21158000
2024-07-26,106.84192657470703,107.6916040537526,105.93790899393831,106.92590536140392,11697800
2024-07-29,106.36769104003906,108.15596202784216,106.05646977657416,107.69160253562912,7343800
2024-07-30,103.69515991210938,106.8666273274301,102.8998225397289,106.76288439285263,10694600
2024-07-31,108.0867919921875,108.47704719695211,106.14537542807957,106.8962546937707,14614000
2024-08-01,104.05577087402344,109.04021043962135,102.94921229527,107.79039571282253,16991400
2024-08-02,101.13129425048828,102.12422774355497,99.41712019613118,101.28936972691378,18621600
2024-08-05,97.76224517822266,99.64932200556315,94.23016090389709,94.80320065084165,31430000
2024-08-06,99.09109497070312,101.09672641296983,97.95984243398031,99.01205345134923,24575800
2024-08-07,97.48560333251953,101.98592725235547,97.35222924526208,101.49192905056366,17653600
2024-08-08,101.12635803222656,101.37829435874355,97.81162734447064,99.24916367663874,14477200
2024-08-09,101.58084869384766,102.1637629311288,100.45453344061454,101.0670863627996,9535600
2024-08-12,102.4107666015625,103.20116674414078,101.42277019224686,101.89701178535671,8580200
2024-08-13,105.55754089355469,105.59212438869868,103.55190923402326,103.68035360134093,9999600
2024-08-14,106.1355209350586,106.67397718757361,104.70786637602379,106.20961765317914,8922400
2024-08-15,109.18841552734375,109.29709572838127,107.2766450107715,107.50882475500494,9518800
2024-08-16,109.3711929321289,109.58361606704653,108.31403713911966,108.61043905925136,6706400
2024-08-19,111.17430114746094,111.17923841605783,108.66972654875322,109.11432947035739,13004200
2024-08-20,110.78402709960938,111.54972577211683,110.13195343364228,110.8828327640469,7221600
2024-08-21,111.43611907958984,111.82143708715311,110.50246274775351,110.85319726185655,7538800
2024-08-22,108.87225341796875,112.32035844001842,108.64501094932311,112.0585400200782,9083600
2024-08-23,110.6358413696289,111.11995750020863,109.22300620103492,109.95412143425125,10681000
2024-08-26,109.24768829345703,110.95198794801091,108.68947550744204,110.53702377161619,6268800
2024-08-27,109.90966796875,110.14184773789462,108.03741047184465,108.57092946023134,7656000
2024-08-28,108.39308166503906,109.97881916747777,107.48412680686434,109.76639602666357,9002200
2024-08-29,107.41495513916016,109.94916797103991,107.13831739100434,108.42270801284397,13314800
2024-08-30,108.84262084960938,109.26251478356917,107.41496639851786,108.58573968318956,10048400
2024-09-03,103.84335327148438,107.77063701267782,103.25054946783644,107.69159550048298,14765800
2024-09-04,103.57659149169922,104.75724677194374,102.46509565113293,102.79113624010763,12330000
2024-09-05,103.41851806640625,104.70290876288843,102.73679819182308,102.83065904850497,8874800
2024-09-06,100.73611450195312,103.58154148989634,100.27175497655158,103.33454238385845,12441000
2024-09-09,102.38605499267578,102.49967999566367,101.04237940672535,101.98591769278129,10922000
2024-09-10,103.91746520996094,104.13976290000595,102.1094299270077,103.09248909226486,10123000
2024-09-11,107.46436309814453,107.62738340562825,102.62318685908969,104.27313900710435,12768800
2024-09-12,108.35355377197266,108.81297597690235,106.62950503103318,107.38532160699505,10604200
2024-09-13,108.89695739746094,109.16865789751725,108.0472799451833,108.48693801334213,8047400
2024-09-16,108.48199462890625,108.827791819566,107.47917900708626,108.11149602366793,6897800
2024-09-17,108.26956939697266,109.7367444481224,107.72123117040343,109.5687868927658,6990000
2024-09-18,107.28158569335938,109.30203647527445,107.177850294949,108.54128258161309,12741600
2024-09-19,110.46786499023438,111.15452212405519,109.69229180667922,110.29497015870193,13934000
2024-09-20,109.92940521240234,110.4234033511496,108.94634620268248,110.03314813817715,14492800
2024-09-23,109.90912628173828,110.17141501028723,109.57260774373357,110.02790152822145,7490600
2024-09-24,110.66134643554688,110.88404339922668,109.18163607903297,110.3693658042477,7025800
2024-09-25,110.97806549072266,111.46305113188858,110.394104266859,110.44358828253141,6111600
2024-09-26,112.44789123535156,113.26940303116328,111.26511511539766,113.14568164810805,9244800
2024-09-27,111.39872741699219,112.64088728506692,110.98301786413415,112.60624167593153,6093800
2024-09-30,111.72534942626953,111.79463309524776,110.35946814440454,110.9137374962303,5500400
2024-10-01,109.00348663330078,111.45812224130869,108.35518778226545,111.3937847044916,11295400
2024-10-02,109.81014251708984,110.30997415007107,108.40961565582275,109.02822252645203,4532400
2024-10-03,110.26544952392578,111.07211539663756,109.47363716513992,109.48848312771155,5784800
2024-10-04,111.49275207519531,111.76989430107346,110.31987584502733,111.69071080796542,5009200
2024-10-07,110.7256851196289,111.730302086247,110.44854289491228,110.99291996855663,4430400
2024-10-08,112.7943115234375,112.98237044532556,111.27006315201015,111.52245961061867,7864800
2024-10-09,114.0562515258789,114.2146109449253,112.53200341687432,112.883375412852,7579800
2024-10-10,114.02656555175781,114.32349230970794,112.97740319654514,113.29412960250386,5692200
2024-10-11,114.22451782226562,114.4818603893799,113.58611886788292,113.7543781208082,8849000
2024-10-14,115.71414184570312,115.95168479310698,114.8975761650115,114.95201387705761,9810200
2024-10-15,113.17041015625,116.08529293978695,112.74976202083072,115.80320458601759,14179400
2024-10-16,113.52179718017578,113.69501014499922,112.2994292549937,113.52674331723915,5758800
2024-10-17,113.86820983886719,115.16976119981187,113.86820983886719,115.1054236644484,6051200
2024-10-18,114.27400970458984,114.69465783805586,114.03151309728361,114.46206105487626,4537000
2024-10-21,114.8084945678711,114.82334052937114,113.70984810874477,113.91769912109923,6322400
2024-10-22,114.68971252441406,115.08066873965802,113.87315448491101,114.19977316990024,6169200
2024-10-23,113.04669189453125,114.43732650194565,112.08166667336386,114.26411355524868,6083600
2024-10-24,113.37828063964844,113.66036147175221,112.70523600078945,113.5069481620207,4832800
2024-10-25,113.96717834472656,115.24893752731923,113.80387277510054,114.0216160517197,8314800
2024-10-28,113.93254852294922,114.78375224763961,113.90780273591731,114.78375224763961,5899200
2024-10-29,115.46669006347656,115.79826244684789,113.72469096527848,114.15029280315206,7451600
2024-10-30,113.63066101074219,114.71940761056736,113.55643120559525,114.4125810141553,8341200
2024-10-31,109.98336029052734,112.3835505231438,109.94376854290627,112.3835505231438,12110200
2024-11-01,110.80982208251953,111.63628002076429,109.95366466900302,110.10213183994578,11565800
2024-11-04,110.7256851196289,111.52245108122465,110.25553785086628,110.91373647578045,6311800
2024-11-05,112.28457641601562,112.3736597371806,111.06715470245317,111.06715470245317,7273000
2024-11-06,115.48155212402344,115.69434929694981,114.1107169647903,114.4521892202811,10967800
2024-11-07,117.49571228027344,117.62933347712367,116.22880663246572,116.28324433848965,10463000
2024-11-08,117.36705780029297,117.75306792173117,116.94145592904647,117.34725814971175,7236400
2024-11-11,116.71874237060547,117.42642497563838,116.02095203810438,117.35219517488426,7267200
2024-11-12,116.86720275878906,117.01566991264977,115.94671546647639,116.63955966737535,7530800
2024-11-13,116.46141815185547,117.32252173299335,116.10015381236411,116.6197776021904,6329600
2024-11-14,116.06549072265625,116.85235682151367,115.87743182430549,116.64945951426238,6602000
2024-11-15,113.18527221679688,114.77879666668886,112.80915438336378,114.63033704965355,11229800
2024-11-18,113.55147552490234,114.0315150600375,112.69532573136738,113.18526509079956,6166800
2024-11-19,114.48187255859375,114.57590201915104,112.83884894567565,112.83884894567565,6906800
2024-11-20,114.38289642333984,114.62043936638864,112.8586480653482,114.58084761732151,8874400
2024-11-21,115.5458755493164,116.08530653527649,113.72470035864005,115.49143783702151,10591800
2024-11-22,115.60525512695312,115.8724899727543,114.92231072461743,115.33801272979855,7090800
2024-11-25,115.60031127929688,116.67916568136266,115.07573381600739,116.47626079798343,11137200
2024-11-26,116.17932891845703,116.54060080668002,115.6844433688023,116.12489120594084,6229400
2024-11-27,114.60559844970703,115.46174835083146,113.59108154534226,115.39246467475239,6369400
2024-11-29,115.66959381103516,115.91209044131591,114.75900624029947,114.87282779880294,4168400
2024-12-02,116.76824188232422,117.20374357481383,115.72403308881688,115.75372501305861,9398200
2024-12-03,117.18889617919922,117.21858810307775,116.0457118017519,116.27335491905662,5576000
2024-12-04,119.33175659179688,119.3911404421119,118.30733986573678,118.65375824483162,10840000
2024-12-05,118.72798156738281,119.28225090838235,118.56466844697685,119.14368357313246,5638000
2024-12-06,119.18822479248047,119.7029099532639,118.80716838555166,118.9358359000707,6654200
2024-12-09,118.41127014160156,119.16844444484329,118.1093896477281,118.74284256087992,8032400
2024-12-10,116.76824188232422,118.33208200412409,116.39707772659442,118.01040942303322,11234400
2024-12-11,118.46073913574219,118.8368569467579,117.28786292294582,117.6936726555989,8689600
2024-12-12,117.79759979248047,118.23310146677612,117.41653582747178,117.7035703354072,7218200
2024-12-13,118.3023910522461,119.32680020377616,117.36210398585632,118.86160658322126,8677000
2024-12-16,119.48515319824219,119.58907492176196,118.20340159914315,118.45579047904445,9442600
2024-12-17,118.76263427734375,119.22782791079679,118.18361907975464,118.63891288765322,8145000
2024-12-18,114.9322280883789,119.49011998284072,114.66498565044131,119.16349369263013,16927200
2024-12-19,115.05593872070312,116.47625776466113,114.90747155255174,116.10014748318429,13383400
2024-12-20,116.77320098876953,117.71348053970483,113.9177091704836,114.27402738062537,14924800
2024-12-23,118.01043701171875,118.06000210988452,116.48369130290438,117.10826599862224,7973400
2024-12-24,119.2298583984375,119.23481263965837,118.25333585330289,118.43178686570634,4653400
2024-12-26,119.30915832519531,119.74537354321617,118.46647602434008,118.84815677638213,7150800
2024-12-27,117.72293853759766,118.65980441337062,116.5630032350524,118.50613974246646,8726400
2024-12-30,116.22593688964844,117.15288674823441,115.2890709851015,116.00782926086893,7950400
2024-12-31,115.25932312011719,116.62248815003397,114.88258903470073,116.5431749148172,9381200
2025-01-02,114.98668670654297,116.49856213664567,113.90111045404748,116.17140071956254,12766600
2025-01-03,116.86042022705078,116.98434432061075,115.46255282110565,115.69057648129562,9117600
2025-01-06,118.34751892089844,119.49257642780064,117.88156308123344,118.19385424265296,8975400
2025-01-07,115.97313690185547,118.96713992868753,115.56666220984346,118.96713992868753,10006800
2025-01-08,115.93347930908203,116.26063319271097,114.81816238159976,116.24080866426227,10023800
2025-01-10,113.40542602539062,114.73389636017968,112.73623283488904,114.71406426775145,11665800
2025-01-13,112.60240173339844,112.6817149767036,111.25906109342829,111.58126830795781,10656000
2025-01-14,112.89981079101562,113.78711159409812,112.00260150568919,113.47482043769483,7220200
2025-01-15,115.14530944824219,115.48238692172986,114.06469496417986,114.44142149221759,10465400
2025-01-16,114.25801849365234,116.15653658494679,114.23323216127714,116.08217758782119,5368400
2025-01-17,116.04747772216797,116.45890661776218,115.53691106511492,116.32011223897454,6742600
2025-01-21,117.01408386230469,117.30158866447888,115.62613251391168,116.43412001719905,6744200
2025-01-22,119.65615844726562,119.93374723209764,118.42683344426933,118.59536841167062,10243800
2025-01-23,119.86930847167969,119.89408724098621,118.62015141131879,118.73415946680025,7604400
2025-01-24,118.62015533447266,120.24603899404337,118.2384669715696,120.24603899404337,6607600
2025-01-27,112.80563354492188,114.4959525229819,111.76466807789625,113.30628418671844,20705600
2025-01-28,115.81450653076172,116.0722707764657,112.36941806537187,113.56900244507533,11260600
2025-01-29,114.87269592285156,115.64101935516926,113.75737893096498,115.58649244412793,9050000
2025-01-30,115.0858383178711,115.48239697142033,113.88129963326865,114.66945513532166,8840200
2025-01-31,114.41167449951172,116.85049965872373,114.10434517977141,116.15652778714045,10741800
2025-02-03,112.87006378173828,113.55908144475502,111.28383688454792,111.8786710255285,13752800
2025-02-04,114.49596405029297,114.6744150750714,113.21706630000217,113.25672292370044,8371200
2025-02-05,116.08714294433594,116.1119292774695,114.23819746122153,114.60005372104537,5398000
2025-02-06,116.40438842773438,116.64232058579103,115.5716145289457,116.08714302908321,6808000
2025-02-07,115.40804290771484,117.43543942866056,115.02139274559762,116.87530005962454,8552800
2025-02-10,117.0934066772461,117.38586574410625,116.28541910784999,116.32012148716915,6054200
2025-02-11,117.1479263305664,117.61883637856995,116.36472514293695,116.444038378989,6456200
2025-02-12,116.89513397216797,117.03392836535511,115.36838808338229,115.49726643027688,8555600
2025-02-13,118.55075073242188,118.62510216560979,116.93973746105264,117.10331817779273,7829600
2025-02-14,118.9522705078125,119.05140827906317,118.23351221158623,118.45161984657398,4557000
2025-02-18,120.037841796875,120.05271208374683,119.01174662035837,119.56693173057138,6024000
2025-02-19,120.0477523803711,120.52362425977985,119.06627561101627,119.90400375018491,5604200
2025-02-20,119.66607666015625,120.09237589136025,118.40204925430614,119.93374940359725,5987400
2025-02-21,116.42420959472656,119.75033572525896,116.36472844786141,119.70076306038686,9057600
2025-02-24,114.75868225097656,117.20246967908884,114.6149336087241,116.87530820726627,7447600
2025-02-25,113.27159118652344,114.61988611324321,112.49830594755451,114.51579409615832,10433600
2025-02-26,114.50587463378906,115.5864892140297,113.62848984018004,114.38195052704253,7630600
2025-02-27,110.33706665039062,115.2494200919709,110.28750154557667,115.13045022570833,10100000
2025-02-28,111.7944107055664,111.9084187619855,108.90449972856621,109.8413656406101,14172200
2025-03-03,108.3939208984375,112.59742386549655,107.59089522478011,112.3694077781814,12516200
2025-03-04,108.30966186523438,110.22305024467042,106.20790643607494,107.59090360816465,17721000
2025-03-05,109.83146667480469,110.18836116218257,107.18940367379786,108.64674489146309,11931000
2025-03-06,106.78292083740234,109.27627320035542,106.26739989371792,107.5760381270844,16432000
2025-03-07,108.32948303222656,108.60211755265075,105.39992318905452,106.65898866011378,11263400
2025-03-10,103.72447967529297,106.38636712757081,102.64881931223351,106.18809157781628,21561800
2025-03-11,103.3031234741211,105.04302262399266,102.25720380058269,103.40722304287537,14832800
2025-03-12,104.92902374267578,105.84111098377143,103.674912295363,105.1471313967698,10981600
2025-03-13,102.93630981445312,104.85960658307499,102.53479696571011,104.62663624824465,12383000
2025-03-14,106.04930114746094,106.15835497302376,104.24992058940205,104.28462297195735,10040800
2025-03-17,106.78787231445312,107.54629476858344,105.65768512233318,105.96502203508638,10148800
2025-03-18,105.16197967529297,106.13850210891118,104.77533711986025,106.02944830468901,11486600
2025-03-19,106.5301284790039,107.7792781175392,105.26114674629822,105.70231629499243,8838600
2025-03-20,105.77169036865234,106.93657226156492,105.16197840774302,105.32060487150919,7145200
2025-03-21,106.0592041015625,106.20295272820735,104.06650247395288,104.45314505731683,10425400
2025-03-24,108.06781005859375,108.32601927929522,107.54145058492483,107.82448965527237,8200200
2025-03-25,108.42534637451172,108.56934738947082,107.9436760498103,107.99829869210656,7481800
2025-03-26,106.0070571899414,108.35085262442446,105.58994297965371,108.09263581838641,7873000
2025-03-27,105.02882385253906,105.87795627465547,104.47267155272428,105.28207772813865,6577800
2025-03-28,102.48143768310547,104.90467801994204,102.13383493247552,104.4826008723302,10667600
2025-03-31,102.53109741210938,102.76448438392678,99.6758386833288,100.69380200638243,14219000
2025-04-01,103.28091430664062,103.37029267883264,101.2896769200638,102.12391294555655,9480200
2025-04-02,104.0456314086914,104.90468977195583,101.726665575655,101.80611807481436,9292000
2025-04-03,96.9447250366211,99.66094578085094,96.86528011469126,99.06010425303103,19451400
2025-04-04,90.55886840820312,94.66547721829727,90.52411267857342,93.92062715387182,33804600
2025-04-07,91.10013580322266,95.24646346087208,85.6329312456234,86.86441461694251,44557800
2025-04-08,89.24793243408203,95.75792228829172,87.6142312963238,94.4916756656913,25811400
2025-04-09,101.23008728027344,101.78623955696784,89.31744947660258,89.43166527250028,36988800
2025-04-10,96.51766967773438,98.41952109966799,93.22046700319576,97.74916058265133,19747600
2025-04-11,98.4940185546875,98.91609574881737,95.31598678714273,96.03600706407619,14423200
2025-04-14,99.39279174804688,101.61244548662724,98.32020586557721,101.54788939146736,11904400
2025-04-15,99.75528717041016,100.51007069950705,99.28851324553455,99.54673005914788,7200000
2025-04-16,96.28926086425781,98.1116599379884,94.61582575477733,97.07880018281274,13222400
2025-04-17,95.76786041259766,96.97948445322544,95.36067205464597,96.97948445322544,7480800
2025-04-21,93.29496002197266,94.4916800874284,91.9591943007266,94.25333017765804,8973400
2025-04-22,95.56924438476562,96.12043380541051,93.98519516791195,94.53638458855684,9312800
2025-04-23,98.34008026123047,100.28165815957948,97.93786238795262,99.23390196685219,13413800
2025-04-24,102.00968933105469,102.14873497215814,99.14946798490368,99.30837295930407,9317000
2025-04-25,103.5192642211914,103.71292493796945,101.60251638823144,101.70182821634717,6518400
2025-04-28,103.35043334960938,103.89665219271708,101.80611055492939,103.38518907979477,5574400
2025-04-29,103.83210754394531,104.26411817968771,102.85387046771832,102.85387046771832,9144400
2025-04-30,104.26412200927734,104.65144347148096,101.20030604440655,101.79122169436029,10203800
2025-05-01,105.79354095458984,107.53152447037093,105.69919206569779,106.54335397224723,11532800
2025-05-02,107.56131744384766,108.06284710295948,106.71715553586458,107.00516514249539,8125400
2025-05-05,106.99027252197266,107.75498196331304,106.58308416053958,106.63770680470726,6757000
2025-05-06,106.10140991210938,106.88102329770146,105.07848368355444,105.40124902001841,7958200
2025-05-07,107.16407012939453,107.63084409117687,105.37146384168149,106.10141757731857,8169400
2025-05-08,108.18699645996094,109.2148932795156,107.26338199281327,108.22672270959183,8704400
2025-05-09,108.05292510986328,108.86729425627591,107.49676521150329,108.66866301507338,7330000
2025-05-12,113.06824493408203,113.10797118243556,111.4990922206492,112.63623429587385,13478200
2025-05-13,115.5113525390625,115.88874811043637,113.34632125136459,113.47543345294287,12757200
2025-05-14,116.26116943359375,116.71800991011398,115.58086786982402,116.05261231890019,10248000
2025-05-15,116.4200668334961,117.07553854561635,115.4914894849993,115.6305275614478,9536400
2025-05-16,116.63856506347656,116.79747006242785,115.6305351545275,116.79747006242785,8111600
2025-05-19,116.4697265625,116.73290631990783,114.87574404549531,114.91547029263324,11863000
2025-05-20,116.03274536132812,116.05261227339032,115.15382013924449,115.74473575248132,10273200
2025-05-21,113.85282135009766,116.54918268381932,113.39101791963557,114.94526666086409,18643600
2025-05-22,113.88262176513672,114.9055481039721,113.62937543893234,113.90745161915855,11372000
2025-05-23,112.62629699707031,113.36121362401992,111.77717214563017,111.90131382612198,12004000
2025-05-27,115.30279541015625,115.4617004037785,113.9968300374814,114.37918097149657,14208400
2025-05-28,114.82609558105469,115.90364449663537,114.65725713108257,115.441833488811,10789200
2025-05-29,115.01976013183594,116.6832542184472,114.42884447979813,116.56408304627647,14011800
2025-05-30,114.66222381591797,115.01975246260581,112.9292032250841,114.96512982000053,13494000
2025-06-02,115.67521667480469,115.74473571298489,114.2202798125308,114.35931788889121,12878800
2025-06-03,117.41320037841797,117.50258632878462,115.74473588264058,115.82915131648265,14312400
2025-06-04,117.5870132446289,117.95446780699785,117.00603103003876,117.56218339060212,10899200
2025-06-05,117.25430297851562,118.96249372162623,116.74780279840564,117.93459696584482,15885200
2025-06-06,118.36164855957031,118.90787500488122,118.02397923601252,118.38647841199483,9026000
2025-06-09,118.942626953125,119.67754358406899,118.73406983800604,118.82344821148263,11100600
2025-06-10,119.60802459716797,119.78678892120499,118.47585307060245,118.92276766919846,9831600
2025-06-11,119.34484100341797,120.38266360657975,118.72910313364109,119.89603035339975,9599600
2025-06-12,120.45219421386719,120.7302703677623,119.30015577400815,119.32001510914054,11210400
2025-06-13,118.76385498046875,119.96554546752809,118.32687386626301,119.05682751067195,13193800
2025-06-16,120.68556213378906,121.04309074824747,119.4789087427466,119.4789087427466,13866200
2025-06-17,119.83148193359375,121.02820194456511,119.54843527230982,120.17907711472665,10525400
2025-06-18,119.97547912597656,120.73026262169839,119.36470421450097,120.12445064943574,11066000
2025-06-20,119.44415283203125,120.80971128158752,118.8830376033054,120.40253052030876,11490600
2025-06-23,120.80602264404297,120.91047023942845,118.75180058639032,119.56254829235301,12277000
2025-06-24,122.9746322631836,123.12384310165689,121.89031876970238,122.03456603297926,11329400
2025-06-25,124.02413177490234,124.20816354569396,123.50187104232711,123.61129738970725,9228600
2025-06-26,124.879638671875,125.07859152090813,124.08878326149123,124.5812018087606,11288400
2025-06-27,124.73042297363281,125.69536025067482,124.16339899294155,125.21786277714094,12196600
2025-06-30,125.9540023803711,126.29720251705969,125.21786768647819,125.82468377955206,13365200
2025-07-01,124.82989501953125,125.81472451152486,123.97438411874823,125.5511085747264,15144800
2025-07-02,126.14797973632812,126.2325350789044,124.42701553647713,124.5165420440644,11950200
2025-07-03,127.80926513671875,128.19226495654553,126.78464347224718,126.8343854827724,7112800
2025-07-07,126.79458618164062,127.65010469454396,126.22756220589903,127.31684690419429,11560800
2025-07-08,127.47601318359375,127.71972928447356,126.94877371510786,127.46109209944049,15715200
2025-07-09,128.2419891357422,128.72445778751091,127.29198050670577,127.9286463520876,12933600
2025-07-10,127.8192138671875,128.6747247804179,127.14773471904296,128.56031968198073,9988600
2025-07-11,127.25716400146484,128.00324858793527,127.0532323930007,127.2123931582073,9239000
2025-07-14,127.15271759033203,127.46606797735888,125.93908536496592,126.94381480245899,8125200
2025-07-15,128.28179931640625,128.93835746559483,128.23703605793403,128.63494180821908,15657000
2025-07-16,128.6796875,128.75429292060227,126.73987066869428,128.32654505639636,17782600
2025-07-17,129.84854125976562,130.05247283845998,128.58020371956903,128.8338621201318,11955000
2025-07-18,129.76402282714844,130.39072360803348,129.415843920666,130.34596035076535,10281000
2025-07-21,129.93312072753906,130.81847381316658,129.75903129144493,129.90824213430875,9246600
2025-07-22,128.7294464111328,129.9231788349144,127.80430871591975,129.83365231843536,13448800
2025-07-23,129.465576171875,129.63468685740384,128.29670727867443,129.06269170770605,10091800
2025-07-24,130.01271057128906,130.2663690152157,129.28154705112257,129.783900363417,12159600
2025-07-25,130.3111114501953,130.6393904454872,129.70429546116384,129.97289012624404,8002000
2025-07-28,131.35067749023438,131.3854984154577,130.53994495444388,130.80852448840275,11517600
2025-07-29,131.3556365966797,132.93733210992278,131.13182035185935,132.20616868525332,13739000
2025-07-30,131.64910888671875,132.09675660378963,130.6145449366187,131.49491928616243,13934600
2025-07-31,130.68417358398438,133.3054271913949,130.04751533294424,133.3054271913949,16414400
2025-08-01,127.86396789550781,129.30639492282563,127.22233096209149,129.2616316733959,19438000
2025-08-04,130.46034240722656,130.48520581938268,129.06764220653292,129.06764220653292,12377000
2025-08-05,129.38101196289062,131.05721289613794,129.082575094084,130.942822974805,11176000
2025-08-06,130.83836364746094,131.00748951490152,129.420815046802,129.5053628013922,10167000
2025-08-07,130.95774841308594,132.50960196751728,129.86846367216197,132.2957280230952,10318000
2025-08-08,132.26588439941406,132.4150952475732,131.10695782190137,131.45015795179742,11015800
2025-08-11,131.37057495117188,132.77819640765972,131.06717449748413,132.1813226514105,9425400
2025-08-12,133.4049072265625,133.43972815378416,131.29597943908644,132.027143015085,11153800
2025-08-13,133.4546356201172,134.3200888824779,132.9671882261543,134.1758567915043,13990200
2025-08-14,133.16615295410156,133.62374298847124,132.46979521454264,132.77818958621015,15484400
2025-08-15,132.15646362304688,132.98709601137062,131.62923169848204,132.98709601137062,13373200
2025-08-18,132.43997192382812,132.5593557934394,131.86299795462344,131.99232415539754,12233800
2025-08-19,130.12709045410156,132.4200648566498,129.88337435923052,132.39022268907902,17367000
2025-08-20,129.2467041015625,129.79879932927366,127.25216673982142,129.79879932927366,23064200
2025-08-21,128.77919006347656,129.4506693038785,128.22211593723043,128.93337968130785,15148600
2025-08-22,130.52500915527344,131.3755412751911,128.2817767955941,128.6398979796324,13756000
2025-08-25,130.23153686523438,131.04726324915092,129.87341567848813,130.52003138798685,10691800
2025-08-26,130.82843017578125,131.0025196305484,130.1519873767366,130.34098273825947,11081000
2025-08-27,131.53469848632812,131.68390930907836,130.35587227009142,130.9577246731481,11538600
2025-08-28,132.5742645263672,132.85776513983976,131.03733206312697,131.6938749787199,12380600
2025-08-29,130.53993225097656,132.01718026051395,130.06242721214602,131.99230166814817,17481200
2025-09-02,129.22183227539062,129.34121611992035,127.47102607328104,128.23203167347145,18226000
2025-09-03,129.9927978515625,130.25143502455154,129.02288188937848,129.88337151315778,15636600
2025-09-04,130.6344451904297,130.68915077441952,128.93336564520527,129.46059754151574,24397400
2025-09-05,130.7438507080078,131.92267706056776,129.4158286945716,131.87293505418955,38561800
2025-09-08,131.7237091064453,132.20121415298,131.40040883350545,131.43025100152272,20556000
2025-09-09,131.97738647460938,132.11665498903503,131.04229137241023,132.01718615251934,19355000
2025-09-10,134.3698272705078,135.2750801867083,133.72819029373613,134.64836429408805,25957200
2025-09-11,134.82244873046875,135.40440134906044,134.60359605160767,135.21539083739597,23429200
2025-09-12,134.73292541503906,135.22035761019652,134.4444308864777,135.09104660899612,15612200
2025-09-15,135.94656372070312,135.9764058899695,134.7826735819256,134.9468055128906,16268000
2025-09-16,135.4740447998047,136.35443437858308,135.30991285988517,136.2599291110404,16081400
2025-09-17,135.00648498535156,135.5486379463226,133.60882111827732,135.38450602127347,18948600
2025-09-18,137.33924865722656,137.74213312078828,136.09577434274476,136.75731117836176,20882600
2025-09-19,138.73194885253906,138.86125985930232,137.44369610644242,137.8913590024938,15670800
2025-09-22,140.77285766601562,140.8874097901948,138.4719664659045,138.52674235227067,15771200
2025-09-23,139.55767822265625,140.80773579770752,138.94012716500762,140.578631529077,16456400
2025-09-24,138.69607543945312,139.93119268930818,137.76974890103972,139.93119268930818,13471000
2025-09-25,138.45205688476562,138.7956980979606,136.5844482037661,137.43607350668313,21349600
2025-09-26,138.87039184570312,138.99489908432523,137.6452448732802,138.6014519546609,16534000
2025-09-29,139.61244201660156,140.40432138305223,139.2887262547108,139.6672331017049,16107400
2025-09-30,140.3744354248047,140.51389812435107,139.31861646097641,139.6124517236541,18215200
2025-10-01,141.74899291992188,141.8486047862867,139.61742968799211,139.65728051399282,17411200
2025-10-02,142.51596069335938,143.09864603128875,141.87349911686573,143.06876551132504,17607800
2025-10-03,141.79879760742188,143.37257085061185,141.31072378434095,142.64545286817437,17458000
2025-10-06,143.23312377929688,144.14949518967745,143.15842247927827,143.71122729805265,17945600
2025-10-07,142.27691650390625,144.17939087049237,141.52490307312738,143.97021200980782,15588400
2025-10-08,144.77203369140625,144.77701884436692,142.53090346284725,142.60560476407178,14037800
2025-10-09,144.5279998779297,144.8367753791425,143.7759713388467,144.7072829952907,11989400
2025-10-10,138.6462860107422,145.09575176265568,138.59149492321754,144.83179702838643,44574600
2025-10-13,142.02293395996094,142.4960523819249,140.9969802564101,141.8037999881701,22030400
2025-10-14,140.20013427734375,141.62947492899593,138.571569887209,140.16028345019228,26956800
2025-10-15,141.58963012695312,142.72513557089158,139.84652873151722,142.16734555613417,20937600
2025-10-16,141.6942138671875,143.24307652369345,140.72803653985224,142.61058526245296,23166200
2025-10-17,141.9432373046875,142.3665497574576,139.95609143949193,140.8525526775265,25511600
2025-10-20,143.52696228027344,144.13954335159264,142.67035189048008,142.75502349817936,13805200
2025-10-21,143.60166931152344,144.11463853526766,142.90941695651532,143.43732644119822,12503800
2025-10-22,142.18228149414062,143.8506815330566,140.39435936959308,143.53692085963615,20723200
2025-10-23,143.9751739501953,144.20426299028463,141.62447691673037,141.62447691673037,11923400
2025-10-24,146.21133422851562,146.7043932300745,145.45932083996007,145.67346964338674,14359600
2025-10-27,148.91067504882812,149.04016745591343,148.0241840126703,148.26324341068025,15167000
2025-10-28,150.3848114013672,150.97249708955212,149.11982886257104,149.6327980523693,15055200
2025-10-29,151.46554565429688,152.3918721977498,150.33999537369786,151.74942580095654,21506200
2025-10-30,149.60292053222656,151.3808722964715,149.5531145985157,150.60394836622066,19218600
2025-10-31,149.74732971191406,151.22150623543095,148.8807642680223,151.11193926677277,16303800
2025-11-03,150.3599090576172,151.510354616295,149.5381644012239,151.18165371401045,13983600
2025-11-04,146.390625,148.61182977369762,146.14659568769721,147.6406824787169,16722600
2025-11-05,146.96337890625,148.15367553686713,145.9075598356168,146.13167896983052,14447000
2025-11-06,144.0100555419922,146.88866231574173,143.2679972569878,146.72928940126204,24797400
2025-11-07,143.5120086669922,143.54687433742652,140.24494032121208,142.77990558105037,25547000
2025-11-10,147.18251037597656,147.46140540124875,145.3198867717717,146.07688538341927,18286400
2025-11-11,145.92747497558594,146.4752946897283,144.95631239390056,146.2113399406574,14871600
2025-11-12,146.38067626953125,147.1476299126462,145.49915529730131,147.1476299126462,13179200
2025-11-13,142.73011779785156,145.76311233988991,141.9531938362771,145.56390379565195,22385800
2025-11-14,143.50704956054688,144.8069131198747,139.59254901817636,140.09554795995894,27429600
2025-11-17,141.2609405517578,143.7162196602338,140.1204499854737,142.16237174735357,24675400
2025-11-18,138.96502685546875,140.76291939174976,137.69007387178866,140.04077128519353,36747600
2025-11-19,139.93118286132812,141.49997088149397,138.61637924912003,138.97496067075534,27668800
2025-11-20,135.53857421875,143.68633565483097,135.22481355190342,143.1534410364927,56551800
2025-11-21,136.0615234375,137.8743410217018,133.21279706349293,135.76270300972394,44959000
2025-11-24,139.3036651611328,139.7967241277261,136.89320700864704,136.9778786125708,20124800
2025-11-25,139.6772003173828,140.0357817828216,136.11629623061478,138.07853158334396,21303400
2025-11-26,141.33065795898438,141.933268746237,140.23498816521803,141.3256728058098,13358800
2025-11-28,142.5458526611328,142.57074803022297,141.24598914377208,141.6294811784993,6792200
2025-12-01,142.610595703125,143.038893313281,140.72804684270088,141.1613296060198,12846600
2025-12-02,144.07977294921875,144.94136852691435,143.07874506843473,143.49708757361336,15719000
2025-12-03,144.4234161376953,144.52302801114428,142.66537448165087,143.38253741429702,11623200
2025-12-04,144.96128845214844,145.22025803165195,143.92537973685995,144.6176472647211,9995200
2025-12-05,146.02207946777344,146.72927199409335,145.11566322266992,145.63361753396276,6628000
2025-12-08,147.04803466796875,147.7950781032685,146.3408268618178,146.84881092631207,8272800
2025-12-09,147.43649291992188,147.6655819786717,146.3806739898327,146.75916565241133,6978200
2025-12-10,148.1436767578125,148.63175056588165,146.2412178540215,147.10778330230943,8961100
2025-12-11,147.38668823242188,147.54606114361206,144.53796203910585,146.48027189849466,9769300
2025-12-12,143.12356567382812,146.5002014316042,142.69525286279008,146.3607539300509,14873200
2025-12-15,141.73904418945312,144.05986095270538,141.46014918944869,143.85068210338324,10790300
2025-12-16,141.99801635742188,142.4064037572244,140.7429888345825,141.35058478106205,10790900
2025-12-17,138.8404998779297,142.27689634086596,138.77078373334044,142.1573742652065,18178700
2025-12-18,140.98204040527344,141.8585762949898,140.2349969170757,141.30078625558437,12319500
2025-12-19,144.0299835205078,144.04989373619406,142.00798712778658,142.0278973434728,14265900
2025-12-22,144.80706787109375,145.6549920846301,144.29829812128244,145.6549920846301,8864500
2025-12-23,145.59515380859375,145.6250796529043,144.0090231733709,144.3881041635591,7546100
2025-12-24,145.94430541992188,146.14381611772401,145.32580246853757,145.43553563558234,3676300
2025-12-26,146.17373657226562,146.6226394311932,145.88444835437141,146.2535438927823,5052900
2025-12-29,145.51535034179688,146.02412015194898,144.68736644330406,144.99662554553183,9822300
2025-12-30,145.0564727783203,145.9043970663659,145.0265469341358,145.49540545528077,6387400
2025-12-31,143.61996459960938,145.4455171172508,143.55012748534418,145.35573958892994,9528400
2026-01-02,143.94915771484375,146.16376131212516,143.06132223461395,145.27592583189536,15299500
2026-01-05,144.26837158203125,146.0340723336753,143.89927605684684,145.65499138022793,17476300
2026-01-06,146.29344177246094,146.41316036557873,144.27836398554192,144.856955650259,14985700
2026-01-07,146.17373657226562,147.02167603377654,145.68492244223475,146.17373657226562,13957100
2026-01-08,143.88931274414062,145.57519103721043,143.15110643671426,145.57519103721043,16870100
2026-01-09,145.79466247558594,146.22362494086602,143.6798216581504,144.21851729160065,15652600
2026-01-12,146.43310546875,146.93188982792398,144.6973456407066,144.8370046524077,12867200
2026-01-13,146.1238555908203,147.16133553937286,145.49539767486198,146.49296635217556,16552200
2026-01-14,144.3481903076172,145.57519556747127,142.9715558288872,145.14624832556666,22104200
2026-01-15,145.10635375976562,147.21122438307907,144.95670931766733,146.57276578483157,17370900
2026-01-16,145.2659454345703,146.59271359757147,144.66741336319407,146.36327706462842,14156700
2026-01-20,141.49514770507812,143.74966281970242,141.26571115488144,142.74210864132922,20029200
2026-01-21,143.46034240722656,144.68734756144252,141.61484957265105,142.43284793489858,27892800
2026-01-22,144.5277557373047,145.34575414250082,143.8095050674451,145.25597661419093,12971600
2026-01-23,144.73724365234375,145.47544999372877,143.40050520485732,144.17860759797276,14654500
2026-01-26,145.72483825683594,146.35331141194342,144.53772906238424,144.91681004123515,10195600
2026-01-27,147.69004821777344,148.25865445817743,146.67252388763598,147.0615750694988,12436200
2026-01-28,148.86717224121094,149.53554144092453,148.24868452063515,148.63773570320546,19497400
2026-01-29,146.51290893554688,147.57032931368627,142.9216707770559,147.4805517846043,25581000
2026-01-30,143.5301971435547,146.39321459553818,142.6423615616896,145.68493408291513,18342600
2026-02-02,144.9068145751953,145.7946500523043,143.04136609694925,143.1810250971117,16337600
2026-02-03,141.73455810546875,145.6150996131889,139.8291982973319,145.5253220863192,30464500
2026-02-04,137.7841796875,140.66715253196207,135.77907214267424,140.48759747795822,45649500
2026-02-05,135.3002471923828,138.1433088447119,134.75158136490833,136.8863777667897,42950900
2026-02-06,140.786865234375,141.12603491443372,137.08587892974364,137.67444076661423,37131900
2026-02-09,143.00148010253906,143.6798195162492,139.5698413182183,140.25816616087096,24629500
2026-02-10,142.20343017578125,143.7995310631825,142.0438155205337,143.47034676656006,22564300
2026-02-11,142.62240600585938,144.40804737833514,140.97642365010412,144.15865518978487,18905700
2026-02-12,138.87155151367188,143.4204625496584,138.58224805384012,142.9615742299937,32154700
2026-02-13,139.22068786621094,140.56741172435744,137.59464598472434,139.22068786621094,26637100
2026-02-17,139.14088439941406,140.1085273005566,136.68687380894062,138.30293030616414,25743800
2026-02-18,140.56741333007812,141.77446296865227,138.93140122253052,139.71947382130853,13705800
2026-02-19,139.86911010742188,140.3678944430965,138.9413633277883,139.74939151611082,13484000
2026-02-20,140.53749084472656,141.40537078921122,138.63213087259726,138.86156742379723,14942400
2026-02-23,138.1832275390625,140.30803862622753,137.55475435549857,139.83918009590067,22021900
2026-02-24,139.97885131835938,140.5973390592157,137.85402505527574,138.9014752647546,13030600
2026-02-25,142.66229248046875,142.99149197385634,140.866681020813,141.0163102352209,13296000
2026-02-26,140.6671600341797,142.66229747853097,138.9214147703723,142.59247558325785,19364900
2026-02-27,138.42262268066406,139.43017677568824,137.60462428943092,137.973719825087,15328600
2026-03-02,139.2007293701172,139.6197216182104,136.22797891324518,136.69683741886774,20156700
2026-03-03,137.1656951904297,137.99367903163656,134.66180325258014,136.0284674900821,34153000
2026-03-04,139.5,140.2880877781941,137.70437333884442,138.1931874698976,15201400
2026-03-05,139.83917236328125,140.9165483805195,137.75425744386845,138.82166325396486,19422500
2026-03-06,136.95620727539062,139.4900404298185,136.4574228993511,137.4849327179484,19677200
2026-03-09,139.42019653320312,139.8691146271686,135.13066328514083,135.6394178441605,22760900
2026-03-10,139.42019653320312,141.0462383909873,138.68200543443226,139.50000385609275,24338500
2026-03-11,140.08856201171875,141.24574533030233,139.18078608408766,140.23820644629026,14009200
2026-03-12,137.50486755371094,139.4102274460723,137.3153270630365,138.93139872657775,32372800
2026-03-13,136.4674072265625,139.37033592487268,136.1880891959716,138.11338956552257,15701800
2026-03-16,138.44259643554688,139.7394389160379,138.1832340281254,138.38274474319513,16626400
2026-03-17,139.2007293701172,139.92896547900608,138.59221185569365,139.05110015414843,12034600
2026-03-18,137.62457275390625,139.72944313936796,137.59463169151732,138.97128125046726,12634500
2026-03-19,138.0934295654297,138.83163589249077,135.11070885692658,135.66934490045796,18087900
2026-03-20,134.96107482910156,137.64453730823163,133.99344710727743,137.64453730823163,27251800
2026-03-23,136.78689575195312,139.03421610463784,136.05776941601027,137.33624377517714,21818500
2026-03-24,135.9878387451172,136.756925939613,134.70936444914835,135.88796698986025,16843900
2026-03-25,136.5971221923828,137.83565091914792,136.11769810873238,137.12648977738814,13872400
2026-03-26,132.34219360351562,135.35860107603992,132.26228705397543,135.01899443034011,15434600
2026-03-27,129.76527404785156,131.8927422685792,129.4256826178681,131.37335727879343,15895200
2026-03-30,127.34815216064453,131.3933318068118,126.52912905548251,131.11366649582598,18830000
2026-03-31,132.74171447753906,133.061340683807,128.82638489445486,128.9961806013036,19405300
2026-04-01,134.74932861328125,135.88797028702558,133.6006890953376,133.9602609523419,17050100
2026-04-02,135.8280487060547,135.87797696624884,131.19357530628037,131.7529059378816,12266200
2026-04-06,136.61709594726562,137.0865374038907,135.54837822559426,136.31745019443446,10147600
2026-04-07,137.2663116455078,137.3262529867915,133.950273736745,136.0078178096317,8585500
2026-04-08,141.52125549316406,143.38902352330368,140.57238995210017,142.95954295106222,13359000
2026-04-09,141.9008026123047,142.0206548158708,140.18284990498256,141.59115901873233,8235100
2026-04-10,142.45013427734375,143.3890171730368,141.75097102755612,142.33028207469894,9310100
2026-04-13,145.43658447265625,145.49651057637163,141.96073329161632,142.16049205087307,10407700
2026-04-14,147.76380920410156,147.76380920410156,145.9060238129167,146.72503928611852,10183300
2026-04-15,150.12100219726562,150.19091090514866,147.7837926946078,148.09342105941076,10622500
2026-04-16,151.83895874023438,151.9987566081987,149.5716578891661,150.81018661974522,11778000
2026-04-17,154.1661834716797,154.62562710144812,153.32717228404675,153.87652031148002,10630400
2026-04-20,154.37591552734375,154.56569167452182,152.85772159053502,154.11623067577236,8131600
2026-04-21,154.50576782226562,155.884129129734,153.96640242342323,154.81539617611932,12657300
2026-04-22,157.90171813964844,157.9716420882383,155.33478682117797,156.03395010399387,13830400
2026-04-23,155.65440368652344,157.61207619318276,153.76665513110274,156.5833040579365,12151400
2026-04-24,160.02919006347656,160.20896838018592,157.4123151828165,158.24131329735445,11059800
2026-04-27,160.37876892089844,160.42869717855376,158.6208553216934,159.82942092114686,8963900
2026-04-28,157.66201782226562,158.4510702818269,155.974028055183,156.9228936237192,9253000
2026-04-29,158.92050170898438,158.96044736339226,157.56212084987743,158.6408364062814,7506900
2026-04-30,159.31004333496094,159.60968909782088,156.6931685032586,159.4598585960826,9276400
2026-05-01,161.67721557617188,162.09671354707754,159.94928019207123,160.19898245384482,10161800
2026-05-04,161.8570098876953,163.04559509780208,160.68840512599667,162.5162275196125,10740000
2026-05-05,165.4327392578125,165.82227415750694,163.32525166187185,163.67482566689128,9813500
2026-05-06,169.82749938964844,169.87744288963577,166.64129612222325,167.68006605574075,11304700
2026-05-07,169.4879150390625,171.7452180707813,168.49908856431756,170.05722828892144,11031500
2026-05-08,175.31097412109375,175.39088067642803,171.09599858106782,171.3856465086146,11222200
2026-05-11,177.66815185546875,178.08764981145518,175.6605359882143,175.94020129220524,10461800
2026-05-12,174.99134826660156,176.77922505964256,170.99611193521514,175.9402138471824,15950700
2026-05-13,176.63938903808594,177.52832849528758,174.05246197984613,177.05888701602882,9817900
2026-05-14,179.28622436523438,180.00536810004343,176.65935168834534,177.14877360916768,11424900
2026-05-15,176.05007934570312,178.48717588944902,174.42203094229262,176.00015108522015,14519000
2026-05-18,174.15234375,177.63819276472415,171.7052646652148,177.40845571369712,19162600
2026-05-19,173.03367614746094,174.9713527997539,170.62654280665714,172.4743303069572,15751400
2026-05-20,176.9290313720703,177.03890097524803,173.7428281205334,174.45198923933788,12630300
2026-05-21,178.38729858398438,178.76683565119026,175.62059330770344,175.62059330770344,10873200
2026-05-22,180.17515563964844,181.5135560473922,179.346142337373,179.81558378854845,10739900
2026-05-26,184.9195098876953,185.77848629416397,182.3725437210229,182.98181786096717,12500300
2026-05-27,184.21034240722656,186.04816260848574,182.32259394687375,185.95825821276128,12297400
2026-05-28,186.62747192382812,187.3565982427769,183.5711035132952,184.60987343129256,11167600
2026-05-29,190.79251098632812,191.4017851228011,188.97467118089125,189.10452123574152,15031700
2026-06-01,195.52685546875,196.26597965738966,190.9223451073667,192.09096511554273,18968800
2026-06-02,197.9739532470703,198.14374896076225,195.51687621936165,196.21603952298054,10175200
2026-06-03,195.9962921142578,198.49331469466892,194.29831980770152,198.13374283346508,11582100
2026-06-04,192.93994140625,194.5080789224973,189.4640901967979,191.29191257814006,13142600
2026-06-05,180.08526611328125,188.99464058247287,179.58586161226862,188.6650317829306,26816100
2026-06-08,183.9606475830078,186.4876485567764,182.9518559068137,184.99941755273238,14685000
2026-06-09,180.55471801757812,186.85720074677207,172.67411514493736,185.6885959756143,29884400
2026-06-10,176.41964721679688,182.1927623012561,175.94020789999234,177.94782384264687,20059800
2026-06-11,182.99180603027344,183.4412670381296,176.28979084524326,177.57824776651307,18238400
2026-06-12,184.5799102783203,185.61866495512996,181.42367011165783,183.02177064279778,15014300
2026-06-15,191.56158447265625,191.85124763716223,189.52402067952255,190.14327742477178,13097800
2026-06-16,186.21795654296875,192.02103452362363,186.2079586987521,191.00224505357698,10077200
2026-06-17,185.57872009277344,189.76373235052438,185.07931557973617,188.78488853172763,14396100
2026-06-18,191.21200561523438,191.77133624077132,189.1544614253164,190.19321612408265,12101600
2026-06-22,192.14999389648438,194.3000030517578,190.86000061035156,192.9499969482422,11313000
2026-06-23,184.19000244140625,187.25,183.6999969482422,184.67999267578125,14633600
2026-06-24,183.0500030517578,185.66000366210938,180.7899932861328,184.07000732421875,12323700
2026-06-25,184.57000732421875,188.41000366210938,180.3800048828125,188.14999389648438,13218200
2026-06-26,181.11000061035156,183.11000061035156,179.75999450683594,181.0,13433900
2026-06-29,185.41000366210938,185.66000366210938,178.6699981689453,183.1199951171875,11857000
2026-06-30,190.52000427246094,190.94000244140625,185.60000610351562,185.75999450683594,10729900
2026-07-01,185.6199951171875,187.97999572753906,185.3800048828125,186.8300018310547,9960300
2026-07-02,180.58999633789062,187.3800048828125,178.72000122070312,185.49000549316406,14173100
2026-07-06,183.57000732421875,185.7100067138672,182.0399932861328,182.66000366210938,8923100
2026-07-07,179.17999267578125,180.72000122070312,176.36000061035156,179.83999633789062,12254800
2026-07-08,181.39999389648438,181.6300048828125,177.14999389648438,177.47999572753906,10528300
2026-07-09,185.35000610351562,186.39999389648438,183.55999755859375,184.75999450683594,7756600
2026-07-10,185.77999877929688,186.22999572753906,183.08999633789062,184.00999450683594,6162000
2026-07-13,181.27999877929688,183.89999389648438,180.5399932861328,183.10000610351562,8595100
2026-07-14,183.6199951171875,184.42999267578125,181.3300018310547,183.7100067138672,6399600
2026-07-15,181.5800018310547,185.2899932861328,178.22000122070312,185.11000061035156,9256800
2026-07-16,177.52000427246094,179.47999572753906,176.41000366210938,179.0,8666500
2026-07-17,175.58999633789062,177.9199981689453,171.33999633789062,172.85000610351562,12036700
2026-07-20,175.7100067138672,178.6999969482422,175.52000427246094,177.19000244140625,7638600
2026-07-21,180.77999877929688,181.02000427246094,178.1699981689453,179.55999755859375,7506800
2026-07-22,180.27000427246094,181.42999267578125,178.14999389648438,178.16000366210938,5357600
2026-07-23,178.4499969482422,180.38999938964844,177.1999969482422,178.8000030517578,7177000
2026-07-24,175.8800048828125,179.00999450683594,175.0500030517578,177.82000732421875,7739600
2026-07-27,174.3000030517578,178.3000030517578,171.72999572753906,177.8300018310547,8376600
2026-07-28,171.08999633789062,172.1699981689453,167.5399932861328,171.2100067138672,10049300
2026-07-29,166.57000732421875,172.50999450683594,166.4600067138672,171.1199951171875,14372900
2026-07-30,175.72999572753906,176.08999633789062,172.16000366210938,172.80999755859375,15098400
2026-07-31,175.35000610351562,178.6199951171875,172.6999969482422,177.4600067138672,9146200
2026-08-03,178.0399932861328,178.9199981689453,173.0399932861328,174.00999450683594,9343400
2026-08-04,186.89999389648438,187.7100067138672,181.8699951171875,182.52000427246094,13495800
2026-08-05,185.91000366210938,188.6199951171875,185.7100067138672,187.33999633789062,7571400
2026-08-06,185.3300018310547,186.91000366210938,182.05999755859375,183.19000244140625,6706000
2026-08-07,187.97000122070312,188.72999572753906,185.74000549316406,187.99000549316406,6361200
2026-08-10,186.32000732421875,188.83999633789062,186.27000427246094,188.0800018310547,6486800
2026-08-11,186.08999633789062,187.7100067138672,185.07000732421875,187.69000244140625,5759200
2026-08-12,188.86000061035156,189.58999633789062,188.3300018310547,189.47000122070312,5887200
2026-08-13,190.77000427246094,191.74000549316406,188.86000061035156,189.1300048828125,4873900
2026-08-14,190.00999450683594,191.35000610351562,189.25,191.13999938964844,3634400
2026-08-17,190.32000732421875,191.75,190.11000061035156,190.7899932861328,6099500
2026-08-18,185.6199951171875,187.5,184.3300018310547,186.2899932861328,8436300
2026-08-19,183.63999938964844,186.91000366210938,182.41000366210938,186.38999938964844,7310400
2026-08-20,183.10000610351562,184.7100067138672,182.66000366210938,183.47000122070312,5012100
2026-08-21,183.30999755859375,184.55999755859375,181.89999389648438,184.4199981689453,5781100
2026-08-24,180.0500030517578,181.8800048828125,178.82000732421875,181.67999267578125,6540100
2026-08-25,181.74000549316406,183.02000427246094,180.58999633789062,182.11000061035156,5363500
2026-08-26,182.83999633789062,183.35000610351562,180.7100067138672,180.7100067138672,4662700
2026-08-27,188.61000061035156,188.74000549316406,185.6699981689453,186.47000122070312,8136000
2026-08-28,185.69000244140625,188.6699981689453,185.50999450683594,188.07000732421875,6300200
2026-08-31,186.5,186.64999389648438,185.27999877929688,185.77999877929688,4874800
2026-09-01,183.63999938964844,184.9199981689453,182.6300048828125,183.6999969482422,7648700
2026-09-02,183.60000610351562,183.77999877929688,182.27000427246094,183.4600067138672,5698700
2026-09-03,185.97000122070312,186.32000732421875,182.49000549316406,183.52000427246094,6091100
2026-09-04,187.27999877929688,188.1999969482422,186.4199981689453,187.19000244140625,5103800
2026-09-08,187.8699951171875,189.0800018310547,187.02000427246094,188.63999938964844,8421300
2026-09-09,187.8699951171875,188.8300018310547,187.14999389648438,187.52999877929688,5990000
2026-09-10,185.22000122070312,186.52000427246094,184.57000732421875,185.24000549316406,5568800
2026-09-11,187.6699981689453,188.63999938964844,186.8800048828125,187.35000610351562,6534700
